<?xml version="1.0" encoding="UTF-8"?>
<gpx creator="Garmin Connect" version="1.1"
  xsi:schemaLocation="http://www.topografix.com/GPX/1/1 http://www.topografix.com/GPX/11.xsd"
  xmlns:ns3="http://www.garmin.com/xmlschemas/TrackPointExtension/v1"
  xmlns="http://www.topografix.com/GPX/1/1"
  xmlns:xsi="http://www.w3.org/2001/XMLSchema-instance" xmlns:ns2="http://www.garmin.com/xmlschemas/GpxExtensions/v3">
  <metadata>
    <link href="connect.garmin.com">
      <text>Garmin Connect</text>
    </link>
    <time>2026-04-05T08:14:53.000Z</time>
  </metadata>
  <trk>
    <name>Cimer Running</name>
    <type>running</type>
    <trkseg>
      <trkpt lat="49.04674722813069820404052734375" lon="15.016771964728832244873046875">
        <ele>574.4000244140625</ele>
        <time>2026-04-05T08:14:53.000Z</time>
        <extensions>
          <ns3:TrackPointExtension>
            <ns3:hr>112</ns3:hr>
            <ns3:cad>51</ns3:cad>
          </ns3:TrackPointExtension>
        </extensions>
      </trkpt>
      <trkpt lat="49.04676876962184906005859375" lon="15.01674355007708072662353515625">
        <ele>574.4000244140625</ele>
        <time>2026-04-05T08:14:54.000Z</time>
        <extensions>
          <ns3:TrackPointExtension>
            <ns3:hr>112</ns3:hr>
            <ns3:cad>51</ns3:cad>
          </ns3:TrackPointExtension>
        </extensions>
      </trkpt>
      <trkpt lat="49.04678528197109699249267578125" lon="15.016728378832340240478515625">
        <ele>574.5999755859375</ele>
        <time>2026-04-05T08:14:55.000Z</time>
        <extensions>
          <ns3:TrackPointExtension>
            <ns3:hr>112</ns3:hr>
            <ns3:cad>51</ns3:cad>
          </ns3:TrackPointExtension>
        </extensions>
      </trkpt>
      <trkpt lat="49.04679735191166400909423828125" lon="15.01671404577791690826416015625">
        <ele>574.79998779296875</ele>
        <time>2026-04-05T08:14:56.000Z</time>
        <extensions>
          <ns3:TrackPointExtension>
            <ns3:hr>111</ns3:hr>
            <ns3:cad>50</ns3:cad>
          </ns3:TrackPointExtension>
        </extensions>
      </trkpt>
      <trkpt lat="49.0468152053654193878173828125" lon="15.01669443212449550628662109375">
        <ele>574.79998779296875</ele>
        <time>2026-04-05T08:14:57.000Z</time>
        <extensions>
          <ns3:TrackPointExtension>
            <ns3:hr>112</ns3:hr>
            <ns3:cad>50</ns3:cad>
          </ns3:TrackPointExtension>
        </extensions>
      </trkpt>
      <trkpt lat="49.0468351542949676513671875" lon="15.016675405204296112060546875">
        <ele>575</ele>
        <time>2026-04-05T08:14:58.000Z</time>
        <extensions>
          <ns3:TrackPointExtension>
            <ns3:hr>112</ns3:hr>
            <ns3:cad>81</ns3:cad>
          </ns3:TrackPointExtension>
        </extensions>
      </trkpt>
      <trkpt lat="49.04685334302484989166259765625" lon="15.01666509546339511871337890625">
        <ele>575</ele>
        <time>2026-04-05T08:14:59.000Z</time>
        <extensions>
          <ns3:TrackPointExtension>
            <ns3:hr>112</ns3:hr>
            <ns3:cad>83</ns3:cad>
          </ns3:TrackPointExtension>
        </extensions>
      </trkpt>
      <trkpt lat="49.04687605798244476318359375" lon="15.0166489183902740478515625">
        <ele>575</ele>
        <time>2026-04-05T08:15:00.000Z</time>
        <extensions>
          <ns3:TrackPointExtension>
            <ns3:hr>112</ns3:hr>
            <ns3:cad>83</ns3:cad>
          </ns3:TrackPointExtension>
        </extensions>
      </trkpt>
      <trkpt lat="49.0468933247029781341552734375" lon="15.0166353397071361541748046875">
        <ele>575.20001220703125</ele>
        <time>2026-04-05T08:15:01.000Z</time>
        <extensions>
          <ns3:TrackPointExtension>
            <ns3:hr>113</ns3:hr>
            <ns3:cad>83</ns3:cad>
          </ns3:TrackPointExtension>
        </extensions>
      </trkpt>
      <trkpt lat="49.0469077415764331817626953125" lon="15.01661882735788822174072265625">
        <ele>575.4000244140625</ele>
        <time>2026-04-05T08:15:02.000Z</time>
        <extensions>
          <ns3:TrackPointExtension>
            <ns3:hr>113</ns3:hr>
            <ns3:cad>83</ns3:cad>
          </ns3:TrackPointExtension>
        </extensions>
      </trkpt>
      <trkpt lat="49.0469305403530597686767578125" lon="15.01660206355154514312744140625">
        <ele>575.4000244140625</ele>
        <time>2026-04-05T08:15:03.000Z</time>
        <extensions>
          <ns3:TrackPointExtension>
            <ns3:hr>113</ns3:hr>
            <ns3:cad>83</ns3:cad>
          </ns3:TrackPointExtension>
        </extensions>
      </trkpt>
      <trkpt lat="49.04694604687392711639404296875" lon="15.016590245068073272705078125">
        <ele>575.4000244140625</ele>
        <time>2026-04-05T08:15:04.000Z</time>
        <extensions>
          <ns3:TrackPointExtension>
            <ns3:hr>113</ns3:hr>
            <ns3:cad>83</ns3:cad>
          </ns3:TrackPointExtension>
        </extensions>
      </trkpt>
      <trkpt lat="49.0469647385179996490478515625" lon="15.01656836830079555511474609375">
        <ele>575.5999755859375</ele>
        <time>2026-04-05T08:15:05.000Z</time>
        <extensions>
          <ns3:TrackPointExtension>
            <ns3:hr>113</ns3:hr>
            <ns3:cad>83</ns3:cad>
          </ns3:TrackPointExtension>
        </extensions>
      </trkpt>
      <trkpt lat="49.0469845198094844818115234375" lon="15.01655261032283306121826171875">
        <ele>575.4000244140625</ele>
        <time>2026-04-05T08:15:06.000Z</time>
        <extensions>
          <ns3:TrackPointExtension>
            <ns3:hr>112</ns3:hr>
            <ns3:cad>83</ns3:cad>
          </ns3:TrackPointExtension>
        </extensions>
      </trkpt>
      <trkpt lat="49.04700572602450847625732421875" lon="15.01653701998293399810791015625">
        <ele>575.5999755859375</ele>
        <time>2026-04-05T08:15:07.000Z</time>
        <extensions>
          <ns3:TrackPointExtension>
            <ns3:hr>112</ns3:hr>
            <ns3:cad>83</ns3:cad>
          </ns3:TrackPointExtension>
        </extensions>
      </trkpt>
      <trkpt lat="49.04703288339078426361083984375" lon="15.01652511768043041229248046875">
        <ele>575.5999755859375</ele>
        <time>2026-04-05T08:15:08.000Z</time>
        <extensions>
          <ns3:TrackPointExtension>
            <ns3:hr>112</ns3:hr>
            <ns3:cad>84</ns3:cad>
          </ns3:TrackPointExtension>
        </extensions>
      </trkpt>
      <trkpt lat="49.047050066292285919189453125" lon="15.01651908271014690399169921875">
        <ele>575.79998779296875</ele>
        <time>2026-04-05T08:15:09.000Z</time>
        <extensions>
          <ns3:TrackPointExtension>
            <ns3:hr>112</ns3:hr>
            <ns3:cad>84</ns3:cad>
          </ns3:TrackPointExtension>
        </extensions>
      </trkpt>
      <trkpt lat="49.04707462526857852935791015625" lon="15.016511119902133941650390625">
        <ele>575.79998779296875</ele>
        <time>2026-04-05T08:15:10.000Z</time>
        <extensions>
          <ns3:TrackPointExtension>
            <ns3:hr>111</ns3:hr>
            <ns3:cad>83</ns3:cad>
          </ns3:TrackPointExtension>
        </extensions>
      </trkpt>
      <trkpt lat="49.04709558002650737762451171875" lon="15.01650868915021419525146484375">
        <ele>576</ele>
        <time>2026-04-05T08:15:11.000Z</time>
        <extensions>
          <ns3:TrackPointExtension>
            <ns3:hr>112</ns3:hr>
            <ns3:cad>83</ns3:cad>
          </ns3:TrackPointExtension>
        </extensions>
      </trkpt>
      <trkpt lat="49.0471122600138187408447265625" lon="15.01650902442634105682373046875">
        <ele>576</ele>
        <time>2026-04-05T08:15:12.000Z</time>
        <extensions>
          <ns3:TrackPointExtension>
            <ns3:hr>112</ns3:hr>
            <ns3:cad>83</ns3:cad>
          </ns3:TrackPointExtension>
        </extensions>
      </trkpt>
      <trkpt lat="49.04714067466557025909423828125" lon="15.01651053316891193389892578125">
        <ele>576.20001220703125</ele>
        <time>2026-04-05T08:15:13.000Z</time>
        <extensions>
          <ns3:TrackPointExtension>
            <ns3:hr>111</ns3:hr>
            <ns3:cad>85</ns3:cad>
          </ns3:TrackPointExtension>
        </extensions>
      </trkpt>
      <trkpt lat="49.04715844430029392242431640625" lon="15.01650877296924591064453125">
        <ele>576.20001220703125</ele>
        <time>2026-04-05T08:15:14.000Z</time>
        <extensions>
          <ns3:TrackPointExtension>
            <ns3:hr>112</ns3:hr>
            <ns3:cad>85</ns3:cad>
          </ns3:TrackPointExtension>
        </extensions>
      </trkpt>
      <trkpt lat="49.047182835638523101806640625" lon="15.016511119902133941650390625">
        <ele>576</ele>
        <time>2026-04-05T08:15:15.000Z</time>
        <extensions>
          <ns3:TrackPointExtension>
            <ns3:hr>112</ns3:hr>
            <ns3:cad>84</ns3:cad>
          </ns3:TrackPointExtension>
        </extensions>
      </trkpt>
      <trkpt lat="49.04720655642449855804443359375" lon="15.01652059145271778106689453125">
        <ele>576</ele>
        <time>2026-04-05T08:15:16.000Z</time>
        <extensions>
          <ns3:TrackPointExtension>
            <ns3:hr>111</ns3:hr>
            <ns3:cad>84</ns3:cad>
          </ns3:TrackPointExtension>
        </extensions>
      </trkpt>
      <trkpt lat="49.04722935520112514495849609375" lon="15.0165243633091449737548828125">
        <ele>576.20001220703125</ele>
        <time>2026-04-05T08:15:17.000Z</time>
        <extensions>
          <ns3:TrackPointExtension>
            <ns3:hr>111</ns3:hr>
            <ns3:cad>84</ns3:cad>
          </ns3:TrackPointExtension>
        </extensions>
      </trkpt>
      <trkpt lat="49.04725559055805206298828125" lon="15.01652419567108154296875">
        <ele>576.20001220703125</ele>
        <time>2026-04-05T08:15:18.000Z</time>
        <extensions>
          <ns3:TrackPointExtension>
            <ns3:hr>112</ns3:hr>
            <ns3:cad>84</ns3:cad>
          </ns3:TrackPointExtension>
        </extensions>
      </trkpt>
      <trkpt lat="49.04728241264820098876953125" lon="15.0165297277271747589111328125">
        <ele>576.20001220703125</ele>
        <time>2026-04-05T08:15:19.000Z</time>
        <extensions>
          <ns3:TrackPointExtension>
            <ns3:hr>112</ns3:hr>
            <ns3:cad>84</ns3:cad>
          </ns3:TrackPointExtension>
        </extensions>
      </trkpt>
      <trkpt lat="49.0473238192498683929443359375" lon="15.0165371038019657135009765625">
        <ele>576.4000244140625</ele>
        <time>2026-04-05T08:15:20.000Z</time>
        <extensions>
          <ns3:TrackPointExtension>
            <ns3:hr>112</ns3:hr>
            <ns3:cad>84</ns3:cad>
          </ns3:TrackPointExtension>
        </extensions>
      </trkpt>
      <trkpt lat="49.04735944233834743499755859375" lon="15.01654607243835926055908203125">
        <ele>576.4000244140625</ele>
        <time>2026-04-05T08:15:21.000Z</time>
        <extensions>
          <ns3:TrackPointExtension>
            <ns3:hr>112</ns3:hr>
            <ns3:cad>84</ns3:cad>
          </ns3:TrackPointExtension>
        </extensions>
      </trkpt>
      <trkpt lat="49.04738777317106723785400390625" lon="15.01655948348343372344970703125">
        <ele>576.5999755859375</ele>
        <time>2026-04-05T08:15:22.000Z</time>
        <extensions>
          <ns3:TrackPointExtension>
            <ns3:hr>113</ns3:hr>
            <ns3:cad>84</ns3:cad>
          </ns3:TrackPointExtension>
        </extensions>
      </trkpt>
      <trkpt lat="49.047417528927326202392578125" lon="15.0165786780416965484619140625">
        <ele>576.5999755859375</ele>
        <time>2026-04-05T08:15:23.000Z</time>
        <extensions>
          <ns3:TrackPointExtension>
            <ns3:hr>113</ns3:hr>
            <ns3:cad>84</ns3:cad>
          </ns3:TrackPointExtension>
        </extensions>
      </trkpt>
      <trkpt lat="49.0474488772451877593994140625" lon="15.01659351401031017303466796875">
        <ele>576.5999755859375</ele>
        <time>2026-04-05T08:15:24.000Z</time>
        <extensions>
          <ns3:TrackPointExtension>
            <ns3:hr>114</ns3:hr>
            <ns3:cad>85</ns3:cad>
          </ns3:TrackPointExtension>
        </extensions>
      </trkpt>
      <trkpt lat="49.04748232103884220123291015625" lon="15.01661312766373157501220703125">
        <ele>576.5999755859375</ele>
        <time>2026-04-05T08:15:25.000Z</time>
        <extensions>
          <ns3:TrackPointExtension>
            <ns3:hr>115</ns3:hr>
            <ns3:cad>84</ns3:cad>
          </ns3:TrackPointExtension>
        </extensions>
      </trkpt>
      <trkpt lat="49.0475129149854183197021484375" lon="15.01663148403167724609375">
        <ele>576.5999755859375</ele>
        <time>2026-04-05T08:15:26.000Z</time>
        <extensions>
          <ns3:TrackPointExtension>
            <ns3:hr>115</ns3:hr>
            <ns3:cad>84</ns3:cad>
          </ns3:TrackPointExtension>
        </extensions>
      </trkpt>
      <trkpt lat="49.0475464425981044769287109375" lon="15.0166435539722442626953125">
        <ele>576.5999755859375</ele>
        <time>2026-04-05T08:15:27.000Z</time>
        <extensions>
          <ns3:TrackPointExtension>
            <ns3:hr>116</ns3:hr>
            <ns3:cad>84</ns3:cad>
          </ns3:TrackPointExtension>
        </extensions>
      </trkpt>
      <trkpt lat="49.0475856699049472808837890625" lon="15.01666476018726825714111328125">
        <ele>576.5999755859375</ele>
        <time>2026-04-05T08:15:28.000Z</time>
        <extensions>
          <ns3:TrackPointExtension>
            <ns3:hr>116</ns3:hr>
            <ns3:cad>84</ns3:cad>
          </ns3:TrackPointExtension>
        </extensions>
      </trkpt>
      <trkpt lat="49.04761894606053829193115234375" lon="15.01667683012783527374267578125">
        <ele>576.5999755859375</ele>
        <time>2026-04-05T08:15:29.000Z</time>
        <extensions>
          <ns3:TrackPointExtension>
            <ns3:hr>117</ns3:hr>
            <ns3:cad>84</ns3:cad>
          </ns3:TrackPointExtension>
        </extensions>
      </trkpt>
      <trkpt lat="49.04764912091195583343505859375" lon="15.01668672077357769012451171875">
        <ele>576.5999755859375</ele>
        <time>2026-04-05T08:15:30.000Z</time>
        <extensions>
          <ns3:TrackPointExtension>
            <ns3:hr>117</ns3:hr>
            <ns3:cad>84</ns3:cad>
          </ns3:TrackPointExtension>
        </extensions>
      </trkpt>
      <trkpt lat="49.047673679888248443603515625" lon="15.01670549623668193817138671875">
        <ele>576.5999755859375</ele>
        <time>2026-04-05T08:15:31.000Z</time>
        <extensions>
          <ns3:TrackPointExtension>
            <ns3:hr>118</ns3:hr>
            <ns3:cad>83</ns3:cad>
          </ns3:TrackPointExtension>
        </extensions>
      </trkpt>
      <trkpt lat="49.04769890941679477691650390625" lon="15.01672259531915187835693359375">
        <ele>576.5999755859375</ele>
        <time>2026-04-05T08:15:32.000Z</time>
        <extensions>
          <ns3:TrackPointExtension>
            <ns3:hr>118</ns3:hr>
            <ns3:cad>83</ns3:cad>
          </ns3:TrackPointExtension>
        </extensions>
      </trkpt>
      <trkpt lat="49.04772891663014888763427734375" lon="15.01674539409577846527099609375">
        <ele>576.79998779296875</ele>
        <time>2026-04-05T08:15:33.000Z</time>
        <extensions>
          <ns3:TrackPointExtension>
            <ns3:hr>118</ns3:hr>
            <ns3:cad>83</ns3:cad>
          </ns3:TrackPointExtension>
        </extensions>
      </trkpt>
      <trkpt lat="49.0477512963116168975830078125" lon="15.01676081679761409759521484375">
        <ele>576.5999755859375</ele>
        <time>2026-04-05T08:15:34.000Z</time>
        <extensions>
          <ns3:TrackPointExtension>
            <ns3:hr>117</ns3:hr>
            <ns3:cad>82</ns3:cad>
          </ns3:TrackPointExtension>
        </extensions>
      </trkpt>
      <trkpt lat="49.047772586345672607421875" lon="15.01677892170846462249755859375">
        <ele>576.79998779296875</ele>
        <time>2026-04-05T08:15:35.000Z</time>
        <extensions>
          <ns3:TrackPointExtension>
            <ns3:hr>117</ns3:hr>
            <ns3:cad>82</ns3:cad>
          </ns3:TrackPointExtension>
        </extensions>
      </trkpt>
      <trkpt lat="49.0477953851222991943359375" lon="15.01679384149610996246337890625">
        <ele>576.79998779296875</ele>
        <time>2026-04-05T08:15:36.000Z</time>
        <extensions>
          <ns3:TrackPointExtension>
            <ns3:hr>118</ns3:hr>
            <ns3:cad>83</ns3:cad>
          </ns3:TrackPointExtension>
        </extensions>
      </trkpt>
      <trkpt lat="49.0478294156491756439208984375" lon="15.01678772270679473876953125">
        <ele>576.79998779296875</ele>
        <time>2026-04-05T08:15:37.000Z</time>
        <extensions>
          <ns3:TrackPointExtension>
            <ns3:hr>118</ns3:hr>
            <ns3:cad>83</ns3:cad>
          </ns3:TrackPointExtension>
        </extensions>
      </trkpt>
      <trkpt lat="49.04786889441311359405517578125" lon="15.01680205576121807098388671875">
        <ele>576.79998779296875</ele>
        <time>2026-04-05T08:15:38.000Z</time>
        <extensions>
          <ns3:TrackPointExtension>
            <ns3:hr>118</ns3:hr>
            <ns3:cad>83</ns3:cad>
          </ns3:TrackPointExtension>
        </extensions>
      </trkpt>
      <trkpt lat="49.04789772816002368927001953125" lon="15.0168125331401824951171875">
        <ele>576.79998779296875</ele>
        <time>2026-04-05T08:15:39.000Z</time>
        <extensions>
          <ns3:TrackPointExtension>
            <ns3:hr>117</ns3:hr>
            <ns3:cad>83</ns3:cad>
          </ns3:TrackPointExtension>
        </extensions>
      </trkpt>
      <trkpt lat="49.04792874120175838470458984375" lon="15.0168214179575443267822265625">
        <ele>576.79998779296875</ele>
        <time>2026-04-05T08:15:40.000Z</time>
        <extensions>
          <ns3:TrackPointExtension>
            <ns3:hr>118</ns3:hr>
            <ns3:cad>83</ns3:cad>
          </ns3:TrackPointExtension>
        </extensions>
      </trkpt>
      <trkpt lat="49.047956652939319610595703125" lon="15.01684128306806087493896484375">
        <ele>577</ele>
        <time>2026-04-05T08:15:41.000Z</time>
        <extensions>
          <ns3:TrackPointExtension>
            <ns3:hr>118</ns3:hr>
            <ns3:cad>83</ns3:cad>
          </ns3:TrackPointExtension>
        </extensions>
      </trkpt>
      <trkpt lat="49.0479792840778827667236328125" lon="15.0168566219508647918701171875">
        <ele>577</ele>
        <time>2026-04-05T08:15:42.000Z</time>
        <extensions>
          <ns3:TrackPointExtension>
            <ns3:hr>118</ns3:hr>
            <ns3:cad>83</ns3:cad>
          </ns3:TrackPointExtension>
        </extensions>
      </trkpt>
      <trkpt lat="49.04800367541611194610595703125" lon="15.01687346957623958587646484375">
        <ele>576.79998779296875</ele>
        <time>2026-04-05T08:15:43.000Z</time>
        <extensions>
          <ns3:TrackPointExtension>
            <ns3:hr>119</ns3:hr>
            <ns3:cad>83</ns3:cad>
          </ns3:TrackPointExtension>
        </extensions>
      </trkpt>
      <trkpt lat="49.0480235405266284942626953125" lon="15.01688805408775806427001953125">
        <ele>576.79998779296875</ele>
        <time>2026-04-05T08:15:44.000Z</time>
        <extensions>
          <ns3:TrackPointExtension>
            <ns3:hr>119</ns3:hr>
            <ns3:cad>83</ns3:cad>
          </ns3:TrackPointExtension>
        </extensions>
      </trkpt>
      <trkpt lat="49.0480429865419864654541015625" lon="15.01689442433416843414306640625">
        <ele>576.79998779296875</ele>
        <time>2026-04-05T08:15:45.000Z</time>
        <extensions>
          <ns3:TrackPointExtension>
            <ns3:hr>119</ns3:hr>
            <ns3:cad>83</ns3:cad>
          </ns3:TrackPointExtension>
        </extensions>
      </trkpt>
      <trkpt lat="49.0480701439082622528076171875" lon="15.01691085286438465118408203125">
        <ele>576.79998779296875</ele>
        <time>2026-04-05T08:15:46.000Z</time>
        <extensions>
          <ns3:TrackPointExtension>
            <ns3:hr>119</ns3:hr>
            <ns3:cad>82</ns3:cad>
          </ns3:TrackPointExtension>
        </extensions>
      </trkpt>
      <trkpt lat="49.04809369705617427825927734375" lon="15.01693180762231349945068359375">
        <ele>576.79998779296875</ele>
        <time>2026-04-05T08:15:47.000Z</time>
        <extensions>
          <ns3:TrackPointExtension>
            <ns3:hr>119</ns3:hr>
            <ns3:cad>82</ns3:cad>
          </ns3:TrackPointExtension>
        </extensions>
      </trkpt>
      <trkpt lat="49.04811850748956203460693359375" lon="15.0169466435909271240234375">
        <ele>576.79998779296875</ele>
        <time>2026-04-05T08:15:48.000Z</time>
        <extensions>
          <ns3:TrackPointExtension>
            <ns3:hr>119</ns3:hr>
            <ns3:cad>82</ns3:cad>
          </ns3:TrackPointExtension>
        </extensions>
      </trkpt>
      <trkpt lat="49.04814952053129673004150390625" lon="15.01697371713817119598388671875">
        <ele>576.79998779296875</ele>
        <time>2026-04-05T08:15:49.000Z</time>
        <extensions>
          <ns3:TrackPointExtension>
            <ns3:hr>119</ns3:hr>
            <ns3:cad>82</ns3:cad>
          </ns3:TrackPointExtension>
        </extensions>
      </trkpt>
      <trkpt lat="49.04817449860274791717529296875" lon="15.0169930793344974517822265625">
        <ele>576.5999755859375</ele>
        <time>2026-04-05T08:15:50.000Z</time>
        <extensions>
          <ns3:TrackPointExtension>
            <ns3:hr>119</ns3:hr>
            <ns3:cad>82</ns3:cad>
          </ns3:TrackPointExtension>
        </extensions>
      </trkpt>
      <trkpt lat="49.0482022427022457122802734375" lon="15.01701462082564830780029296875">
        <ele>576.5999755859375</ele>
        <time>2026-04-05T08:15:51.000Z</time>
        <extensions>
          <ns3:TrackPointExtension>
            <ns3:hr>119</ns3:hr>
            <ns3:cad>82</ns3:cad>
          </ns3:TrackPointExtension>
        </extensions>
      </trkpt>
      <trkpt lat="49.048224873840808868408203125" lon="15.01703792251646518707275390625">
        <ele>576.5999755859375</ele>
        <time>2026-04-05T08:15:52.000Z</time>
        <extensions>
          <ns3:TrackPointExtension>
            <ns3:hr>119</ns3:hr>
            <ns3:cad>82</ns3:cad>
          </ns3:TrackPointExtension>
        </extensions>
      </trkpt>
      <trkpt lat="49.0482461638748645782470703125" lon="15.0170477293431758880615234375">
        <ele>576.5999755859375</ele>
        <time>2026-04-05T08:15:53.000Z</time>
        <extensions>
          <ns3:TrackPointExtension>
            <ns3:hr>118</ns3:hr>
            <ns3:cad>83</ns3:cad>
          </ns3:TrackPointExtension>
        </extensions>
      </trkpt>
      <trkpt lat="49.04827482998371124267578125" lon="15.0170681811869144439697265625">
        <ele>576.5999755859375</ele>
        <time>2026-04-05T08:15:54.000Z</time>
        <extensions>
          <ns3:TrackPointExtension>
            <ns3:hr>119</ns3:hr>
            <ns3:cad>83</ns3:cad>
          </ns3:TrackPointExtension>
        </extensions>
      </trkpt>
      <trkpt lat="49.04829201288521289825439453125" lon="15.01708787865936756134033203125">
        <ele>576.4000244140625</ele>
        <time>2026-04-05T08:15:55.000Z</time>
        <extensions>
          <ns3:TrackPointExtension>
            <ns3:hr>119</ns3:hr>
            <ns3:cad>82</ns3:cad>
          </ns3:TrackPointExtension>
        </extensions>
      </trkpt>
      <trkpt lat="49.0483135543763637542724609375" lon="15.017097853124141693115234375">
        <ele>576.4000244140625</ele>
        <time>2026-04-05T08:15:56.000Z</time>
        <extensions>
          <ns3:TrackPointExtension>
            <ns3:hr>119</ns3:hr>
            <ns3:cad>82</ns3:cad>
          </ns3:TrackPointExtension>
        </extensions>
      </trkpt>
      <trkpt lat="49.04833853244781494140625" lon="15.0171194784343242645263671875">
        <ele>576.4000244140625</ele>
        <time>2026-04-05T08:15:57.000Z</time>
        <extensions>
          <ns3:TrackPointExtension>
            <ns3:hr>119</ns3:hr>
            <ns3:cad>82</ns3:cad>
          </ns3:TrackPointExtension>
        </extensions>
      </trkpt>
      <trkpt lat="49.04835856519639492034912109375" lon="15.01713364385068416595458984375">
        <ele>576.4000244140625</ele>
        <time>2026-04-05T08:15:58.000Z</time>
        <extensions>
          <ns3:TrackPointExtension>
            <ns3:hr>119</ns3:hr>
            <ns3:cad>82</ns3:cad>
          </ns3:TrackPointExtension>
        </extensions>
      </trkpt>
      <trkpt lat="49.04838706366717815399169921875" lon="15.01714982092380523681640625">
        <ele>576.4000244140625</ele>
        <time>2026-04-05T08:15:59.000Z</time>
        <extensions>
          <ns3:TrackPointExtension>
            <ns3:hr>119</ns3:hr>
            <ns3:cad>82</ns3:cad>
          </ns3:TrackPointExtension>
        </extensions>
      </trkpt>
      <trkpt lat="49.04841564595699310302734375" lon="15.017166249454021453857421875">
        <ele>576.5999755859375</ele>
        <time>2026-04-05T08:16:00.000Z</time>
        <extensions>
          <ns3:TrackPointExtension>
            <ns3:hr>119</ns3:hr>
            <ns3:cad>82</ns3:cad>
          </ns3:TrackPointExtension>
        </extensions>
      </trkpt>
      <trkpt lat="49.04843576252460479736328125" lon="15.017172954976558685302734375">
        <ele>576.5999755859375</ele>
        <time>2026-04-05T08:16:01.000Z</time>
        <extensions>
          <ns3:TrackPointExtension>
            <ns3:hr>119</ns3:hr>
            <ns3:cad>82</ns3:cad>
          </ns3:TrackPointExtension>
        </extensions>
      </trkpt>
      <trkpt lat="49.0484634228050708770751953125" lon="15.01719097606837749481201171875">
        <ele>576.79998779296875</ele>
        <time>2026-04-05T08:16:02.000Z</time>
        <extensions>
          <ns3:TrackPointExtension>
            <ns3:hr>119</ns3:hr>
            <ns3:cad>81</ns3:cad>
          </ns3:TrackPointExtension>
        </extensions>
      </trkpt>
      <trkpt lat="49.048485048115253448486328125" lon="15.01720011234283447265625">
        <ele>576.79998779296875</ele>
        <time>2026-04-05T08:16:03.000Z</time>
        <extensions>
          <ns3:TrackPointExtension>
            <ns3:hr>119</ns3:hr>
            <ns3:cad>81</ns3:cad>
          </ns3:TrackPointExtension>
        </extensions>
      </trkpt>
      <trkpt lat="49.0485026501119136810302734375" lon="15.0171986036002635955810546875">
        <ele>577</ele>
        <time>2026-04-05T08:16:04.000Z</time>
        <extensions>
          <ns3:TrackPointExtension>
            <ns3:hr>119</ns3:hr>
            <ns3:cad>81</ns3:cad>
          </ns3:TrackPointExtension>
        </extensions>
      </trkpt>
      <trkpt lat="49.0485329926013946533203125" lon="15.01720480620861053466796875">
        <ele>577</ele>
        <time>2026-04-05T08:16:05.000Z</time>
        <extensions>
          <ns3:TrackPointExtension>
            <ns3:hr>119</ns3:hr>
            <ns3:cad>81</ns3:cad>
          </ns3:TrackPointExtension>
        </extensions>
      </trkpt>
      <trkpt lat="49.048557467758655548095703125" lon="15.01721427775919437408447265625">
        <ele>577</ele>
        <time>2026-04-05T08:16:06.000Z</time>
        <extensions>
          <ns3:TrackPointExtension>
            <ns3:hr>119</ns3:hr>
            <ns3:cad>81</ns3:cad>
          </ns3:TrackPointExtension>
        </extensions>
      </trkpt>
      <trkpt lat="49.0485785901546478271484375" lon="15.01722634769976139068603515625">
        <ele>577</ele>
        <time>2026-04-05T08:16:07.000Z</time>
        <extensions>
          <ns3:TrackPointExtension>
            <ns3:hr>118</ns3:hr>
            <ns3:cad>81</ns3:cad>
          </ns3:TrackPointExtension>
        </extensions>
      </trkpt>
      <trkpt lat="49.04860205948352813720703125" lon="15.01723774708807468414306640625">
        <ele>577</ele>
        <time>2026-04-05T08:16:08.000Z</time>
        <extensions>
          <ns3:TrackPointExtension>
            <ns3:hr>118</ns3:hr>
            <ns3:cad>81</ns3:cad>
          </ns3:TrackPointExtension>
        </extensions>
      </trkpt>
      <trkpt lat="49.048618488013744354248046875" lon="15.0172405131161212921142578125">
        <ele>576.79998779296875</ele>
        <time>2026-04-05T08:16:09.000Z</time>
        <extensions>
          <ns3:TrackPointExtension>
            <ns3:hr>118</ns3:hr>
            <ns3:cad>81</ns3:cad>
          </ns3:TrackPointExtension>
        </extensions>
      </trkpt>
      <trkpt lat="49.048629887402057647705078125" lon="15.0172512419521808624267578125">
        <ele>576.79998779296875</ele>
        <time>2026-04-05T08:16:10.000Z</time>
        <extensions>
          <ns3:TrackPointExtension>
            <ns3:hr>118</ns3:hr>
            <ns3:cad>82</ns3:cad>
          </ns3:TrackPointExtension>
        </extensions>
      </trkpt>
      <trkpt lat="49.0486387722194194793701171875" lon="15.01727513037621974945068359375">
        <ele>576.79998779296875</ele>
        <time>2026-04-05T08:16:11.000Z</time>
        <extensions>
          <ns3:TrackPointExtension>
            <ns3:hr>118</ns3:hr>
            <ns3:cad>82</ns3:cad>
          </ns3:TrackPointExtension>
        </extensions>
      </trkpt>
      <trkpt lat="49.04865293763577938079833984375" lon="15.01730329357087612152099609375">
        <ele>577</ele>
        <time>2026-04-05T08:16:12.000Z</time>
        <extensions>
          <ns3:TrackPointExtension>
            <ns3:hr>117</ns3:hr>
            <ns3:cad>82</ns3:cad>
          </ns3:TrackPointExtension>
        </extensions>
      </trkpt>
      <trkpt lat="49.04866509139537811279296875" lon="15.01732072792947292327880859375">
        <ele>577</ele>
        <time>2026-04-05T08:16:13.000Z</time>
        <extensions>
          <ns3:TrackPointExtension>
            <ns3:hr>117</ns3:hr>
            <ns3:cad>82</ns3:cad>
          </ns3:TrackPointExtension>
        </extensions>
      </trkpt>
      <trkpt lat="49.0486778318881988525390625" lon="15.01732709817588329315185546875">
        <ele>577</ele>
        <time>2026-04-05T08:16:14.000Z</time>
        <extensions>
          <ns3:TrackPointExtension>
            <ns3:hr>117</ns3:hr>
            <ns3:cad>79</ns3:cad>
          </ns3:TrackPointExtension>
        </extensions>
      </trkpt>
      <trkpt lat="49.04869803227484226226806640625" lon="15.0173364020884037017822265625">
        <ele>577</ele>
        <time>2026-04-05T08:16:15.000Z</time>
        <extensions>
          <ns3:TrackPointExtension>
            <ns3:hr>117</ns3:hr>
            <ns3:cad>79</ns3:cad>
          </ns3:TrackPointExtension>
        </extensions>
      </trkpt>
      <trkpt lat="49.04872049577534198760986328125" lon="15.01734704710543155670166015625">
        <ele>577</ele>
        <time>2026-04-05T08:16:16.000Z</time>
        <extensions>
          <ns3:TrackPointExtension>
            <ns3:hr>117</ns3:hr>
            <ns3:cad>76</ns3:cad>
          </ns3:TrackPointExtension>
        </extensions>
      </trkpt>
      <trkpt lat="49.04874513857066631317138671875" lon="15.0173568539321422576904296875">
        <ele>576.79998779296875</ele>
        <time>2026-04-05T08:16:17.000Z</time>
        <extensions>
          <ns3:TrackPointExtension>
            <ns3:hr>117</ns3:hr>
            <ns3:cad>74</ns3:cad>
          </ns3:TrackPointExtension>
        </extensions>
      </trkpt>
      <trkpt lat="49.0487638302147388458251953125" lon="15.01736833713948726654052734375">
        <ele>577</ele>
        <time>2026-04-05T08:16:18.000Z</time>
        <extensions>
          <ns3:TrackPointExtension>
            <ns3:hr>116</ns3:hr>
            <ns3:cad>74</ns3:cad>
          </ns3:TrackPointExtension>
        </extensions>
      </trkpt>
      <trkpt lat="49.04878637753427028656005859375" lon="15.01738141290843486785888671875">
        <ele>577</ele>
        <time>2026-04-05T08:16:19.000Z</time>
        <extensions>
          <ns3:TrackPointExtension>
            <ns3:hr>116</ns3:hr>
            <ns3:cad>74</ns3:cad>
          </ns3:TrackPointExtension>
        </extensions>
      </trkpt>
      <trkpt lat="49.04880733229219913482666015625" lon="15.017389543354511260986328125">
        <ele>577</ele>
        <time>2026-04-05T08:16:20.000Z</time>
        <extensions>
          <ns3:TrackPointExtension>
            <ns3:hr>116</ns3:hr>
            <ns3:cad>74</ns3:cad>
          </ns3:TrackPointExtension>
        </extensions>
      </trkpt>
      <trkpt lat="49.04882694594562053680419921875" lon="15.01739398576319217681884765625">
        <ele>577</ele>
        <time>2026-04-05T08:16:21.000Z</time>
        <extensions>
          <ns3:TrackPointExtension>
            <ns3:hr>116</ns3:hr>
            <ns3:cad>75</ns3:cad>
          </ns3:TrackPointExtension>
        </extensions>
      </trkpt>
      <trkpt lat="49.0488459728658199310302734375" lon="15.0173994340002536773681640625">
        <ele>577.20001220703125</ele>
        <time>2026-04-05T08:16:22.000Z</time>
        <extensions>
          <ns3:TrackPointExtension>
            <ns3:hr>116</ns3:hr>
            <ns3:cad>75</ns3:cad>
          </ns3:TrackPointExtension>
        </extensions>
      </trkpt>
      <trkpt lat="49.04887497425079345703125" lon="15.01740622334182262420654296875">
        <ele>577</ele>
        <time>2026-04-05T08:16:23.000Z</time>
        <extensions>
          <ns3:TrackPointExtension>
            <ns3:hr>116</ns3:hr>
            <ns3:cad>76</ns3:cad>
          </ns3:TrackPointExtension>
        </extensions>
      </trkpt>
      <trkpt lat="49.048897437751293182373046875" lon="15.01741795800626277923583984375">
        <ele>577</ele>
        <time>2026-04-05T08:16:24.000Z</time>
        <extensions>
          <ns3:TrackPointExtension>
            <ns3:hr>115</ns3:hr>
            <ns3:cad>77</ns3:cad>
          </ns3:TrackPointExtension>
        </extensions>
      </trkpt>
      <trkpt lat="49.04891897924244403839111328125" lon="15.0174302794039249420166015625">
        <ele>576.79998779296875</ele>
        <time>2026-04-05T08:16:25.000Z</time>
        <extensions>
          <ns3:TrackPointExtension>
            <ns3:hr>115</ns3:hr>
            <ns3:cad>77</ns3:cad>
          </ns3:TrackPointExtension>
        </extensions>
      </trkpt>
      <trkpt lat="49.048943035304546356201171875" lon="15.01745081506669521331787109375">
        <ele>576.79998779296875</ele>
        <time>2026-04-05T08:16:26.000Z</time>
        <extensions>
          <ns3:TrackPointExtension>
            <ns3:hr>115</ns3:hr>
            <ns3:cad>76</ns3:cad>
          </ns3:TrackPointExtension>
        </extensions>
      </trkpt>
      <trkpt lat="49.048965163528919219970703125" lon="15.01746229827404022216796875">
        <ele>577</ele>
        <time>2026-04-05T08:16:27.000Z</time>
        <extensions>
          <ns3:TrackPointExtension>
            <ns3:hr>115</ns3:hr>
            <ns3:cad>76</ns3:cad>
          </ns3:TrackPointExtension>
        </extensions>
      </trkpt>
      <trkpt lat="49.0489827655255794525146484375" lon="15.01746506430208683013916015625">
        <ele>577</ele>
        <time>2026-04-05T08:16:28.000Z</time>
        <extensions>
          <ns3:TrackPointExtension>
            <ns3:hr>114</ns3:hr>
            <ns3:cad>79</ns3:cad>
          </ns3:TrackPointExtension>
        </extensions>
      </trkpt>
      <trkpt lat="49.04900648631155490875244140625" lon="15.0174750387668609619140625">
        <ele>577.20001220703125</ele>
        <time>2026-04-05T08:16:29.000Z</time>
        <extensions>
          <ns3:TrackPointExtension>
            <ns3:hr>114</ns3:hr>
            <ns3:cad>79</ns3:cad>
          </ns3:TrackPointExtension>
        </extensions>
      </trkpt>
      <trkpt lat="49.0490253455936908721923828125" lon="15.01749641261994838714599609375">
        <ele>577</ele>
        <time>2026-04-05T08:16:30.000Z</time>
        <extensions>
          <ns3:TrackPointExtension>
            <ns3:hr>114</ns3:hr>
            <ns3:cad>79</ns3:cad>
          </ns3:TrackPointExtension>
        </extensions>
      </trkpt>
      <trkpt lat="49.04904252849519252777099609375" lon="15.0175067223608493804931640625">
        <ele>577.20001220703125</ele>
        <time>2026-04-05T08:16:31.000Z</time>
        <extensions>
          <ns3:TrackPointExtension>
            <ns3:hr>114</ns3:hr>
            <ns3:cad>78</ns3:cad>
          </ns3:TrackPointExtension>
        </extensions>
      </trkpt>
      <trkpt lat="49.04905778355896472930908203125" lon="15.01751082949340343475341796875">
        <ele>577.20001220703125</ele>
        <time>2026-04-05T08:16:32.000Z</time>
        <extensions>
          <ns3:TrackPointExtension>
            <ns3:hr>114</ns3:hr>
            <ns3:cad>78</ns3:cad>
          </ns3:TrackPointExtension>
        </extensions>
      </trkpt>
      <trkpt lat="49.04907572083175182342529296875" lon="15.017516277730464935302734375">
        <ele>577.20001220703125</ele>
        <time>2026-04-05T08:16:33.000Z</time>
        <extensions>
          <ns3:TrackPointExtension>
            <ns3:hr>114</ns3:hr>
            <ns3:cad>76</ns3:cad>
          </ns3:TrackPointExtension>
        </extensions>
      </trkpt>
      <trkpt lat="49.04908829368650913238525390625" lon="15.01751451753079891204833984375">
        <ele>577</ele>
        <time>2026-04-05T08:16:34.000Z</time>
        <extensions>
          <ns3:TrackPointExtension>
            <ns3:hr>114</ns3:hr>
            <ns3:cad>76</ns3:cad>
          </ns3:TrackPointExtension>
        </extensions>
      </trkpt>
      <trkpt lat="49.04911058954894542694091796875" lon="15.01752172596752643585205078125">
        <ele>577.20001220703125</ele>
        <time>2026-04-05T08:16:35.000Z</time>
        <extensions>
          <ns3:TrackPointExtension>
            <ns3:hr>114</ns3:hr>
            <ns3:cad>75</ns3:cad>
          </ns3:TrackPointExtension>
        </extensions>
      </trkpt>
      <trkpt lat="49.04913154430687427520751953125" lon="15.01753144897520542144775390625">
        <ele>577.20001220703125</ele>
        <time>2026-04-05T08:16:36.000Z</time>
        <extensions>
          <ns3:TrackPointExtension>
            <ns3:hr>114</ns3:hr>
            <ns3:cad>74</ns3:cad>
          </ns3:TrackPointExtension>
        </extensions>
      </trkpt>
      <trkpt lat="49.0491490624845027923583984375" lon="15.01755089499056339263916015625">
        <ele>577</ele>
        <time>2026-04-05T08:16:37.000Z</time>
        <extensions>
          <ns3:TrackPointExtension>
            <ns3:hr>113</ns3:hr>
            <ns3:cad>74</ns3:cad>
          </ns3:TrackPointExtension>
        </extensions>
      </trkpt>
      <trkpt lat="49.04916465282440185546875" lon="15.017563216388225555419921875">
        <ele>577.20001220703125</ele>
        <time>2026-04-05T08:16:38.000Z</time>
        <extensions>
          <ns3:TrackPointExtension>
            <ns3:hr>113</ns3:hr>
            <ns3:cad>74</ns3:cad>
          </ns3:TrackPointExtension>
        </extensions>
      </trkpt>
      <trkpt lat="49.04918250627815723419189453125" lon="15.017571933567523956298828125">
        <ele>577.20001220703125</ele>
        <time>2026-04-05T08:16:39.000Z</time>
        <extensions>
          <ns3:TrackPointExtension>
            <ns3:hr>112</ns3:hr>
            <ns3:cad>74</ns3:cad>
          </ns3:TrackPointExtension>
        </extensions>
      </trkpt>
      <trkpt lat="49.0491960011422634124755859375" lon="15.01758031547069549560546875">
        <ele>577.20001220703125</ele>
        <time>2026-04-05T08:16:40.000Z</time>
        <extensions>
          <ns3:TrackPointExtension>
            <ns3:hr>112</ns3:hr>
            <ns3:cad>75</ns3:cad>
          </ns3:TrackPointExtension>
        </extensions>
      </trkpt>
      <trkpt lat="49.0492157824337482452392578125" lon="15.01758961938321590423583984375">
        <ele>577.20001220703125</ele>
        <time>2026-04-05T08:16:41.000Z</time>
        <extensions>
          <ns3:TrackPointExtension>
            <ns3:hr>112</ns3:hr>
            <ns3:cad>75</ns3:cad>
          </ns3:TrackPointExtension>
        </extensions>
      </trkpt>
      <trkpt lat="49.0492372401058673858642578125" lon="15.01759867183864116668701171875">
        <ele>577.4000244140625</ele>
        <time>2026-04-05T08:16:42.000Z</time>
        <extensions>
          <ns3:TrackPointExtension>
            <ns3:hr>111</ns3:hr>
            <ns3:cad>75</ns3:cad>
          </ns3:TrackPointExtension>
        </extensions>
      </trkpt>
      <trkpt lat="49.049256183207035064697265625" lon="15.01761359162628650665283203125">
        <ele>577.4000244140625</ele>
        <time>2026-04-05T08:16:43.000Z</time>
        <extensions>
          <ns3:TrackPointExtension>
            <ns3:hr>111</ns3:hr>
            <ns3:cad>77</ns3:cad>
          </ns3:TrackPointExtension>
        </extensions>
      </trkpt>
      <trkpt lat="49.04927487485110759735107421875" lon="15.0176250748336315155029296875">
        <ele>577.4000244140625</ele>
        <time>2026-04-05T08:16:44.000Z</time>
        <extensions>
          <ns3:TrackPointExtension>
            <ns3:hr>111</ns3:hr>
            <ns3:cad>77</ns3:cad>
          </ns3:TrackPointExtension>
        </extensions>
      </trkpt>
      <trkpt lat="49.04929700307548046112060546875" lon="15.01763974316418170928955078125">
        <ele>577.4000244140625</ele>
        <time>2026-04-05T08:16:45.000Z</time>
        <extensions>
          <ns3:TrackPointExtension>
            <ns3:hr>111</ns3:hr>
            <ns3:cad>79</ns3:cad>
          </ns3:TrackPointExtension>
        </extensions>
      </trkpt>
      <trkpt lat="49.04932214878499507904052734375" lon="15.017660446465015411376953125">
        <ele>577.4000244140625</ele>
        <time>2026-04-05T08:16:46.000Z</time>
        <extensions>
          <ns3:TrackPointExtension>
            <ns3:hr>111</ns3:hr>
            <ns3:cad>79</ns3:cad>
          </ns3:TrackPointExtension>
        </extensions>
      </trkpt>
      <trkpt lat="49.04934226535260677337646484375" lon="15.01767813228070735931396484375">
        <ele>577.4000244140625</ele>
        <time>2026-04-05T08:16:47.000Z</time>
        <extensions>
          <ns3:TrackPointExtension>
            <ns3:hr>110</ns3:hr>
            <ns3:cad>77</ns3:cad>
          </ns3:TrackPointExtension>
        </extensions>
      </trkpt>
      <trkpt lat="49.04936053790152072906494140625" lon="15.0176871009171009063720703125">
        <ele>577.4000244140625</ele>
        <time>2026-04-05T08:16:48.000Z</time>
        <extensions>
          <ns3:TrackPointExtension>
            <ns3:hr>110</ns3:hr>
            <ns3:cad>77</ns3:cad>
          </ns3:TrackPointExtension>
        </extensions>
      </trkpt>
      <trkpt lat="49.04937998391687870025634765625" lon="15.017701350152492523193359375">
        <ele>577.4000244140625</ele>
        <time>2026-04-05T08:16:49.000Z</time>
        <extensions>
          <ns3:TrackPointExtension>
            <ns3:hr>110</ns3:hr>
            <ns3:cad>77</ns3:cad>
          </ns3:TrackPointExtension>
        </extensions>
      </trkpt>
      <trkpt lat="49.04940194450318813323974609375" lon="15.01771467737853527069091796875">
        <ele>577.4000244140625</ele>
        <time>2026-04-05T08:16:50.000Z</time>
        <extensions>
          <ns3:TrackPointExtension>
            <ns3:hr>109</ns3:hr>
            <ns3:cad>78</ns3:cad>
          </ns3:TrackPointExtension>
        </extensions>
      </trkpt>
      <trkpt lat="49.0494196303188800811767578125" lon="15.01772624440491199493408203125">
        <ele>577.4000244140625</ele>
        <time>2026-04-05T08:16:51.000Z</time>
        <extensions>
          <ns3:TrackPointExtension>
            <ns3:hr>108</ns3:hr>
            <ns3:cad>78</ns3:cad>
          </ns3:TrackPointExtension>
        </extensions>
      </trkpt>
      <trkpt lat="49.0494384057819843292236328125" lon="15.0177459418773651123046875">
        <ele>577.5999755859375</ele>
        <time>2026-04-05T08:16:52.000Z</time>
        <extensions>
          <ns3:TrackPointExtension>
            <ns3:hr>108</ns3:hr>
            <ns3:cad>79</ns3:cad>
          </ns3:TrackPointExtension>
        </extensions>
      </trkpt>
      <trkpt lat="49.0494548343122005462646484375" lon="15.01775876618921756744384765625">
        <ele>577.5999755859375</ele>
        <time>2026-04-05T08:16:53.000Z</time>
        <extensions>
          <ns3:TrackPointExtension>
            <ns3:hr>108</ns3:hr>
            <ns3:cad>79</ns3:cad>
          </ns3:TrackPointExtension>
        </extensions>
      </trkpt>
      <trkpt lat="49.04947184957563877105712890625" lon="15.0177658908069133758544921875">
        <ele>577.79998779296875</ele>
        <time>2026-04-05T08:16:54.000Z</time>
        <extensions>
          <ns3:TrackPointExtension>
            <ns3:hr>107</ns3:hr>
            <ns3:cad>79</ns3:cad>
          </ns3:TrackPointExtension>
        </extensions>
      </trkpt>
      <trkpt lat="49.0494943968951702117919921875" lon="15.0177781283855438232421875">
        <ele>577.79998779296875</ele>
        <time>2026-04-05T08:16:55.000Z</time>
        <extensions>
          <ns3:TrackPointExtension>
            <ns3:hr>107</ns3:hr>
            <ns3:cad>79</ns3:cad>
          </ns3:TrackPointExtension>
        </extensions>
      </trkpt>
      <trkpt lat="49.04951225034892559051513671875" lon="15.0177870132029056549072265625">
        <ele>577.79998779296875</ele>
        <time>2026-04-05T08:16:56.000Z</time>
        <extensions>
          <ns3:TrackPointExtension>
            <ns3:hr>107</ns3:hr>
            <ns3:cad>79</ns3:cad>
          </ns3:TrackPointExtension>
        </extensions>
      </trkpt>
      <trkpt lat="49.04952834360301494598388671875" lon="15.0177937187254428863525390625">
        <ele>577.79998779296875</ele>
        <time>2026-04-05T08:16:57.000Z</time>
        <extensions>
          <ns3:TrackPointExtension>
            <ns3:hr>107</ns3:hr>
            <ns3:cad>79</ns3:cad>
          </ns3:TrackPointExtension>
        </extensions>
      </trkpt>
      <trkpt lat="49.04954259283840656280517578125" lon="15.01780084334313869476318359375">
        <ele>578</ele>
        <time>2026-04-05T08:16:58.000Z</time>
        <extensions>
          <ns3:TrackPointExtension>
            <ns3:hr>109</ns3:hr>
            <ns3:cad>79</ns3:cad>
          </ns3:TrackPointExtension>
        </extensions>
      </trkpt>
      <trkpt lat="49.0495575964450836181640625" lon="15.017808638513088226318359375">
        <ele>578</ele>
        <time>2026-04-05T08:16:59.000Z</time>
        <extensions>
          <ns3:TrackPointExtension>
            <ns3:hr>110</ns3:hr>
            <ns3:cad>79</ns3:cad>
          </ns3:TrackPointExtension>
        </extensions>
      </trkpt>
      <trkpt lat="49.049538485705852508544921875" lon="15.01779112033545970916748046875">
        <ele>577.79998779296875</ele>
        <time>2026-04-05T08:20:41.000Z</time>
        <extensions>
          <ns3:TrackPointExtension>
            <ns3:hr>70</ns3:hr>
            <ns3:cad>0</ns3:cad>
          </ns3:TrackPointExtension>
        </extensions>
      </trkpt>
      <trkpt lat="49.04953186400234699249267578125" lon="15.01779983751475811004638671875">
        <ele>577.79998779296875</ele>
        <time>2026-04-05T08:20:42.000Z</time>
        <extensions>
          <ns3:TrackPointExtension>
            <ns3:hr>70</ns3:hr>
            <ns3:cad>0</ns3:cad>
          </ns3:TrackPointExtension>
        </extensions>
      </trkpt>
      <trkpt lat="49.04951862059533596038818359375" lon="15.01778818666934967041015625">
        <ele>577.79998779296875</ele>
        <time>2026-04-05T08:20:43.000Z</time>
        <extensions>
          <ns3:TrackPointExtension>
            <ns3:hr>69</ns3:hr>
            <ns3:cad>0</ns3:cad>
          </ns3:TrackPointExtension>
        </extensions>
      </trkpt>
      <trkpt lat="49.04950101859867572784423828125" lon="15.017787516117095947265625">
        <ele>577.79998779296875</ele>
        <time>2026-04-05T08:20:44.000Z</time>
        <extensions>
          <ns3:TrackPointExtension>
            <ns3:hr>68</ns3:hr>
            <ns3:cad>0</ns3:cad>
          </ns3:TrackPointExtension>
        </extensions>
      </trkpt>
      <trkpt lat="49.0494860149919986724853515625" lon="15.0177856720983982086181640625">
        <ele>577.5999755859375</ele>
        <time>2026-04-05T08:20:45.000Z</time>
        <extensions>
          <ns3:TrackPointExtension>
            <ns3:hr>67</ns3:hr>
            <ns3:cad>0</ns3:cad>
          </ns3:TrackPointExtension>
        </extensions>
      </trkpt>
      <trkpt lat="49.0494637191295623779296875" lon="15.01777050085365772247314453125">
        <ele>577.5999755859375</ele>
        <time>2026-04-05T08:20:46.000Z</time>
        <extensions>
          <ns3:TrackPointExtension>
            <ns3:hr>65</ns3:hr>
            <ns3:cad>79</ns3:cad>
          </ns3:TrackPointExtension>
        </extensions>
      </trkpt>
      <trkpt lat="49.04944066889584064483642578125" lon="15.0177548266947269439697265625">
        <ele>577.5999755859375</ele>
        <time>2026-04-05T08:20:47.000Z</time>
        <extensions>
          <ns3:TrackPointExtension>
            <ns3:hr>65</ns3:hr>
            <ns3:cad>79</ns3:cad>
          </ns3:TrackPointExtension>
        </extensions>
      </trkpt>
      <trkpt lat="49.049419127404689788818359375" lon="15.01774082891643047332763671875">
        <ele>577.5999755859375</ele>
        <time>2026-04-05T08:20:48.000Z</time>
        <extensions>
          <ns3:TrackPointExtension>
            <ns3:hr>65</ns3:hr>
            <ns3:cad>80</ns3:cad>
          </ns3:TrackPointExtension>
        </extensions>
      </trkpt>
      <trkpt lat="49.04939708299934864044189453125" lon="15.0177236460149288177490234375">
        <ele>577.5999755859375</ele>
        <time>2026-04-05T08:20:49.000Z</time>
        <extensions>
          <ns3:TrackPointExtension>
            <ns3:hr>66</ns3:hr>
            <ns3:cad>80</ns3:cad>
          </ns3:TrackPointExtension>
        </extensions>
      </trkpt>
      <trkpt lat="49.04937478713691234588623046875" lon="15.01770596019923686981201171875">
        <ele>577.5999755859375</ele>
        <time>2026-04-05T08:20:50.000Z</time>
        <extensions>
          <ns3:TrackPointExtension>
            <ns3:hr>66</ns3:hr>
            <ns3:cad>80</ns3:cad>
          </ns3:TrackPointExtension>
        </extensions>
      </trkpt>
      <trkpt lat="49.04935332946479320526123046875" lon="15.0177015177905559539794921875">
        <ele>577.4000244140625</ele>
        <time>2026-04-05T08:20:51.000Z</time>
        <extensions>
          <ns3:TrackPointExtension>
            <ns3:hr>67</ns3:hr>
            <ns3:cad>80</ns3:cad>
          </ns3:TrackPointExtension>
        </extensions>
      </trkpt>
      <trkpt lat="49.04933237470686435699462890625" lon="15.0176827423274517059326171875">
        <ele>577.4000244140625</ele>
        <time>2026-04-05T08:20:52.000Z</time>
        <extensions>
          <ns3:TrackPointExtension>
            <ns3:hr>68</ns3:hr>
            <ns3:cad>80</ns3:cad>
          </ns3:TrackPointExtension>
        </extensions>
      </trkpt>
      <trkpt lat="49.049311168491840362548828125" lon="15.0176726840436458587646484375">
        <ele>577.20001220703125</ele>
        <time>2026-04-05T08:20:53.000Z</time>
        <extensions>
          <ns3:TrackPointExtension>
            <ns3:hr>68</ns3:hr>
            <ns3:cad>80</ns3:cad>
          </ns3:TrackPointExtension>
        </extensions>
      </trkpt>
      <trkpt lat="49.0492893755435943603515625" lon="15.01766673289239406585693359375">
        <ele>577.20001220703125</ele>
        <time>2026-04-05T08:20:54.000Z</time>
        <extensions>
          <ns3:TrackPointExtension>
            <ns3:hr>69</ns3:hr>
            <ns3:cad>80</ns3:cad>
          </ns3:TrackPointExtension>
        </extensions>
      </trkpt>
      <trkpt lat="49.0492680855095386505126953125" lon="15.0176579318940639495849609375">
        <ele>577.20001220703125</ele>
        <time>2026-04-05T08:20:55.000Z</time>
        <extensions>
          <ns3:TrackPointExtension>
            <ns3:hr>70</ns3:hr>
            <ns3:cad>81</ns3:cad>
          </ns3:TrackPointExtension>
        </extensions>
      </trkpt>
      <trkpt lat="49.04925375245511531829833984375" lon="15.01765214838087558746337890625">
        <ele>577.20001220703125</ele>
        <time>2026-04-05T08:20:56.000Z</time>
        <extensions>
          <ns3:TrackPointExtension>
            <ns3:hr>71</ns3:hr>
            <ns3:cad>81</ns3:cad>
          </ns3:TrackPointExtension>
        </extensions>
      </trkpt>
      <trkpt lat="49.04923263005912303924560546875" lon="15.017641671001911163330078125">
        <ele>577.20001220703125</ele>
        <time>2026-04-05T08:20:57.000Z</time>
        <extensions>
          <ns3:TrackPointExtension>
            <ns3:hr>71</ns3:hr>
            <ns3:cad>81</ns3:cad>
          </ns3:TrackPointExtension>
        </extensions>
      </trkpt>
      <trkpt lat="49.04920865781605243682861328125" lon="15.01762616448104381561279296875">
        <ele>577.20001220703125</ele>
        <time>2026-04-05T08:20:58.000Z</time>
        <extensions>
          <ns3:TrackPointExtension>
            <ns3:hr>72</ns3:hr>
            <ns3:cad>81</ns3:cad>
          </ns3:TrackPointExtension>
        </extensions>
      </trkpt>
      <trkpt lat="49.04919222928583621978759765625" lon="15.017611496150493621826171875">
        <ele>577</ele>
        <time>2026-04-05T08:20:59.000Z</time>
        <extensions>
          <ns3:TrackPointExtension>
            <ns3:hr>72</ns3:hr>
            <ns3:cad>81</ns3:cad>
          </ns3:TrackPointExtension>
        </extensions>
      </trkpt>
      <trkpt lat="49.04917311854660511016845703125" lon="15.01759682781994342803955078125">
        <ele>577</ele>
        <time>2026-04-05T08:21:00.000Z</time>
        <extensions>
          <ns3:TrackPointExtension>
            <ns3:hr>73</ns3:hr>
            <ns3:cad>81</ns3:cad>
          </ns3:TrackPointExtension>
        </extensions>
      </trkpt>
      <trkpt lat="49.04914428479969501495361328125" lon="15.0175690837204456329345703125">
        <ele>577</ele>
        <time>2026-04-05T08:21:01.000Z</time>
        <extensions>
          <ns3:TrackPointExtension>
            <ns3:hr>73</ns3:hr>
            <ns3:cad>81</ns3:cad>
          </ns3:TrackPointExtension>
        </extensions>
      </trkpt>
      <trkpt lat="49.049120731651782989501953125" lon="15.01755089499056339263916015625">
        <ele>577</ele>
        <time>2026-04-05T08:21:02.000Z</time>
        <extensions>
          <ns3:TrackPointExtension>
            <ns3:hr>74</ns3:hr>
            <ns3:cad>81</ns3:cad>
          </ns3:TrackPointExtension>
        </extensions>
      </trkpt>
      <trkpt lat="49.04910170473158359527587890625" lon="15.0175415910780429840087890625">
        <ele>577</ele>
        <time>2026-04-05T08:21:03.000Z</time>
        <extensions>
          <ns3:TrackPointExtension>
            <ns3:hr>74</ns3:hr>
            <ns3:cad>78</ns3:cad>
          </ns3:TrackPointExtension>
        </extensions>
      </trkpt>
      <trkpt lat="49.04907924123108386993408203125" lon="15.01753740012645721435546875">
        <ele>577.20001220703125</ele>
        <time>2026-04-05T08:21:04.000Z</time>
        <extensions>
          <ns3:TrackPointExtension>
            <ns3:hr>75</ns3:hr>
            <ns3:cad>78</ns3:cad>
          </ns3:TrackPointExtension>
        </extensions>
      </trkpt>
      <trkpt lat="49.04904738999903202056884765625" lon="15.0175152719020843505859375">
        <ele>577.20001220703125</ele>
        <time>2026-04-05T08:21:05.000Z</time>
        <extensions>
          <ns3:TrackPointExtension>
            <ns3:hr>75</ns3:hr>
            <ns3:cad>76</ns3:cad>
          </ns3:TrackPointExtension>
        </extensions>
      </trkpt>
      <trkpt lat="49.049020148813724517822265625" lon="15.0175152719020843505859375">
        <ele>577.20001220703125</ele>
        <time>2026-04-05T08:21:06.000Z</time>
        <extensions>
          <ns3:TrackPointExtension>
            <ns3:hr>75</ns3:hr>
            <ns3:cad>76</ns3:cad>
          </ns3:TrackPointExtension>
        </extensions>
      </trkpt>
      <trkpt lat="49.049000032246112823486328125" lon="15.01751518808305263519287109375">
        <ele>577.20001220703125</ele>
        <time>2026-04-05T08:21:07.000Z</time>
        <extensions>
          <ns3:TrackPointExtension>
            <ns3:hr>76</ns3:hr>
            <ns3:cad>75</ns3:cad>
          </ns3:TrackPointExtension>
        </extensions>
      </trkpt>
      <trkpt lat="49.0489740483462810516357421875" lon="15.017510913312435150146484375">
        <ele>577.20001220703125</ele>
        <time>2026-04-05T08:21:08.000Z</time>
        <extensions>
          <ns3:TrackPointExtension>
            <ns3:hr>77</ns3:hr>
            <ns3:cad>75</ns3:cad>
          </ns3:TrackPointExtension>
        </extensions>
      </trkpt>
      <trkpt lat="49.04895083047449588775634765625" lon="15.01748970709741115570068359375">
        <ele>577.20001220703125</ele>
        <time>2026-04-05T08:21:09.000Z</time>
        <extensions>
          <ns3:TrackPointExtension>
            <ns3:hr>77</ns3:hr>
            <ns3:cad>75</ns3:cad>
          </ns3:TrackPointExtension>
        </extensions>
      </trkpt>
      <trkpt lat="49.04892534948885440826416015625" lon="15.01746841706335544586181640625">
        <ele>577.20001220703125</ele>
        <time>2026-04-05T08:21:10.000Z</time>
        <extensions>
          <ns3:TrackPointExtension>
            <ns3:hr>78</ns3:hr>
            <ns3:cad>76</ns3:cad>
          </ns3:TrackPointExtension>
        </extensions>
      </trkpt>
      <trkpt lat="49.048902131617069244384765625" lon="15.0174540840089321136474609375">
        <ele>577</ele>
        <time>2026-04-05T08:21:11.000Z</time>
        <extensions>
          <ns3:TrackPointExtension>
            <ns3:hr>78</ns3:hr>
            <ns3:cad>76</ns3:cad>
          </ns3:TrackPointExtension>
        </extensions>
      </trkpt>
      <trkpt lat="49.04887405224144458770751953125" lon="15.01743681728839874267578125">
        <ele>577</ele>
        <time>2026-04-05T08:21:12.000Z</time>
        <extensions>
          <ns3:TrackPointExtension>
            <ns3:hr>79</ns3:hr>
            <ns3:cad>75</ns3:cad>
          </ns3:TrackPointExtension>
        </extensions>
      </trkpt>
      <trkpt lat="49.04884840361773967742919921875" lon="15.01742902211844921112060546875">
        <ele>577</ele>
        <time>2026-04-05T08:21:13.000Z</time>
        <extensions>
          <ns3:TrackPointExtension>
            <ns3:hr>79</ns3:hr>
            <ns3:cad>75</ns3:cad>
          </ns3:TrackPointExtension>
        </extensions>
      </trkpt>
      <trkpt lat="49.0488248504698276519775390625" lon="15.01742541790008544921875">
        <ele>577</ele>
        <time>2026-04-05T08:21:14.000Z</time>
        <extensions>
          <ns3:TrackPointExtension>
            <ns3:hr>80</ns3:hr>
            <ns3:cad>75</ns3:cad>
          </ns3:TrackPointExtension>
        </extensions>
      </trkpt>
      <trkpt lat="49.04880054295063018798828125" lon="15.01741728745400905609130859375">
        <ele>577.20001220703125</ele>
        <time>2026-04-05T08:21:15.000Z</time>
        <extensions>
          <ns3:TrackPointExtension>
            <ns3:hr>80</ns3:hr>
            <ns3:cad>77</ns3:cad>
          </ns3:TrackPointExtension>
        </extensions>
      </trkpt>
      <trkpt lat="49.04877916909754276275634765625" lon="15.01740404404699802398681640625">
        <ele>577.20001220703125</ele>
        <time>2026-04-05T08:21:16.000Z</time>
        <extensions>
          <ns3:TrackPointExtension>
            <ns3:hr>80</ns3:hr>
            <ns3:cad>77</ns3:cad>
          </ns3:TrackPointExtension>
        </extensions>
      </trkpt>
      <trkpt lat="49.048759639263153076171875" lon="15.01739390194416046142578125">
        <ele>577.20001220703125</ele>
        <time>2026-04-05T08:21:17.000Z</time>
        <extensions>
          <ns3:TrackPointExtension>
            <ns3:hr>81</ns3:hr>
            <ns3:cad>77</ns3:cad>
          </ns3:TrackPointExtension>
        </extensions>
      </trkpt>
      <trkpt lat="49.0487341582775115966796875" lon="15.01738250255584716796875">
        <ele>577.20001220703125</ele>
        <time>2026-04-05T08:21:18.000Z</time>
        <extensions>
          <ns3:TrackPointExtension>
            <ns3:hr>81</ns3:hr>
            <ns3:cad>77</ns3:cad>
          </ns3:TrackPointExtension>
        </extensions>
      </trkpt>
      <trkpt lat="49.04870809055864810943603515625" lon="15.01737420447170734405517578125">
        <ele>577.4000244140625</ele>
        <time>2026-04-05T08:21:19.000Z</time>
        <extensions>
          <ns3:TrackPointExtension>
            <ns3:hr>81</ns3:hr>
            <ns3:cad>79</ns3:cad>
          </ns3:TrackPointExtension>
        </extensions>
      </trkpt>
      <trkpt lat="49.0486843697726726531982421875" lon="15.01735727302730083465576171875">
        <ele>577.4000244140625</ele>
        <time>2026-04-05T08:21:20.000Z</time>
        <extensions>
          <ns3:TrackPointExtension>
            <ns3:hr>82</ns3:hr>
            <ns3:cad>79</ns3:cad>
          </ns3:TrackPointExtension>
        </extensions>
      </trkpt>
      <trkpt lat="49.04867573641240596771240234375" lon="15.0173239968717098236083984375">
        <ele>577.4000244140625</ele>
        <time>2026-04-05T08:21:21.000Z</time>
        <extensions>
          <ns3:TrackPointExtension>
            <ns3:hr>82</ns3:hr>
            <ns3:cad>79</ns3:cad>
          </ns3:TrackPointExtension>
        </extensions>
      </trkpt>
      <trkpt lat="49.04866282828152179718017578125" lon="15.01729859970510005950927734375">
        <ele>577.4000244140625</ele>
        <time>2026-04-05T08:21:22.000Z</time>
        <extensions>
          <ns3:TrackPointExtension>
            <ns3:hr>82</ns3:hr>
            <ns3:cad>79</ns3:cad>
          </ns3:TrackPointExtension>
        </extensions>
      </trkpt>
      <trkpt lat="49.04865033924579620361328125" lon="15.01727026887238025665283203125">
        <ele>577.4000244140625</ele>
        <time>2026-04-05T08:21:23.000Z</time>
        <extensions>
          <ns3:TrackPointExtension>
            <ns3:hr>83</ns3:hr>
            <ns3:cad>79</ns3:cad>
          </ns3:TrackPointExtension>
        </extensions>
      </trkpt>
      <trkpt lat="49.04865168035030364990234375" lon="15.017238669097423553466796875">
        <ele>577.4000244140625</ele>
        <time>2026-04-05T08:21:24.000Z</time>
        <extensions>
          <ns3:TrackPointExtension>
            <ns3:hr>83</ns3:hr>
            <ns3:cad>73</ns3:cad>
          </ns3:TrackPointExtension>
        </extensions>
      </trkpt>
      <trkpt lat="49.04865746386349201202392578125" lon="15.01721075735986232757568359375">
        <ele>577.20001220703125</ele>
        <time>2026-04-05T08:21:25.000Z</time>
        <extensions>
          <ns3:TrackPointExtension>
            <ns3:hr>84</ns3:hr>
            <ns3:cad>73</ns3:cad>
          </ns3:TrackPointExtension>
        </extensions>
      </trkpt>
      <trkpt lat="49.04867322184145450592041015625" lon="15.01718544401228427886962890625">
        <ele>577.20001220703125</ele>
        <time>2026-04-05T08:21:26.000Z</time>
        <extensions>
          <ns3:TrackPointExtension>
            <ns3:hr>84</ns3:hr>
            <ns3:cad>72</ns3:cad>
          </ns3:TrackPointExtension>
        </extensions>
      </trkpt>
      <trkpt lat="49.04868998564779758453369140625" lon="15.0171670876443386077880859375">
        <ele>577.20001220703125</ele>
        <time>2026-04-05T08:21:27.000Z</time>
        <extensions>
          <ns3:TrackPointExtension>
            <ns3:hr>85</ns3:hr>
            <ns3:cad>72</ns3:cad>
          </ns3:TrackPointExtension>
        </extensions>
      </trkpt>
      <trkpt lat="49.048704318702220916748046875" lon="15.01715476624667644500732421875">
        <ele>577.20001220703125</ele>
        <time>2026-04-05T08:21:28.000Z</time>
        <extensions>
          <ns3:TrackPointExtension>
            <ns3:hr>86</ns3:hr>
            <ns3:cad>72</ns3:cad>
          </ns3:TrackPointExtension>
        </extensions>
      </trkpt>
      <trkpt lat="49.04872602783143520355224609375" lon="15.0171359069645404815673828125">
        <ele>577.20001220703125</ele>
        <time>2026-04-05T08:21:29.000Z</time>
        <extensions>
          <ns3:TrackPointExtension>
            <ns3:hr>86</ns3:hr>
            <ns3:cad>79</ns3:cad>
          </ns3:TrackPointExtension>
        </extensions>
      </trkpt>
      <trkpt lat="49.048755280673503875732421875" lon="15.0171033851802349090576171875">
        <ele>577.4000244140625</ele>
        <time>2026-04-05T08:21:30.000Z</time>
        <extensions>
          <ns3:TrackPointExtension>
            <ns3:hr>87</ns3:hr>
            <ns3:cad>79</ns3:cad>
          </ns3:TrackPointExtension>
        </extensions>
      </trkpt>
      <trkpt lat="49.04877766035497188568115234375" lon="15.01707480289041996002197265625">
        <ele>577.5999755859375</ele>
        <time>2026-04-05T08:21:31.000Z</time>
        <extensions>
          <ns3:TrackPointExtension>
            <ns3:hr>87</ns3:hr>
            <ns3:cad>80</ns3:cad>
          </ns3:TrackPointExtension>
        </extensions>
      </trkpt>
      <trkpt lat="49.04879861511290073394775390625" lon="15.01705267466604709625244140625">
        <ele>577.79998779296875</ele>
        <time>2026-04-05T08:21:32.000Z</time>
        <extensions>
          <ns3:TrackPointExtension>
            <ns3:hr>87</ns3:hr>
            <ns3:cad>80</ns3:cad>
          </ns3:TrackPointExtension>
        </extensions>
      </trkpt>
      <trkpt lat="49.04882694594562053680419921875" lon="15.017006658017635345458984375">
        <ele>577.5999755859375</ele>
        <time>2026-04-05T08:21:33.000Z</time>
        <extensions>
          <ns3:TrackPointExtension>
            <ns3:hr>86</ns3:hr>
            <ns3:cad>81</ns3:cad>
          </ns3:TrackPointExtension>
        </extensions>
      </trkpt>
      <trkpt lat="49.0488416142761707305908203125" lon="15.01697606407105922698974609375">
        <ele>577.79998779296875</ele>
        <time>2026-04-05T08:21:34.000Z</time>
        <extensions>
          <ns3:TrackPointExtension>
            <ns3:hr>86</ns3:hr>
            <ns3:cad>82</ns3:cad>
          </ns3:TrackPointExtension>
        </extensions>
      </trkpt>
      <trkpt lat="49.04886399395763874053955078125" lon="15.01693524420261383056640625">
        <ele>577.79998779296875</ele>
        <time>2026-04-05T08:21:35.000Z</time>
        <extensions>
          <ns3:TrackPointExtension>
            <ns3:hr>89</ns3:hr>
            <ns3:cad>82</ns3:cad>
          </ns3:TrackPointExtension>
        </extensions>
      </trkpt>
      <trkpt lat="49.04888293705880641937255859375" lon="15.016902051866054534912109375">
        <ele>577.5999755859375</ele>
        <time>2026-04-05T08:21:36.000Z</time>
        <extensions>
          <ns3:TrackPointExtension>
            <ns3:hr>91</ns3:hr>
            <ns3:cad>82</ns3:cad>
          </ns3:TrackPointExtension>
        </extensions>
      </trkpt>
      <trkpt lat="49.048896096646785736083984375" lon="15.01687279902398586273193359375">
        <ele>577.4000244140625</ele>
        <time>2026-04-05T08:21:37.000Z</time>
        <extensions>
          <ns3:TrackPointExtension>
            <ns3:hr>91</ns3:hr>
            <ns3:cad>82</ns3:cad>
          </ns3:TrackPointExtension>
        </extensions>
      </trkpt>
      <trkpt lat="49.0489150397479534149169921875" lon="15.016829967498779296875">
        <ele>577.5999755859375</ele>
        <time>2026-04-05T08:21:38.000Z</time>
        <extensions>
          <ns3:TrackPointExtension>
            <ns3:hr>92</ns3:hr>
            <ns3:cad>80</ns3:cad>
          </ns3:TrackPointExtension>
        </extensions>
      </trkpt>
      <trkpt lat="49.04893004335463047027587890625" lon="15.0167952664196491241455078125">
        <ele>577.4000244140625</ele>
        <time>2026-04-05T08:21:39.000Z</time>
        <extensions>
          <ns3:TrackPointExtension>
            <ns3:hr>93</ns3:hr>
            <ns3:cad>80</ns3:cad>
          </ns3:TrackPointExtension>
        </extensions>
      </trkpt>
      <trkpt lat="49.0489395149052143096923828125" lon="15.016762912273406982421875">
        <ele>577.4000244140625</ele>
        <time>2026-04-05T08:21:40.000Z</time>
        <extensions>
          <ns3:TrackPointExtension>
            <ns3:hr>94</ns3:hr>
            <ns3:cad>80</ns3:cad>
          </ns3:TrackPointExtension>
        </extensions>
      </trkpt>
      <trkpt lat="49.0489579550921916961669921875" lon="15.0167198292911052703857421875">
        <ele>577.20001220703125</ele>
        <time>2026-04-05T08:21:41.000Z</time>
        <extensions>
          <ns3:TrackPointExtension>
            <ns3:hr>95</ns3:hr>
            <ns3:cad>80</ns3:cad>
          </ns3:TrackPointExtension>
        </extensions>
      </trkpt>
      <trkpt lat="49.0489717014133930206298828125" lon="15.016682446002960205078125">
        <ele>577</ele>
        <time>2026-04-05T08:21:42.000Z</time>
        <extensions>
          <ns3:TrackPointExtension>
            <ns3:hr>96</ns3:hr>
            <ns3:cad>80</ns3:cad>
          </ns3:TrackPointExtension>
        </extensions>
      </trkpt>
      <trkpt lat="49.048979580402374267578125" lon="15.01665285788476467132568359375">
        <ele>577</ele>
        <time>2026-04-05T08:21:43.000Z</time>
        <extensions>
          <ns3:TrackPointExtension>
            <ns3:hr>96</ns3:hr>
            <ns3:cad>80</ns3:cad>
          </ns3:TrackPointExtension>
        </extensions>
      </trkpt>
      <trkpt lat="49.04899491928517818450927734375" lon="15.0166142173111438751220703125">
        <ele>576.79998779296875</ele>
        <time>2026-04-05T08:21:44.000Z</time>
        <extensions>
          <ns3:TrackPointExtension>
            <ns3:hr>97</ns3:hr>
            <ns3:cad>80</ns3:cad>
          </ns3:TrackPointExtension>
        </extensions>
      </trkpt>
      <trkpt lat="49.04901000671088695526123046875" lon="15.01657842658460140228271484375">
        <ele>576.5999755859375</ele>
        <time>2026-04-05T08:21:45.000Z</time>
        <extensions>
          <ns3:TrackPointExtension>
            <ns3:hr>98</ns3:hr>
            <ns3:cad>80</ns3:cad>
          </ns3:TrackPointExtension>
        </extensions>
      </trkpt>
      <trkpt lat="49.04902584850788116455078125" lon="15.01653869636356830596923828125">
        <ele>576.4000244140625</ele>
        <time>2026-04-05T08:21:46.000Z</time>
        <extensions>
          <ns3:TrackPointExtension>
            <ns3:hr>98</ns3:hr>
            <ns3:cad>80</ns3:cad>
          </ns3:TrackPointExtension>
        </extensions>
      </trkpt>
      <trkpt lat="49.049040265381336212158203125" lon="15.0165025703608989715576171875">
        <ele>576.4000244140625</ele>
        <time>2026-04-05T08:21:47.000Z</time>
        <extensions>
          <ns3:TrackPointExtension>
            <ns3:hr>99</ns3:hr>
            <ns3:cad>80</ns3:cad>
          </ns3:TrackPointExtension>
        </extensions>
      </trkpt>
      <trkpt lat="49.049055017530918121337890625" lon="15.0164663605391979217529296875">
        <ele>576.20001220703125</ele>
        <time>2026-04-05T08:21:48.000Z</time>
        <extensions>
          <ns3:TrackPointExtension>
            <ns3:hr>99</ns3:hr>
            <ns3:cad>80</ns3:cad>
          </ns3:TrackPointExtension>
        </extensions>
      </trkpt>
      <trkpt lat="49.04906717129051685333251953125" lon="15.0164278037846088409423828125">
        <ele>576</ele>
        <time>2026-04-05T08:21:49.000Z</time>
        <extensions>
          <ns3:TrackPointExtension>
            <ns3:hr>99</ns3:hr>
            <ns3:cad>80</ns3:cad>
          </ns3:TrackPointExtension>
        </extensions>
      </trkpt>
      <trkpt lat="49.04908225871622562408447265625" lon="15.016385726630687713623046875">
        <ele>575.79998779296875</ele>
        <time>2026-04-05T08:21:50.000Z</time>
        <extensions>
          <ns3:TrackPointExtension>
            <ns3:hr>100</ns3:hr>
            <ns3:cad>80</ns3:cad>
          </ns3:TrackPointExtension>
        </extensions>
      </trkpt>
      <trkpt lat="49.0491001121699810028076171875" lon="15.01635613851249217987060546875">
        <ele>575.5999755859375</ele>
        <time>2026-04-05T08:21:51.000Z</time>
        <extensions>
          <ns3:TrackPointExtension>
            <ns3:hr>100</ns3:hr>
            <ns3:cad>80</ns3:cad>
          </ns3:TrackPointExtension>
        </extensions>
      </trkpt>
      <trkpt lat="49.04911511577665805816650390625" lon="15.016326718032360076904296875">
        <ele>575.4000244140625</ele>
        <time>2026-04-05T08:21:52.000Z</time>
        <extensions>
          <ns3:TrackPointExtension>
            <ns3:hr>101</ns3:hr>
            <ns3:cad>79</ns3:cad>
          </ns3:TrackPointExtension>
        </extensions>
      </trkpt>
      <trkpt lat="49.0491343103349208831787109375" lon="15.01629017293453216552734375">
        <ele>575.20001220703125</ele>
        <time>2026-04-05T08:21:53.000Z</time>
        <extensions>
          <ns3:TrackPointExtension>
            <ns3:hr>101</ns3:hr>
            <ns3:cad>79</ns3:cad>
          </ns3:TrackPointExtension>
        </extensions>
      </trkpt>
      <trkpt lat="49.04915300197899341583251953125" lon="15.01626159064471721649169921875">
        <ele>575</ele>
        <time>2026-04-05T08:21:54.000Z</time>
        <extensions>
          <ns3:TrackPointExtension>
            <ns3:hr>101</ns3:hr>
            <ns3:cad>80</ns3:cad>
          </ns3:TrackPointExtension>
        </extensions>
      </trkpt>
      <trkpt lat="49.04917026869952678680419921875" lon="15.0162326730787754058837890625">
        <ele>574.79998779296875</ele>
        <time>2026-04-05T08:21:55.000Z</time>
        <extensions>
          <ns3:TrackPointExtension>
            <ns3:hr>102</ns3:hr>
            <ns3:cad>80</ns3:cad>
          </ns3:TrackPointExtension>
        </extensions>
      </trkpt>
      <trkpt lat="49.0491901338100433349609375" lon="15.01620409078896045684814453125">
        <ele>574.5999755859375</ele>
        <time>2026-04-05T08:21:56.000Z</time>
        <extensions>
          <ns3:TrackPointExtension>
            <ns3:hr>102</ns3:hr>
            <ns3:cad>80</ns3:cad>
          </ns3:TrackPointExtension>
        </extensions>
      </trkpt>
      <trkpt lat="49.04920882545411586761474609375" lon="15.01617073081433773040771484375">
        <ele>574.4000244140625</ele>
        <time>2026-04-05T08:21:57.000Z</time>
        <extensions>
          <ns3:TrackPointExtension>
            <ns3:hr>102</ns3:hr>
            <ns3:cad>80</ns3:cad>
          </ns3:TrackPointExtension>
        </extensions>
      </trkpt>
      <trkpt lat="49.04922240413725376129150390625" lon="15.01614374108612537384033203125">
        <ele>574.20001220703125</ele>
        <time>2026-04-05T08:21:58.000Z</time>
        <extensions>
          <ns3:TrackPointExtension>
            <ns3:hr>103</ns3:hr>
            <ns3:cad>80</ns3:cad>
          </ns3:TrackPointExtension>
        </extensions>
      </trkpt>
      <trkpt lat="49.04924050904810428619384765625" lon="15.01611440442502498626708984375">
        <ele>574</ele>
        <time>2026-04-05T08:21:59.000Z</time>
        <extensions>
          <ns3:TrackPointExtension>
            <ns3:hr>103</ns3:hr>
            <ns3:cad>79</ns3:cad>
          </ns3:TrackPointExtension>
        </extensions>
      </trkpt>
      <trkpt lat="49.04925928451120853424072265625" lon="15.01608020626008510589599609375">
        <ele>573.79998779296875</ele>
        <time>2026-04-05T08:22:00.000Z</time>
        <extensions>
          <ns3:TrackPointExtension>
            <ns3:hr>103</ns3:hr>
            <ns3:cad>79</ns3:cad>
          </ns3:TrackPointExtension>
        </extensions>
      </trkpt>
      <trkpt lat="49.04927655123174190521240234375" lon="15.01604801975190639495849609375">
        <ele>573.4000244140625</ele>
        <time>2026-04-05T08:22:01.000Z</time>
        <extensions>
          <ns3:TrackPointExtension>
            <ns3:hr>103</ns3:hr>
            <ns3:cad>79</ns3:cad>
          </ns3:TrackPointExtension>
        </extensions>
      </trkpt>
      <trkpt lat="49.04929096810519695281982421875" lon="15.01601281575858592987060546875">
        <ele>573.20001220703125</ele>
        <time>2026-04-05T08:22:02.000Z</time>
        <extensions>
          <ns3:TrackPointExtension>
            <ns3:hr>104</ns3:hr>
            <ns3:cad>78</ns3:cad>
          </ns3:TrackPointExtension>
        </extensions>
      </trkpt>
      <trkpt lat="49.04930974356830120086669921875" lon="15.015972666442394256591796875">
        <ele>573</ele>
        <time>2026-04-05T08:22:03.000Z</time>
        <extensions>
          <ns3:TrackPointExtension>
            <ns3:hr>105</ns3:hr>
            <ns3:cad>78</ns3:cad>
          </ns3:TrackPointExtension>
        </extensions>
      </trkpt>
      <trkpt lat="49.04932684265077114105224609375" lon="15.01594576053321361541748046875">
        <ele>572.5999755859375</ele>
        <time>2026-04-05T08:22:04.000Z</time>
        <extensions>
          <ns3:TrackPointExtension>
            <ns3:hr>106</ns3:hr>
            <ns3:cad>77</ns3:cad>
          </ns3:TrackPointExtension>
        </extensions>
      </trkpt>
      <trkpt lat="49.049337990581989288330078125" lon="15.0159054435789585113525390625">
        <ele>572.4000244140625</ele>
        <time>2026-04-05T08:22:05.000Z</time>
        <extensions>
          <ns3:TrackPointExtension>
            <ns3:hr>107</ns3:hr>
            <ns3:cad>77</ns3:cad>
          </ns3:TrackPointExtension>
        </extensions>
      </trkpt>
      <trkpt lat="49.0493565984070301055908203125" lon="15.015870071947574615478515625">
        <ele>572</ele>
        <time>2026-04-05T08:22:06.000Z</time>
        <extensions>
          <ns3:TrackPointExtension>
            <ns3:hr>110</ns3:hr>
            <ns3:cad>77</ns3:cad>
          </ns3:TrackPointExtension>
        </extensions>
      </trkpt>
      <trkpt lat="49.0493810735642910003662109375" lon="15.015849284827709197998046875">
        <ele>571.79998779296875</ele>
        <time>2026-04-05T08:22:07.000Z</time>
        <extensions>
          <ns3:TrackPointExtension>
            <ns3:hr>111</ns3:hr>
            <ns3:cad>77</ns3:cad>
          </ns3:TrackPointExtension>
        </extensions>
      </trkpt>
      <trkpt lat="49.04939741827547550201416015625" lon="15.015829503536224365234375">
        <ele>571.5999755859375</ele>
        <time>2026-04-05T08:22:08.000Z</time>
        <extensions>
          <ns3:TrackPointExtension>
            <ns3:hr>113</ns3:hr>
            <ns3:cad>78</ns3:cad>
          </ns3:TrackPointExtension>
        </extensions>
      </trkpt>
      <trkpt lat="49.049424491822719573974609375" lon="15.01581181772053241729736328125">
        <ele>571.4000244140625</ele>
        <time>2026-04-05T08:22:09.000Z</time>
        <extensions>
          <ns3:TrackPointExtension>
            <ns3:hr>118</ns3:hr>
            <ns3:cad>78</ns3:cad>
          </ns3:TrackPointExtension>
        </extensions>
      </trkpt>
      <trkpt lat="49.04944469220936298370361328125" lon="15.01579530537128448486328125">
        <ele>571</ele>
        <time>2026-04-05T08:22:10.000Z</time>
        <extensions>
          <ns3:TrackPointExtension>
            <ns3:hr>119</ns3:hr>
            <ns3:cad>78</ns3:cad>
          </ns3:TrackPointExtension>
        </extensions>
      </trkpt>
      <trkpt lat="49.04946162365376949310302734375" lon="15.015774853527545928955078125">
        <ele>570.79998779296875</ele>
        <time>2026-04-05T08:22:11.000Z</time>
        <extensions>
          <ns3:TrackPointExtension>
            <ns3:hr>119</ns3:hr>
            <ns3:cad>79</ns3:cad>
          </ns3:TrackPointExtension>
        </extensions>
      </trkpt>
      <trkpt lat="49.0494793094694614410400390625" lon="15.01575482077896595001220703125">
        <ele>570.5999755859375</ele>
        <time>2026-04-05T08:22:12.000Z</time>
        <extensions>
          <ns3:TrackPointExtension>
            <ns3:hr>120</ns3:hr>
            <ns3:cad>79</ns3:cad>
          </ns3:TrackPointExtension>
        </extensions>
      </trkpt>
      <trkpt lat="49.04950386844575405120849609375" lon="15.01573470421135425567626953125">
        <ele>570.20001220703125</ele>
        <time>2026-04-05T08:22:13.000Z</time>
        <extensions>
          <ns3:TrackPointExtension>
            <ns3:hr>120</ns3:hr>
            <ns3:cad>79</ns3:cad>
          </ns3:TrackPointExtension>
        </extensions>
      </trkpt>
      <trkpt lat="49.04952230863273143768310546875" lon="15.01571886241436004638671875">
        <ele>569.79998779296875</ele>
        <time>2026-04-05T08:22:14.000Z</time>
        <extensions>
          <ns3:TrackPointExtension>
            <ns3:hr>120</ns3:hr>
            <ns3:cad>79</ns3:cad>
          </ns3:TrackPointExtension>
        </extensions>
      </trkpt>
      <trkpt lat="49.04954259283840656280517578125" lon="15.01569606363773345947265625">
        <ele>569.5999755859375</ele>
        <time>2026-04-05T08:22:15.000Z</time>
        <extensions>
          <ns3:TrackPointExtension>
            <ns3:hr>120</ns3:hr>
            <ns3:cad>79</ns3:cad>
          </ns3:TrackPointExtension>
        </extensions>
      </trkpt>
      <trkpt lat="49.04957075603306293487548828125" lon="15.0156787969172000885009765625">
        <ele>569.20001220703125</ele>
        <time>2026-04-05T08:22:16.000Z</time>
        <extensions>
          <ns3:TrackPointExtension>
            <ns3:hr>120</ns3:hr>
            <ns3:cad>79</ns3:cad>
          </ns3:TrackPointExtension>
        </extensions>
      </trkpt>
      <trkpt lat="49.04959053732454776763916015625" lon="15.0156591832637786865234375">
        <ele>569</ele>
        <time>2026-04-05T08:22:17.000Z</time>
        <extensions>
          <ns3:TrackPointExtension>
            <ns3:hr>120</ns3:hr>
            <ns3:cad>79</ns3:cad>
          </ns3:TrackPointExtension>
        </extensions>
      </trkpt>
      <trkpt lat="49.049609564244747161865234375" lon="15.0156378932297229766845703125">
        <ele>568.79998779296875</ele>
        <time>2026-04-05T08:22:18.000Z</time>
        <extensions>
          <ns3:TrackPointExtension>
            <ns3:hr>120</ns3:hr>
            <ns3:cad>79</ns3:cad>
          </ns3:TrackPointExtension>
        </extensions>
      </trkpt>
      <trkpt lat="49.0496375598013401031494140625" lon="15.0156124122440814971923828125">
        <ele>568.4000244140625</ele>
        <time>2026-04-05T08:22:19.000Z</time>
        <extensions>
          <ns3:TrackPointExtension>
            <ns3:hr>119</ns3:hr>
            <ns3:cad>79</ns3:cad>
          </ns3:TrackPointExtension>
        </extensions>
      </trkpt>
      <trkpt lat="49.0496606938540935516357421875" lon="15.01559573225677013397216796875">
        <ele>568.20001220703125</ele>
        <time>2026-04-05T08:22:20.000Z</time>
        <extensions>
          <ns3:TrackPointExtension>
            <ns3:hr>120</ns3:hr>
            <ns3:cad>78</ns3:cad>
          </ns3:TrackPointExtension>
        </extensions>
      </trkpt>
      <trkpt lat="49.04967494308948516845703125" lon="15.0155711732804775238037109375">
        <ele>568</ele>
        <time>2026-04-05T08:22:21.000Z</time>
        <extensions>
          <ns3:TrackPointExtension>
            <ns3:hr>120</ns3:hr>
            <ns3:cad>78</ns3:cad>
          </ns3:TrackPointExtension>
        </extensions>
      </trkpt>
      <trkpt lat="49.04969698749482631683349609375" lon="15.01554812304675579071044921875">
        <ele>567.79998779296875</ele>
        <time>2026-04-05T08:22:22.000Z</time>
        <extensions>
          <ns3:TrackPointExtension>
            <ns3:hr>119</ns3:hr>
            <ns3:cad>77</ns3:cad>
          </ns3:TrackPointExtension>
        </extensions>
      </trkpt>
      <trkpt lat="49.0497217141091823577880859375" lon="15.01553052105009555816650390625">
        <ele>567.5999755859375</ele>
        <time>2026-04-05T08:22:23.000Z</time>
        <extensions>
          <ns3:TrackPointExtension>
            <ns3:hr>119</ns3:hr>
            <ns3:cad>77</ns3:cad>
          </ns3:TrackPointExtension>
        </extensions>
      </trkpt>
      <trkpt lat="49.049738310277462005615234375" lon="15.01551610417664051055908203125">
        <ele>567.4000244140625</ele>
        <time>2026-04-05T08:22:24.000Z</time>
        <extensions>
          <ns3:TrackPointExtension>
            <ns3:hr>119</ns3:hr>
            <ns3:cad>78</ns3:cad>
          </ns3:TrackPointExtension>
        </extensions>
      </trkpt>
      <trkpt lat="49.0497606061398983001708984375" lon="15.01550822518765926361083984375">
        <ele>567.20001220703125</ele>
        <time>2026-04-05T08:22:25.000Z</time>
        <extensions>
          <ns3:TrackPointExtension>
            <ns3:hr>117</ns3:hr>
            <ns3:cad>78</ns3:cad>
          </ns3:TrackPointExtension>
        </extensions>
      </trkpt>
      <trkpt lat="49.049789942800998687744140625" lon="15.01550830900669097900390625">
        <ele>567</ele>
        <time>2026-04-05T08:22:26.000Z</time>
        <extensions>
          <ns3:TrackPointExtension>
            <ns3:hr>116</ns3:hr>
            <ns3:cad>78</ns3:cad>
          </ns3:TrackPointExtension>
        </extensions>
      </trkpt>
      <trkpt lat="49.04981307685375213623046875" lon="15.0155084766447544097900390625">
        <ele>567</ele>
        <time>2026-04-05T08:22:27.000Z</time>
        <extensions>
          <ns3:TrackPointExtension>
            <ns3:hr>116</ns3:hr>
            <ns3:cad>79</ns3:cad>
          </ns3:TrackPointExtension>
        </extensions>
      </trkpt>
      <trkpt lat="49.0498290024697780609130859375" lon="15.0154917128384113311767578125">
        <ele>566.79998779296875</ele>
        <time>2026-04-05T08:22:28.000Z</time>
        <extensions>
          <ns3:TrackPointExtension>
            <ns3:hr>116</ns3:hr>
            <ns3:cad>79</ns3:cad>
          </ns3:TrackPointExtension>
        </extensions>
      </trkpt>
      <trkpt lat="49.0498464368283748626708984375" lon="15.01546547748148441314697265625">
        <ele>566.5999755859375</ele>
        <time>2026-04-05T08:22:29.000Z</time>
        <extensions>
          <ns3:TrackPointExtension>
            <ns3:hr>116</ns3:hr>
            <ns3:cad>79</ns3:cad>
          </ns3:TrackPointExtension>
        </extensions>
      </trkpt>
      <trkpt lat="49.04986261390149593353271484375" lon="15.01544284634292125701904296875">
        <ele>566.4000244140625</ele>
        <time>2026-04-05T08:22:30.000Z</time>
        <extensions>
          <ns3:TrackPointExtension>
            <ns3:hr>115</ns3:hr>
            <ns3:cad>79</ns3:cad>
          </ns3:TrackPointExtension>
        </extensions>
      </trkpt>
      <trkpt lat="49.04987812042236328125" lon="15.01542306505143642425537109375">
        <ele>566.20001220703125</ele>
        <time>2026-04-05T08:22:31.000Z</time>
        <extensions>
          <ns3:TrackPointExtension>
            <ns3:hr>115</ns3:hr>
            <ns3:cad>78</ns3:cad>
          </ns3:TrackPointExtension>
        </extensions>
      </trkpt>
      <trkpt lat="49.04989496804773807525634765625" lon="15.01540764234960079193115234375">
        <ele>566.20001220703125</ele>
        <time>2026-04-05T08:22:32.000Z</time>
        <extensions>
          <ns3:TrackPointExtension>
            <ns3:hr>114</ns3:hr>
            <ns3:cad>78</ns3:cad>
          </ns3:TrackPointExtension>
        </extensions>
      </trkpt>
      <trkpt lat="49.04991072602570056915283203125" lon="15.0154065527021884918212890625">
        <ele>566</ele>
        <time>2026-04-05T08:22:33.000Z</time>
        <extensions>
          <ns3:TrackPointExtension>
            <ns3:hr>114</ns3:hr>
            <ns3:cad>77</ns3:cad>
          </ns3:TrackPointExtension>
        </extensions>
      </trkpt>
      <trkpt lat="49.04992179013788700103759765625" lon="15.01542557962238788604736328125">
        <ele>566</ele>
        <time>2026-04-05T08:22:34.000Z</time>
        <extensions>
          <ns3:TrackPointExtension>
            <ns3:hr>113</ns3:hr>
            <ns3:cad>77</ns3:cad>
          </ns3:TrackPointExtension>
        </extensions>
      </trkpt>
      <trkpt lat="49.049936793744564056396484375" lon="15.0154367275536060333251953125">
        <ele>566</ele>
        <time>2026-04-05T08:22:35.000Z</time>
        <extensions>
          <ns3:TrackPointExtension>
            <ns3:hr>112</ns3:hr>
            <ns3:cad>77</ns3:cad>
          </ns3:TrackPointExtension>
        </extensions>
      </trkpt>
      <trkpt lat="49.04991206713020801544189453125" lon="15.01549062319099903106689453125">
        <ele>565.5999755859375</ele>
        <time>2026-04-05T08:23:28.000Z</time>
        <extensions>
          <ns3:TrackPointExtension>
            <ns3:hr>80</ns3:hr>
            <ns3:cad>45</ns3:cad>
          </ns3:TrackPointExtension>
        </extensions>
      </trkpt>
      <trkpt lat="49.0498987399041652679443359375" lon="15.0154695846140384674072265625">
        <ele>565.4000244140625</ele>
        <time>2026-04-05T08:23:29.000Z</time>
        <extensions>
          <ns3:TrackPointExtension>
            <ns3:hr>79</ns3:hr>
            <ns3:cad>45</ns3:cad>
          </ns3:TrackPointExtension>
        </extensions>
      </trkpt>
      <trkpt lat="49.04988608323037624359130859375" lon="15.0154598616063594818115234375">
        <ele>565.5999755859375</ele>
        <time>2026-04-05T08:23:30.000Z</time>
        <extensions>
          <ns3:TrackPointExtension>
            <ns3:hr>79</ns3:hr>
            <ns3:cad>0</ns3:cad>
          </ns3:TrackPointExtension>
        </extensions>
      </trkpt>
      <trkpt lat="49.04987342655658721923828125" lon="15.015462376177310943603515625">
        <ele>565.5999755859375</ele>
        <time>2026-04-05T08:23:31.000Z</time>
        <extensions>
          <ns3:TrackPointExtension>
            <ns3:hr>79</ns3:hr>
            <ns3:cad>0</ns3:cad>
          </ns3:TrackPointExtension>
        </extensions>
      </trkpt>
      <trkpt lat="49.04984802938997745513916015625" lon="15.01545893959701061248779296875">
        <ele>565.79998779296875</ele>
        <time>2026-04-05T08:23:32.000Z</time>
        <extensions>
          <ns3:TrackPointExtension>
            <ns3:hr>79</ns3:hr>
            <ns3:cad>0</ns3:cad>
          </ns3:TrackPointExtension>
        </extensions>
      </trkpt>
      <trkpt lat="49.04982774518430233001708984375" lon="15.0154551677405834197998046875">
        <ele>565.79998779296875</ele>
        <time>2026-04-05T08:23:33.000Z</time>
        <extensions>
          <ns3:TrackPointExtension>
            <ns3:hr>79</ns3:hr>
            <ns3:cad>79</ns3:cad>
          </ns3:TrackPointExtension>
        </extensions>
      </trkpt>
      <trkpt lat="49.04980762861669063568115234375" lon="15.01545726321637630462646484375">
        <ele>566</ele>
        <time>2026-04-05T08:23:34.000Z</time>
        <extensions>
          <ns3:TrackPointExtension>
            <ns3:hr>79</ns3:hr>
            <ns3:cad>79</ns3:cad>
          </ns3:TrackPointExtension>
        </extensions>
      </trkpt>
      <trkpt lat="49.049783237278461456298828125" lon="15.01547268591821193695068359375">
        <ele>566.20001220703125</ele>
        <time>2026-04-05T08:23:35.000Z</time>
        <extensions>
          <ns3:TrackPointExtension>
            <ns3:hr>79</ns3:hr>
            <ns3:cad>80</ns3:cad>
          </ns3:TrackPointExtension>
        </extensions>
      </trkpt>
      <trkpt lat="49.04977041296660900115966796875" lon="15.01550621353089809417724609375">
        <ele>566.4000244140625</ele>
        <time>2026-04-05T08:23:36.000Z</time>
        <extensions>
          <ns3:TrackPointExtension>
            <ns3:hr>80</ns3:hr>
            <ns3:cad>80</ns3:cad>
          </ns3:TrackPointExtension>
        </extensions>
      </trkpt>
      <trkpt lat="49.04975683428347110748291015625" lon="15.0155252404510974884033203125">
        <ele>566.5999755859375</ele>
        <time>2026-04-05T08:23:37.000Z</time>
        <extensions>
          <ns3:TrackPointExtension>
            <ns3:hr>81</ns3:hr>
            <ns3:cad>80</ns3:cad>
          </ns3:TrackPointExtension>
        </extensions>
      </trkpt>
      <trkpt lat="49.04973487369716167449951171875" lon="15.0155446864664554595947265625">
        <ele>566.5999755859375</ele>
        <time>2026-04-05T08:23:38.000Z</time>
        <extensions>
          <ns3:TrackPointExtension>
            <ns3:hr>82</ns3:hr>
            <ns3:cad>80</ns3:cad>
          </ns3:TrackPointExtension>
        </extensions>
      </trkpt>
      <trkpt lat="49.04972095973789691925048828125" lon="15.01556287519633769989013671875">
        <ele>566.79998779296875</ele>
        <time>2026-04-05T08:23:39.000Z</time>
        <extensions>
          <ns3:TrackPointExtension>
            <ns3:hr>82</ns3:hr>
            <ns3:cad>80</ns3:cad>
          </ns3:TrackPointExtension>
        </extensions>
      </trkpt>
      <trkpt lat="49.04970352537930011749267578125" lon="15.0155829079449176788330078125">
        <ele>567</ele>
        <time>2026-04-05T08:23:40.000Z</time>
        <extensions>
          <ns3:TrackPointExtension>
            <ns3:hr>83</ns3:hr>
            <ns3:cad>79</ns3:cad>
          </ns3:TrackPointExtension>
        </extensions>
      </trkpt>
      <trkpt lat="49.0496841631829738616943359375" lon="15.01560210250318050384521484375">
        <ele>567.20001220703125</ele>
        <time>2026-04-05T08:23:41.000Z</time>
        <extensions>
          <ns3:TrackPointExtension>
            <ns3:hr>83</ns3:hr>
            <ns3:cad>79</ns3:cad>
          </ns3:TrackPointExtension>
        </extensions>
      </trkpt>
      <trkpt lat="49.04966823756694793701171875" lon="15.01561601646244525909423828125">
        <ele>567.4000244140625</ele>
        <time>2026-04-05T08:23:42.000Z</time>
        <extensions>
          <ns3:TrackPointExtension>
            <ns3:hr>84</ns3:hr>
            <ns3:cad>79</ns3:cad>
          </ns3:TrackPointExtension>
        </extensions>
      </trkpt>
      <trkpt lat="49.04964904300868511199951171875" lon="15.01563495956361293792724609375">
        <ele>567.5999755859375</ele>
        <time>2026-04-05T08:23:43.000Z</time>
        <extensions>
          <ns3:TrackPointExtension>
            <ns3:hr>84</ns3:hr>
            <ns3:cad>79</ns3:cad>
          </ns3:TrackPointExtension>
        </extensions>
      </trkpt>
      <trkpt lat="49.04962532222270965576171875" lon="15.015646778047084808349609375">
        <ele>567.79998779296875</ele>
        <time>2026-04-05T08:23:44.000Z</time>
        <extensions>
          <ns3:TrackPointExtension>
            <ns3:hr>85</ns3:hr>
            <ns3:cad>80</ns3:cad>
          </ns3:TrackPointExtension>
        </extensions>
      </trkpt>
      <trkpt lat="49.049607217311859130859375" lon="15.01565717160701751708984375">
        <ele>567.79998779296875</ele>
        <time>2026-04-05T08:23:45.000Z</time>
        <extensions>
          <ns3:TrackPointExtension>
            <ns3:hr>85</ns3:hr>
            <ns3:cad>80</ns3:cad>
          </ns3:TrackPointExtension>
        </extensions>
      </trkpt>
      <trkpt lat="49.049594812095165252685546875" lon="15.01567821018397808074951171875">
        <ele>568</ele>
        <time>2026-04-05T08:23:46.000Z</time>
        <extensions>
          <ns3:TrackPointExtension>
            <ns3:hr>85</ns3:hr>
            <ns3:cad>79</ns3:cad>
          </ns3:TrackPointExtension>
        </extensions>
      </trkpt>
      <trkpt lat="49.049572683870792388916015625" lon="15.01569514162838459014892578125">
        <ele>568.20001220703125</ele>
        <time>2026-04-05T08:23:47.000Z</time>
        <extensions>
          <ns3:TrackPointExtension>
            <ns3:hr>86</ns3:hr>
            <ns3:cad>79</ns3:cad>
          </ns3:TrackPointExtension>
        </extensions>
      </trkpt>
      <trkpt lat="49.049553908407688140869140625" lon="15.0157156772911548614501953125">
        <ele>568.4000244140625</ele>
        <time>2026-04-05T08:23:48.000Z</time>
        <extensions>
          <ns3:TrackPointExtension>
            <ns3:hr>87</ns3:hr>
            <ns3:cad>79</ns3:cad>
          </ns3:TrackPointExtension>
        </extensions>
      </trkpt>
      <trkpt lat="49.04954108409583568572998046875" lon="15.01573453657329082489013671875">
        <ele>568.5999755859375</ele>
        <time>2026-04-05T08:23:49.000Z</time>
        <extensions>
          <ns3:TrackPointExtension>
            <ns3:hr>89</ns3:hr>
            <ns3:cad>79</ns3:cad>
          </ns3:TrackPointExtension>
        </extensions>
      </trkpt>
      <trkpt lat="49.0495228953659534454345703125" lon="15.01575641334056854248046875">
        <ele>568.79998779296875</ele>
        <time>2026-04-05T08:23:50.000Z</time>
        <extensions>
          <ns3:TrackPointExtension>
            <ns3:hr>90</ns3:hr>
            <ns3:cad>79</ns3:cad>
          </ns3:TrackPointExtension>
        </extensions>
      </trkpt>
      <trkpt lat="49.04950856231153011322021484375" lon="15.01577326096594333648681640625">
        <ele>569</ele>
        <time>2026-04-05T08:23:51.000Z</time>
        <extensions>
          <ns3:TrackPointExtension>
            <ns3:hr>91</ns3:hr>
            <ns3:cad>79</ns3:cad>
          </ns3:TrackPointExtension>
        </extensions>
      </trkpt>
      <trkpt lat="49.04949548654258251190185546875" lon="15.01578784547746181488037109375">
        <ele>569.20001220703125</ele>
        <time>2026-04-05T08:23:52.000Z</time>
        <extensions>
          <ns3:TrackPointExtension>
            <ns3:hr>92</ns3:hr>
            <ns3:cad>79</ns3:cad>
          </ns3:TrackPointExtension>
        </extensions>
      </trkpt>
      <trkpt lat="49.04948316514492034912109375" lon="15.015799999237060546875">
        <ele>569.4000244140625</ele>
        <time>2026-04-05T08:23:53.000Z</time>
        <extensions>
          <ns3:TrackPointExtension>
            <ns3:hr>94</ns3:hr>
            <ns3:cad>78</ns3:cad>
          </ns3:TrackPointExtension>
        </extensions>
      </trkpt>
      <trkpt lat="49.04946170747280120849609375" lon="15.0158105604350566864013671875">
        <ele>569.5999755859375</ele>
        <time>2026-04-05T08:23:54.000Z</time>
        <extensions>
          <ns3:TrackPointExtension>
            <ns3:hr>95</ns3:hr>
            <ns3:cad>78</ns3:cad>
          </ns3:TrackPointExtension>
        </extensions>
      </trkpt>
      <trkpt lat="49.049451313912868499755859375" lon="15.0158201158046722412109375">
        <ele>569.79998779296875</ele>
        <time>2026-04-05T08:23:55.000Z</time>
        <extensions>
          <ns3:TrackPointExtension>
            <ns3:hr>98</ns3:hr>
            <ns3:cad>78</ns3:cad>
          </ns3:TrackPointExtension>
        </extensions>
      </trkpt>
      <trkpt lat="49.04943756759166717529296875" lon="15.01583679579198360443115234375">
        <ele>570</ele>
        <time>2026-04-05T08:23:56.000Z</time>
        <extensions>
          <ns3:TrackPointExtension>
            <ns3:hr>103</ns3:hr>
            <ns3:cad>78</ns3:cad>
          </ns3:TrackPointExtension>
        </extensions>
      </trkpt>
      <trkpt lat="49.04941753484308719635009765625" lon="15.01585138030350208282470703125">
        <ele>570</ele>
        <time>2026-04-05T08:23:57.000Z</time>
        <extensions>
          <ns3:TrackPointExtension>
            <ns3:hr>109</ns3:hr>
            <ns3:cad>78</ns3:cad>
          </ns3:TrackPointExtension>
        </extensions>
      </trkpt>
      <trkpt lat="49.04940412379801273345947265625" lon="15.01586378552019596099853515625">
        <ele>570.20001220703125</ele>
        <time>2026-04-05T08:23:58.000Z</time>
        <extensions>
          <ns3:TrackPointExtension>
            <ns3:hr>113</ns3:hr>
            <ns3:cad>78</ns3:cad>
          </ns3:TrackPointExtension>
        </extensions>
      </trkpt>
      <trkpt lat="49.04939071275293827056884765625" lon="15.01588457264006137847900390625">
        <ele>570.4000244140625</ele>
        <time>2026-04-05T08:23:59.000Z</time>
        <extensions>
          <ns3:TrackPointExtension>
            <ns3:hr>115</ns3:hr>
            <ns3:cad>78</ns3:cad>
          </ns3:TrackPointExtension>
        </extensions>
      </trkpt>
      <trkpt lat="49.0493738651275634765625" lon="15.015905611217021942138671875">
        <ele>570.5999755859375</ele>
        <time>2026-04-05T08:24:00.000Z</time>
        <extensions>
          <ns3:TrackPointExtension>
            <ns3:hr>115</ns3:hr>
            <ns3:cad>78</ns3:cad>
          </ns3:TrackPointExtension>
        </extensions>
      </trkpt>
      <trkpt lat="49.04936523176729679107666015625" lon="15.0159247219562530517578125">
        <ele>570.79998779296875</ele>
        <time>2026-04-05T08:24:01.000Z</time>
        <extensions>
          <ns3:TrackPointExtension>
            <ns3:hr>115</ns3:hr>
            <ns3:cad>78</ns3:cad>
          </ns3:TrackPointExtension>
        </extensions>
      </trkpt>
      <trkpt lat="49.049357436597347259521484375" lon="15.01594559289515018463134765625">
        <ele>571</ele>
        <time>2026-04-05T08:24:02.000Z</time>
        <extensions>
          <ns3:TrackPointExtension>
            <ns3:hr>115</ns3:hr>
            <ns3:cad>79</ns3:cad>
          </ns3:TrackPointExtension>
        </extensions>
      </trkpt>
      <trkpt lat="49.04934695921838283538818359375" lon="15.01596738584339618682861328125">
        <ele>571.20001220703125</ele>
        <time>2026-04-05T08:24:03.000Z</time>
        <extensions>
          <ns3:TrackPointExtension>
            <ns3:hr>116</ns3:hr>
            <ns3:cad>79</ns3:cad>
          </ns3:TrackPointExtension>
        </extensions>
      </trkpt>
      <trkpt lat="49.04933522455394268035888671875" lon="15.015988759696483612060546875">
        <ele>571.4000244140625</ele>
        <time>2026-04-05T08:24:04.000Z</time>
        <extensions>
          <ns3:TrackPointExtension>
            <ns3:hr>116</ns3:hr>
            <ns3:cad>80</ns3:cad>
          </ns3:TrackPointExtension>
        </extensions>
      </trkpt>
      <trkpt lat="49.04932416044175624847412109375" lon="15.01601616851985454559326171875">
        <ele>571.5999755859375</ele>
        <time>2026-04-05T08:24:05.000Z</time>
        <extensions>
          <ns3:TrackPointExtension>
            <ns3:hr>116</ns3:hr>
            <ns3:cad>80</ns3:cad>
          </ns3:TrackPointExtension>
        </extensions>
      </trkpt>
      <trkpt lat="49.04931074939668178558349609375" lon="15.016044080257415771484375">
        <ele>571.79998779296875</ele>
        <time>2026-04-05T08:24:06.000Z</time>
        <extensions>
          <ns3:TrackPointExtension>
            <ns3:hr>117</ns3:hr>
            <ns3:cad>80</ns3:cad>
          </ns3:TrackPointExtension>
        </extensions>
      </trkpt>
      <trkpt lat="49.0492965839803218841552734375" lon="15.01606981270015239715576171875">
        <ele>572.20001220703125</ele>
        <time>2026-04-05T08:24:07.000Z</time>
        <extensions>
          <ns3:TrackPointExtension>
            <ns3:hr>117</ns3:hr>
            <ns3:cad>79</ns3:cad>
          </ns3:TrackPointExtension>
        </extensions>
      </trkpt>
      <trkpt lat="49.04928476549685001373291015625" lon="15.01609713770449161529541015625">
        <ele>572.4000244140625</ele>
        <time>2026-04-05T08:24:08.000Z</time>
        <extensions>
          <ns3:TrackPointExtension>
            <ns3:hr>117</ns3:hr>
            <ns3:cad>79</ns3:cad>
          </ns3:TrackPointExtension>
        </extensions>
      </trkpt>
      <trkpt lat="49.04927286319434642791748046875" lon="15.016126222908496856689453125">
        <ele>572.79998779296875</ele>
        <time>2026-04-05T08:24:09.000Z</time>
        <extensions>
          <ns3:TrackPointExtension>
            <ns3:hr>118</ns3:hr>
            <ns3:cad>79</ns3:cad>
          </ns3:TrackPointExtension>
        </extensions>
      </trkpt>
      <trkpt lat="49.04925961978733539581298828125" lon="15.0161532126367092132568359375">
        <ele>573</ele>
        <time>2026-04-05T08:24:10.000Z</time>
        <extensions>
          <ns3:TrackPointExtension>
            <ns3:hr>119</ns3:hr>
            <ns3:cad>79</ns3:cad>
          </ns3:TrackPointExtension>
        </extensions>
      </trkpt>
      <trkpt lat="49.04925115406513214111328125" lon="15.01617525704205036163330078125">
        <ele>573.20001220703125</ele>
        <time>2026-04-05T08:24:11.000Z</time>
        <extensions>
          <ns3:TrackPointExtension>
            <ns3:hr>119</ns3:hr>
            <ns3:cad>79</ns3:cad>
          </ns3:TrackPointExtension>
        </extensions>
      </trkpt>
      <trkpt lat="49.049239419400691986083984375" lon="15.0161988101899623870849609375">
        <ele>573.4000244140625</ele>
        <time>2026-04-05T08:24:12.000Z</time>
        <extensions>
          <ns3:TrackPointExtension>
            <ns3:hr>120</ns3:hr>
            <ns3:cad>79</ns3:cad>
          </ns3:TrackPointExtension>
        </extensions>
      </trkpt>
      <trkpt lat="49.04922567307949066162109375" lon="15.01622202806174755096435546875">
        <ele>573.5999755859375</ele>
        <time>2026-04-05T08:24:13.000Z</time>
        <extensions>
          <ns3:TrackPointExtension>
            <ns3:hr>120</ns3:hr>
            <ns3:cad>79</ns3:cad>
          </ns3:TrackPointExtension>
        </extensions>
      </trkpt>
      <trkpt lat="49.04921486042439937591552734375" lon="15.016246922314167022705078125">
        <ele>573.79998779296875</ele>
        <time>2026-04-05T08:24:14.000Z</time>
        <extensions>
          <ns3:TrackPointExtension>
            <ns3:hr>121</ns3:hr>
            <ns3:cad>79</ns3:cad>
          </ns3:TrackPointExtension>
        </extensions>
      </trkpt>
      <trkpt lat="49.04920295812189579010009765625" lon="15.0162688829004764556884765625">
        <ele>574</ele>
        <time>2026-04-05T08:24:15.000Z</time>
        <extensions>
          <ns3:TrackPointExtension>
            <ns3:hr>121</ns3:hr>
            <ns3:cad>79</ns3:cad>
          </ns3:TrackPointExtension>
        </extensions>
      </trkpt>
      <trkpt lat="49.0491872839629650115966796875" lon="15.0162950344383716583251953125">
        <ele>574.20001220703125</ele>
        <time>2026-04-05T08:24:16.000Z</time>
        <extensions>
          <ns3:TrackPointExtension>
            <ns3:hr>122</ns3:hr>
            <ns3:cad>79</ns3:cad>
          </ns3:TrackPointExtension>
        </extensions>
      </trkpt>
      <trkpt lat="49.04917337000370025634765625" lon="15.01631992869079113006591796875">
        <ele>574.4000244140625</ele>
        <time>2026-04-05T08:24:17.000Z</time>
        <extensions>
          <ns3:TrackPointExtension>
            <ns3:hr>122</ns3:hr>
            <ns3:cad>79</ns3:cad>
          </ns3:TrackPointExtension>
        </extensions>
      </trkpt>
      <trkpt lat="49.0491554327309131622314453125" lon="15.01634960062801837921142578125">
        <ele>574.4000244140625</ele>
        <time>2026-04-05T08:24:18.000Z</time>
        <extensions>
          <ns3:TrackPointExtension>
            <ns3:hr>123</ns3:hr>
            <ns3:cad>80</ns3:cad>
          </ns3:TrackPointExtension>
        </extensions>
      </trkpt>
      <trkpt lat="49.0491403453052043914794921875" lon="15.01637541688978672027587890625">
        <ele>574.5999755859375</ele>
        <time>2026-04-05T08:24:19.000Z</time>
        <extensions>
          <ns3:TrackPointExtension>
            <ns3:hr>123</ns3:hr>
            <ns3:cad>80</ns3:cad>
          </ns3:TrackPointExtension>
        </extensions>
      </trkpt>
      <trkpt lat="49.04913137666881084442138671875" lon="15.01639922149479389190673828125">
        <ele>574.79998779296875</ele>
        <time>2026-04-05T08:24:20.000Z</time>
        <extensions>
          <ns3:TrackPointExtension>
            <ns3:hr>124</ns3:hr>
            <ns3:cad>80</ns3:cad>
          </ns3:TrackPointExtension>
        </extensions>
      </trkpt>
      <trkpt lat="49.0491141937673091888427734375" lon="15.01642822287976741790771484375">
        <ele>575</ele>
        <time>2026-04-05T08:24:21.000Z</time>
        <extensions>
          <ns3:TrackPointExtension>
            <ns3:hr>124</ns3:hr>
            <ns3:cad>80</ns3:cad>
          </ns3:TrackPointExtension>
        </extensions>
      </trkpt>
      <trkpt lat="49.0491034649312496185302734375" lon="15.016448758542537689208984375">
        <ele>575</ele>
        <time>2026-04-05T08:24:22.000Z</time>
        <extensions>
          <ns3:TrackPointExtension>
            <ns3:hr>125</ns3:hr>
            <ns3:cad>80</ns3:cad>
          </ns3:TrackPointExtension>
        </extensions>
      </trkpt>
      <trkpt lat="49.049094580113887786865234375" lon="15.01647398807108402252197265625">
        <ele>575.20001220703125</ele>
        <time>2026-04-05T08:24:23.000Z</time>
        <extensions>
          <ns3:TrackPointExtension>
            <ns3:hr>125</ns3:hr>
            <ns3:cad>81</ns3:cad>
          </ns3:TrackPointExtension>
        </extensions>
      </trkpt>
      <trkpt lat="49.04907857067883014678955078125" lon="15.01650474965572357177734375">
        <ele>575.20001220703125</ele>
        <time>2026-04-05T08:24:24.000Z</time>
        <extensions>
          <ns3:TrackPointExtension>
            <ns3:hr>125</ns3:hr>
            <ns3:cad>81</ns3:cad>
          </ns3:TrackPointExtension>
        </extensions>
      </trkpt>
      <trkpt lat="49.0490667521953582763671875" lon="15.01652779988944530487060546875">
        <ele>575.4000244140625</ele>
        <time>2026-04-05T08:24:25.000Z</time>
        <extensions>
          <ns3:TrackPointExtension>
            <ns3:hr>125</ns3:hr>
            <ns3:cad>80</ns3:cad>
          </ns3:TrackPointExtension>
        </extensions>
      </trkpt>
      <trkpt lat="49.04905225150287151336669921875" lon="15.0165617465972900390625">
        <ele>575.5999755859375</ele>
        <time>2026-04-05T08:24:26.000Z</time>
        <extensions>
          <ns3:TrackPointExtension>
            <ns3:hr>125</ns3:hr>
            <ns3:cad>80</ns3:cad>
          </ns3:TrackPointExtension>
        </extensions>
      </trkpt>
      <trkpt lat="49.04903045855462551116943359375" lon="15.01659552566707134246826171875">
        <ele>575.79998779296875</ele>
        <time>2026-04-05T08:24:27.000Z</time>
        <extensions>
          <ns3:TrackPointExtension>
            <ns3:hr>125</ns3:hr>
            <ns3:cad>80</ns3:cad>
          </ns3:TrackPointExtension>
        </extensions>
      </trkpt>
      <trkpt lat="49.04901780188083648681640625" lon="15.01662402413785457611083984375">
        <ele>576</ele>
        <time>2026-04-05T08:24:28.000Z</time>
        <extensions>
          <ns3:TrackPointExtension>
            <ns3:hr>125</ns3:hr>
            <ns3:cad>80</ns3:cad>
          </ns3:TrackPointExtension>
        </extensions>
      </trkpt>
      <trkpt lat="49.04900598339736461639404296875" lon="15.01666006632149219512939453125">
        <ele>576.20001220703125</ele>
        <time>2026-04-05T08:24:29.000Z</time>
        <extensions>
          <ns3:TrackPointExtension>
            <ns3:hr>126</ns3:hr>
            <ns3:cad>80</ns3:cad>
          </ns3:TrackPointExtension>
        </extensions>
      </trkpt>
      <trkpt lat="49.04899357818067073822021484375" lon="15.01668990589678287506103515625">
        <ele>576.4000244140625</ele>
        <time>2026-04-05T08:24:30.000Z</time>
        <extensions>
          <ns3:TrackPointExtension>
            <ns3:hr>126</ns3:hr>
            <ns3:cad>79</ns3:cad>
          </ns3:TrackPointExtension>
        </extensions>
      </trkpt>
      <trkpt lat="49.04898419044911861419677734375" lon="15.016715638339519500732421875">
        <ele>576.5999755859375</ele>
        <time>2026-04-05T08:24:31.000Z</time>
        <extensions>
          <ns3:TrackPointExtension>
            <ns3:hr>126</ns3:hr>
            <ns3:cad>79</ns3:cad>
          </ns3:TrackPointExtension>
        </extensions>
      </trkpt>
      <trkpt lat="49.04897463507950305938720703125" lon="15.0167530216276645660400390625">
        <ele>576.5999755859375</ele>
        <time>2026-04-05T08:24:32.000Z</time>
        <extensions>
          <ns3:TrackPointExtension>
            <ns3:hr>127</ns3:hr>
            <ns3:cad>80</ns3:cad>
          </ns3:TrackPointExtension>
        </extensions>
      </trkpt>
      <trkpt lat="49.0489582903683185577392578125" lon="15.016783364117145538330078125">
        <ele>576.79998779296875</ele>
        <time>2026-04-05T08:24:33.000Z</time>
        <extensions>
          <ns3:TrackPointExtension>
            <ns3:hr>127</ns3:hr>
            <ns3:cad>80</ns3:cad>
          </ns3:TrackPointExtension>
        </extensions>
      </trkpt>
      <trkpt lat="49.04894529841840267181396484375" lon="15.01680809073150157928466796875">
        <ele>577</ele>
        <time>2026-04-05T08:24:34.000Z</time>
        <extensions>
          <ns3:TrackPointExtension>
            <ns3:hr>128</ns3:hr>
            <ns3:cad>80</ns3:cad>
          </ns3:TrackPointExtension>
        </extensions>
      </trkpt>
      <trkpt lat="49.0489341504871845245361328125" lon="15.0168381817638874053955078125">
        <ele>577</ele>
        <time>2026-04-05T08:24:35.000Z</time>
        <extensions>
          <ns3:TrackPointExtension>
            <ns3:hr>130</ns3:hr>
            <ns3:cad>80</ns3:cad>
          </ns3:TrackPointExtension>
        </extensions>
      </trkpt>
      <trkpt lat="49.0489193983376026153564453125" lon="15.0168740563094615936279296875">
        <ele>577.20001220703125</ele>
        <time>2026-04-05T08:24:36.000Z</time>
        <extensions>
          <ns3:TrackPointExtension>
            <ns3:hr>131</ns3:hr>
            <ns3:cad>80</ns3:cad>
          </ns3:TrackPointExtension>
        </extensions>
      </trkpt>
      <trkpt lat="49.04890959151089191436767578125" lon="15.0168992020189762115478515625">
        <ele>577.20001220703125</ele>
        <time>2026-04-05T08:24:37.000Z</time>
        <extensions>
          <ns3:TrackPointExtension>
            <ns3:hr>132</ns3:hr>
            <ns3:cad>80</ns3:cad>
          </ns3:TrackPointExtension>
        </extensions>
      </trkpt>
      <trkpt lat="49.04889517463743686676025390625" lon="15.01692996360361576080322265625">
        <ele>577.20001220703125</ele>
        <time>2026-04-05T08:24:38.000Z</time>
        <extensions>
          <ns3:TrackPointExtension>
            <ns3:hr>133</ns3:hr>
            <ns3:cad>80</ns3:cad>
          </ns3:TrackPointExtension>
        </extensions>
      </trkpt>
      <trkpt lat="49.04887723736464977264404296875" lon="15.01696516759693622589111328125">
        <ele>577.20001220703125</ele>
        <time>2026-04-05T08:24:39.000Z</time>
        <extensions>
          <ns3:TrackPointExtension>
            <ns3:hr>133</ns3:hr>
            <ns3:cad>80</ns3:cad>
          </ns3:TrackPointExtension>
        </extensions>
      </trkpt>
      <trkpt lat="49.04886617325246334075927734375" lon="15.01699483953416347503662109375">
        <ele>577.20001220703125</ele>
        <time>2026-04-05T08:24:40.000Z</time>
        <extensions>
          <ns3:TrackPointExtension>
            <ns3:hr>133</ns3:hr>
            <ns3:cad>80</ns3:cad>
          </ns3:TrackPointExtension>
        </extensions>
      </trkpt>
      <trkpt lat="49.04884278774261474609375" lon="15.01702518202364444732666015625">
        <ele>577.4000244140625</ele>
        <time>2026-04-05T08:24:41.000Z</time>
        <extensions>
          <ns3:TrackPointExtension>
            <ns3:hr>134</ns3:hr>
            <ns3:cad>81</ns3:cad>
          </ns3:TrackPointExtension>
        </extensions>
      </trkpt>
      <trkpt lat="49.04882443137466907501220703125" lon="15.0170504115521907806396484375">
        <ele>577.5999755859375</ele>
        <time>2026-04-05T08:24:42.000Z</time>
        <extensions>
          <ns3:TrackPointExtension>
            <ns3:hr>134</ns3:hr>
            <ns3:cad>81</ns3:cad>
          </ns3:TrackPointExtension>
        </extensions>
      </trkpt>
      <trkpt lat="49.04880414716899394989013671875" lon="15.01707547344267368316650390625">
        <ele>577.79998779296875</ele>
        <time>2026-04-05T08:24:43.000Z</time>
        <extensions>
          <ns3:TrackPointExtension>
            <ns3:hr>134</ns3:hr>
            <ns3:cad>81</ns3:cad>
          </ns3:TrackPointExtension>
        </extensions>
      </trkpt>
      <trkpt lat="49.04878453351557254791259765625" lon="15.01709793694317340850830078125">
        <ele>578</ele>
        <time>2026-04-05T08:24:44.000Z</time>
        <extensions>
          <ns3:TrackPointExtension>
            <ns3:hr>133</ns3:hr>
            <ns3:cad>81</ns3:cad>
          </ns3:TrackPointExtension>
        </extensions>
      </trkpt>
      <trkpt lat="49.04876106418669223785400390625" lon="15.01711738295853137969970703125">
        <ele>578</ele>
        <time>2026-04-05T08:24:45.000Z</time>
        <extensions>
          <ns3:TrackPointExtension>
            <ns3:hr>134</ns3:hr>
            <ns3:cad>81</ns3:cad>
          </ns3:TrackPointExtension>
        </extensions>
      </trkpt>
      <trkpt lat="49.04873910360038280487060546875" lon="15.0171399302780628204345703125">
        <ele>578.20001220703125</ele>
        <time>2026-04-05T08:24:46.000Z</time>
        <extensions>
          <ns3:TrackPointExtension>
            <ns3:hr>134</ns3:hr>
            <ns3:cad>81</ns3:cad>
          </ns3:TrackPointExtension>
        </extensions>
      </trkpt>
      <trkpt lat="49.04870993457734584808349609375" lon="15.01715677790343761444091796875">
        <ele>578.20001220703125</ele>
        <time>2026-04-05T08:24:47.000Z</time>
        <extensions>
          <ns3:TrackPointExtension>
            <ns3:hr>133</ns3:hr>
            <ns3:cad>81</ns3:cad>
          </ns3:TrackPointExtension>
        </extensions>
      </trkpt>
      <trkpt lat="49.04868789017200469970703125" lon="15.01718066632747650146484375">
        <ele>578.20001220703125</ele>
        <time>2026-04-05T08:24:48.000Z</time>
        <extensions>
          <ns3:TrackPointExtension>
            <ns3:hr>133</ns3:hr>
            <ns3:cad>79</ns3:cad>
          </ns3:TrackPointExtension>
        </extensions>
      </trkpt>
      <trkpt lat="49.048679172992706298828125" lon="15.01721444539725780487060546875">
        <ele>578.20001220703125</ele>
        <time>2026-04-05T08:24:49.000Z</time>
        <extensions>
          <ns3:TrackPointExtension>
            <ns3:hr>132</ns3:hr>
            <ns3:cad>79</ns3:cad>
          </ns3:TrackPointExtension>
        </extensions>
      </trkpt>
      <trkpt lat="49.0486702881753444671630859375" lon="15.01724495552480220794677734375">
        <ele>578</ele>
        <time>2026-04-05T08:24:50.000Z</time>
        <extensions>
          <ns3:TrackPointExtension>
            <ns3:hr>132</ns3:hr>
            <ns3:cad>79</ns3:cad>
          </ns3:TrackPointExtension>
        </extensions>
      </trkpt>
      <trkpt lat="49.04867338947951793670654296875" lon="15.0172820873558521270751953125">
        <ele>578</ele>
        <time>2026-04-05T08:24:51.000Z</time>
        <extensions>
          <ns3:TrackPointExtension>
            <ns3:hr>132</ns3:hr>
            <ns3:cad>79</ns3:cad>
          </ns3:TrackPointExtension>
        </extensions>
      </trkpt>
      <trkpt lat="49.04867841862142086029052734375" lon="15.01731452532112598419189453125">
        <ele>577.79998779296875</ele>
        <time>2026-04-05T08:24:52.000Z</time>
        <extensions>
          <ns3:TrackPointExtension>
            <ns3:hr>132</ns3:hr>
            <ns3:cad>79</ns3:cad>
          </ns3:TrackPointExtension>
        </extensions>
      </trkpt>
      <trkpt lat="49.048688225448131561279296875" lon="15.01732441596686840057373046875">
        <ele>577.79998779296875</ele>
        <time>2026-04-05T08:24:53.000Z</time>
        <extensions>
          <ns3:TrackPointExtension>
            <ns3:hr>132</ns3:hr>
            <ns3:cad>79</ns3:cad>
          </ns3:TrackPointExtension>
        </extensions>
      </trkpt>
      <trkpt lat="49.04870909638702869415283203125" lon="15.01733598299324512481689453125">
        <ele>578</ele>
        <time>2026-04-05T08:24:54.000Z</time>
        <extensions>
          <ns3:TrackPointExtension>
            <ns3:hr>131</ns3:hr>
            <ns3:cad>79</ns3:cad>
          </ns3:TrackPointExtension>
        </extensions>
      </trkpt>
      <trkpt lat="49.0487333200871944427490234375" lon="15.017352998256683349609375">
        <ele>578</ele>
        <time>2026-04-05T08:24:55.000Z</time>
        <extensions>
          <ns3:TrackPointExtension>
            <ns3:hr>132</ns3:hr>
            <ns3:cad>75</ns3:cad>
          </ns3:TrackPointExtension>
        </extensions>
      </trkpt>
      <trkpt lat="49.04875050298869609832763671875" lon="15.0173702649772167205810546875">
        <ele>578.20001220703125</ele>
        <time>2026-04-05T08:24:56.000Z</time>
        <extensions>
          <ns3:TrackPointExtension>
            <ns3:hr>131</ns3:hr>
            <ns3:cad>75</ns3:cad>
          </ns3:TrackPointExtension>
        </extensions>
      </trkpt>
      <trkpt lat="49.048764668405055999755859375" lon="15.0173776410520076751708984375">
        <ele>578.20001220703125</ele>
        <time>2026-04-05T08:24:57.000Z</time>
        <extensions>
          <ns3:TrackPointExtension>
            <ns3:hr>131</ns3:hr>
            <ns3:cad>74</ns3:cad>
          </ns3:TrackPointExtension>
        </extensions>
      </trkpt>
      <trkpt lat="49.04878587462007999420166015625" lon="15.0173826701939105987548828125">
        <ele>578.20001220703125</ele>
        <time>2026-04-05T08:24:58.000Z</time>
        <extensions>
          <ns3:TrackPointExtension>
            <ns3:hr>131</ns3:hr>
            <ns3:cad>74</ns3:cad>
          </ns3:TrackPointExtension>
        </extensions>
      </trkpt>
      <trkpt lat="49.0488097630441188812255859375" lon="15.017390549182891845703125">
        <ele>578.20001220703125</ele>
        <time>2026-04-05T08:24:59.000Z</time>
        <extensions>
          <ns3:TrackPointExtension>
            <ns3:hr>130</ns3:hr>
            <ns3:cad>75</ns3:cad>
          </ns3:TrackPointExtension>
        </extensions>
      </trkpt>
      <trkpt lat="49.0488288737833499908447265625" lon="15.0174027867615222930908203125">
        <ele>578.20001220703125</ele>
        <time>2026-04-05T08:25:00.000Z</time>
        <extensions>
          <ns3:TrackPointExtension>
            <ns3:hr>131</ns3:hr>
            <ns3:cad>75</ns3:cad>
          </ns3:TrackPointExtension>
        </extensions>
      </trkpt>
      <trkpt lat="49.04884940944612026214599609375" lon="15.01741896383464336395263671875">
        <ele>578.20001220703125</ele>
        <time>2026-04-05T08:25:01.000Z</time>
        <extensions>
          <ns3:TrackPointExtension>
            <ns3:hr>131</ns3:hr>
            <ns3:cad>77</ns3:cad>
          </ns3:TrackPointExtension>
        </extensions>
      </trkpt>
      <trkpt lat="49.04887019656598567962646484375" lon="15.0174292735755443572998046875">
        <ele>578</ele>
        <time>2026-04-05T08:25:02.000Z</time>
        <extensions>
          <ns3:TrackPointExtension>
            <ns3:hr>130</ns3:hr>
            <ns3:cad>77</ns3:cad>
          </ns3:TrackPointExtension>
        </extensions>
      </trkpt>
      <trkpt lat="49.0488908998668193817138671875" lon="15.0174400024116039276123046875">
        <ele>578</ele>
        <time>2026-04-05T08:25:03.000Z</time>
        <extensions>
          <ns3:TrackPointExtension>
            <ns3:hr>130</ns3:hr>
            <ns3:cad>77</ns3:cad>
          </ns3:TrackPointExtension>
        </extensions>
      </trkpt>
      <trkpt lat="49.0489096753299236297607421875" lon="15.01744679175317287445068359375">
        <ele>578</ele>
        <time>2026-04-05T08:25:04.000Z</time>
        <extensions>
          <ns3:TrackPointExtension>
            <ns3:hr>130</ns3:hr>
            <ns3:cad>77</ns3:cad>
          </ns3:TrackPointExtension>
        </extensions>
      </trkpt>
      <trkpt lat="49.04893373139202594757080078125" lon="15.01745383255183696746826171875">
        <ele>577.79998779296875</ele>
        <time>2026-04-05T08:25:05.000Z</time>
        <extensions>
          <ns3:TrackPointExtension>
            <ns3:hr>130</ns3:hr>
            <ns3:cad>77</ns3:cad>
          </ns3:TrackPointExtension>
        </extensions>
      </trkpt>
      <trkpt lat="49.04895837418735027313232421875" lon="15.01747562550008296966552734375">
        <ele>577.79998779296875</ele>
        <time>2026-04-05T08:25:06.000Z</time>
        <extensions>
          <ns3:TrackPointExtension>
            <ns3:hr>129</ns3:hr>
            <ns3:cad>77</ns3:cad>
          </ns3:TrackPointExtension>
        </extensions>
      </trkpt>
      <trkpt lat="49.0489774011075496673583984375" lon="15.0174919702112674713134765625">
        <ele>578</ele>
        <time>2026-04-05T08:25:07.000Z</time>
        <extensions>
          <ns3:TrackPointExtension>
            <ns3:hr>129</ns3:hr>
            <ns3:cad>77</ns3:cad>
          </ns3:TrackPointExtension>
        </extensions>
      </trkpt>
      <trkpt lat="49.04899424873292446136474609375" lon="15.017494820058345794677734375">
        <ele>578</ele>
        <time>2026-04-05T08:25:08.000Z</time>
        <extensions>
          <ns3:TrackPointExtension>
            <ns3:hr>129</ns3:hr>
            <ns3:cad>77</ns3:cad>
          </ns3:TrackPointExtension>
        </extensions>
      </trkpt>
      <trkpt lat="49.04901788569986820220947265625" lon="15.01750932075083255767822265625">
        <ele>578.20001220703125</ele>
        <time>2026-04-05T08:25:09.000Z</time>
        <extensions>
          <ns3:TrackPointExtension>
            <ns3:hr>129</ns3:hr>
            <ns3:cad>77</ns3:cad>
          </ns3:TrackPointExtension>
        </extensions>
      </trkpt>
      <trkpt lat="49.04904135502874851226806640625" lon="15.01752507872879505157470703125">
        <ele>578.20001220703125</ele>
        <time>2026-04-05T08:25:10.000Z</time>
        <extensions>
          <ns3:TrackPointExtension>
            <ns3:hr>128</ns3:hr>
            <ns3:cad>78</ns3:cad>
          </ns3:TrackPointExtension>
        </extensions>
      </trkpt>
      <trkpt lat="49.04906381852924823760986328125" lon="15.01753295771777629852294921875">
        <ele>578.20001220703125</ele>
        <time>2026-04-05T08:25:11.000Z</time>
        <extensions>
          <ns3:TrackPointExtension>
            <ns3:hr>129</ns3:hr>
            <ns3:cad>78</ns3:cad>
          </ns3:TrackPointExtension>
        </extensions>
      </trkpt>
      <trkpt lat="49.049093909561634063720703125" lon="15.0175380706787109375">
        <ele>578.20001220703125</ele>
        <time>2026-04-05T08:25:12.000Z</time>
        <extensions>
          <ns3:TrackPointExtension>
            <ns3:hr>129</ns3:hr>
            <ns3:cad>76</ns3:cad>
          </ns3:TrackPointExtension>
        </extensions>
      </trkpt>
      <trkpt lat="49.04912534169852733612060546875" lon="15.0175466202199459075927734375">
        <ele>578.20001220703125</ele>
        <time>2026-04-05T08:25:13.000Z</time>
        <extensions>
          <ns3:TrackPointExtension>
            <ns3:hr>130</ns3:hr>
            <ns3:cad>76</ns3:cad>
          </ns3:TrackPointExtension>
        </extensions>
      </trkpt>
      <trkpt lat="49.04914948157966136932373046875" lon="15.01755894161760807037353515625">
        <ele>578.20001220703125</ele>
        <time>2026-04-05T08:25:14.000Z</time>
        <extensions>
          <ns3:TrackPointExtension>
            <ns3:hr>130</ns3:hr>
            <ns3:cad>76</ns3:cad>
          </ns3:TrackPointExtension>
        </extensions>
      </trkpt>
      <trkpt lat="49.04917362146079540252685546875" lon="15.01757369376718997955322265625">
        <ele>578.4000244140625</ele>
        <time>2026-04-05T08:25:15.000Z</time>
        <extensions>
          <ns3:TrackPointExtension>
            <ns3:hr>130</ns3:hr>
            <ns3:cad>79</ns3:cad>
          </ns3:TrackPointExtension>
        </extensions>
      </trkpt>
      <trkpt lat="49.04919357039034366607666015625" lon="15.0175912119448184967041015625">
        <ele>578.4000244140625</ele>
        <time>2026-04-05T08:25:16.000Z</time>
        <extensions>
          <ns3:TrackPointExtension>
            <ns3:hr>130</ns3:hr>
            <ns3:cad>79</ns3:cad>
          </ns3:TrackPointExtension>
        </extensions>
      </trkpt>
      <trkpt lat="49.04920983128249645233154296875" lon="15.017600096762180328369140625">
        <ele>578.4000244140625</ele>
        <time>2026-04-05T08:25:17.000Z</time>
        <extensions>
          <ns3:TrackPointExtension>
            <ns3:hr>130</ns3:hr>
            <ns3:cad>79</ns3:cad>
          </ns3:TrackPointExtension>
        </extensions>
      </trkpt>
      <trkpt lat="49.0492288582026958465576171875" lon="15.01760571263730525970458984375">
        <ele>578.5999755859375</ele>
        <time>2026-04-05T08:25:18.000Z</time>
        <extensions>
          <ns3:TrackPointExtension>
            <ns3:hr>130</ns3:hr>
            <ns3:cad>79</ns3:cad>
          </ns3:TrackPointExtension>
        </extensions>
      </trkpt>
      <trkpt lat="49.04925090260803699493408203125" lon="15.01761174760758876800537109375">
        <ele>578.79998779296875</ele>
        <time>2026-04-05T08:25:19.000Z</time>
        <extensions>
          <ns3:TrackPointExtension>
            <ns3:hr>130</ns3:hr>
            <ns3:cad>77</ns3:cad>
          </ns3:TrackPointExtension>
        </extensions>
      </trkpt>
      <trkpt lat="49.0492706000804901123046875" lon="15.017617531120777130126953125">
        <ele>578.79998779296875</ele>
        <time>2026-04-05T08:25:20.000Z</time>
        <extensions>
          <ns3:TrackPointExtension>
            <ns3:hr>130</ns3:hr>
            <ns3:cad>77</ns3:cad>
          </ns3:TrackPointExtension>
        </extensions>
      </trkpt>
      <trkpt lat="49.0492975898087024688720703125" lon="15.01763303764164447784423828125">
        <ele>578.79998779296875</ele>
        <time>2026-04-05T08:25:21.000Z</time>
        <extensions>
          <ns3:TrackPointExtension>
            <ns3:hr>130</ns3:hr>
            <ns3:cad>77</ns3:cad>
          </ns3:TrackPointExtension>
        </extensions>
      </trkpt>
      <trkpt lat="49.04932089149951934814453125" lon="15.01765013672411441802978515625">
        <ele>578.79998779296875</ele>
        <time>2026-04-05T08:25:22.000Z</time>
        <extensions>
          <ns3:TrackPointExtension>
            <ns3:hr>130</ns3:hr>
            <ns3:cad>78</ns3:cad>
          </ns3:TrackPointExtension>
        </extensions>
      </trkpt>
      <trkpt lat="49.04934913851320743560791015625" lon="15.01766706816852092742919921875">
        <ele>578.79998779296875</ele>
        <time>2026-04-05T08:25:23.000Z</time>
        <extensions>
          <ns3:TrackPointExtension>
            <ns3:hr>131</ns3:hr>
            <ns3:cad>79</ns3:cad>
          </ns3:TrackPointExtension>
        </extensions>
      </trkpt>
      <trkpt lat="49.0493686683475971221923828125" lon="15.01768148504197597503662109375">
        <ele>578.79998779296875</ele>
        <time>2026-04-05T08:25:24.000Z</time>
        <extensions>
          <ns3:TrackPointExtension>
            <ns3:hr>131</ns3:hr>
            <ns3:cad>79</ns3:cad>
          </ns3:TrackPointExtension>
        </extensions>
      </trkpt>
      <trkpt lat="49.04939020983874797821044921875" lon="15.01768617890775203704833984375">
        <ele>578.79998779296875</ele>
        <time>2026-04-05T08:25:25.000Z</time>
        <extensions>
          <ns3:TrackPointExtension>
            <ns3:hr>130</ns3:hr>
            <ns3:cad>79</ns3:cad>
          </ns3:TrackPointExtension>
        </extensions>
      </trkpt>
      <trkpt lat="49.04941518791019916534423828125" lon="15.0177065469324588775634765625">
        <ele>578.79998779296875</ele>
        <time>2026-04-05T08:25:26.000Z</time>
        <extensions>
          <ns3:TrackPointExtension>
            <ns3:hr>130</ns3:hr>
            <ns3:cad>77</ns3:cad>
          </ns3:TrackPointExtension>
        </extensions>
      </trkpt>
      <trkpt lat="49.049436561763286590576171875" lon="15.0177192874252796173095703125">
        <ele>579</ele>
        <time>2026-04-05T08:25:27.000Z</time>
        <extensions>
          <ns3:TrackPointExtension>
            <ns3:hr>130</ns3:hr>
            <ns3:cad>77</ns3:cad>
          </ns3:TrackPointExtension>
        </extensions>
      </trkpt>
      <trkpt lat="49.0494556725025177001953125" lon="15.01772909425199031829833984375">
        <ele>579</ele>
        <time>2026-04-05T08:25:28.000Z</time>
        <extensions>
          <ns3:TrackPointExtension>
            <ns3:hr>130</ns3:hr>
            <ns3:cad>77</ns3:cad>
          </ns3:TrackPointExtension>
        </extensions>
      </trkpt>
      <trkpt lat="49.04947972856462001800537109375" lon="15.01774267293512821197509765625">
        <ele>579</ele>
        <time>2026-04-05T08:25:29.000Z</time>
        <extensions>
          <ns3:TrackPointExtension>
            <ns3:hr>131</ns3:hr>
            <ns3:cad>77</ns3:cad>
          </ns3:TrackPointExtension>
        </extensions>
      </trkpt>
      <trkpt lat="49.0495011024177074432373046875" lon="15.0177528150379657745361328125">
        <ele>579.20001220703125</ele>
        <time>2026-04-05T08:25:30.000Z</time>
        <extensions>
          <ns3:TrackPointExtension>
            <ns3:hr>130</ns3:hr>
            <ns3:cad>79</ns3:cad>
          </ns3:TrackPointExtension>
        </extensions>
      </trkpt>
      <trkpt lat="49.04951828531920909881591796875" lon="15.01775868237018585205078125">
        <ele>579.20001220703125</ele>
        <time>2026-04-05T08:25:31.000Z</time>
        <extensions>
          <ns3:TrackPointExtension>
            <ns3:hr>130</ns3:hr>
            <ns3:cad>79</ns3:cad>
          </ns3:TrackPointExtension>
        </extensions>
      </trkpt>
      <trkpt lat="49.04953840188682079315185546875" lon="15.0177727639675140380859375">
        <ele>579.4000244140625</ele>
        <time>2026-04-05T08:25:32.000Z</time>
        <extensions>
          <ns3:TrackPointExtension>
            <ns3:hr>130</ns3:hr>
            <ns3:cad>78</ns3:cad>
          </ns3:TrackPointExtension>
        </extensions>
      </trkpt>
      <trkpt lat="49.04955935664474964141845703125" lon="15.01778894104063510894775390625">
        <ele>579.4000244140625</ele>
        <time>2026-04-05T08:25:33.000Z</time>
        <extensions>
          <ns3:TrackPointExtension>
            <ns3:hr>131</ns3:hr>
            <ns3:cad>78</ns3:cad>
          </ns3:TrackPointExtension>
        </extensions>
      </trkpt>
      <trkpt lat="49.04957327060401439666748046875" lon="15.017797909677028656005859375">
        <ele>579.5999755859375</ele>
        <time>2026-04-05T08:25:34.000Z</time>
        <extensions>
          <ns3:TrackPointExtension>
            <ns3:hr>130</ns3:hr>
            <ns3:cad>78</ns3:cad>
          </ns3:TrackPointExtension>
        </extensions>
      </trkpt>
      <trkpt lat="49.04958701692521572113037109375" lon="15.01780696213245391845703125">
        <ele>579.5999755859375</ele>
        <time>2026-04-05T08:25:35.000Z</time>
        <extensions>
          <ns3:TrackPointExtension>
            <ns3:hr>130</ns3:hr>
            <ns3:cad>78</ns3:cad>
          </ns3:TrackPointExtension>
        </extensions>
      </trkpt>
      <trkpt lat="49.0496006794273853302001953125" lon="15.0178064592182636260986328125">
        <ele>579.79998779296875</ele>
        <time>2026-04-05T08:25:36.000Z</time>
        <extensions>
          <ns3:TrackPointExtension>
            <ns3:hr>131</ns3:hr>
            <ns3:cad>78</ns3:cad>
          </ns3:TrackPointExtension>
        </extensions>
      </trkpt>
      <trkpt lat="49.049611575901508331298828125" lon="15.01781090162694454193115234375">
        <ele>580</ele>
        <time>2026-04-05T08:25:37.000Z</time>
        <extensions>
          <ns3:TrackPointExtension>
            <ns3:hr>130</ns3:hr>
            <ns3:cad>78</ns3:cad>
          </ns3:TrackPointExtension>
        </extensions>
      </trkpt>
      <trkpt lat="49.049623645842075347900390625" lon="15.0178198702633380889892578125">
        <ele>580</ele>
        <time>2026-04-05T08:25:38.000Z</time>
        <extensions>
          <ns3:TrackPointExtension>
            <ns3:hr>130</ns3:hr>
            <ns3:cad>78</ns3:cad>
          </ns3:TrackPointExtension>
        </extensions>
      </trkpt>
      <trkpt lat="49.04963462613523006439208984375" lon="15.017831437289714813232421875">
        <ele>580</ele>
        <time>2026-04-05T08:25:39.000Z</time>
        <extensions>
          <ns3:TrackPointExtension>
            <ns3:hr>131</ns3:hr>
            <ns3:cad>77</ns3:cad>
          </ns3:TrackPointExtension>
        </extensions>
      </trkpt>
      <trkpt lat="49.04964719898998737335205078125" lon="15.01784325577318668365478515625">
        <ele>580</ele>
        <time>2026-04-05T08:25:40.000Z</time>
        <extensions>
          <ns3:TrackPointExtension>
            <ns3:hr>130</ns3:hr>
            <ns3:cad>77</ns3:cad>
          </ns3:TrackPointExtension>
        </extensions>
      </trkpt>
      <trkpt lat="49.04965038411319255828857421875" lon="15.01784912310540676116943359375">
        <ele>580</ele>
        <time>2026-04-05T08:25:41.000Z</time>
        <extensions>
          <ns3:TrackPointExtension>
            <ns3:hr>130</ns3:hr>
            <ns3:cad>77</ns3:cad>
          </ns3:TrackPointExtension>
        </extensions>
      </trkpt>
      <trkpt lat="49.04965708963572978973388671875" lon="15.017850212752819061279296875">
        <ele>580.20001220703125</ele>
        <time>2026-04-05T08:25:42.000Z</time>
        <extensions>
          <ns3:TrackPointExtension>
            <ns3:hr>130</ns3:hr>
            <ns3:cad>77</ns3:cad>
          </ns3:TrackPointExtension>
        </extensions>
      </trkpt>
      <trkpt lat="49.04966966249048709869384765625" lon="15.01785096712410449981689453125">
        <ele>580.20001220703125</ele>
        <time>2026-04-05T08:25:43.000Z</time>
        <extensions>
          <ns3:TrackPointExtension>
            <ns3:hr>128</ns3:hr>
            <ns3:cad>77</ns3:cad>
          </ns3:TrackPointExtension>
        </extensions>
      </trkpt>
      <trkpt lat="49.04968894086778163909912109375" lon="15.017856247723102569580078125">
        <ele>580.4000244140625</ele>
        <time>2026-04-05T08:25:44.000Z</time>
        <extensions>
          <ns3:TrackPointExtension>
            <ns3:hr>124</ns3:hr>
            <ns3:cad>47</ns3:cad>
          </ns3:TrackPointExtension>
        </extensions>
      </trkpt>
      <trkpt lat="49.04970134608447551727294921875" lon="15.0178666412830352783203125">
        <ele>580.4000244140625</ele>
        <time>2026-04-05T08:25:45.000Z</time>
        <extensions>
          <ns3:TrackPointExtension>
            <ns3:hr>122</ns3:hr>
            <ns3:cad>47</ns3:cad>
          </ns3:TrackPointExtension>
        </extensions>
      </trkpt>
      <trkpt lat="49.049715511500835418701171875" lon="15.01787426881492137908935546875">
        <ele>580.4000244140625</ele>
        <time>2026-04-05T08:25:46.000Z</time>
        <extensions>
          <ns3:TrackPointExtension>
            <ns3:hr>121</ns3:hr>
            <ns3:cad>45</ns3:cad>
          </ns3:TrackPointExtension>
        </extensions>
      </trkpt>
      <trkpt lat="49.049726910889148712158203125" lon="15.0178808905184268951416015625">
        <ele>580.5999755859375</ele>
        <time>2026-04-05T08:25:47.000Z</time>
        <extensions>
          <ns3:TrackPointExtension>
            <ns3:hr>119</ns3:hr>
            <ns3:cad>45</ns3:cad>
          </ns3:TrackPointExtension>
        </extensions>
      </trkpt>
      <trkpt lat="49.04973973520100116729736328125" lon="15.0178922899067401885986328125">
        <ele>580.79998779296875</ele>
        <time>2026-04-05T08:25:48.000Z</time>
        <extensions>
          <ns3:TrackPointExtension>
            <ns3:hr>119</ns3:hr>
            <ns3:cad>50</ns3:cad>
          </ns3:TrackPointExtension>
        </extensions>
      </trkpt>
      <trkpt lat="49.049748368561267852783203125" lon="15.0178989954292774200439453125">
        <ele>580.79998779296875</ele>
        <time>2026-04-05T08:25:49.000Z</time>
        <extensions>
          <ns3:TrackPointExtension>
            <ns3:hr>118</ns3:hr>
            <ns3:cad>50</ns3:cad>
          </ns3:TrackPointExtension>
        </extensions>
      </trkpt>
      <trkpt lat="49.04975934885442256927490234375" lon="15.01790679059922695159912109375">
        <ele>581</ele>
        <time>2026-04-05T08:25:50.000Z</time>
        <extensions>
          <ns3:TrackPointExtension>
            <ns3:hr>116</ns3:hr>
            <ns3:cad>48</ns3:cad>
          </ns3:TrackPointExtension>
        </extensions>
      </trkpt>
      <trkpt lat="49.04976789839565753936767578125" lon="15.01790754497051239013671875">
        <ele>581.20001220703125</ele>
        <time>2026-04-05T08:25:51.000Z</time>
        <extensions>
          <ns3:TrackPointExtension>
            <ns3:hr>116</ns3:hr>
            <ns3:cad>48</ns3:cad>
          </ns3:TrackPointExtension>
        </extensions>
      </trkpt>
      <trkpt lat="49.04977778904139995574951171875" lon="15.017904527485370635986328125">
        <ele>581.4000244140625</ele>
        <time>2026-04-05T08:25:52.000Z</time>
        <extensions>
          <ns3:TrackPointExtension>
            <ns3:hr>117</ns3:hr>
            <ns3:cad>46</ns3:cad>
          </ns3:TrackPointExtension>
        </extensions>
      </trkpt>
      <trkpt lat="49.04978491365909576416015625" lon="15.01790896989405155181884765625">
        <ele>581.4000244140625</ele>
        <time>2026-04-05T08:25:53.000Z</time>
        <extensions>
          <ns3:TrackPointExtension>
            <ns3:hr>118</ns3:hr>
            <ns3:cad>45</ns3:cad>
          </ns3:TrackPointExtension>
        </extensions>
      </trkpt>
      <trkpt lat="49.049790613353252410888671875" lon="15.01791098155081272125244140625">
        <ele>581.5999755859375</ele>
        <time>2026-04-05T08:25:54.000Z</time>
        <extensions>
          <ns3:TrackPointExtension>
            <ns3:hr>118</ns3:hr>
            <ns3:cad>45</ns3:cad>
          </ns3:TrackPointExtension>
        </extensions>
      </trkpt>
      <trkpt lat="49.0497981570661067962646484375" lon="15.0179171003401279449462890625">
        <ele>581.5999755859375</ele>
        <time>2026-04-05T08:25:55.000Z</time>
        <extensions>
          <ns3:TrackPointExtension>
            <ns3:hr>118</ns3:hr>
            <ns3:cad>40</ns3:cad>
          </ns3:TrackPointExtension>
        </extensions>
      </trkpt>
      <trkpt lat="49.04980679042637348175048828125" lon="15.017926655709743499755859375">
        <ele>581.79998779296875</ele>
        <time>2026-04-05T08:25:56.000Z</time>
        <extensions>
          <ns3:TrackPointExtension>
            <ns3:hr>118</ns3:hr>
            <ns3:cad>40</ns3:cad>
          </ns3:TrackPointExtension>
        </extensions>
      </trkpt>
      <trkpt lat="49.0498135797679424285888671875" lon="15.0179328583180904388427734375">
        <ele>581.79998779296875</ele>
        <time>2026-04-05T08:25:57.000Z</time>
        <extensions>
          <ns3:TrackPointExtension>
            <ns3:hr>117</ns3:hr>
            <ns3:cad>41</ns3:cad>
          </ns3:TrackPointExtension>
        </extensions>
      </trkpt>
      <trkpt lat="49.04982221312820911407470703125" lon="15.01794283278286457061767578125">
        <ele>582</ele>
        <time>2026-04-05T08:25:58.000Z</time>
        <extensions>
          <ns3:TrackPointExtension>
            <ns3:hr>117</ns3:hr>
            <ns3:cad>41</ns3:cad>
          </ns3:TrackPointExtension>
        </extensions>
      </trkpt>
      <trkpt lat="49.0498336963355541229248046875" lon="15.01795272342860698699951171875">
        <ele>582.20001220703125</ele>
        <time>2026-04-05T08:25:59.000Z</time>
        <extensions>
          <ns3:TrackPointExtension>
            <ns3:hr>115</ns3:hr>
            <ns3:cad>40</ns3:cad>
          </ns3:TrackPointExtension>
        </extensions>
      </trkpt>
      <trkpt lat="49.049840904772281646728515625" lon="15.0179613567888736724853515625">
        <ele>582.20001220703125</ele>
        <time>2026-04-05T08:26:00.000Z</time>
        <extensions>
          <ns3:TrackPointExtension>
            <ns3:hr>113</ns3:hr>
            <ns3:cad>40</ns3:cad>
          </ns3:TrackPointExtension>
        </extensions>
      </trkpt>
      <trkpt lat="49.0498484484851360321044921875" lon="15.0179643742740154266357421875">
        <ele>582.4000244140625</ele>
        <time>2026-04-05T08:26:01.000Z</time>
        <extensions>
          <ns3:TrackPointExtension>
            <ns3:hr>113</ns3:hr>
            <ns3:cad>70</ns3:cad>
          </ns3:TrackPointExtension>
        </extensions>
      </trkpt>
      <trkpt lat="49.04985456727445125579833984375" lon="15.0179650448262691497802734375">
        <ele>582.5999755859375</ele>
        <time>2026-04-05T08:26:02.000Z</time>
        <extensions>
          <ns3:TrackPointExtension>
            <ns3:hr>113</ns3:hr>
            <ns3:cad>70</ns3:cad>
          </ns3:TrackPointExtension>
        </extensions>
      </trkpt>
      <trkpt lat="49.0498633682727813720703125" lon="15.0179670564830303192138671875">
        <ele>582.79998779296875</ele>
        <time>2026-04-05T08:26:03.000Z</time>
        <extensions>
          <ns3:TrackPointExtension>
            <ns3:hr>111</ns3:hr>
            <ns3:cad>70</ns3:cad>
          </ns3:TrackPointExtension>
        </extensions>
      </trkpt>
      <trkpt lat="49.049869738519191741943359375" lon="15.01796999014914035797119140625">
        <ele>582.79998779296875</ele>
        <time>2026-04-05T08:26:04.000Z</time>
        <extensions>
          <ns3:TrackPointExtension>
            <ns3:hr>110</ns3:hr>
            <ns3:cad>72</ns3:cad>
          </ns3:TrackPointExtension>
        </extensions>
      </trkpt>
      <trkpt lat="49.04987476766109466552734375" lon="15.017972923815250396728515625">
        <ele>583</ele>
        <time>2026-04-05T08:26:05.000Z</time>
        <extensions>
          <ns3:TrackPointExtension>
            <ns3:hr>107</ns3:hr>
            <ns3:cad>72</ns3:cad>
          </ns3:TrackPointExtension>
        </extensions>
      </trkpt>
      <trkpt lat="49.04987954534590244293212890625" lon="15.017976276576519012451171875">
        <ele>583</ele>
        <time>2026-04-05T08:26:06.000Z</time>
        <extensions>
          <ns3:TrackPointExtension>
            <ns3:hr>106</ns3:hr>
            <ns3:cad>71</ns3:cad>
          </ns3:TrackPointExtension>
        </extensions>
      </trkpt>
      <trkpt lat="49.049886167049407958984375" lon="15.01797837205231189727783203125">
        <ele>583</ele>
        <time>2026-04-05T08:26:07.000Z</time>
        <extensions>
          <ns3:TrackPointExtension>
            <ns3:hr>106</ns3:hr>
            <ns3:cad>71</ns3:cad>
          </ns3:TrackPointExtension>
        </extensions>
      </trkpt>
      <trkpt lat="49.04988943599164485931396484375" lon="15.0179791264235973358154296875">
        <ele>583</ele>
        <time>2026-04-05T08:26:08.000Z</time>
        <extensions>
          <ns3:TrackPointExtension>
            <ns3:hr>106</ns3:hr>
            <ns3:cad>0</ns3:cad>
          </ns3:TrackPointExtension>
        </extensions>
      </trkpt>
      <trkpt lat="49.049887843430042266845703125" lon="15.01798356883227825164794921875">
        <ele>583</ele>
        <time>2026-04-05T08:26:09.000Z</time>
        <extensions>
          <ns3:TrackPointExtension>
            <ns3:hr>105</ns3:hr>
            <ns3:cad>0</ns3:cad>
          </ns3:TrackPointExtension>
        </extensions>
      </trkpt>
      <trkpt lat="49.04988817870616912841796875" lon="15.01798935234546661376953125">
        <ele>583</ele>
        <time>2026-04-05T08:26:10.000Z</time>
        <extensions>
          <ns3:TrackPointExtension>
            <ns3:hr>105</ns3:hr>
            <ns3:cad>0</ns3:cad>
          </ns3:TrackPointExtension>
        </extensions>
      </trkpt>
      <trkpt lat="49.0498870052397251129150390625" lon="15.0179895199835300445556640625">
        <ele>583</ele>
        <time>2026-04-05T08:26:11.000Z</time>
        <extensions>
          <ns3:TrackPointExtension>
            <ns3:hr>105</ns3:hr>
            <ns3:cad>0</ns3:cad>
          </ns3:TrackPointExtension>
        </extensions>
      </trkpt>
      <trkpt lat="49.0498849935829639434814453125" lon="15.01799010671675205230712890625">
        <ele>583</ele>
        <time>2026-04-05T08:26:12.000Z</time>
        <extensions>
          <ns3:TrackPointExtension>
            <ns3:hr>105</ns3:hr>
            <ns3:cad>0</ns3:cad>
          </ns3:TrackPointExtension>
        </extensions>
      </trkpt>
      <trkpt lat="49.04988507740199565887451171875" lon="15.01799228601157665252685546875">
        <ele>583.20001220703125</ele>
        <time>2026-04-05T08:26:13.000Z</time>
        <extensions>
          <ns3:TrackPointExtension>
            <ns3:hr>105</ns3:hr>
            <ns3:cad>0</ns3:cad>
          </ns3:TrackPointExtension>
        </extensions>
      </trkpt>
      <trkpt lat="49.04988558031618595123291015625" lon="15.017988346517086029052734375">
        <ele>583.20001220703125</ele>
        <time>2026-04-05T08:26:14.000Z</time>
        <extensions>
          <ns3:TrackPointExtension>
            <ns3:hr>105</ns3:hr>
            <ns3:cad>0</ns3:cad>
          </ns3:TrackPointExtension>
        </extensions>
      </trkpt>
      <trkpt lat="49.04988407157361507415771484375" lon="15.01799060963094234466552734375">
        <ele>583.20001220703125</ele>
        <time>2026-04-05T08:26:15.000Z</time>
        <extensions>
          <ns3:TrackPointExtension>
            <ns3:hr>104</ns3:hr>
            <ns3:cad>0</ns3:cad>
          </ns3:TrackPointExtension>
        </extensions>
      </trkpt>
      <trkpt lat="49.04988708905875682830810546875" lon="15.017985664308071136474609375">
        <ele>583.4000244140625</ele>
        <time>2026-04-05T08:26:16.000Z</time>
        <extensions>
          <ns3:TrackPointExtension>
            <ns3:hr>104</ns3:hr>
            <ns3:cad>0</ns3:cad>
          </ns3:TrackPointExtension>
        </extensions>
      </trkpt>
      <trkpt lat="49.04988549649715423583984375" lon="15.0179831497371196746826171875">
        <ele>583.4000244140625</ele>
        <time>2026-04-05T08:26:17.000Z</time>
        <extensions>
          <ns3:TrackPointExtension>
            <ns3:hr>104</ns3:hr>
            <ns3:cad>0</ns3:cad>
          </ns3:TrackPointExtension>
        </extensions>
      </trkpt>
      <trkpt lat="49.04988558031618595123291015625" lon="15.0179828144609928131103515625">
        <ele>583.4000244140625</ele>
        <time>2026-04-05T08:26:18.000Z</time>
        <extensions>
          <ns3:TrackPointExtension>
            <ns3:hr>104</ns3:hr>
            <ns3:cad>0</ns3:cad>
          </ns3:TrackPointExtension>
        </extensions>
      </trkpt>
      <trkpt lat="49.04988558031618595123291015625" lon="15.0179828144609928131103515625">
        <ele>583.4000244140625</ele>
        <time>2026-04-05T08:26:19.000Z</time>
        <extensions>
          <ns3:TrackPointExtension>
            <ns3:hr>105</ns3:hr>
            <ns3:cad>0</ns3:cad>
          </ns3:TrackPointExtension>
        </extensions>
      </trkpt>
      <trkpt lat="49.0498853288590908050537109375" lon="15.01798264682292938232421875">
        <ele>583.4000244140625</ele>
        <time>2026-04-05T08:26:20.000Z</time>
        <extensions>
          <ns3:TrackPointExtension>
            <ns3:hr>105</ns3:hr>
            <ns3:cad>0</ns3:cad>
          </ns3:TrackPointExtension>
        </extensions>
      </trkpt>
      <trkpt lat="49.04988549649715423583984375" lon="15.01797703094780445098876953125">
        <ele>583.4000244140625</ele>
        <time>2026-04-05T08:26:21.000Z</time>
        <extensions>
          <ns3:TrackPointExtension>
            <ns3:hr>105</ns3:hr>
            <ns3:cad>0</ns3:cad>
          </ns3:TrackPointExtension>
        </extensions>
      </trkpt>
      <trkpt lat="49.04988558031618595123291015625" lon="15.0179828144609928131103515625">
        <ele>583.4000244140625</ele>
        <time>2026-04-05T08:26:22.000Z</time>
        <extensions>
          <ns3:TrackPointExtension>
            <ns3:hr>106</ns3:hr>
            <ns3:cad>0</ns3:cad>
          </ns3:TrackPointExtension>
        </extensions>
      </trkpt>
      <trkpt lat="49.04988558031618595123291015625" lon="15.0179828144609928131103515625">
        <ele>583.4000244140625</ele>
        <time>2026-04-05T08:26:23.000Z</time>
        <extensions>
          <ns3:TrackPointExtension>
            <ns3:hr>106</ns3:hr>
            <ns3:cad>0</ns3:cad>
          </ns3:TrackPointExtension>
        </extensions>
      </trkpt>
      <trkpt lat="49.04988558031618595123291015625" lon="15.0179828144609928131103515625">
        <ele>583.4000244140625</ele>
        <time>2026-04-05T08:26:24.000Z</time>
        <extensions>
          <ns3:TrackPointExtension>
            <ns3:hr>106</ns3:hr>
            <ns3:cad>0</ns3:cad>
          </ns3:TrackPointExtension>
        </extensions>
      </trkpt>
      <trkpt lat="49.04988558031618595123291015625" lon="15.0179828144609928131103515625">
        <ele>583.4000244140625</ele>
        <time>2026-04-05T08:26:25.000Z</time>
        <extensions>
          <ns3:TrackPointExtension>
            <ns3:hr>106</ns3:hr>
            <ns3:cad>0</ns3:cad>
          </ns3:TrackPointExtension>
        </extensions>
      </trkpt>
      <trkpt lat="49.04988558031618595123291015625" lon="15.0179828144609928131103515625">
        <ele>583.4000244140625</ele>
        <time>2026-04-05T08:26:26.000Z</time>
        <extensions>
          <ns3:TrackPointExtension>
            <ns3:hr>106</ns3:hr>
            <ns3:cad>0</ns3:cad>
          </ns3:TrackPointExtension>
        </extensions>
      </trkpt>
      <trkpt lat="49.04988558031618595123291015625" lon="15.0179828144609928131103515625">
        <ele>583.20001220703125</ele>
        <time>2026-04-05T08:26:27.000Z</time>
        <extensions>
          <ns3:TrackPointExtension>
            <ns3:hr>106</ns3:hr>
            <ns3:cad>0</ns3:cad>
          </ns3:TrackPointExtension>
        </extensions>
      </trkpt>
      <trkpt lat="49.04988558031618595123291015625" lon="15.0179828144609928131103515625">
        <ele>583.20001220703125</ele>
        <time>2026-04-05T08:26:28.000Z</time>
        <extensions>
          <ns3:TrackPointExtension>
            <ns3:hr>106</ns3:hr>
            <ns3:cad>0</ns3:cad>
          </ns3:TrackPointExtension>
        </extensions>
      </trkpt>
      <trkpt lat="49.04988558031618595123291015625" lon="15.0179828144609928131103515625">
        <ele>583.20001220703125</ele>
        <time>2026-04-05T08:26:29.000Z</time>
        <extensions>
          <ns3:TrackPointExtension>
            <ns3:hr>106</ns3:hr>
            <ns3:cad>0</ns3:cad>
          </ns3:TrackPointExtension>
        </extensions>
      </trkpt>
      <trkpt lat="49.04988558031618595123291015625" lon="15.0179828144609928131103515625">
        <ele>583.20001220703125</ele>
        <time>2026-04-05T08:26:30.000Z</time>
        <extensions>
          <ns3:TrackPointExtension>
            <ns3:hr>104</ns3:hr>
            <ns3:cad>0</ns3:cad>
          </ns3:TrackPointExtension>
        </extensions>
      </trkpt>
      <trkpt lat="49.04988558031618595123291015625" lon="15.0179828144609928131103515625">
        <ele>583.20001220703125</ele>
        <time>2026-04-05T08:26:31.000Z</time>
        <extensions>
          <ns3:TrackPointExtension>
            <ns3:hr>98</ns3:hr>
            <ns3:cad>0</ns3:cad>
          </ns3:TrackPointExtension>
        </extensions>
      </trkpt>
      <trkpt lat="49.04988558031618595123291015625" lon="15.0179828144609928131103515625">
        <ele>583.20001220703125</ele>
        <time>2026-04-05T08:26:32.000Z</time>
        <extensions>
          <ns3:TrackPointExtension>
            <ns3:hr>94</ns3:hr>
            <ns3:cad>0</ns3:cad>
          </ns3:TrackPointExtension>
        </extensions>
      </trkpt>
      <trkpt lat="49.04988558031618595123291015625" lon="15.0179828144609928131103515625">
        <ele>583.20001220703125</ele>
        <time>2026-04-05T08:26:33.000Z</time>
        <extensions>
          <ns3:TrackPointExtension>
            <ns3:hr>93</ns3:hr>
            <ns3:cad>0</ns3:cad>
          </ns3:TrackPointExtension>
        </extensions>
      </trkpt>
      <trkpt lat="49.04988558031618595123291015625" lon="15.0179828144609928131103515625">
        <ele>583.20001220703125</ele>
        <time>2026-04-05T08:26:34.000Z</time>
        <extensions>
          <ns3:TrackPointExtension>
            <ns3:hr>92</ns3:hr>
            <ns3:cad>0</ns3:cad>
          </ns3:TrackPointExtension>
        </extensions>
      </trkpt>
      <trkpt lat="49.04988558031618595123291015625" lon="15.0179828144609928131103515625">
        <ele>583.20001220703125</ele>
        <time>2026-04-05T08:26:35.000Z</time>
        <extensions>
          <ns3:TrackPointExtension>
            <ns3:hr>91</ns3:hr>
            <ns3:cad>0</ns3:cad>
          </ns3:TrackPointExtension>
        </extensions>
      </trkpt>
      <trkpt lat="49.04988558031618595123291015625" lon="15.0179828144609928131103515625">
        <ele>583.20001220703125</ele>
        <time>2026-04-05T08:26:36.000Z</time>
        <extensions>
          <ns3:TrackPointExtension>
            <ns3:hr>89</ns3:hr>
            <ns3:cad>0</ns3:cad>
          </ns3:TrackPointExtension>
        </extensions>
      </trkpt>
      <trkpt lat="49.04988558031618595123291015625" lon="15.0179828144609928131103515625">
        <ele>583.20001220703125</ele>
        <time>2026-04-05T08:26:37.000Z</time>
        <extensions>
          <ns3:TrackPointExtension>
            <ns3:hr>85</ns3:hr>
            <ns3:cad>0</ns3:cad>
          </ns3:TrackPointExtension>
        </extensions>
      </trkpt>
      <trkpt lat="49.04988558031618595123291015625" lon="15.0179828144609928131103515625">
        <ele>583.20001220703125</ele>
        <time>2026-04-05T08:26:38.000Z</time>
        <extensions>
          <ns3:TrackPointExtension>
            <ns3:hr>83</ns3:hr>
            <ns3:cad>0</ns3:cad>
          </ns3:TrackPointExtension>
        </extensions>
      </trkpt>
      <trkpt lat="49.04988558031618595123291015625" lon="15.0179828144609928131103515625">
        <ele>583.20001220703125</ele>
        <time>2026-04-05T08:26:39.000Z</time>
        <extensions>
          <ns3:TrackPointExtension>
            <ns3:hr>83</ns3:hr>
            <ns3:cad>0</ns3:cad>
          </ns3:TrackPointExtension>
        </extensions>
      </trkpt>
      <trkpt lat="49.04988558031618595123291015625" lon="15.0179828144609928131103515625">
        <ele>583.20001220703125</ele>
        <time>2026-04-05T08:26:40.000Z</time>
        <extensions>
          <ns3:TrackPointExtension>
            <ns3:hr>83</ns3:hr>
            <ns3:cad>0</ns3:cad>
          </ns3:TrackPointExtension>
        </extensions>
      </trkpt>
      <trkpt lat="49.04988558031618595123291015625" lon="15.0179828144609928131103515625">
        <ele>583.20001220703125</ele>
        <time>2026-04-05T08:26:41.000Z</time>
        <extensions>
          <ns3:TrackPointExtension>
            <ns3:hr>84</ns3:hr>
            <ns3:cad>0</ns3:cad>
          </ns3:TrackPointExtension>
        </extensions>
      </trkpt>
      <trkpt lat="49.04988558031618595123291015625" lon="15.0179828144609928131103515625">
        <ele>583.20001220703125</ele>
        <time>2026-04-05T08:26:42.000Z</time>
        <extensions>
          <ns3:TrackPointExtension>
            <ns3:hr>85</ns3:hr>
            <ns3:cad>0</ns3:cad>
          </ns3:TrackPointExtension>
        </extensions>
      </trkpt>
      <trkpt lat="49.04988558031618595123291015625" lon="15.0179828144609928131103515625">
        <ele>583.20001220703125</ele>
        <time>2026-04-05T08:26:43.000Z</time>
        <extensions>
          <ns3:TrackPointExtension>
            <ns3:hr>85</ns3:hr>
            <ns3:cad>0</ns3:cad>
          </ns3:TrackPointExtension>
        </extensions>
      </trkpt>
      <trkpt lat="49.04988558031618595123291015625" lon="15.0179828144609928131103515625">
        <ele>583.20001220703125</ele>
        <time>2026-04-05T08:26:44.000Z</time>
        <extensions>
          <ns3:TrackPointExtension>
            <ns3:hr>86</ns3:hr>
            <ns3:cad>0</ns3:cad>
          </ns3:TrackPointExtension>
        </extensions>
      </trkpt>
      <trkpt lat="49.04988558031618595123291015625" lon="15.0179828144609928131103515625">
        <ele>583.20001220703125</ele>
        <time>2026-04-05T08:26:45.000Z</time>
        <extensions>
          <ns3:TrackPointExtension>
            <ns3:hr>87</ns3:hr>
            <ns3:cad>0</ns3:cad>
          </ns3:TrackPointExtension>
        </extensions>
      </trkpt>
      <trkpt lat="49.04988558031618595123291015625" lon="15.0179828144609928131103515625">
        <ele>583.20001220703125</ele>
        <time>2026-04-05T08:26:46.000Z</time>
        <extensions>
          <ns3:TrackPointExtension>
            <ns3:hr>86</ns3:hr>
            <ns3:cad>0</ns3:cad>
          </ns3:TrackPointExtension>
        </extensions>
      </trkpt>
      <trkpt lat="49.04988558031618595123291015625" lon="15.0179828144609928131103515625">
        <ele>583.20001220703125</ele>
        <time>2026-04-05T08:26:47.000Z</time>
        <extensions>
          <ns3:TrackPointExtension>
            <ns3:hr>86</ns3:hr>
            <ns3:cad>0</ns3:cad>
          </ns3:TrackPointExtension>
        </extensions>
      </trkpt>
      <trkpt lat="49.04988558031618595123291015625" lon="15.0179828144609928131103515625">
        <ele>583.20001220703125</ele>
        <time>2026-04-05T08:26:48.000Z</time>
        <extensions>
          <ns3:TrackPointExtension>
            <ns3:hr>85</ns3:hr>
            <ns3:cad>0</ns3:cad>
          </ns3:TrackPointExtension>
        </extensions>
      </trkpt>
      <trkpt lat="49.04988558031618595123291015625" lon="15.0179828144609928131103515625">
        <ele>583.20001220703125</ele>
        <time>2026-04-05T08:26:49.000Z</time>
        <extensions>
          <ns3:TrackPointExtension>
            <ns3:hr>83</ns3:hr>
            <ns3:cad>0</ns3:cad>
          </ns3:TrackPointExtension>
        </extensions>
      </trkpt>
      <trkpt lat="49.04988558031618595123291015625" lon="15.0179828144609928131103515625">
        <ele>583.20001220703125</ele>
        <time>2026-04-05T08:26:50.000Z</time>
        <extensions>
          <ns3:TrackPointExtension>
            <ns3:hr>81</ns3:hr>
            <ns3:cad>0</ns3:cad>
          </ns3:TrackPointExtension>
        </extensions>
      </trkpt>
      <trkpt lat="49.04988558031618595123291015625" lon="15.0179828144609928131103515625">
        <ele>583.20001220703125</ele>
        <time>2026-04-05T08:26:51.000Z</time>
        <extensions>
          <ns3:TrackPointExtension>
            <ns3:hr>80</ns3:hr>
            <ns3:cad>0</ns3:cad>
          </ns3:TrackPointExtension>
        </extensions>
      </trkpt>
      <trkpt lat="49.04988558031618595123291015625" lon="15.0179828144609928131103515625">
        <ele>583.20001220703125</ele>
        <time>2026-04-05T08:26:52.000Z</time>
        <extensions>
          <ns3:TrackPointExtension>
            <ns3:hr>79</ns3:hr>
            <ns3:cad>0</ns3:cad>
          </ns3:TrackPointExtension>
        </extensions>
      </trkpt>
      <trkpt lat="49.04988558031618595123291015625" lon="15.0179828144609928131103515625">
        <ele>583.20001220703125</ele>
        <time>2026-04-05T08:26:53.000Z</time>
        <extensions>
          <ns3:TrackPointExtension>
            <ns3:hr>80</ns3:hr>
            <ns3:cad>0</ns3:cad>
          </ns3:TrackPointExtension>
        </extensions>
      </trkpt>
      <trkpt lat="49.04988558031618595123291015625" lon="15.0179828144609928131103515625">
        <ele>583.20001220703125</ele>
        <time>2026-04-05T08:26:54.000Z</time>
        <extensions>
          <ns3:TrackPointExtension>
            <ns3:hr>79</ns3:hr>
            <ns3:cad>0</ns3:cad>
          </ns3:TrackPointExtension>
        </extensions>
      </trkpt>
      <trkpt lat="49.04988558031618595123291015625" lon="15.0179828144609928131103515625">
        <ele>583.20001220703125</ele>
        <time>2026-04-05T08:26:55.000Z</time>
        <extensions>
          <ns3:TrackPointExtension>
            <ns3:hr>79</ns3:hr>
            <ns3:cad>0</ns3:cad>
          </ns3:TrackPointExtension>
        </extensions>
      </trkpt>
      <trkpt lat="49.04988558031618595123291015625" lon="15.0179828144609928131103515625">
        <ele>583.20001220703125</ele>
        <time>2026-04-05T08:26:56.000Z</time>
        <extensions>
          <ns3:TrackPointExtension>
            <ns3:hr>79</ns3:hr>
            <ns3:cad>0</ns3:cad>
          </ns3:TrackPointExtension>
        </extensions>
      </trkpt>
      <trkpt lat="49.04988558031618595123291015625" lon="15.0179828144609928131103515625">
        <ele>583.20001220703125</ele>
        <time>2026-04-05T08:26:57.000Z</time>
        <extensions>
          <ns3:TrackPointExtension>
            <ns3:hr>81</ns3:hr>
            <ns3:cad>0</ns3:cad>
          </ns3:TrackPointExtension>
        </extensions>
      </trkpt>
      <trkpt lat="49.04988558031618595123291015625" lon="15.0179828144609928131103515625">
        <ele>583.20001220703125</ele>
        <time>2026-04-05T08:26:58.000Z</time>
        <extensions>
          <ns3:TrackPointExtension>
            <ns3:hr>81</ns3:hr>
            <ns3:cad>0</ns3:cad>
          </ns3:TrackPointExtension>
        </extensions>
      </trkpt>
      <trkpt lat="49.04988558031618595123291015625" lon="15.0179828144609928131103515625">
        <ele>583.20001220703125</ele>
        <time>2026-04-05T08:26:59.000Z</time>
        <extensions>
          <ns3:TrackPointExtension>
            <ns3:hr>81</ns3:hr>
            <ns3:cad>0</ns3:cad>
          </ns3:TrackPointExtension>
        </extensions>
      </trkpt>
      <trkpt lat="49.04988558031618595123291015625" lon="15.0179828144609928131103515625">
        <ele>583.20001220703125</ele>
        <time>2026-04-05T08:27:00.000Z</time>
        <extensions>
          <ns3:TrackPointExtension>
            <ns3:hr>80</ns3:hr>
            <ns3:cad>0</ns3:cad>
          </ns3:TrackPointExtension>
        </extensions>
      </trkpt>
      <trkpt lat="49.04988558031618595123291015625" lon="15.0179828144609928131103515625">
        <ele>583.20001220703125</ele>
        <time>2026-04-05T08:27:01.000Z</time>
        <extensions>
          <ns3:TrackPointExtension>
            <ns3:hr>80</ns3:hr>
            <ns3:cad>0</ns3:cad>
          </ns3:TrackPointExtension>
        </extensions>
      </trkpt>
      <trkpt lat="49.04988558031618595123291015625" lon="15.0179828144609928131103515625">
        <ele>583</ele>
        <time>2026-04-05T08:27:02.000Z</time>
        <extensions>
          <ns3:TrackPointExtension>
            <ns3:hr>79</ns3:hr>
            <ns3:cad>0</ns3:cad>
          </ns3:TrackPointExtension>
        </extensions>
      </trkpt>
      <trkpt lat="49.04988558031618595123291015625" lon="15.0179828144609928131103515625">
        <ele>583</ele>
        <time>2026-04-05T08:27:03.000Z</time>
        <extensions>
          <ns3:TrackPointExtension>
            <ns3:hr>79</ns3:hr>
            <ns3:cad>0</ns3:cad>
          </ns3:TrackPointExtension>
        </extensions>
      </trkpt>
      <trkpt lat="49.04988558031618595123291015625" lon="15.0179828144609928131103515625">
        <ele>583</ele>
        <time>2026-04-05T08:27:04.000Z</time>
        <extensions>
          <ns3:TrackPointExtension>
            <ns3:hr>76</ns3:hr>
            <ns3:cad>0</ns3:cad>
          </ns3:TrackPointExtension>
        </extensions>
      </trkpt>
      <trkpt lat="49.04988558031618595123291015625" lon="15.0179828144609928131103515625">
        <ele>583</ele>
        <time>2026-04-05T08:27:05.000Z</time>
        <extensions>
          <ns3:TrackPointExtension>
            <ns3:hr>75</ns3:hr>
            <ns3:cad>0</ns3:cad>
          </ns3:TrackPointExtension>
        </extensions>
      </trkpt>
      <trkpt lat="49.04988558031618595123291015625" lon="15.0179828144609928131103515625">
        <ele>583</ele>
        <time>2026-04-05T08:27:06.000Z</time>
        <extensions>
          <ns3:TrackPointExtension>
            <ns3:hr>74</ns3:hr>
            <ns3:cad>0</ns3:cad>
          </ns3:TrackPointExtension>
        </extensions>
      </trkpt>
      <trkpt lat="49.04988558031618595123291015625" lon="15.0179828144609928131103515625">
        <ele>583</ele>
        <time>2026-04-05T08:27:07.000Z</time>
        <extensions>
          <ns3:TrackPointExtension>
            <ns3:hr>74</ns3:hr>
            <ns3:cad>0</ns3:cad>
          </ns3:TrackPointExtension>
        </extensions>
      </trkpt>
      <trkpt lat="49.04988558031618595123291015625" lon="15.0179828144609928131103515625">
        <ele>583</ele>
        <time>2026-04-05T08:27:08.000Z</time>
        <extensions>
          <ns3:TrackPointExtension>
            <ns3:hr>74</ns3:hr>
            <ns3:cad>0</ns3:cad>
          </ns3:TrackPointExtension>
        </extensions>
      </trkpt>
      <trkpt lat="49.04988558031618595123291015625" lon="15.0179828144609928131103515625">
        <ele>583</ele>
        <time>2026-04-05T08:27:09.000Z</time>
        <extensions>
          <ns3:TrackPointExtension>
            <ns3:hr>74</ns3:hr>
            <ns3:cad>0</ns3:cad>
          </ns3:TrackPointExtension>
        </extensions>
      </trkpt>
      <trkpt lat="49.04988558031618595123291015625" lon="15.0179828144609928131103515625">
        <ele>583</ele>
        <time>2026-04-05T08:27:10.000Z</time>
        <extensions>
          <ns3:TrackPointExtension>
            <ns3:hr>76</ns3:hr>
            <ns3:cad>0</ns3:cad>
          </ns3:TrackPointExtension>
        </extensions>
      </trkpt>
      <trkpt lat="49.04988558031618595123291015625" lon="15.0179828144609928131103515625">
        <ele>583</ele>
        <time>2026-04-05T08:27:11.000Z</time>
        <extensions>
          <ns3:TrackPointExtension>
            <ns3:hr>77</ns3:hr>
            <ns3:cad>0</ns3:cad>
          </ns3:TrackPointExtension>
        </extensions>
      </trkpt>
      <trkpt lat="49.04988558031618595123291015625" lon="15.0179828144609928131103515625">
        <ele>583</ele>
        <time>2026-04-05T08:27:12.000Z</time>
        <extensions>
          <ns3:TrackPointExtension>
            <ns3:hr>77</ns3:hr>
            <ns3:cad>0</ns3:cad>
          </ns3:TrackPointExtension>
        </extensions>
      </trkpt>
      <trkpt lat="49.04988558031618595123291015625" lon="15.0179828144609928131103515625">
        <ele>583</ele>
        <time>2026-04-05T08:27:13.000Z</time>
        <extensions>
          <ns3:TrackPointExtension>
            <ns3:hr>76</ns3:hr>
            <ns3:cad>0</ns3:cad>
          </ns3:TrackPointExtension>
        </extensions>
      </trkpt>
      <trkpt lat="49.04988558031618595123291015625" lon="15.0179828144609928131103515625">
        <ele>583</ele>
        <time>2026-04-05T08:27:14.000Z</time>
        <extensions>
          <ns3:TrackPointExtension>
            <ns3:hr>75</ns3:hr>
            <ns3:cad>0</ns3:cad>
          </ns3:TrackPointExtension>
        </extensions>
      </trkpt>
      <trkpt lat="49.04988558031618595123291015625" lon="15.0179828144609928131103515625">
        <ele>583</ele>
        <time>2026-04-05T08:27:15.000Z</time>
        <extensions>
          <ns3:TrackPointExtension>
            <ns3:hr>75</ns3:hr>
            <ns3:cad>0</ns3:cad>
          </ns3:TrackPointExtension>
        </extensions>
      </trkpt>
      <trkpt lat="49.04988558031618595123291015625" lon="15.0179828144609928131103515625">
        <ele>583</ele>
        <time>2026-04-05T08:27:16.000Z</time>
        <extensions>
          <ns3:TrackPointExtension>
            <ns3:hr>75</ns3:hr>
            <ns3:cad>0</ns3:cad>
          </ns3:TrackPointExtension>
        </extensions>
      </trkpt>
      <trkpt lat="49.04988558031618595123291015625" lon="15.0179828144609928131103515625">
        <ele>583</ele>
        <time>2026-04-05T08:27:17.000Z</time>
        <extensions>
          <ns3:TrackPointExtension>
            <ns3:hr>74</ns3:hr>
            <ns3:cad>0</ns3:cad>
          </ns3:TrackPointExtension>
        </extensions>
      </trkpt>
      <trkpt lat="49.04988558031618595123291015625" lon="15.0179828144609928131103515625">
        <ele>583</ele>
        <time>2026-04-05T08:27:18.000Z</time>
        <extensions>
          <ns3:TrackPointExtension>
            <ns3:hr>71</ns3:hr>
            <ns3:cad>0</ns3:cad>
          </ns3:TrackPointExtension>
        </extensions>
      </trkpt>
      <trkpt lat="49.04988558031618595123291015625" lon="15.0179828144609928131103515625">
        <ele>583</ele>
        <time>2026-04-05T08:27:19.000Z</time>
        <extensions>
          <ns3:TrackPointExtension>
            <ns3:hr>71</ns3:hr>
            <ns3:cad>0</ns3:cad>
          </ns3:TrackPointExtension>
        </extensions>
      </trkpt>
      <trkpt lat="49.0498746000230312347412109375" lon="15.01797015778720378875732421875">
        <ele>583</ele>
        <time>2026-04-05T08:27:20.000Z</time>
        <extensions>
          <ns3:TrackPointExtension>
            <ns3:hr>75</ns3:hr>
            <ns3:cad>0</ns3:cad>
          </ns3:TrackPointExtension>
        </extensions>
      </trkpt>
      <trkpt lat="49.0498742647469043731689453125" lon="15.0179694034159183502197265625">
        <ele>583</ele>
        <time>2026-04-05T08:27:21.000Z</time>
        <extensions>
          <ns3:TrackPointExtension>
            <ns3:hr>76</ns3:hr>
            <ns3:cad>0</ns3:cad>
          </ns3:TrackPointExtension>
        </extensions>
      </trkpt>
      <trkpt lat="49.0498742647469043731689453125" lon="15.0179694034159183502197265625">
        <ele>583</ele>
        <time>2026-04-05T08:27:22.000Z</time>
        <extensions>
          <ns3:TrackPointExtension>
            <ns3:hr>78</ns3:hr>
            <ns3:cad>0</ns3:cad>
          </ns3:TrackPointExtension>
        </extensions>
      </trkpt>
      <trkpt lat="49.0498742647469043731689453125" lon="15.0179694034159183502197265625">
        <ele>583</ele>
        <time>2026-04-05T08:27:23.000Z</time>
        <extensions>
          <ns3:TrackPointExtension>
            <ns3:hr>78</ns3:hr>
            <ns3:cad>0</ns3:cad>
          </ns3:TrackPointExtension>
        </extensions>
      </trkpt>
      <trkpt lat="49.0498742647469043731689453125" lon="15.0179694034159183502197265625">
        <ele>582.79998779296875</ele>
        <time>2026-04-05T08:27:24.000Z</time>
        <extensions>
          <ns3:TrackPointExtension>
            <ns3:hr>77</ns3:hr>
            <ns3:cad>0</ns3:cad>
          </ns3:TrackPointExtension>
        </extensions>
      </trkpt>
      <trkpt lat="49.0498742647469043731689453125" lon="15.0179694034159183502197265625">
        <ele>582.79998779296875</ele>
        <time>2026-04-05T08:27:25.000Z</time>
        <extensions>
          <ns3:TrackPointExtension>
            <ns3:hr>77</ns3:hr>
            <ns3:cad>0</ns3:cad>
          </ns3:TrackPointExtension>
        </extensions>
      </trkpt>
      <trkpt lat="49.0498742647469043731689453125" lon="15.0179694034159183502197265625">
        <ele>583</ele>
        <time>2026-04-05T08:27:26.000Z</time>
        <extensions>
          <ns3:TrackPointExtension>
            <ns3:hr>75</ns3:hr>
            <ns3:cad>0</ns3:cad>
          </ns3:TrackPointExtension>
        </extensions>
      </trkpt>
      <trkpt lat="49.0498742647469043731689453125" lon="15.0179694034159183502197265625">
        <ele>583</ele>
        <time>2026-04-05T08:27:27.000Z</time>
        <extensions>
          <ns3:TrackPointExtension>
            <ns3:hr>75</ns3:hr>
            <ns3:cad>0</ns3:cad>
          </ns3:TrackPointExtension>
        </extensions>
      </trkpt>
      <trkpt lat="49.0498742647469043731689453125" lon="15.0179694034159183502197265625">
        <ele>583</ele>
        <time>2026-04-05T08:27:28.000Z</time>
        <extensions>
          <ns3:TrackPointExtension>
            <ns3:hr>74</ns3:hr>
            <ns3:cad>0</ns3:cad>
          </ns3:TrackPointExtension>
        </extensions>
      </trkpt>
      <trkpt lat="49.0498742647469043731689453125" lon="15.0179694034159183502197265625">
        <ele>583</ele>
        <time>2026-04-05T08:27:29.000Z</time>
        <extensions>
          <ns3:TrackPointExtension>
            <ns3:hr>73</ns3:hr>
            <ns3:cad>0</ns3:cad>
          </ns3:TrackPointExtension>
        </extensions>
      </trkpt>
      <trkpt lat="49.049872420728206634521484375" lon="15.01796311698853969573974609375">
        <ele>583</ele>
        <time>2026-04-05T08:27:30.000Z</time>
        <extensions>
          <ns3:TrackPointExtension>
            <ns3:hr>73</ns3:hr>
            <ns3:cad>0</ns3:cad>
          </ns3:TrackPointExtension>
        </extensions>
      </trkpt>
      <trkpt lat="49.04986672103404998779296875" lon="15.01795087940990924835205078125">
        <ele>583</ele>
        <time>2026-04-05T08:27:31.000Z</time>
        <extensions>
          <ns3:TrackPointExtension>
            <ns3:hr>73</ns3:hr>
            <ns3:cad>0</ns3:cad>
          </ns3:TrackPointExtension>
        </extensions>
      </trkpt>
      <trkpt lat="49.04985993169248104095458984375" lon="15.01794216223061084747314453125">
        <ele>583</ele>
        <time>2026-04-05T08:27:32.000Z</time>
        <extensions>
          <ns3:TrackPointExtension>
            <ns3:hr>73</ns3:hr>
            <ns3:cad>0</ns3:cad>
          </ns3:TrackPointExtension>
        </extensions>
      </trkpt>
      <trkpt lat="49.0498564951121807098388671875" lon="15.017938055098056793212890625">
        <ele>583</ele>
        <time>2026-04-05T08:27:33.000Z</time>
        <extensions>
          <ns3:TrackPointExtension>
            <ns3:hr>73</ns3:hr>
            <ns3:cad>0</ns3:cad>
          </ns3:TrackPointExtension>
        </extensions>
      </trkpt>
      <trkpt lat="49.049853645265102386474609375" lon="15.01793713308870792388916015625">
        <ele>583</ele>
        <time>2026-04-05T08:27:34.000Z</time>
        <extensions>
          <ns3:TrackPointExtension>
            <ns3:hr>73</ns3:hr>
            <ns3:cad>0</ns3:cad>
          </ns3:TrackPointExtension>
        </extensions>
      </trkpt>
      <trkpt lat="49.04985087923705577850341796875" lon="15.0179352052509784698486328125">
        <ele>583</ele>
        <time>2026-04-05T08:27:35.000Z</time>
        <extensions>
          <ns3:TrackPointExtension>
            <ns3:hr>73</ns3:hr>
            <ns3:cad>0</ns3:cad>
          </ns3:TrackPointExtension>
        </extensions>
      </trkpt>
      <trkpt lat="49.04984853230416774749755859375" lon="15.017932020127773284912109375">
        <ele>583</ele>
        <time>2026-04-05T08:27:36.000Z</time>
        <extensions>
          <ns3:TrackPointExtension>
            <ns3:hr>74</ns3:hr>
            <ns3:cad>0</ns3:cad>
          </ns3:TrackPointExtension>
        </extensions>
      </trkpt>
      <trkpt lat="49.0498459339141845703125" lon="15.0179298408329486846923828125">
        <ele>583</ele>
        <time>2026-04-05T08:27:37.000Z</time>
        <extensions>
          <ns3:TrackPointExtension>
            <ns3:hr>73</ns3:hr>
            <ns3:cad>0</ns3:cad>
          </ns3:TrackPointExtension>
        </extensions>
      </trkpt>
      <trkpt lat="49.04984316788613796234130859375" lon="15.01792757771909236907958984375">
        <ele>583</ele>
        <time>2026-04-05T08:27:38.000Z</time>
        <extensions>
          <ns3:TrackPointExtension>
            <ns3:hr>73</ns3:hr>
            <ns3:cad>0</ns3:cad>
          </ns3:TrackPointExtension>
        </extensions>
      </trkpt>
      <trkpt lat="49.0498430840671062469482421875" lon="15.01792456023395061492919921875">
        <ele>582.79998779296875</ele>
        <time>2026-04-05T08:27:39.000Z</time>
        <extensions>
          <ns3:TrackPointExtension>
            <ns3:hr>74</ns3:hr>
            <ns3:cad>0</ns3:cad>
          </ns3:TrackPointExtension>
        </extensions>
      </trkpt>
      <trkpt lat="49.049843251705169677734375" lon="15.01792271621525287628173828125">
        <ele>582.79998779296875</ele>
        <time>2026-04-05T08:27:40.000Z</time>
        <extensions>
          <ns3:TrackPointExtension>
            <ns3:hr>74</ns3:hr>
            <ns3:cad>0</ns3:cad>
          </ns3:TrackPointExtension>
        </extensions>
      </trkpt>
      <trkpt lat="49.04984534718096256256103515625" lon="15.01792095601558685302734375">
        <ele>582.79998779296875</ele>
        <time>2026-04-05T08:27:41.000Z</time>
        <extensions>
          <ns3:TrackPointExtension>
            <ns3:hr>74</ns3:hr>
            <ns3:cad>0</ns3:cad>
          </ns3:TrackPointExtension>
        </extensions>
      </trkpt>
      <trkpt lat="49.04984928667545318603515625" lon="15.0179229676723480224609375">
        <ele>582.79998779296875</ele>
        <time>2026-04-05T08:27:42.000Z</time>
        <extensions>
          <ns3:TrackPointExtension>
            <ns3:hr>74</ns3:hr>
            <ns3:cad>0</ns3:cad>
          </ns3:TrackPointExtension>
        </extensions>
      </trkpt>
      <trkpt lat="49.0498501248657703399658203125" lon="15.01792506314814090728759765625">
        <ele>582.79998779296875</ele>
        <time>2026-04-05T08:27:43.000Z</time>
        <extensions>
          <ns3:TrackPointExtension>
            <ns3:hr>74</ns3:hr>
            <ns3:cad>0</ns3:cad>
          </ns3:TrackPointExtension>
        </extensions>
      </trkpt>
      <trkpt lat="49.04985205270349979400634765625" lon="15.01792640425264835357666015625">
        <ele>582.79998779296875</ele>
        <time>2026-04-05T08:27:44.000Z</time>
        <extensions>
          <ns3:TrackPointExtension>
            <ns3:hr>73</ns3:hr>
            <ns3:cad>0</ns3:cad>
          </ns3:TrackPointExtension>
        </extensions>
      </trkpt>
      <trkpt lat="49.04985574074089527130126953125" lon="15.0179291702806949615478515625">
        <ele>582.79998779296875</ele>
        <time>2026-04-05T08:27:45.000Z</time>
        <extensions>
          <ns3:TrackPointExtension>
            <ns3:hr>73</ns3:hr>
            <ns3:cad>0</ns3:cad>
          </ns3:TrackPointExtension>
        </extensions>
      </trkpt>
      <trkpt lat="49.04985867440700531005859375" lon="15.01793076284229755401611328125">
        <ele>582.79998779296875</ele>
        <time>2026-04-05T08:27:46.000Z</time>
        <extensions>
          <ns3:TrackPointExtension>
            <ns3:hr>73</ns3:hr>
            <ns3:cad>0</ns3:cad>
          </ns3:TrackPointExtension>
        </extensions>
      </trkpt>
      <trkpt lat="49.04985792003571987152099609375" lon="15.017930008471012115478515625">
        <ele>582.79998779296875</ele>
        <time>2026-04-05T08:27:47.000Z</time>
        <extensions>
          <ns3:TrackPointExtension>
            <ns3:hr>74</ns3:hr>
            <ns3:cad>0</ns3:cad>
          </ns3:TrackPointExtension>
        </extensions>
      </trkpt>
      <trkpt lat="49.04985892586410045623779296875" lon="15.0179301761090755462646484375">
        <ele>582.79998779296875</ele>
        <time>2026-04-05T08:27:48.000Z</time>
        <extensions>
          <ns3:TrackPointExtension>
            <ns3:hr>74</ns3:hr>
            <ns3:cad>0</ns3:cad>
          </ns3:TrackPointExtension>
        </extensions>
      </trkpt>
      <trkpt lat="49.04986026696860790252685546875" lon="15.01793445087969303131103515625">
        <ele>582.79998779296875</ele>
        <time>2026-04-05T08:27:49.000Z</time>
        <extensions>
          <ns3:TrackPointExtension>
            <ns3:hr>74</ns3:hr>
            <ns3:cad>0</ns3:cad>
          </ns3:TrackPointExtension>
        </extensions>
      </trkpt>
      <trkpt lat="49.0498621948063373565673828125" lon="15.0179362110793590545654296875">
        <ele>582.79998779296875</ele>
        <time>2026-04-05T08:27:50.000Z</time>
        <extensions>
          <ns3:TrackPointExtension>
            <ns3:hr>75</ns3:hr>
            <ns3:cad>0</ns3:cad>
          </ns3:TrackPointExtension>
        </extensions>
      </trkpt>
      <trkpt lat="49.04986160807311534881591796875" lon="15.01793797127902507781982421875">
        <ele>582.79998779296875</ele>
        <time>2026-04-05T08:27:51.000Z</time>
        <extensions>
          <ns3:TrackPointExtension>
            <ns3:hr>75</ns3:hr>
            <ns3:cad>0</ns3:cad>
          </ns3:TrackPointExtension>
        </extensions>
      </trkpt>
      <trkpt lat="49.0498625300824642181396484375" lon="15.0179390609264373779296875">
        <ele>582.79998779296875</ele>
        <time>2026-04-05T08:27:52.000Z</time>
        <extensions>
          <ns3:TrackPointExtension>
            <ns3:hr>75</ns3:hr>
            <ns3:cad>0</ns3:cad>
          </ns3:TrackPointExtension>
        </extensions>
      </trkpt>
      <trkpt lat="49.04986160807311534881591796875" lon="15.017940066754817962646484375">
        <ele>582.79998779296875</ele>
        <time>2026-04-05T08:27:53.000Z</time>
        <extensions>
          <ns3:TrackPointExtension>
            <ns3:hr>75</ns3:hr>
            <ns3:cad>0</ns3:cad>
          </ns3:TrackPointExtension>
        </extensions>
      </trkpt>
      <trkpt lat="49.04986177571117877960205078125" lon="15.01793998293578624725341796875">
        <ele>582.79998779296875</ele>
        <time>2026-04-05T08:27:54.000Z</time>
        <extensions>
          <ns3:TrackPointExtension>
            <ns3:hr>75</ns3:hr>
            <ns3:cad>0</ns3:cad>
          </ns3:TrackPointExtension>
        </extensions>
      </trkpt>
      <trkpt lat="49.0498621948063373565673828125" lon="15.0179412402212619781494140625">
        <ele>582.79998779296875</ele>
        <time>2026-04-05T08:27:55.000Z</time>
        <extensions>
          <ns3:TrackPointExtension>
            <ns3:hr>75</ns3:hr>
            <ns3:cad>0</ns3:cad>
          </ns3:TrackPointExtension>
        </extensions>
      </trkpt>
      <trkpt lat="49.04986135661602020263671875" lon="15.0179422460496425628662109375">
        <ele>582.79998779296875</ele>
        <time>2026-04-05T08:27:56.000Z</time>
        <extensions>
          <ns3:TrackPointExtension>
            <ns3:hr>75</ns3:hr>
            <ns3:cad>0</ns3:cad>
          </ns3:TrackPointExtension>
        </extensions>
      </trkpt>
      <trkpt lat="49.0498618595302104949951171875" lon="15.01794241368770599365234375">
        <ele>582.79998779296875</ele>
        <time>2026-04-05T08:27:57.000Z</time>
        <extensions>
          <ns3:TrackPointExtension>
            <ns3:hr>76</ns3:hr>
            <ns3:cad>0</ns3:cad>
          </ns3:TrackPointExtension>
        </extensions>
      </trkpt>
      <trkpt lat="49.04986076988279819488525390625" lon="15.0179417431354522705078125">
        <ele>582.79998779296875</ele>
        <time>2026-04-05T08:27:58.000Z</time>
        <extensions>
          <ns3:TrackPointExtension>
            <ns3:hr>77</ns3:hr>
            <ns3:cad>0</ns3:cad>
          </ns3:TrackPointExtension>
        </extensions>
      </trkpt>
      <trkpt lat="49.049860350787639617919921875" lon="15.01794316805899143218994140625">
        <ele>582.79998779296875</ele>
        <time>2026-04-05T08:27:59.000Z</time>
        <extensions>
          <ns3:TrackPointExtension>
            <ns3:hr>78</ns3:hr>
            <ns3:cad>0</ns3:cad>
          </ns3:TrackPointExtension>
        </extensions>
      </trkpt>
      <trkpt lat="49.04986026696860790252685546875" lon="15.01794400624930858612060546875">
        <ele>582.79998779296875</ele>
        <time>2026-04-05T08:28:00.000Z</time>
        <extensions>
          <ns3:TrackPointExtension>
            <ns3:hr>78</ns3:hr>
            <ns3:cad>0</ns3:cad>
          </ns3:TrackPointExtension>
        </extensions>
      </trkpt>
      <trkpt lat="49.049859344959259033203125" lon="15.01794517971575260162353515625">
        <ele>582.79998779296875</ele>
        <time>2026-04-05T08:28:01.000Z</time>
        <extensions>
          <ns3:TrackPointExtension>
            <ns3:hr>78</ns3:hr>
            <ns3:cad>0</ns3:cad>
          </ns3:TrackPointExtension>
        </extensions>
      </trkpt>
      <trkpt lat="49.04985825531184673309326171875" lon="15.01794484443962574005126953125">
        <ele>582.79998779296875</ele>
        <time>2026-04-05T08:28:02.000Z</time>
        <extensions>
          <ns3:TrackPointExtension>
            <ns3:hr>78</ns3:hr>
            <ns3:cad>0</ns3:cad>
          </ns3:TrackPointExtension>
        </extensions>
      </trkpt>
      <trkpt lat="49.0498581714928150177001953125" lon="15.01794467680156230926513671875">
        <ele>582.79998779296875</ele>
        <time>2026-04-05T08:28:03.000Z</time>
        <extensions>
          <ns3:TrackPointExtension>
            <ns3:hr>78</ns3:hr>
            <ns3:cad>0</ns3:cad>
          </ns3:TrackPointExtension>
        </extensions>
      </trkpt>
      <trkpt lat="49.0498581714928150177001953125" lon="15.01794467680156230926513671875">
        <ele>582.79998779296875</ele>
        <time>2026-04-05T08:28:04.000Z</time>
        <extensions>
          <ns3:TrackPointExtension>
            <ns3:hr>78</ns3:hr>
            <ns3:cad>0</ns3:cad>
          </ns3:TrackPointExtension>
        </extensions>
      </trkpt>
      <trkpt lat="49.0498581714928150177001953125" lon="15.01794467680156230926513671875">
        <ele>582.79998779296875</ele>
        <time>2026-04-05T08:28:05.000Z</time>
        <extensions>
          <ns3:TrackPointExtension>
            <ns3:hr>78</ns3:hr>
            <ns3:cad>0</ns3:cad>
          </ns3:TrackPointExtension>
        </extensions>
      </trkpt>
      <trkpt lat="49.0498581714928150177001953125" lon="15.01794467680156230926513671875">
        <ele>582.79998779296875</ele>
        <time>2026-04-05T08:28:06.000Z</time>
        <extensions>
          <ns3:TrackPointExtension>
            <ns3:hr>78</ns3:hr>
            <ns3:cad>0</ns3:cad>
          </ns3:TrackPointExtension>
        </extensions>
      </trkpt>
      <trkpt lat="49.0498581714928150177001953125" lon="15.01794467680156230926513671875">
        <ele>582.79998779296875</ele>
        <time>2026-04-05T08:28:07.000Z</time>
        <extensions>
          <ns3:TrackPointExtension>
            <ns3:hr>78</ns3:hr>
            <ns3:cad>0</ns3:cad>
          </ns3:TrackPointExtension>
        </extensions>
      </trkpt>
      <trkpt lat="49.0498581714928150177001953125" lon="15.01794467680156230926513671875">
        <ele>582.79998779296875</ele>
        <time>2026-04-05T08:28:08.000Z</time>
        <extensions>
          <ns3:TrackPointExtension>
            <ns3:hr>78</ns3:hr>
            <ns3:cad>0</ns3:cad>
          </ns3:TrackPointExtension>
        </extensions>
      </trkpt>
      <trkpt lat="49.0498581714928150177001953125" lon="15.01794467680156230926513671875">
        <ele>582.79998779296875</ele>
        <time>2026-04-05T08:28:09.000Z</time>
        <extensions>
          <ns3:TrackPointExtension>
            <ns3:hr>78</ns3:hr>
            <ns3:cad>0</ns3:cad>
          </ns3:TrackPointExtension>
        </extensions>
      </trkpt>
      <trkpt lat="49.0498581714928150177001953125" lon="15.01794467680156230926513671875">
        <ele>582.79998779296875</ele>
        <time>2026-04-05T08:28:10.000Z</time>
        <extensions>
          <ns3:TrackPointExtension>
            <ns3:hr>78</ns3:hr>
            <ns3:cad>0</ns3:cad>
          </ns3:TrackPointExtension>
        </extensions>
      </trkpt>
      <trkpt lat="49.0498581714928150177001953125" lon="15.01794467680156230926513671875">
        <ele>582.79998779296875</ele>
        <time>2026-04-05T08:28:11.000Z</time>
        <extensions>
          <ns3:TrackPointExtension>
            <ns3:hr>77</ns3:hr>
            <ns3:cad>0</ns3:cad>
          </ns3:TrackPointExtension>
        </extensions>
      </trkpt>
      <trkpt lat="49.0498581714928150177001953125" lon="15.01794467680156230926513671875">
        <ele>583</ele>
        <time>2026-04-05T08:28:12.000Z</time>
        <extensions>
          <ns3:TrackPointExtension>
            <ns3:hr>77</ns3:hr>
            <ns3:cad>0</ns3:cad>
          </ns3:TrackPointExtension>
        </extensions>
      </trkpt>
      <trkpt lat="49.0498581714928150177001953125" lon="15.01794467680156230926513671875">
        <ele>582.79998779296875</ele>
        <time>2026-04-05T08:28:13.000Z</time>
        <extensions>
          <ns3:TrackPointExtension>
            <ns3:hr>77</ns3:hr>
            <ns3:cad>0</ns3:cad>
          </ns3:TrackPointExtension>
        </extensions>
      </trkpt>
      <trkpt lat="49.0498581714928150177001953125" lon="15.01794467680156230926513671875">
        <ele>582.79998779296875</ele>
        <time>2026-04-05T08:28:14.000Z</time>
        <extensions>
          <ns3:TrackPointExtension>
            <ns3:hr>77</ns3:hr>
            <ns3:cad>0</ns3:cad>
          </ns3:TrackPointExtension>
        </extensions>
      </trkpt>
      <trkpt lat="49.0498581714928150177001953125" lon="15.01794467680156230926513671875">
        <ele>582.79998779296875</ele>
        <time>2026-04-05T08:28:15.000Z</time>
        <extensions>
          <ns3:TrackPointExtension>
            <ns3:hr>76</ns3:hr>
            <ns3:cad>0</ns3:cad>
          </ns3:TrackPointExtension>
        </extensions>
      </trkpt>
      <trkpt lat="49.0498581714928150177001953125" lon="15.01794467680156230926513671875">
        <ele>582.79998779296875</ele>
        <time>2026-04-05T08:28:16.000Z</time>
        <extensions>
          <ns3:TrackPointExtension>
            <ns3:hr>77</ns3:hr>
            <ns3:cad>0</ns3:cad>
          </ns3:TrackPointExtension>
        </extensions>
      </trkpt>
      <trkpt lat="49.0498581714928150177001953125" lon="15.01794467680156230926513671875">
        <ele>582.79998779296875</ele>
        <time>2026-04-05T08:28:17.000Z</time>
        <extensions>
          <ns3:TrackPointExtension>
            <ns3:hr>77</ns3:hr>
            <ns3:cad>0</ns3:cad>
          </ns3:TrackPointExtension>
        </extensions>
      </trkpt>
      <trkpt lat="49.0498581714928150177001953125" lon="15.01794467680156230926513671875">
        <ele>582.79998779296875</ele>
        <time>2026-04-05T08:28:18.000Z</time>
        <extensions>
          <ns3:TrackPointExtension>
            <ns3:hr>78</ns3:hr>
            <ns3:cad>0</ns3:cad>
          </ns3:TrackPointExtension>
        </extensions>
      </trkpt>
      <trkpt lat="49.0498581714928150177001953125" lon="15.01794467680156230926513671875">
        <ele>582.79998779296875</ele>
        <time>2026-04-05T08:28:19.000Z</time>
        <extensions>
          <ns3:TrackPointExtension>
            <ns3:hr>78</ns3:hr>
            <ns3:cad>0</ns3:cad>
          </ns3:TrackPointExtension>
        </extensions>
      </trkpt>
      <trkpt lat="49.0498581714928150177001953125" lon="15.01794467680156230926513671875">
        <ele>582.79998779296875</ele>
        <time>2026-04-05T08:28:20.000Z</time>
        <extensions>
          <ns3:TrackPointExtension>
            <ns3:hr>79</ns3:hr>
            <ns3:cad>0</ns3:cad>
          </ns3:TrackPointExtension>
        </extensions>
      </trkpt>
      <trkpt lat="49.0498581714928150177001953125" lon="15.01794467680156230926513671875">
        <ele>582.79998779296875</ele>
        <time>2026-04-05T08:28:21.000Z</time>
        <extensions>
          <ns3:TrackPointExtension>
            <ns3:hr>82</ns3:hr>
            <ns3:cad>0</ns3:cad>
          </ns3:TrackPointExtension>
        </extensions>
      </trkpt>
      <trkpt lat="49.0498581714928150177001953125" lon="15.01794467680156230926513671875">
        <ele>582.79998779296875</ele>
        <time>2026-04-05T08:28:22.000Z</time>
        <extensions>
          <ns3:TrackPointExtension>
            <ns3:hr>84</ns3:hr>
            <ns3:cad>0</ns3:cad>
          </ns3:TrackPointExtension>
        </extensions>
      </trkpt>
      <trkpt lat="49.0498581714928150177001953125" lon="15.01794467680156230926513671875">
        <ele>582.79998779296875</ele>
        <time>2026-04-05T08:28:23.000Z</time>
        <extensions>
          <ns3:TrackPointExtension>
            <ns3:hr>86</ns3:hr>
            <ns3:cad>0</ns3:cad>
          </ns3:TrackPointExtension>
        </extensions>
      </trkpt>
      <trkpt lat="49.0498581714928150177001953125" lon="15.01794467680156230926513671875">
        <ele>582.79998779296875</ele>
        <time>2026-04-05T08:28:24.000Z</time>
        <extensions>
          <ns3:TrackPointExtension>
            <ns3:hr>87</ns3:hr>
            <ns3:cad>0</ns3:cad>
          </ns3:TrackPointExtension>
        </extensions>
      </trkpt>
      <trkpt lat="49.0498581714928150177001953125" lon="15.01794467680156230926513671875">
        <ele>582.79998779296875</ele>
        <time>2026-04-05T08:28:25.000Z</time>
        <extensions>
          <ns3:TrackPointExtension>
            <ns3:hr>88</ns3:hr>
            <ns3:cad>0</ns3:cad>
          </ns3:TrackPointExtension>
        </extensions>
      </trkpt>
      <trkpt lat="49.0498581714928150177001953125" lon="15.01794467680156230926513671875">
        <ele>582.79998779296875</ele>
        <time>2026-04-05T08:28:26.000Z</time>
        <extensions>
          <ns3:TrackPointExtension>
            <ns3:hr>89</ns3:hr>
            <ns3:cad>0</ns3:cad>
          </ns3:TrackPointExtension>
        </extensions>
      </trkpt>
      <trkpt lat="49.0498581714928150177001953125" lon="15.01794467680156230926513671875">
        <ele>582.79998779296875</ele>
        <time>2026-04-05T08:28:27.000Z</time>
        <extensions>
          <ns3:TrackPointExtension>
            <ns3:hr>90</ns3:hr>
            <ns3:cad>0</ns3:cad>
          </ns3:TrackPointExtension>
        </extensions>
      </trkpt>
      <trkpt lat="49.0498581714928150177001953125" lon="15.01794467680156230926513671875">
        <ele>582.5999755859375</ele>
        <time>2026-04-05T08:28:28.000Z</time>
        <extensions>
          <ns3:TrackPointExtension>
            <ns3:hr>90</ns3:hr>
            <ns3:cad>0</ns3:cad>
          </ns3:TrackPointExtension>
        </extensions>
      </trkpt>
      <trkpt lat="49.049893207848072052001953125" lon="15.01798373647034168243408203125">
        <ele>583.4000244140625</ele>
        <time>2026-04-05T08:32:58.000Z</time>
        <extensions>
          <ns3:TrackPointExtension>
            <ns3:hr>86</ns3:hr>
            <ns3:cad>0</ns3:cad>
          </ns3:TrackPointExtension>
        </extensions>
      </trkpt>
      <trkpt lat="49.0498920343816280364990234375" lon="15.0179888494312763214111328125">
        <ele>583.5999755859375</ele>
        <time>2026-04-05T08:32:59.000Z</time>
        <extensions>
          <ns3:TrackPointExtension>
            <ns3:hr>86</ns3:hr>
            <ns3:cad>0</ns3:cad>
          </ns3:TrackPointExtension>
        </extensions>
      </trkpt>
      <trkpt lat="49.0498960576951503753662109375" lon="15.0179891847074031829833984375">
        <ele>583.79998779296875</ele>
        <time>2026-04-05T08:33:00.000Z</time>
        <extensions>
          <ns3:TrackPointExtension>
            <ns3:hr>86</ns3:hr>
            <ns3:cad>0</ns3:cad>
          </ns3:TrackPointExtension>
        </extensions>
      </trkpt>
      <trkpt lat="49.0499062836170196533203125" lon="15.0179911963641643524169921875">
        <ele>583.79998779296875</ele>
        <time>2026-04-05T08:33:01.000Z</time>
        <extensions>
          <ns3:TrackPointExtension>
            <ns3:hr>86</ns3:hr>
            <ns3:cad>0</ns3:cad>
          </ns3:TrackPointExtension>
        </extensions>
      </trkpt>
      <trkpt lat="49.0499272383749485015869140625" lon="15.01801391132175922393798828125">
        <ele>584</ele>
        <time>2026-04-05T08:33:02.000Z</time>
        <extensions>
          <ns3:TrackPointExtension>
            <ns3:hr>86</ns3:hr>
            <ns3:cad>0</ns3:cad>
          </ns3:TrackPointExtension>
        </extensions>
      </trkpt>
      <trkpt lat="49.04995246790349483489990234375" lon="15.0180243887007236480712890625">
        <ele>584.20001220703125</ele>
        <time>2026-04-05T08:33:03.000Z</time>
        <extensions>
          <ns3:TrackPointExtension>
            <ns3:hr>87</ns3:hr>
            <ns3:cad>0</ns3:cad>
          </ns3:TrackPointExtension>
        </extensions>
      </trkpt>
      <trkpt lat="49.04998146928846836090087890625" lon="15.01804727129638195037841796875">
        <ele>584.20001220703125</ele>
        <time>2026-04-05T08:33:04.000Z</time>
        <extensions>
          <ns3:TrackPointExtension>
            <ns3:hr>87</ns3:hr>
            <ns3:cad>0</ns3:cad>
          </ns3:TrackPointExtension>
        </extensions>
      </trkpt>
      <trkpt lat="49.05000778846442699432373046875" lon="15.01807074062526226043701171875">
        <ele>584.20001220703125</ele>
        <time>2026-04-05T08:33:05.000Z</time>
        <extensions>
          <ns3:TrackPointExtension>
            <ns3:hr>87</ns3:hr>
            <ns3:cad>83</ns3:cad>
          </ns3:TrackPointExtension>
        </extensions>
      </trkpt>
      <trkpt lat="49.0500341914594173431396484375" lon="15.01809060573577880859375">
        <ele>584.20001220703125</ele>
        <time>2026-04-05T08:33:06.000Z</time>
        <extensions>
          <ns3:TrackPointExtension>
            <ns3:hr>88</ns3:hr>
            <ns3:cad>83</ns3:cad>
          </ns3:TrackPointExtension>
        </extensions>
      </trkpt>
      <trkpt lat="49.0500596724450588226318359375" lon="15.0181082077324390411376953125">
        <ele>584</ele>
        <time>2026-04-05T08:33:07.000Z</time>
        <extensions>
          <ns3:TrackPointExtension>
            <ns3:hr>89</ns3:hr>
            <ns3:cad>86</ns3:cad>
          </ns3:TrackPointExtension>
        </extensions>
      </trkpt>
      <trkpt lat="49.05008532106876373291015625" lon="15.018123127520084381103515625">
        <ele>584</ele>
        <time>2026-04-05T08:33:08.000Z</time>
        <extensions>
          <ns3:TrackPointExtension>
            <ns3:hr>91</ns3:hr>
            <ns3:cad>86</ns3:cad>
          </ns3:TrackPointExtension>
        </extensions>
      </trkpt>
      <trkpt lat="49.05011742375791072845458984375" lon="15.01814165152609348297119140625">
        <ele>583.79998779296875</ele>
        <time>2026-04-05T08:33:09.000Z</time>
        <extensions>
          <ns3:TrackPointExtension>
            <ns3:hr>93</ns3:hr>
            <ns3:cad>86</ns3:cad>
          </ns3:TrackPointExtension>
        </extensions>
      </trkpt>
      <trkpt lat="49.05015103518962860107421875" lon="15.0181454233825206756591796875">
        <ele>583.5999755859375</ele>
        <time>2026-04-05T08:33:10.000Z</time>
        <extensions>
          <ns3:TrackPointExtension>
            <ns3:hr>95</ns3:hr>
            <ns3:cad>86</ns3:cad>
          </ns3:TrackPointExtension>
        </extensions>
      </trkpt>
      <trkpt lat="49.0501986443996429443359375" lon="15.01815430819988250732421875">
        <ele>583.4000244140625</ele>
        <time>2026-04-05T08:33:11.000Z</time>
        <extensions>
          <ns3:TrackPointExtension>
            <ns3:hr>96</ns3:hr>
            <ns3:cad>85</ns3:cad>
          </ns3:TrackPointExtension>
        </extensions>
      </trkpt>
      <trkpt lat="49.05023150146007537841796875" lon="15.01816914416849613189697265625">
        <ele>583.20001220703125</ele>
        <time>2026-04-05T08:33:12.000Z</time>
        <extensions>
          <ns3:TrackPointExtension>
            <ns3:hr>98</ns3:hr>
            <ns3:cad>85</ns3:cad>
          </ns3:TrackPointExtension>
        </extensions>
      </trkpt>
      <trkpt lat="49.05026368796825408935546875" lon="15.0181759335100650787353515625">
        <ele>582.79998779296875</ele>
        <time>2026-04-05T08:33:13.000Z</time>
        <extensions>
          <ns3:TrackPointExtension>
            <ns3:hr>99</ns3:hr>
            <ns3:cad>83</ns3:cad>
          </ns3:TrackPointExtension>
        </extensions>
      </trkpt>
      <trkpt lat="49.05030534602701663970947265625" lon="15.0181925296783447265625">
        <ele>582.5999755859375</ele>
        <time>2026-04-05T08:33:14.000Z</time>
        <extensions>
          <ns3:TrackPointExtension>
            <ns3:hr>101</ns3:hr>
            <ns3:cad>83</ns3:cad>
          </ns3:TrackPointExtension>
        </extensions>
      </trkpt>
      <trkpt lat="49.050341807305812835693359375" lon="15.0182030908763408660888671875">
        <ele>582.4000244140625</ele>
        <time>2026-04-05T08:33:15.000Z</time>
        <extensions>
          <ns3:TrackPointExtension>
            <ns3:hr>103</ns3:hr>
            <ns3:cad>83</ns3:cad>
          </ns3:TrackPointExtension>
        </extensions>
      </trkpt>
      <trkpt lat="49.05037726275622844696044921875" lon="15.0182161666452884674072265625">
        <ele>582.20001220703125</ele>
        <time>2026-04-05T08:33:16.000Z</time>
        <extensions>
          <ns3:TrackPointExtension>
            <ns3:hr>105</ns3:hr>
            <ns3:cad>83</ns3:cad>
          </ns3:TrackPointExtension>
        </extensions>
      </trkpt>
      <trkpt lat="49.05040777288377285003662109375" lon="15.0182367861270904541015625">
        <ele>582.20001220703125</ele>
        <time>2026-04-05T08:33:17.000Z</time>
        <extensions>
          <ns3:TrackPointExtension>
            <ns3:hr>106</ns3:hr>
            <ns3:cad>83</ns3:cad>
          </ns3:TrackPointExtension>
        </extensions>
      </trkpt>
      <trkpt lat="49.05043023638427257537841796875" lon="15.01825757324695587158203125">
        <ele>582.20001220703125</ele>
        <time>2026-04-05T08:33:18.000Z</time>
        <extensions>
          <ns3:TrackPointExtension>
            <ns3:hr>107</ns3:hr>
            <ns3:cad>82</ns3:cad>
          </ns3:TrackPointExtension>
        </extensions>
      </trkpt>
      <trkpt lat="49.0504583157598972320556640625" lon="15.01829436980187892913818359375">
        <ele>582</ele>
        <time>2026-04-05T08:33:19.000Z</time>
        <extensions>
          <ns3:TrackPointExtension>
            <ns3:hr>107</ns3:hr>
            <ns3:cad>82</ns3:cad>
          </ns3:TrackPointExtension>
        </extensions>
      </trkpt>
      <trkpt lat="49.05047952197492122650146484375" lon="15.01834072172641754150390625">
        <ele>582.20001220703125</ele>
        <time>2026-04-05T08:33:20.000Z</time>
        <extensions>
          <ns3:TrackPointExtension>
            <ns3:hr>108</ns3:hr>
            <ns3:cad>83</ns3:cad>
          </ns3:TrackPointExtension>
        </extensions>
      </trkpt>
      <trkpt lat="49.05050198547542095184326171875" lon="15.01837466843426227569580078125">
        <ele>582.20001220703125</ele>
        <time>2026-04-05T08:33:21.000Z</time>
        <extensions>
          <ns3:TrackPointExtension>
            <ns3:hr>108</ns3:hr>
            <ns3:cad>83</ns3:cad>
          </ns3:TrackPointExtension>
        </extensions>
      </trkpt>
      <trkpt lat="49.05051908455789089202880859375" lon="15.018426887691020965576171875">
        <ele>582.4000244140625</ele>
        <time>2026-04-05T08:33:22.000Z</time>
        <extensions>
          <ns3:TrackPointExtension>
            <ns3:hr>108</ns3:hr>
            <ns3:cad>84</ns3:cad>
          </ns3:TrackPointExtension>
        </extensions>
      </trkpt>
      <trkpt lat="49.05053903348743915557861328125" lon="15.0184689648449420928955078125">
        <ele>582.5999755859375</ele>
        <time>2026-04-05T08:33:23.000Z</time>
        <extensions>
          <ns3:TrackPointExtension>
            <ns3:hr>109</ns3:hr>
            <ns3:cad>84</ns3:cad>
          </ns3:TrackPointExtension>
        </extensions>
      </trkpt>
      <trkpt lat="49.05054925940930843353271484375" lon="15.018511712551116943359375">
        <ele>582.79998779296875</ele>
        <time>2026-04-05T08:33:24.000Z</time>
        <extensions>
          <ns3:TrackPointExtension>
            <ns3:hr>109</ns3:hr>
            <ns3:cad>83</ns3:cad>
          </ns3:TrackPointExtension>
        </extensions>
      </trkpt>
      <trkpt lat="49.0505588985979557037353515625" lon="15.01856493763625621795654296875">
        <ele>583</ele>
        <time>2026-04-05T08:33:25.000Z</time>
        <extensions>
          <ns3:TrackPointExtension>
            <ns3:hr>110</ns3:hr>
            <ns3:cad>83</ns3:cad>
          </ns3:TrackPointExtension>
        </extensions>
      </trkpt>
      <trkpt lat="49.05056686140596866607666015625" lon="15.0186111219227313995361328125">
        <ele>583.4000244140625</ele>
        <time>2026-04-05T08:33:26.000Z</time>
        <extensions>
          <ns3:TrackPointExtension>
            <ns3:hr>111</ns3:hr>
            <ns3:cad>82</ns3:cad>
          </ns3:TrackPointExtension>
        </extensions>
      </trkpt>
      <trkpt lat="49.05057155527174472808837890625" lon="15.01866124570369720458984375">
        <ele>583.5999755859375</ele>
        <time>2026-04-05T08:33:27.000Z</time>
        <extensions>
          <ns3:TrackPointExtension>
            <ns3:hr>112</ns3:hr>
            <ns3:cad>77</ns3:cad>
          </ns3:TrackPointExtension>
        </extensions>
      </trkpt>
      <trkpt lat="49.05057616531848907470703125" lon="15.0186996348202228546142578125">
        <ele>583.79998779296875</ele>
        <time>2026-04-05T08:33:28.000Z</time>
        <extensions>
          <ns3:TrackPointExtension>
            <ns3:hr>113</ns3:hr>
            <ns3:cad>77</ns3:cad>
          </ns3:TrackPointExtension>
        </extensions>
      </trkpt>
      <trkpt lat="49.05056937597692012786865234375" lon="15.01874439418315887451171875">
        <ele>583.79998779296875</ele>
        <time>2026-04-05T08:33:29.000Z</time>
        <extensions>
          <ns3:TrackPointExtension>
            <ns3:hr>114</ns3:hr>
            <ns3:cad>79</ns3:cad>
          </ns3:TrackPointExtension>
        </extensions>
      </trkpt>
      <trkpt lat="49.05057323165237903594970703125" lon="15.01877834089100360870361328125">
        <ele>584</ele>
        <time>2026-04-05T08:33:30.000Z</time>
        <extensions>
          <ns3:TrackPointExtension>
            <ns3:hr>114</ns3:hr>
            <ns3:cad>79</ns3:cad>
          </ns3:TrackPointExtension>
        </extensions>
      </trkpt>
      <trkpt lat="49.05057809315621852874755859375" lon="15.018817819654941558837890625">
        <ele>584.20001220703125</ele>
        <time>2026-04-05T08:33:31.000Z</time>
        <extensions>
          <ns3:TrackPointExtension>
            <ns3:hr>115</ns3:hr>
            <ns3:cad>83</ns3:cad>
          </ns3:TrackPointExtension>
        </extensions>
      </trkpt>
      <trkpt lat="49.050592593848705291748046875" lon="15.01885344274342060089111328125">
        <ele>584.20001220703125</ele>
        <time>2026-04-05T08:33:32.000Z</time>
        <extensions>
          <ns3:TrackPointExtension>
            <ns3:hr>115</ns3:hr>
            <ns3:cad>83</ns3:cad>
          </ns3:TrackPointExtension>
        </extensions>
      </trkpt>
      <trkpt lat="49.0506044961512088775634765625" lon="15.01888361759483814239501953125">
        <ele>584.4000244140625</ele>
        <time>2026-04-05T08:33:33.000Z</time>
        <extensions>
          <ns3:TrackPointExtension>
            <ns3:hr>115</ns3:hr>
            <ns3:cad>83</ns3:cad>
          </ns3:TrackPointExtension>
        </extensions>
      </trkpt>
      <trkpt lat="49.05061949975788593292236328125" lon="15.01891479827463626861572265625">
        <ele>584.5999755859375</ele>
        <time>2026-04-05T08:33:34.000Z</time>
        <extensions>
          <ns3:TrackPointExtension>
            <ns3:hr>115</ns3:hr>
            <ns3:cad>83</ns3:cad>
          </ns3:TrackPointExtension>
        </extensions>
      </trkpt>
      <trkpt lat="49.050633497536182403564453125" lon="15.01894815824925899505615234375">
        <ele>584.5999755859375</ele>
        <time>2026-04-05T08:33:35.000Z</time>
        <extensions>
          <ns3:TrackPointExtension>
            <ns3:hr>115</ns3:hr>
            <ns3:cad>79</ns3:cad>
          </ns3:TrackPointExtension>
        </extensions>
      </trkpt>
      <trkpt lat="49.05064749531447887420654296875" lon="15.0189745612442493438720703125">
        <ele>584.5999755859375</ele>
        <time>2026-04-05T08:33:36.000Z</time>
        <extensions>
          <ns3:TrackPointExtension>
            <ns3:hr>116</ns3:hr>
            <ns3:cad>79</ns3:cad>
          </ns3:TrackPointExtension>
        </extensions>
      </trkpt>
      <trkpt lat="49.05066107399761676788330078125" lon="15.01900590956211090087890625">
        <ele>584.5999755859375</ele>
        <time>2026-04-05T08:33:37.000Z</time>
        <extensions>
          <ns3:TrackPointExtension>
            <ns3:hr>116</ns3:hr>
            <ns3:cad>78</ns3:cad>
          </ns3:TrackPointExtension>
        </extensions>
      </trkpt>
      <trkpt lat="49.05067129991948604583740234375" lon="15.01904421485960483551025390625">
        <ele>584.5999755859375</ele>
        <time>2026-04-05T08:33:38.000Z</time>
        <extensions>
          <ns3:TrackPointExtension>
            <ns3:hr>117</ns3:hr>
            <ns3:cad>78</ns3:cad>
          </ns3:TrackPointExtension>
        </extensions>
      </trkpt>
      <trkpt lat="49.05067951418459415435791015625" lon="15.0190808437764644622802734375">
        <ele>584.79998779296875</ele>
        <time>2026-04-05T08:33:39.000Z</time>
        <extensions>
          <ns3:TrackPointExtension>
            <ns3:hr>117</ns3:hr>
            <ns3:cad>78</ns3:cad>
          </ns3:TrackPointExtension>
        </extensions>
      </trkpt>
      <trkpt lat="49.0506873093545436859130859375" lon="15.01912199892103672027587890625">
        <ele>584.79998779296875</ele>
        <time>2026-04-05T08:33:40.000Z</time>
        <extensions>
          <ns3:TrackPointExtension>
            <ns3:hr>118</ns3:hr>
            <ns3:cad>80</ns3:cad>
          </ns3:TrackPointExtension>
        </extensions>
      </trkpt>
      <trkpt lat="49.0506963618099689483642578125" lon="15.01916147768497467041015625">
        <ele>585</ele>
        <time>2026-04-05T08:33:41.000Z</time>
        <extensions>
          <ns3:TrackPointExtension>
            <ns3:hr>118</ns3:hr>
            <ns3:cad>80</ns3:cad>
          </ns3:TrackPointExtension>
        </extensions>
      </trkpt>
      <trkpt lat="49.05070365406572818756103515625" lon="15.01920036971569061279296875">
        <ele>585</ele>
        <time>2026-04-05T08:33:42.000Z</time>
        <extensions>
          <ns3:TrackPointExtension>
            <ns3:hr>119</ns3:hr>
            <ns3:cad>80</ns3:cad>
          </ns3:TrackPointExtension>
        </extensions>
      </trkpt>
      <trkpt lat="49.05071790330111980438232421875" lon="15.01923163421452045440673828125">
        <ele>585.20001220703125</ele>
        <time>2026-04-05T08:33:43.000Z</time>
        <extensions>
          <ns3:TrackPointExtension>
            <ns3:hr>119</ns3:hr>
            <ns3:cad>80</ns3:cad>
          </ns3:TrackPointExtension>
        </extensions>
      </trkpt>
      <trkpt lat="49.05073902569711208343505859375" lon="15.01927547156810760498046875">
        <ele>585.20001220703125</ele>
        <time>2026-04-05T08:33:44.000Z</time>
        <extensions>
          <ns3:TrackPointExtension>
            <ns3:hr>120</ns3:hr>
            <ns3:cad>80</ns3:cad>
          </ns3:TrackPointExtension>
        </extensions>
      </trkpt>
      <trkpt lat="49.0507516823709011077880859375" lon="15.0193108431994915008544921875">
        <ele>585.4000244140625</ele>
        <time>2026-04-05T08:33:45.000Z</time>
        <extensions>
          <ns3:TrackPointExtension>
            <ns3:hr>120</ns3:hr>
            <ns3:cad>80</ns3:cad>
          </ns3:TrackPointExtension>
        </extensions>
      </trkpt>
      <trkpt lat="49.05076651833951473236083984375" lon="15.01935736276209354400634765625">
        <ele>585.5999755859375</ele>
        <time>2026-04-05T08:33:46.000Z</time>
        <extensions>
          <ns3:TrackPointExtension>
            <ns3:hr>121</ns3:hr>
            <ns3:cad>80</ns3:cad>
          </ns3:TrackPointExtension>
        </extensions>
      </trkpt>
      <trkpt lat="49.05078596435487270355224609375" lon="15.019414611160755157470703125">
        <ele>585.5999755859375</ele>
        <time>2026-04-05T08:33:47.000Z</time>
        <extensions>
          <ns3:TrackPointExtension>
            <ns3:hr>122</ns3:hr>
            <ns3:cad>80</ns3:cad>
          </ns3:TrackPointExtension>
        </extensions>
      </trkpt>
      <trkpt lat="49.05080038122832775115966796875" lon="15.0194526650011539459228515625">
        <ele>585.79998779296875</ele>
        <time>2026-04-05T08:33:48.000Z</time>
        <extensions>
          <ns3:TrackPointExtension>
            <ns3:hr>123</ns3:hr>
            <ns3:cad>80</ns3:cad>
          </ns3:TrackPointExtension>
        </extensions>
      </trkpt>
      <trkpt lat="49.0508101880550384521484375" lon="15.019485019147396087646484375">
        <ele>586</ele>
        <time>2026-04-05T08:33:49.000Z</time>
        <extensions>
          <ns3:TrackPointExtension>
            <ns3:hr>123</ns3:hr>
            <ns3:cad>80</ns3:cad>
          </ns3:TrackPointExtension>
        </extensions>
      </trkpt>
      <trkpt lat="49.050819911062717437744140625" lon="15.019515864551067352294921875">
        <ele>586</ele>
        <time>2026-04-05T08:33:50.000Z</time>
        <extensions>
          <ns3:TrackPointExtension>
            <ns3:hr>124</ns3:hr>
            <ns3:cad>80</ns3:cad>
          </ns3:TrackPointExtension>
        </extensions>
      </trkpt>
      <trkpt lat="49.0508338250219821929931640625" lon="15.01955165527760982513427734375">
        <ele>586.20001220703125</ele>
        <time>2026-04-05T08:33:51.000Z</time>
        <extensions>
          <ns3:TrackPointExtension>
            <ns3:hr>125</ns3:hr>
            <ns3:cad>80</ns3:cad>
          </ns3:TrackPointExtension>
        </extensions>
      </trkpt>
      <trkpt lat="49.05084681697189807891845703125" lon="15.01958417706191539764404296875">
        <ele>586.20001220703125</ele>
        <time>2026-04-05T08:33:52.000Z</time>
        <extensions>
          <ns3:TrackPointExtension>
            <ns3:hr>126</ns3:hr>
            <ns3:cad>80</ns3:cad>
          </ns3:TrackPointExtension>
        </extensions>
      </trkpt>
      <trkpt lat="49.05086291022598743438720703125" lon="15.0196233205497264862060546875">
        <ele>586.4000244140625</ele>
        <time>2026-04-05T08:33:53.000Z</time>
        <extensions>
          <ns3:TrackPointExtension>
            <ns3:hr>126</ns3:hr>
            <ns3:cad>77</ns3:cad>
          </ns3:TrackPointExtension>
        </extensions>
      </trkpt>
      <trkpt lat="49.05086458660662174224853515625" lon="15.0196655653417110443115234375">
        <ele>586.5999755859375</ele>
        <time>2026-04-05T08:33:54.000Z</time>
        <extensions>
          <ns3:TrackPointExtension>
            <ns3:hr>127</ns3:hr>
            <ns3:cad>77</ns3:cad>
          </ns3:TrackPointExtension>
        </extensions>
      </trkpt>
      <trkpt lat="49.05087078921496868133544921875" lon="15.01969649456441402435302734375">
        <ele>586.79998779296875</ele>
        <time>2026-04-05T08:33:55.000Z</time>
        <extensions>
          <ns3:TrackPointExtension>
            <ns3:hr>128</ns3:hr>
            <ns3:cad>76</ns3:cad>
          </ns3:TrackPointExtension>
        </extensions>
      </trkpt>
      <trkpt lat="49.05088235624134540557861328125" lon="15.0197254121303558349609375">
        <ele>586.79998779296875</ele>
        <time>2026-04-05T08:33:56.000Z</time>
        <extensions>
          <ns3:TrackPointExtension>
            <ns3:hr>128</ns3:hr>
            <ns3:cad>76</ns3:cad>
          </ns3:TrackPointExtension>
        </extensions>
      </trkpt>
      <trkpt lat="49.05088788829743862152099609375" lon="15.019753910601139068603515625">
        <ele>586.79998779296875</ele>
        <time>2026-04-05T08:33:57.000Z</time>
        <extensions>
          <ns3:TrackPointExtension>
            <ns3:hr>129</ns3:hr>
            <ns3:cad>79</ns3:cad>
          </ns3:TrackPointExtension>
        </extensions>
      </trkpt>
      <trkpt lat="49.05088503845036029815673828125" lon="15.0197946466505527496337890625">
        <ele>587</ele>
        <time>2026-04-05T08:33:58.000Z</time>
        <extensions>
          <ns3:TrackPointExtension>
            <ns3:hr>129</ns3:hr>
            <ns3:cad>79</ns3:cad>
          </ns3:TrackPointExtension>
        </extensions>
      </trkpt>
      <trkpt lat="49.05089107342064380645751953125" lon="15.01982507295906543731689453125">
        <ele>587</ele>
        <time>2026-04-05T08:33:59.000Z</time>
        <extensions>
          <ns3:TrackPointExtension>
            <ns3:hr>130</ns3:hr>
            <ns3:cad>79</ns3:cad>
          </ns3:TrackPointExtension>
        </extensions>
      </trkpt>
      <trkpt lat="49.05089710839092731475830078125" lon="15.019863881170749664306640625">
        <ele>586.79998779296875</ele>
        <time>2026-04-05T08:34:00.000Z</time>
        <extensions>
          <ns3:TrackPointExtension>
            <ns3:hr>131</ns3:hr>
            <ns3:cad>79</ns3:cad>
          </ns3:TrackPointExtension>
        </extensions>
      </trkpt>
      <trkpt lat="49.05089627020061016082763671875" lon="15.019906796514987945556640625">
        <ele>586.5999755859375</ele>
        <time>2026-04-05T08:34:01.000Z</time>
        <extensions>
          <ns3:TrackPointExtension>
            <ns3:hr>132</ns3:hr>
            <ns3:cad>77</ns3:cad>
          </ns3:TrackPointExtension>
        </extensions>
      </trkpt>
      <trkpt lat="49.05089744366705417633056640625" lon="15.01994577236473560333251953125">
        <ele>586.4000244140625</ele>
        <time>2026-04-05T08:34:02.000Z</time>
        <extensions>
          <ns3:TrackPointExtension>
            <ns3:hr>132</ns3:hr>
            <ns3:cad>77</ns3:cad>
          </ns3:TrackPointExtension>
        </extensions>
      </trkpt>
      <trkpt lat="49.0508992038667201995849609375" lon="15.01999103464186191558837890625">
        <ele>586.20001220703125</ele>
        <time>2026-04-05T08:34:03.000Z</time>
        <extensions>
          <ns3:TrackPointExtension>
            <ns3:hr>134</ns3:hr>
            <ns3:cad>77</ns3:cad>
          </ns3:TrackPointExtension>
        </extensions>
      </trkpt>
      <trkpt lat="49.050915129482746124267578125" lon="15.02004568465054035186767578125">
        <ele>585.79998779296875</ele>
        <time>2026-04-05T08:34:04.000Z</time>
        <extensions>
          <ns3:TrackPointExtension>
            <ns3:hr>135</ns3:hr>
            <ns3:cad>75</ns3:cad>
          </ns3:TrackPointExtension>
        </extensions>
      </trkpt>
      <trkpt lat="49.05092812143266201019287109375" lon="15.02008977346122264862060546875">
        <ele>585.4000244140625</ele>
        <time>2026-04-05T08:34:05.000Z</time>
        <extensions>
          <ns3:TrackPointExtension>
            <ns3:hr>135</ns3:hr>
            <ns3:cad>75</ns3:cad>
          </ns3:TrackPointExtension>
        </extensions>
      </trkpt>
      <trkpt lat="49.0509416162967681884765625" lon="15.0201258994638919830322265625">
        <ele>585.20001220703125</ele>
        <time>2026-04-05T08:34:06.000Z</time>
        <extensions>
          <ns3:TrackPointExtension>
            <ns3:hr>135</ns3:hr>
            <ns3:cad>75</ns3:cad>
          </ns3:TrackPointExtension>
        </extensions>
      </trkpt>
      <trkpt lat="49.05095879919826984405517578125" lon="15.02014325000345706939697265625">
        <ele>585</ele>
        <time>2026-04-05T08:34:07.000Z</time>
        <extensions>
          <ns3:TrackPointExtension>
            <ns3:hr>136</ns3:hr>
            <ns3:cad>75</ns3:cad>
          </ns3:TrackPointExtension>
        </extensions>
      </trkpt>
      <trkpt lat="49.050978831946849822998046875" lon="15.02016370184719562530517578125">
        <ele>584.79998779296875</ele>
        <time>2026-04-05T08:34:08.000Z</time>
        <extensions>
          <ns3:TrackPointExtension>
            <ns3:hr>136</ns3:hr>
            <ns3:cad>76</ns3:cad>
          </ns3:TrackPointExtension>
        </extensions>
      </trkpt>
      <trkpt lat="49.0510014630854129791259765625" lon="15.020193122327327728271484375">
        <ele>584.5999755859375</ele>
        <time>2026-04-05T08:34:09.000Z</time>
        <extensions>
          <ns3:TrackPointExtension>
            <ns3:hr>136</ns3:hr>
            <ns3:cad>76</ns3:cad>
          </ns3:TrackPointExtension>
        </extensions>
      </trkpt>
      <trkpt lat="49.051028452813625335693359375" lon="15.02021424472332000732421875">
        <ele>584.5999755859375</ele>
        <time>2026-04-05T08:34:10.000Z</time>
        <extensions>
          <ns3:TrackPointExtension>
            <ns3:hr>135</ns3:hr>
            <ns3:cad>76</ns3:cad>
          </ns3:TrackPointExtension>
        </extensions>
      </trkpt>
      <trkpt lat="49.05104865320026874542236328125" lon="15.020219273865222930908203125">
        <ele>584.4000244140625</ele>
        <time>2026-04-05T08:34:11.000Z</time>
        <extensions>
          <ns3:TrackPointExtension>
            <ns3:hr>135</ns3:hr>
            <ns3:cad>76</ns3:cad>
          </ns3:TrackPointExtension>
        </extensions>
      </trkpt>
      <trkpt lat="49.05107514001429080963134765625" lon="15.02022304572165012359619140625">
        <ele>584.4000244140625</ele>
        <time>2026-04-05T08:34:12.000Z</time>
        <extensions>
          <ns3:TrackPointExtension>
            <ns3:hr>135</ns3:hr>
            <ns3:cad>78</ns3:cad>
          </ns3:TrackPointExtension>
        </extensions>
      </trkpt>
      <trkpt lat="49.05109341256320476531982421875" lon="15.02023846842348575592041015625">
        <ele>584.4000244140625</ele>
        <time>2026-04-05T08:34:13.000Z</time>
        <extensions>
          <ns3:TrackPointExtension>
            <ns3:hr>135</ns3:hr>
            <ns3:cad>78</ns3:cad>
          </ns3:TrackPointExtension>
        </extensions>
      </trkpt>
      <trkpt lat="49.05111126601696014404296875" lon="15.02024919725954532623291015625">
        <ele>584.4000244140625</ele>
        <time>2026-04-05T08:34:14.000Z</time>
        <extensions>
          <ns3:TrackPointExtension>
            <ns3:hr>135</ns3:hr>
            <ns3:cad>77</ns3:cad>
          </ns3:TrackPointExtension>
        </extensions>
      </trkpt>
      <trkpt lat="49.0511265210807323455810546875" lon="15.02025338821113109588623046875">
        <ele>584.4000244140625</ele>
        <time>2026-04-05T08:34:15.000Z</time>
        <extensions>
          <ns3:TrackPointExtension>
            <ns3:hr>135</ns3:hr>
            <ns3:cad>77</ns3:cad>
          </ns3:TrackPointExtension>
        </extensions>
      </trkpt>
      <trkpt lat="49.05115149915218353271484375" lon="15.02025154419243335723876953125">
        <ele>584.4000244140625</ele>
        <time>2026-04-05T08:34:16.000Z</time>
        <extensions>
          <ns3:TrackPointExtension>
            <ns3:hr>134</ns3:hr>
            <ns3:cad>77</ns3:cad>
          </ns3:TrackPointExtension>
        </extensions>
      </trkpt>
      <trkpt lat="49.05117924325168132781982421875" lon="15.0202415697276592254638671875">
        <ele>584.5999755859375</ele>
        <time>2026-04-05T08:34:17.000Z</time>
        <extensions>
          <ns3:TrackPointExtension>
            <ns3:hr>134</ns3:hr>
            <ns3:cad>78</ns3:cad>
          </ns3:TrackPointExtension>
        </extensions>
      </trkpt>
      <trkpt lat="49.05120313167572021484375" lon="15.0202288292348384857177734375">
        <ele>584.5999755859375</ele>
        <time>2026-04-05T08:34:18.000Z</time>
        <extensions>
          <ns3:TrackPointExtension>
            <ns3:hr>133</ns3:hr>
            <ns3:cad>78</ns3:cad>
          </ns3:TrackPointExtension>
        </extensions>
      </trkpt>
      <trkpt lat="49.0512344799935817718505859375" lon="15.02021751366555690765380859375">
        <ele>584.5999755859375</ele>
        <time>2026-04-05T08:34:19.000Z</time>
        <extensions>
          <ns3:TrackPointExtension>
            <ns3:hr>133</ns3:hr>
            <ns3:cad>78</ns3:cad>
          </ns3:TrackPointExtension>
        </extensions>
      </trkpt>
      <trkpt lat="49.05126507394015789031982421875" lon="15.02020544372498989105224609375">
        <ele>584.5999755859375</ele>
        <time>2026-04-05T08:34:20.000Z</time>
        <extensions>
          <ns3:TrackPointExtension>
            <ns3:hr>133</ns3:hr>
            <ns3:cad>78</ns3:cad>
          </ns3:TrackPointExtension>
        </extensions>
      </trkpt>
      <trkpt lat="49.0512867830693721771240234375" lon="15.02020209096372127532958984375">
        <ele>584.79998779296875</ele>
        <time>2026-04-05T08:34:21.000Z</time>
        <extensions>
          <ns3:TrackPointExtension>
            <ns3:hr>133</ns3:hr>
            <ns3:cad>78</ns3:cad>
          </ns3:TrackPointExtension>
        </extensions>
      </trkpt>
      <trkpt lat="49.05131435953080654144287109375" lon="15.0201879255473613739013671875">
        <ele>584.79998779296875</ele>
        <time>2026-04-05T08:34:22.000Z</time>
        <extensions>
          <ns3:TrackPointExtension>
            <ns3:hr>133</ns3:hr>
            <ns3:cad>78</ns3:cad>
          </ns3:TrackPointExtension>
        </extensions>
      </trkpt>
      <trkpt lat="49.05134436674416065216064453125" lon="15.0201721675693988800048828125">
        <ele>584.79998779296875</ele>
        <time>2026-04-05T08:34:23.000Z</time>
        <extensions>
          <ns3:TrackPointExtension>
            <ns3:hr>132</ns3:hr>
            <ns3:cad>80</ns3:cad>
          </ns3:TrackPointExtension>
        </extensions>
      </trkpt>
      <trkpt lat="49.0513699315488338470458984375" lon="15.02015389502048492431640625">
        <ele>584.79998779296875</ele>
        <time>2026-04-05T08:34:24.000Z</time>
        <extensions>
          <ns3:TrackPointExtension>
            <ns3:hr>132</ns3:hr>
            <ns3:cad>80</ns3:cad>
          </ns3:TrackPointExtension>
        </extensions>
      </trkpt>
      <trkpt lat="49.05140228569507598876953125" lon="15.02013872377574443817138671875">
        <ele>584.79998779296875</ele>
        <time>2026-04-05T08:34:25.000Z</time>
        <extensions>
          <ns3:TrackPointExtension>
            <ns3:hr>132</ns3:hr>
            <ns3:cad>80</ns3:cad>
          </ns3:TrackPointExtension>
        </extensions>
      </trkpt>
      <trkpt lat="49.0514363162219524383544921875" lon="15.02011290751397609710693359375">
        <ele>584.79998779296875</ele>
        <time>2026-04-05T08:34:26.000Z</time>
        <extensions>
          <ns3:TrackPointExtension>
            <ns3:hr>132</ns3:hr>
            <ns3:cad>80</ns3:cad>
          </ns3:TrackPointExtension>
        </extensions>
      </trkpt>
      <trkpt lat="49.051460959017276763916015625" lon="15.02010821364820003509521484375">
        <ele>584.5999755859375</ele>
        <time>2026-04-05T08:34:27.000Z</time>
        <extensions>
          <ns3:TrackPointExtension>
            <ns3:hr>132</ns3:hr>
            <ns3:cad>80</ns3:cad>
          </ns3:TrackPointExtension>
        </extensions>
      </trkpt>
      <trkpt lat="49.0514882840216159820556640625" lon="15.02009488642215728759765625">
        <ele>584.79998779296875</ele>
        <time>2026-04-05T08:34:28.000Z</time>
        <extensions>
          <ns3:TrackPointExtension>
            <ns3:hr>132</ns3:hr>
            <ns3:cad>80</ns3:cad>
          </ns3:TrackPointExtension>
        </extensions>
      </trkpt>
      <trkpt lat="49.0515244938433170318603515625" lon="15.020067058503627777099609375">
        <ele>584.79998779296875</ele>
        <time>2026-04-05T08:34:29.000Z</time>
        <extensions>
          <ns3:TrackPointExtension>
            <ns3:hr>132</ns3:hr>
            <ns3:cad>80</ns3:cad>
          </ns3:TrackPointExtension>
        </extensions>
      </trkpt>
      <trkpt lat="49.0515462867915630340576171875" lon="15.0200393982231616973876953125">
        <ele>584.79998779296875</ele>
        <time>2026-04-05T08:34:30.000Z</time>
        <extensions>
          <ns3:TrackPointExtension>
            <ns3:hr>132</ns3:hr>
            <ns3:cad>78</ns3:cad>
          </ns3:TrackPointExtension>
        </extensions>
      </trkpt>
      <trkpt lat="49.05156279914081096649169921875" lon="15.02000679261982440948486328125">
        <ele>585</ele>
        <time>2026-04-05T08:34:31.000Z</time>
        <extensions>
          <ns3:TrackPointExtension>
            <ns3:hr>132</ns3:hr>
            <ns3:cad>78</ns3:cad>
          </ns3:TrackPointExtension>
        </extensions>
      </trkpt>
      <trkpt lat="49.051583670079708099365234375" lon="15.0199686549603939056396484375">
        <ele>585.20001220703125</ele>
        <time>2026-04-05T08:34:32.000Z</time>
        <extensions>
          <ns3:TrackPointExtension>
            <ns3:hr>132</ns3:hr>
            <ns3:cad>76</ns3:cad>
          </ns3:TrackPointExtension>
        </extensions>
      </trkpt>
      <trkpt lat="49.05160957016050815582275390625" lon="15.01993127167224884033203125">
        <ele>585.20001220703125</ele>
        <time>2026-04-05T08:34:33.000Z</time>
        <extensions>
          <ns3:TrackPointExtension>
            <ns3:hr>132</ns3:hr>
            <ns3:cad>76</ns3:cad>
          </ns3:TrackPointExtension>
        </extensions>
      </trkpt>
      <trkpt lat="49.05163018964231014251708984375" lon="15.0198965705931186676025390625">
        <ele>585.20001220703125</ele>
        <time>2026-04-05T08:34:34.000Z</time>
        <extensions>
          <ns3:TrackPointExtension>
            <ns3:hr>132</ns3:hr>
            <ns3:cad>76</ns3:cad>
          </ns3:TrackPointExtension>
        </extensions>
      </trkpt>
      <trkpt lat="49.05164636671543121337890625" lon="15.01986849121749401092529296875">
        <ele>585.4000244140625</ele>
        <time>2026-04-05T08:34:35.000Z</time>
        <extensions>
          <ns3:TrackPointExtension>
            <ns3:hr>131</ns3:hr>
            <ns3:cad>76</ns3:cad>
          </ns3:TrackPointExtension>
        </extensions>
      </trkpt>
      <trkpt lat="49.0516783855855464935302734375" lon="15.019850470125675201416015625">
        <ele>585.4000244140625</ele>
        <time>2026-04-05T08:34:36.000Z</time>
        <extensions>
          <ns3:TrackPointExtension>
            <ns3:hr>131</ns3:hr>
            <ns3:cad>76</ns3:cad>
          </ns3:TrackPointExtension>
        </extensions>
      </trkpt>
      <trkpt lat="49.05170244164764881134033203125" lon="15.019837059080600738525390625">
        <ele>585.4000244140625</ele>
        <time>2026-04-05T08:34:37.000Z</time>
        <extensions>
          <ns3:TrackPointExtension>
            <ns3:hr>131</ns3:hr>
            <ns3:cad>76</ns3:cad>
          </ns3:TrackPointExtension>
        </extensions>
      </trkpt>
      <trkpt lat="49.0517196245491504669189453125" lon="15.019827000796794891357421875">
        <ele>585.5999755859375</ele>
        <time>2026-04-05T08:34:38.000Z</time>
        <extensions>
          <ns3:TrackPointExtension>
            <ns3:hr>130</ns3:hr>
            <ns3:cad>79</ns3:cad>
          </ns3:TrackPointExtension>
        </extensions>
      </trkpt>
      <trkpt lat="49.0517363883554935455322265625" lon="15.019811578094959259033203125">
        <ele>585.5999755859375</ele>
        <time>2026-04-05T08:34:39.000Z</time>
        <extensions>
          <ns3:TrackPointExtension>
            <ns3:hr>130</ns3:hr>
            <ns3:cad>79</ns3:cad>
          </ns3:TrackPointExtension>
        </extensions>
      </trkpt>
      <trkpt lat="49.0517491288483142852783203125" lon="15.01979649066925048828125">
        <ele>585.4000244140625</ele>
        <time>2026-04-05T08:34:40.000Z</time>
        <extensions>
          <ns3:TrackPointExtension>
            <ns3:hr>130</ns3:hr>
            <ns3:cad>52</ns3:cad>
          </ns3:TrackPointExtension>
        </extensions>
      </trkpt>
      <trkpt lat="49.05176111496984958648681640625" lon="15.0197825767099857330322265625">
        <ele>585.4000244140625</ele>
        <time>2026-04-05T08:34:41.000Z</time>
        <extensions>
          <ns3:TrackPointExtension>
            <ns3:hr>130</ns3:hr>
            <ns3:cad>52</ns3:cad>
          </ns3:TrackPointExtension>
        </extensions>
      </trkpt>
      <trkpt lat="49.05177217908203601837158203125" lon="15.0197725184261798858642578125">
        <ele>585.4000244140625</ele>
        <time>2026-04-05T08:34:42.000Z</time>
        <extensions>
          <ns3:TrackPointExtension>
            <ns3:hr>130</ns3:hr>
            <ns3:cad>52</ns3:cad>
          </ns3:TrackPointExtension>
        </extensions>
      </trkpt>
      <trkpt lat="49.0517836622893810272216796875" lon="15.01976254396140575408935546875">
        <ele>585.4000244140625</ele>
        <time>2026-04-05T08:34:43.000Z</time>
        <extensions>
          <ns3:TrackPointExtension>
            <ns3:hr>129</ns3:hr>
            <ns3:cad>0</ns3:cad>
          </ns3:TrackPointExtension>
        </extensions>
      </trkpt>
      <trkpt lat="49.05180285684764385223388671875" lon="15.0197399966418743133544921875">
        <ele>585.5999755859375</ele>
        <time>2026-04-05T08:34:44.000Z</time>
        <extensions>
          <ns3:TrackPointExtension>
            <ns3:hr>129</ns3:hr>
            <ns3:cad>0</ns3:cad>
          </ns3:TrackPointExtension>
        </extensions>
      </trkpt>
      <trkpt lat="49.05183143913745880126953125" lon="15.01971057616174221038818359375">
        <ele>585.5999755859375</ele>
        <time>2026-04-05T08:34:45.000Z</time>
        <extensions>
          <ns3:TrackPointExtension>
            <ns3:hr>129</ns3:hr>
            <ns3:cad>112</ns3:cad>
          </ns3:TrackPointExtension>
        </extensions>
      </trkpt>
      <trkpt lat="49.05185599811375141143798828125" lon="15.0196903757750988006591796875">
        <ele>585.5999755859375</ele>
        <time>2026-04-05T08:34:46.000Z</time>
        <extensions>
          <ns3:TrackPointExtension>
            <ns3:hr>128</ns3:hr>
            <ns3:cad>112</ns3:cad>
          </ns3:TrackPointExtension>
        </extensions>
      </trkpt>
      <trkpt lat="49.0518815629184246063232421875" lon="15.0196833349764347076416015625">
        <ele>585.4000244140625</ele>
        <time>2026-04-05T08:34:47.000Z</time>
        <extensions>
          <ns3:TrackPointExtension>
            <ns3:hr>127</ns3:hr>
            <ns3:cad>112</ns3:cad>
          </ns3:TrackPointExtension>
        </extensions>
      </trkpt>
      <trkpt lat="49.051910229027271270751953125" lon="15.0196731090545654296875">
        <ele>585.4000244140625</ele>
        <time>2026-04-05T08:34:48.000Z</time>
        <extensions>
          <ns3:TrackPointExtension>
            <ns3:hr>126</ns3:hr>
            <ns3:cad>112</ns3:cad>
          </ns3:TrackPointExtension>
        </extensions>
      </trkpt>
      <trkpt lat="49.0519342012703418731689453125" lon="15.0196583569049835205078125">
        <ele>585.20001220703125</ele>
        <time>2026-04-05T08:34:49.000Z</time>
        <extensions>
          <ns3:TrackPointExtension>
            <ns3:hr>125</ns3:hr>
            <ns3:cad>75</ns3:cad>
          </ns3:TrackPointExtension>
        </extensions>
      </trkpt>
      <trkpt lat="49.051957167685031890869140625" lon="15.0196374021470546722412109375">
        <ele>585</ele>
        <time>2026-04-05T08:34:50.000Z</time>
        <extensions>
          <ns3:TrackPointExtension>
            <ns3:hr>124</ns3:hr>
            <ns3:cad>75</ns3:cad>
          </ns3:TrackPointExtension>
        </extensions>
      </trkpt>
      <trkpt lat="49.05198256485164165496826171875" lon="15.0196127593517303466796875">
        <ele>584.79998779296875</ele>
        <time>2026-04-05T08:34:51.000Z</time>
        <extensions>
          <ns3:TrackPointExtension>
            <ns3:hr>124</ns3:hr>
            <ns3:cad>75</ns3:cad>
          </ns3:TrackPointExtension>
        </extensions>
      </trkpt>
      <trkpt lat="49.052010476589202880859375" lon="15.019580908119678497314453125">
        <ele>584.5999755859375</ele>
        <time>2026-04-05T08:34:52.000Z</time>
        <extensions>
          <ns3:TrackPointExtension>
            <ns3:hr>124</ns3:hr>
            <ns3:cad>75</ns3:cad>
          </ns3:TrackPointExtension>
        </extensions>
      </trkpt>
      <trkpt lat="49.05202698893845081329345703125" lon="15.01953338272869586944580078125">
        <ele>584.5999755859375</ele>
        <time>2026-04-05T08:34:53.000Z</time>
        <extensions>
          <ns3:TrackPointExtension>
            <ns3:hr>124</ns3:hr>
            <ns3:cad>76</ns3:cad>
          </ns3:TrackPointExtension>
        </extensions>
      </trkpt>
      <trkpt lat="49.052037633955478668212890625" lon="15.01949918456375598907470703125">
        <ele>584.5999755859375</ele>
        <time>2026-04-05T08:34:54.000Z</time>
        <extensions>
          <ns3:TrackPointExtension>
            <ns3:hr>125</ns3:hr>
            <ns3:cad>76</ns3:cad>
          </ns3:TrackPointExtension>
        </extensions>
      </trkpt>
      <trkpt lat="49.052048362791538238525390625" lon="15.01946012489497661590576171875">
        <ele>584.5999755859375</ele>
        <time>2026-04-05T08:34:55.000Z</time>
        <extensions>
          <ns3:TrackPointExtension>
            <ns3:hr>124</ns3:hr>
            <ns3:cad>79</ns3:cad>
          </ns3:TrackPointExtension>
        </extensions>
      </trkpt>
      <trkpt lat="49.05205816961824893951416015625" lon="15.01945090480148792266845703125">
        <ele>584.4000244140625</ele>
        <time>2026-04-05T08:34:56.000Z</time>
        <extensions>
          <ns3:TrackPointExtension>
            <ns3:hr>124</ns3:hr>
            <ns3:cad>79</ns3:cad>
          </ns3:TrackPointExtension>
        </extensions>
      </trkpt>
      <trkpt lat="49.05207292176783084869384765625" lon="15.01944118179380893707275390625">
        <ele>584.4000244140625</ele>
        <time>2026-04-05T08:34:57.000Z</time>
        <extensions>
          <ns3:TrackPointExtension>
            <ns3:hr>125</ns3:hr>
            <ns3:cad>79</ns3:cad>
          </ns3:TrackPointExtension>
        </extensions>
      </trkpt>
      <trkpt lat="49.05209161341190338134765625" lon="15.01943372189998626708984375">
        <ele>584.20001220703125</ele>
        <time>2026-04-05T08:34:58.000Z</time>
        <extensions>
          <ns3:TrackPointExtension>
            <ns3:hr>124</ns3:hr>
            <ns3:cad>73</ns3:cad>
          </ns3:TrackPointExtension>
        </extensions>
      </trkpt>
      <trkpt lat="49.05211030505597591400146484375" lon="15.019429363310337066650390625">
        <ele>584</ele>
        <time>2026-04-05T08:34:59.000Z</time>
        <extensions>
          <ns3:TrackPointExtension>
            <ns3:hr>124</ns3:hr>
            <ns3:cad>73</ns3:cad>
          </ns3:TrackPointExtension>
        </extensions>
      </trkpt>
      <trkpt lat="49.05212623067200183868408203125" lon="15.01945878379046916961669921875">
        <ele>583.5999755859375</ele>
        <time>2026-04-05T08:35:00.000Z</time>
        <extensions>
          <ns3:TrackPointExtension>
            <ns3:hr>124</ns3:hr>
            <ns3:cad>68</ns3:cad>
          </ns3:TrackPointExtension>
        </extensions>
      </trkpt>
      <trkpt lat="49.05213746242225170135498046875" lon="15.0194845162332057952880859375">
        <ele>583.20001220703125</ele>
        <time>2026-04-05T08:35:01.000Z</time>
        <extensions>
          <ns3:TrackPointExtension>
            <ns3:hr>124</ns3:hr>
            <ns3:cad>68</ns3:cad>
          </ns3:TrackPointExtension>
        </extensions>
      </trkpt>
      <trkpt lat="49.05214936472475528717041015625" lon="15.0195284374058246612548828125">
        <ele>583</ele>
        <time>2026-04-05T08:35:02.000Z</time>
        <extensions>
          <ns3:TrackPointExtension>
            <ns3:hr>123</ns3:hr>
            <ns3:cad>71</ns3:cad>
          </ns3:TrackPointExtension>
        </extensions>
      </trkpt>
      <trkpt lat="49.052154980599880218505859375" lon="15.0195643119513988494873046875">
        <ele>582.5999755859375</ele>
        <time>2026-04-05T08:35:03.000Z</time>
        <extensions>
          <ns3:TrackPointExtension>
            <ns3:hr>122</ns3:hr>
            <ns3:cad>71</ns3:cad>
          </ns3:TrackPointExtension>
        </extensions>
      </trkpt>
      <trkpt lat="49.05216026119887828826904296875" lon="15.01959658227860927581787109375">
        <ele>582.4000244140625</ele>
        <time>2026-04-05T08:35:04.000Z</time>
        <extensions>
          <ns3:TrackPointExtension>
            <ns3:hr>122</ns3:hr>
            <ns3:cad>75</ns3:cad>
          </ns3:TrackPointExtension>
        </extensions>
      </trkpt>
      <trkpt lat="49.05217853374779224395751953125" lon="15.01963882707059383392333984375">
        <ele>582.20001220703125</ele>
        <time>2026-04-05T08:35:05.000Z</time>
        <extensions>
          <ns3:TrackPointExtension>
            <ns3:hr>121</ns3:hr>
            <ns3:cad>75</ns3:cad>
          </ns3:TrackPointExtension>
        </extensions>
      </trkpt>
      <trkpt lat="49.05219496227800846099853515625" lon="15.0196824967861175537109375">
        <ele>582</ele>
        <time>2026-04-05T08:35:06.000Z</time>
        <extensions>
          <ns3:TrackPointExtension>
            <ns3:hr>119</ns3:hr>
            <ns3:cad>76</ns3:cad>
          </ns3:TrackPointExtension>
        </extensions>
      </trkpt>
      <trkpt lat="49.05220954678952693939208984375" lon="15.01973153091967105865478515625">
        <ele>581.79998779296875</ele>
        <time>2026-04-05T08:35:07.000Z</time>
        <extensions>
          <ns3:TrackPointExtension>
            <ns3:hr>118</ns3:hr>
            <ns3:cad>76</ns3:cad>
          </ns3:TrackPointExtension>
        </extensions>
      </trkpt>
      <trkpt lat="49.05223083682358264923095703125" lon="15.01976639963686466217041015625">
        <ele>581.79998779296875</ele>
        <time>2026-04-05T08:35:08.000Z</time>
        <extensions>
          <ns3:TrackPointExtension>
            <ns3:hr>117</ns3:hr>
            <ns3:cad>76</ns3:cad>
          </ns3:TrackPointExtension>
        </extensions>
      </trkpt>
      <trkpt lat="49.05225648544728755950927734375" lon="15.01978970132768154144287109375">
        <ele>581.5999755859375</ele>
        <time>2026-04-05T08:35:09.000Z</time>
        <extensions>
          <ns3:TrackPointExtension>
            <ns3:hr>116</ns3:hr>
            <ns3:cad>76</ns3:cad>
          </ns3:TrackPointExtension>
        </extensions>
      </trkpt>
      <trkpt lat="49.052283726632595062255859375" lon="15.01979649066925048828125">
        <ele>581.4000244140625</ele>
        <time>2026-04-05T08:35:10.000Z</time>
        <extensions>
          <ns3:TrackPointExtension>
            <ns3:hr>115</ns3:hr>
            <ns3:cad>76</ns3:cad>
          </ns3:TrackPointExtension>
        </extensions>
      </trkpt>
      <trkpt lat="49.05230543576180934906005859375" lon="15.0197979994118213653564453125">
        <ele>581.20001220703125</ele>
        <time>2026-04-05T08:35:11.000Z</time>
        <extensions>
          <ns3:TrackPointExtension>
            <ns3:hr>115</ns3:hr>
            <ns3:cad>76</ns3:cad>
          </ns3:TrackPointExtension>
        </extensions>
      </trkpt>
      <trkpt lat="49.05233276076614856719970703125" lon="15.019806884229183197021484375">
        <ele>581</ele>
        <time>2026-04-05T08:35:12.000Z</time>
        <extensions>
          <ns3:TrackPointExtension>
            <ns3:hr>115</ns3:hr>
            <ns3:cad>77</ns3:cad>
          </ns3:TrackPointExtension>
        </extensions>
      </trkpt>
      <trkpt lat="49.0523613430559635162353515625" lon="15.0198342092335224151611328125">
        <ele>580.5999755859375</ele>
        <time>2026-04-05T08:35:13.000Z</time>
        <extensions>
          <ns3:TrackPointExtension>
            <ns3:hr>115</ns3:hr>
            <ns3:cad>77</ns3:cad>
          </ns3:TrackPointExtension>
        </extensions>
      </trkpt>
      <trkpt lat="49.0523874945938587188720703125" lon="15.019850470125675201416015625">
        <ele>580.5999755859375</ele>
        <time>2026-04-05T08:35:14.000Z</time>
        <extensions>
          <ns3:TrackPointExtension>
            <ns3:hr>115</ns3:hr>
            <ns3:cad>77</ns3:cad>
          </ns3:TrackPointExtension>
        </extensions>
      </trkpt>
      <trkpt lat="49.052413813769817352294921875" lon="15.019863210618495941162109375">
        <ele>580.4000244140625</ele>
        <time>2026-04-05T08:35:15.000Z</time>
        <extensions>
          <ns3:TrackPointExtension>
            <ns3:hr>116</ns3:hr>
            <ns3:cad>78</ns3:cad>
          </ns3:TrackPointExtension>
        </extensions>
      </trkpt>
      <trkpt lat="49.0524545498192310333251953125" lon="15.01986849121749401092529296875">
        <ele>580.20001220703125</ele>
        <time>2026-04-05T08:35:16.000Z</time>
        <extensions>
          <ns3:TrackPointExtension>
            <ns3:hr>116</ns3:hr>
            <ns3:cad>78</ns3:cad>
          </ns3:TrackPointExtension>
        </extensions>
      </trkpt>
      <trkpt lat="49.05247793532907962799072265625" lon="15.0198677368462085723876953125">
        <ele>580.20001220703125</ele>
        <time>2026-04-05T08:35:17.000Z</time>
        <extensions>
          <ns3:TrackPointExtension>
            <ns3:hr>115</ns3:hr>
            <ns3:cad>79</ns3:cad>
          </ns3:TrackPointExtension>
        </extensions>
      </trkpt>
      <trkpt lat="49.0525142289698123931884765625" lon="15.0198751129209995269775390625">
        <ele>580</ele>
        <time>2026-04-05T08:35:18.000Z</time>
        <extensions>
          <ns3:TrackPointExtension>
            <ns3:hr>115</ns3:hr>
            <ns3:cad>79</ns3:cad>
          </ns3:TrackPointExtension>
        </extensions>
      </trkpt>
      <trkpt lat="49.0525537915527820587158203125" lon="15.0198945589363574981689453125">
        <ele>579.79998779296875</ele>
        <time>2026-04-05T08:35:19.000Z</time>
        <extensions>
          <ns3:TrackPointExtension>
            <ns3:hr>114</ns3:hr>
            <ns3:cad>80</ns3:cad>
          </ns3:TrackPointExtension>
        </extensions>
      </trkpt>
      <trkpt lat="49.052588157355785369873046875" lon="15.01990369521081447601318359375">
        <ele>579.5999755859375</ele>
        <time>2026-04-05T08:35:20.000Z</time>
        <extensions>
          <ns3:TrackPointExtension>
            <ns3:hr>114</ns3:hr>
            <ns3:cad>80</ns3:cad>
          </ns3:TrackPointExtension>
        </extensions>
      </trkpt>
      <trkpt lat="49.05263819731771945953369140625" lon="15.019935630261898040771484375">
        <ele>579.4000244140625</ele>
        <time>2026-04-05T08:35:21.000Z</time>
        <extensions>
          <ns3:TrackPointExtension>
            <ns3:hr>114</ns3:hr>
            <ns3:cad>81</ns3:cad>
          </ns3:TrackPointExtension>
        </extensions>
      </trkpt>
      <trkpt lat="49.0526674501597881317138671875" lon="15.01998567022383213043212890625">
        <ele>579</ele>
        <time>2026-04-05T08:35:22.000Z</time>
        <extensions>
          <ns3:TrackPointExtension>
            <ns3:hr>115</ns3:hr>
            <ns3:cad>81</ns3:cad>
          </ns3:TrackPointExtension>
        </extensions>
      </trkpt>
      <trkpt lat="49.0526905842125415802001953125" lon="15.02003847621381282806396484375">
        <ele>578.5999755859375</ele>
        <time>2026-04-05T08:35:23.000Z</time>
        <extensions>
          <ns3:TrackPointExtension>
            <ns3:hr>115</ns3:hr>
            <ns3:cad>81</ns3:cad>
          </ns3:TrackPointExtension>
        </extensions>
      </trkpt>
      <trkpt lat="49.0527063421905040740966796875" lon="15.02008994109928607940673828125">
        <ele>578.5999755859375</ele>
        <time>2026-04-05T08:35:24.000Z</time>
        <extensions>
          <ns3:TrackPointExtension>
            <ns3:hr>116</ns3:hr>
            <ns3:cad>81</ns3:cad>
          </ns3:TrackPointExtension>
        </extensions>
      </trkpt>
      <trkpt lat="49.05271950177848339080810546875" lon="15.02014257945120334625244140625">
        <ele>578.5999755859375</ele>
        <time>2026-04-05T08:35:25.000Z</time>
        <extensions>
          <ns3:TrackPointExtension>
            <ns3:hr>117</ns3:hr>
            <ns3:cad>82</ns3:cad>
          </ns3:TrackPointExtension>
        </extensions>
      </trkpt>
      <trkpt lat="49.05272888951003551483154296875" lon="15.02019681036472320556640625">
        <ele>578.5999755859375</ele>
        <time>2026-04-05T08:35:26.000Z</time>
        <extensions>
          <ns3:TrackPointExtension>
            <ns3:hr>117</ns3:hr>
            <ns3:cad>82</ns3:cad>
          </ns3:TrackPointExtension>
        </extensions>
      </trkpt>
      <trkpt lat="49.05273743905127048492431640625" lon="15.02025104127824306488037109375">
        <ele>578.5999755859375</ele>
        <time>2026-04-05T08:35:27.000Z</time>
        <extensions>
          <ns3:TrackPointExtension>
            <ns3:hr>118</ns3:hr>
            <ns3:cad>82</ns3:cad>
          </ns3:TrackPointExtension>
        </extensions>
      </trkpt>
      <trkpt lat="49.05274632386863231658935546875" lon="15.020301081240177154541015625">
        <ele>578.5999755859375</ele>
        <time>2026-04-05T08:35:28.000Z</time>
        <extensions>
          <ns3:TrackPointExtension>
            <ns3:hr>118</ns3:hr>
            <ns3:cad>82</ns3:cad>
          </ns3:TrackPointExtension>
        </extensions>
      </trkpt>
      <trkpt lat="49.0527549572288990020751953125" lon="15.020349025726318359375">
        <ele>578.5999755859375</ele>
        <time>2026-04-05T08:35:29.000Z</time>
        <extensions>
          <ns3:TrackPointExtension>
            <ns3:hr>119</ns3:hr>
            <ns3:cad>82</ns3:cad>
          </ns3:TrackPointExtension>
        </extensions>
      </trkpt>
      <trkpt lat="49.052760489284992218017578125" lon="15.02039470709860324859619140625">
        <ele>578.5999755859375</ele>
        <time>2026-04-05T08:35:30.000Z</time>
        <extensions>
          <ns3:TrackPointExtension>
            <ns3:hr>119</ns3:hr>
            <ns3:cad>81</ns3:cad>
          </ns3:TrackPointExtension>
        </extensions>
      </trkpt>
      <trkpt lat="49.0527670271694660186767578125" lon="15.02043695189058780670166015625">
        <ele>578.79998779296875</ele>
        <time>2026-04-05T08:35:31.000Z</time>
        <extensions>
          <ns3:TrackPointExtension>
            <ns3:hr>119</ns3:hr>
            <ns3:cad>81</ns3:cad>
          </ns3:TrackPointExtension>
        </extensions>
      </trkpt>
      <trkpt lat="49.05277029611170291900634765625" lon="15.02048003487288951873779296875">
        <ele>579</ele>
        <time>2026-04-05T08:35:32.000Z</time>
        <extensions>
          <ns3:TrackPointExtension>
            <ns3:hr>118</ns3:hr>
            <ns3:cad>80</ns3:cad>
          </ns3:TrackPointExtension>
        </extensions>
      </trkpt>
      <trkpt lat="49.05277465470135211944580078125" lon="15.020516999065876007080078125">
        <ele>579.20001220703125</ele>
        <time>2026-04-05T08:35:33.000Z</time>
        <extensions>
          <ns3:TrackPointExtension>
            <ns3:hr>118</ns3:hr>
            <ns3:cad>80</ns3:cad>
          </ns3:TrackPointExtension>
        </extensions>
      </trkpt>
      <trkpt lat="49.052784629166126251220703125" lon="15.020555555820465087890625">
        <ele>579.4000244140625</ele>
        <time>2026-04-05T08:35:34.000Z</time>
        <extensions>
          <ns3:TrackPointExtension>
            <ns3:hr>118</ns3:hr>
            <ns3:cad>80</ns3:cad>
          </ns3:TrackPointExtension>
        </extensions>
      </trkpt>
      <trkpt lat="49.05279108323156833648681640625" lon="15.02059235237538814544677734375">
        <ele>579.5999755859375</ele>
        <time>2026-04-05T08:35:35.000Z</time>
        <extensions>
          <ns3:TrackPointExtension>
            <ns3:hr>118</ns3:hr>
            <ns3:cad>80</ns3:cad>
          </ns3:TrackPointExtension>
        </extensions>
      </trkpt>
      <trkpt lat="49.05280642211437225341796875" lon="15.02062437124550342559814453125">
        <ele>579.79998779296875</ele>
        <time>2026-04-05T08:35:36.000Z</time>
        <extensions>
          <ns3:TrackPointExtension>
            <ns3:hr>118</ns3:hr>
            <ns3:cad>81</ns3:cad>
          </ns3:TrackPointExtension>
        </extensions>
      </trkpt>
      <trkpt lat="49.0528236888349056243896484375" lon="15.020659156143665313720703125">
        <ele>579.79998779296875</ele>
        <time>2026-04-05T08:35:37.000Z</time>
        <extensions>
          <ns3:TrackPointExtension>
            <ns3:hr>118</ns3:hr>
            <ns3:cad>81</ns3:cad>
          </ns3:TrackPointExtension>
        </extensions>
      </trkpt>
      <trkpt lat="49.052844308316707611083984375" lon="15.02070332877337932586669921875">
        <ele>580</ele>
        <time>2026-04-05T08:35:38.000Z</time>
        <extensions>
          <ns3:TrackPointExtension>
            <ns3:hr>118</ns3:hr>
            <ns3:cad>81</ns3:cad>
          </ns3:TrackPointExtension>
        </extensions>
      </trkpt>
      <trkpt lat="49.0528639219701290130615234375" lon="15.02074087969958782196044921875">
        <ele>580</ele>
        <time>2026-04-05T08:35:39.000Z</time>
        <extensions>
          <ns3:TrackPointExtension>
            <ns3:hr>118</ns3:hr>
            <ns3:cad>81</ns3:cad>
          </ns3:TrackPointExtension>
        </extensions>
      </trkpt>
      <trkpt lat="49.0528837032616138458251953125" lon="15.0207726471126079559326171875">
        <ele>580.20001220703125</ele>
        <time>2026-04-05T08:35:40.000Z</time>
        <extensions>
          <ns3:TrackPointExtension>
            <ns3:hr>118</ns3:hr>
            <ns3:cad>80</ns3:cad>
          </ns3:TrackPointExtension>
        </extensions>
      </trkpt>
      <trkpt lat="49.05289535410702228546142578125" lon="15.020823776721954345703125">
        <ele>580.4000244140625</ele>
        <time>2026-04-05T08:35:41.000Z</time>
        <extensions>
          <ns3:TrackPointExtension>
            <ns3:hr>119</ns3:hr>
            <ns3:cad>80</ns3:cad>
          </ns3:TrackPointExtension>
        </extensions>
      </trkpt>
      <trkpt lat="49.05291463248431682586669921875" lon="15.02087381668388843536376953125">
        <ele>580.4000244140625</ele>
        <time>2026-04-05T08:35:42.000Z</time>
        <extensions>
          <ns3:TrackPointExtension>
            <ns3:hr>119</ns3:hr>
            <ns3:cad>80</ns3:cad>
          </ns3:TrackPointExtension>
        </extensions>
      </trkpt>
      <trkpt lat="49.052932150661945343017578125" lon="15.02092494629323482513427734375">
        <ele>580.5999755859375</ele>
        <time>2026-04-05T08:35:43.000Z</time>
        <extensions>
          <ns3:TrackPointExtension>
            <ns3:hr>119</ns3:hr>
            <ns3:cad>81</ns3:cad>
          </ns3:TrackPointExtension>
        </extensions>
      </trkpt>
      <trkpt lat="49.05294363386929035186767578125" lon="15.02096098847687244415283203125">
        <ele>580.79998779296875</ele>
        <time>2026-04-05T08:35:44.000Z</time>
        <extensions>
          <ns3:TrackPointExtension>
            <ns3:hr>119</ns3:hr>
            <ns3:cad>81</ns3:cad>
          </ns3:TrackPointExtension>
        </extensions>
      </trkpt>
      <trkpt lat="49.0529547818005084991455078125" lon="15.02099208533763885498046875">
        <ele>581</ele>
        <time>2026-04-05T08:35:45.000Z</time>
        <extensions>
          <ns3:TrackPointExtension>
            <ns3:hr>120</ns3:hr>
            <ns3:cad>81</ns3:cad>
          </ns3:TrackPointExtension>
        </extensions>
      </trkpt>
      <trkpt lat="49.052975066006183624267578125" lon="15.02103575505316257476806640625">
        <ele>581.4000244140625</ele>
        <time>2026-04-05T08:35:46.000Z</time>
        <extensions>
          <ns3:TrackPointExtension>
            <ns3:hr>120</ns3:hr>
            <ns3:cad>81</ns3:cad>
          </ns3:TrackPointExtension>
        </extensions>
      </trkpt>
      <trkpt lat="49.05299275182187557220458984375" lon="15.021076910197734832763671875">
        <ele>581.79998779296875</ele>
        <time>2026-04-05T08:35:47.000Z</time>
        <extensions>
          <ns3:TrackPointExtension>
            <ns3:hr>121</ns3:hr>
            <ns3:cad>81</ns3:cad>
          </ns3:TrackPointExtension>
        </extensions>
      </trkpt>
      <trkpt lat="49.05300767160952091217041015625" lon="15.021107755601406097412109375">
        <ele>582.4000244140625</ele>
        <time>2026-04-05T08:35:48.000Z</time>
        <extensions>
          <ns3:TrackPointExtension>
            <ns3:hr>121</ns3:hr>
            <ns3:cad>81</ns3:cad>
          </ns3:TrackPointExtension>
        </extensions>
      </trkpt>
      <trkpt lat="49.05302460305392742156982421875" lon="15.02113826572895050048828125">
        <ele>583</ele>
        <time>2026-04-05T08:35:49.000Z</time>
        <extensions>
          <ns3:TrackPointExtension>
            <ns3:hr>122</ns3:hr>
            <ns3:cad>82</ns3:cad>
          </ns3:TrackPointExtension>
        </extensions>
      </trkpt>
      <trkpt lat="49.0530359186232089996337890625" lon="15.021181516349315643310546875">
        <ele>583.4000244140625</ele>
        <time>2026-04-05T08:35:50.000Z</time>
        <extensions>
          <ns3:TrackPointExtension>
            <ns3:hr>123</ns3:hr>
            <ns3:cad>82</ns3:cad>
          </ns3:TrackPointExtension>
        </extensions>
      </trkpt>
      <trkpt lat="49.0530551970005035400390625" lon="15.0212108530104160308837890625">
        <ele>583.79998779296875</ele>
        <time>2026-04-05T08:35:51.000Z</time>
        <extensions>
          <ns3:TrackPointExtension>
            <ns3:hr>124</ns3:hr>
            <ns3:cad>80</ns3:cad>
          </ns3:TrackPointExtension>
        </extensions>
      </trkpt>
      <trkpt lat="49.0530697815120220184326171875" lon="15.021251924335956573486328125">
        <ele>584.4000244140625</ele>
        <time>2026-04-05T08:35:52.000Z</time>
        <extensions>
          <ns3:TrackPointExtension>
            <ns3:hr>125</ns3:hr>
            <ns3:cad>80</ns3:cad>
          </ns3:TrackPointExtension>
        </extensions>
      </trkpt>
      <trkpt lat="49.05306617729365825653076171875" lon="15.0212980248034000396728515625">
        <ele>584.79998779296875</ele>
        <time>2026-04-05T08:35:53.000Z</time>
        <extensions>
          <ns3:TrackPointExtension>
            <ns3:hr>126</ns3:hr>
            <ns3:cad>79</ns3:cad>
          </ns3:TrackPointExtension>
        </extensions>
      </trkpt>
      <trkpt lat="49.05306584201753139495849609375" lon="15.02134135924279689788818359375">
        <ele>585.20001220703125</ele>
        <time>2026-04-05T08:35:54.000Z</time>
        <extensions>
          <ns3:TrackPointExtension>
            <ns3:hr>128</ns3:hr>
            <ns3:cad>79</ns3:cad>
          </ns3:TrackPointExtension>
        </extensions>
      </trkpt>
      <trkpt lat="49.05306567437946796417236328125" lon="15.02138410694897174835205078125">
        <ele>585.5999755859375</ele>
        <time>2026-04-05T08:35:55.000Z</time>
        <extensions>
          <ns3:TrackPointExtension>
            <ns3:hr>131</ns3:hr>
            <ns3:cad>79</ns3:cad>
          </ns3:TrackPointExtension>
        </extensions>
      </trkpt>
      <trkpt lat="49.05305963940918445587158203125" lon="15.0214291177690029144287109375">
        <ele>586.20001220703125</ele>
        <time>2026-04-05T08:35:56.000Z</time>
        <extensions>
          <ns3:TrackPointExtension>
            <ns3:hr>134</ns3:hr>
            <ns3:cad>79</ns3:cad>
          </ns3:TrackPointExtension>
        </extensions>
      </trkpt>
      <trkpt lat="49.05306215398013591766357421875" lon="15.0214656628668308258056640625">
        <ele>586.5999755859375</ele>
        <time>2026-04-05T08:35:57.000Z</time>
        <extensions>
          <ns3:TrackPointExtension>
            <ns3:hr>140</ns3:hr>
            <ns3:cad>80</ns3:cad>
          </ns3:TrackPointExtension>
        </extensions>
      </trkpt>
      <trkpt lat="49.053066261112689971923828125" lon="15.02149675972759723663330078125">
        <ele>587</ele>
        <time>2026-04-05T08:35:58.000Z</time>
        <extensions>
          <ns3:TrackPointExtension>
            <ns3:hr>144</ns3:hr>
            <ns3:cad>80</ns3:cad>
          </ns3:TrackPointExtension>
        </extensions>
      </trkpt>
      <trkpt lat="49.0530686080455780029296875" lon="15.02153833396732807159423828125">
        <ele>587.4000244140625</ele>
        <time>2026-04-05T08:35:59.000Z</time>
        <extensions>
          <ns3:TrackPointExtension>
            <ns3:hr>147</ns3:hr>
            <ns3:cad>79</ns3:cad>
          </ns3:TrackPointExtension>
        </extensions>
      </trkpt>
      <trkpt lat="49.053068272769451141357421875" lon="15.0215736217796802520751953125">
        <ele>587.79998779296875</ele>
        <time>2026-04-05T08:36:00.000Z</time>
        <extensions>
          <ns3:TrackPointExtension>
            <ns3:hr>148</ns3:hr>
            <ns3:cad>79</ns3:cad>
          </ns3:TrackPointExtension>
        </extensions>
      </trkpt>
      <trkpt lat="49.05306818895041942596435546875" lon="15.02160899341106414794921875">
        <ele>588</ele>
        <time>2026-04-05T08:36:01.000Z</time>
        <extensions>
          <ns3:TrackPointExtension>
            <ns3:hr>149</ns3:hr>
            <ns3:cad>79</ns3:cad>
          </ns3:TrackPointExtension>
        </extensions>
      </trkpt>
      <trkpt lat="49.05307506211102008819580078125" lon="15.02163439057767391204833984375">
        <ele>588.4000244140625</ele>
        <time>2026-04-05T08:36:02.000Z</time>
        <extensions>
          <ns3:TrackPointExtension>
            <ns3:hr>150</ns3:hr>
            <ns3:cad>78</ns3:cad>
          </ns3:TrackPointExtension>
        </extensions>
      </trkpt>
      <trkpt lat="49.053092412650585174560546875" lon="15.02164880745112895965576171875">
        <ele>588.5999755859375</ele>
        <time>2026-04-05T08:36:03.000Z</time>
        <extensions>
          <ns3:TrackPointExtension>
            <ns3:hr>151</ns3:hr>
            <ns3:cad>78</ns3:cad>
          </ns3:TrackPointExtension>
        </extensions>
      </trkpt>
      <trkpt lat="49.05311219394207000732421875" lon="15.0216547586023807525634765625">
        <ele>588.79998779296875</ele>
        <time>2026-04-05T08:36:04.000Z</time>
        <extensions>
          <ns3:TrackPointExtension>
            <ns3:hr>151</ns3:hr>
            <ns3:cad>78</ns3:cad>
          </ns3:TrackPointExtension>
        </extensions>
      </trkpt>
      <trkpt lat="49.0531318075954914093017578125" lon="15.0216604582965373992919921875">
        <ele>589.20001220703125</ele>
        <time>2026-04-05T08:36:05.000Z</time>
        <extensions>
          <ns3:TrackPointExtension>
            <ns3:hr>152</ns3:hr>
            <ns3:cad>78</ns3:cad>
          </ns3:TrackPointExtension>
        </extensions>
      </trkpt>
      <trkpt lat="49.0531660057604312896728515625" lon="15.0216711871325969696044921875">
        <ele>589.4000244140625</ele>
        <time>2026-04-05T08:36:06.000Z</time>
        <extensions>
          <ns3:TrackPointExtension>
            <ns3:hr>153</ns3:hr>
            <ns3:cad>77</ns3:cad>
          </ns3:TrackPointExtension>
        </extensions>
      </trkpt>
      <trkpt lat="49.0531851164996623992919921875" lon="15.02169750630855560302734375">
        <ele>589.5999755859375</ele>
        <time>2026-04-05T08:36:07.000Z</time>
        <extensions>
          <ns3:TrackPointExtension>
            <ns3:hr>153</ns3:hr>
            <ns3:cad>77</ns3:cad>
          </ns3:TrackPointExtension>
        </extensions>
      </trkpt>
      <trkpt lat="49.05320749618113040924072265625" lon="15.0217060558497905731201171875">
        <ele>589.79998779296875</ele>
        <time>2026-04-05T08:36:08.000Z</time>
        <extensions>
          <ns3:TrackPointExtension>
            <ns3:hr>154</ns3:hr>
            <ns3:cad>76</ns3:cad>
          </ns3:TrackPointExtension>
        </extensions>
      </trkpt>
      <trkpt lat="49.05322082340717315673828125" lon="15.021728016436100006103515625">
        <ele>590.20001220703125</ele>
        <time>2026-04-05T08:36:09.000Z</time>
        <extensions>
          <ns3:TrackPointExtension>
            <ns3:hr>155</ns3:hr>
            <ns3:cad>76</ns3:cad>
          </ns3:TrackPointExtension>
        </extensions>
      </trkpt>
      <trkpt lat="49.0532213263213634490966796875" lon="15.02175123430788516998291015625">
        <ele>590.4000244140625</ele>
        <time>2026-04-05T08:36:10.000Z</time>
        <extensions>
          <ns3:TrackPointExtension>
            <ns3:hr>155</ns3:hr>
            <ns3:cad>76</ns3:cad>
          </ns3:TrackPointExtension>
        </extensions>
      </trkpt>
      <trkpt lat="49.0532199852168560028076171875" lon="15.0217754580080509185791015625">
        <ele>590.5999755859375</ele>
        <time>2026-04-05T08:36:11.000Z</time>
        <extensions>
          <ns3:TrackPointExtension>
            <ns3:hr>156</ns3:hr>
            <ns3:cad>76</ns3:cad>
          </ns3:TrackPointExtension>
        </extensions>
      </trkpt>
      <trkpt lat="49.0532183088362216949462890625" lon="15.02179347909986972808837890625">
        <ele>590.5999755859375</ele>
        <time>2026-04-05T08:36:12.000Z</time>
        <extensions>
          <ns3:TrackPointExtension>
            <ns3:hr>156</ns3:hr>
            <ns3:cad>76</ns3:cad>
          </ns3:TrackPointExtension>
        </extensions>
      </trkpt>
      <trkpt lat="49.0532193146646022796630859375" lon="15.02180906943976879119873046875">
        <ele>590.79998779296875</ele>
        <time>2026-04-05T08:36:13.000Z</time>
        <extensions>
          <ns3:TrackPointExtension>
            <ns3:hr>156</ns3:hr>
            <ns3:cad>76</ns3:cad>
          </ns3:TrackPointExtension>
        </extensions>
      </trkpt>
      <trkpt lat="49.05321788974106311798095703125" lon="15.02184008248150348663330078125">
        <ele>591</ele>
        <time>2026-04-05T08:36:14.000Z</time>
        <extensions>
          <ns3:TrackPointExtension>
            <ns3:hr>156</ns3:hr>
            <ns3:cad>76</ns3:cad>
          </ns3:TrackPointExtension>
        </extensions>
      </trkpt>
      <trkpt lat="49.0532183088362216949462890625" lon="15.02185600809752941131591796875">
        <ele>591.20001220703125</ele>
        <time>2026-04-05T08:36:15.000Z</time>
        <extensions>
          <ns3:TrackPointExtension>
            <ns3:hr>156</ns3:hr>
            <ns3:cad>76</ns3:cad>
          </ns3:TrackPointExtension>
        </extensions>
      </trkpt>
      <trkpt lat="49.053213112056255340576171875" lon="15.02187847159802913665771484375">
        <ele>591.5999755859375</ele>
        <time>2026-04-05T08:36:16.000Z</time>
        <extensions>
          <ns3:TrackPointExtension>
            <ns3:hr>156</ns3:hr>
            <ns3:cad>0</ns3:cad>
          </ns3:TrackPointExtension>
        </extensions>
      </trkpt>
      <trkpt lat="49.05320464633405208587646484375" lon="15.0218914635479450225830078125">
        <ele>591.79998779296875</ele>
        <time>2026-04-05T08:36:17.000Z</time>
        <extensions>
          <ns3:TrackPointExtension>
            <ns3:hr>156</ns3:hr>
            <ns3:cad>0</ns3:cad>
          </ns3:TrackPointExtension>
        </extensions>
      </trkpt>
      <trkpt lat="49.053201712667942047119140625" lon="15.02190931700170040130615234375">
        <ele>592.20001220703125</ele>
        <time>2026-04-05T08:36:18.000Z</time>
        <extensions>
          <ns3:TrackPointExtension>
            <ns3:hr>156</ns3:hr>
            <ns3:cad>0</ns3:cad>
          </ns3:TrackPointExtension>
        </extensions>
      </trkpt>
      <trkpt lat="49.05320414341986179351806640625" lon="15.0219327025115489959716796875">
        <ele>592.4000244140625</ele>
        <time>2026-04-05T08:36:19.000Z</time>
        <extensions>
          <ns3:TrackPointExtension>
            <ns3:hr>156</ns3:hr>
            <ns3:cad>0</ns3:cad>
          </ns3:TrackPointExtension>
        </extensions>
      </trkpt>
      <trkpt lat="49.05320397578179836273193359375" lon="15.0219581834971904754638671875">
        <ele>592.5999755859375</ele>
        <time>2026-04-05T08:36:20.000Z</time>
        <extensions>
          <ns3:TrackPointExtension>
            <ns3:hr>155</ns3:hr>
            <ns3:cad>0</ns3:cad>
          </ns3:TrackPointExtension>
        </extensions>
      </trkpt>
      <trkpt lat="49.05320607125759124755859375" lon="15.021991543471813201904296875">
        <ele>593</ele>
        <time>2026-04-05T08:36:21.000Z</time>
        <extensions>
          <ns3:TrackPointExtension>
            <ns3:hr>155</ns3:hr>
            <ns3:cad>0</ns3:cad>
          </ns3:TrackPointExtension>
        </extensions>
      </trkpt>
      <trkpt lat="49.05321202240884304046630859375" lon="15.022010318934917449951171875">
        <ele>593.20001220703125</ele>
        <time>2026-04-05T08:36:22.000Z</time>
        <extensions>
          <ns3:TrackPointExtension>
            <ns3:hr>154</ns3:hr>
            <ns3:cad>0</ns3:cad>
          </ns3:TrackPointExtension>
        </extensions>
      </trkpt>
      <trkpt lat="49.05322258360683917999267578125" lon="15.02202616073191165924072265625">
        <ele>593.79998779296875</ele>
        <time>2026-04-05T08:36:23.000Z</time>
        <extensions>
          <ns3:TrackPointExtension>
            <ns3:hr>153</ns3:hr>
            <ns3:cad>0</ns3:cad>
          </ns3:TrackPointExtension>
        </extensions>
      </trkpt>
      <trkpt lat="49.0532585419714450836181640625" lon="15.02200554125010967254638671875">
        <ele>594.20001220703125</ele>
        <time>2026-04-05T08:36:24.000Z</time>
        <extensions>
          <ns3:TrackPointExtension>
            <ns3:hr>153</ns3:hr>
            <ns3:cad>0</ns3:cad>
          </ns3:TrackPointExtension>
        </extensions>
      </trkpt>
      <trkpt lat="49.05328343622386455535888671875" lon="15.021994225680828094482421875">
        <ele>594.4000244140625</ele>
        <time>2026-04-05T08:36:25.000Z</time>
        <extensions>
          <ns3:TrackPointExtension>
            <ns3:hr>152</ns3:hr>
            <ns3:cad>75</ns3:cad>
          </ns3:TrackPointExtension>
        </extensions>
      </trkpt>
      <trkpt lat="49.05330874957144260406494140625" lon="15.021978802978992462158203125">
        <ele>594.79998779296875</ele>
        <time>2026-04-05T08:36:26.000Z</time>
        <extensions>
          <ns3:TrackPointExtension>
            <ns3:hr>151</ns3:hr>
            <ns3:cad>75</ns3:cad>
          </ns3:TrackPointExtension>
        </extensions>
      </trkpt>
      <trkpt lat="49.05333993025124073028564453125" lon="15.02196363173425197601318359375">
        <ele>595</ele>
        <time>2026-04-05T08:36:27.000Z</time>
        <extensions>
          <ns3:TrackPointExtension>
            <ns3:hr>152</ns3:hr>
            <ns3:cad>75</ns3:cad>
          </ns3:TrackPointExtension>
        </extensions>
      </trkpt>
      <trkpt lat="49.05337370932102203369140625" lon="15.02195675857365131378173828125">
        <ele>595</ele>
        <time>2026-04-05T08:36:28.000Z</time>
        <extensions>
          <ns3:TrackPointExtension>
            <ns3:hr>152</ns3:hr>
            <ns3:cad>75</ns3:cad>
          </ns3:TrackPointExtension>
        </extensions>
      </trkpt>
      <trkpt lat="49.0534057281911373138427734375" lon="15.02195072360336780548095703125">
        <ele>595.20001220703125</ele>
        <time>2026-04-05T08:36:29.000Z</time>
        <extensions>
          <ns3:TrackPointExtension>
            <ns3:hr>153</ns3:hr>
            <ns3:cad>76</ns3:cad>
          </ns3:TrackPointExtension>
        </extensions>
      </trkpt>
      <trkpt lat="49.05342106707394123077392578125" lon="15.02199120819568634033203125">
        <ele>595.20001220703125</ele>
        <time>2026-04-05T08:36:30.000Z</time>
        <extensions>
          <ns3:TrackPointExtension>
            <ns3:hr>154</ns3:hr>
            <ns3:cad>76</ns3:cad>
          </ns3:TrackPointExtension>
        </extensions>
      </trkpt>
      <trkpt lat="49.05343229882419109344482421875" lon="15.02202280797064304351806640625">
        <ele>595.4000244140625</ele>
        <time>2026-04-05T08:36:31.000Z</time>
        <extensions>
          <ns3:TrackPointExtension>
            <ns3:hr>154</ns3:hr>
            <ns3:cad>76</ns3:cad>
          </ns3:TrackPointExtension>
        </extensions>
      </trkpt>
      <trkpt lat="49.05344269238412380218505859375" lon="15.02204879187047481536865234375">
        <ele>595.79998779296875</ele>
        <time>2026-04-05T08:36:32.000Z</time>
        <extensions>
          <ns3:TrackPointExtension>
            <ns3:hr>155</ns3:hr>
            <ns3:cad>76</ns3:cad>
          </ns3:TrackPointExtension>
        </extensions>
      </trkpt>
      <trkpt lat="49.0534536726772785186767578125" lon="15.02206857316195964813232421875">
        <ele>595.79998779296875</ele>
        <time>2026-04-05T08:36:33.000Z</time>
        <extensions>
          <ns3:TrackPointExtension>
            <ns3:hr>155</ns3:hr>
            <ns3:cad>73</ns3:cad>
          </ns3:TrackPointExtension>
        </extensions>
      </trkpt>
      <trkpt lat="49.05346381478011608123779296875" lon="15.0220855884253978729248046875">
        <ele>596</ele>
        <time>2026-04-05T08:36:34.000Z</time>
        <extensions>
          <ns3:TrackPointExtension>
            <ns3:hr>156</ns3:hr>
            <ns3:cad>73</ns3:cad>
          </ns3:TrackPointExtension>
        </extensions>
      </trkpt>
      <trkpt lat="49.05347320251166820526123046875" lon="15.02209455706179141998291015625">
        <ele>596.20001220703125</ele>
        <time>2026-04-05T08:36:35.000Z</time>
        <extensions>
          <ns3:TrackPointExtension>
            <ns3:hr>156</ns3:hr>
            <ns3:cad>73</ns3:cad>
          </ns3:TrackPointExtension>
        </extensions>
      </trkpt>
      <trkpt lat="49.0534982644021511077880859375" lon="15.022100843489170074462890625">
        <ele>596.4000244140625</ele>
        <time>2026-04-05T08:36:36.000Z</time>
        <extensions>
          <ns3:TrackPointExtension>
            <ns3:hr>156</ns3:hr>
            <ns3:cad>73</ns3:cad>
          </ns3:TrackPointExtension>
        </extensions>
      </trkpt>
      <trkpt lat="49.053509496152400970458984375" lon="15.0221157632768154144287109375">
        <ele>596.4000244140625</ele>
        <time>2026-04-05T08:36:37.000Z</time>
        <extensions>
          <ns3:TrackPointExtension>
            <ns3:hr>156</ns3:hr>
            <ns3:cad>73</ns3:cad>
          </ns3:TrackPointExtension>
        </extensions>
      </trkpt>
      <trkpt lat="49.0535267628729343414306640625" lon="15.02213227562606334686279296875">
        <ele>596.20001220703125</ele>
        <time>2026-04-05T08:36:38.000Z</time>
        <extensions>
          <ns3:TrackPointExtension>
            <ns3:hr>156</ns3:hr>
            <ns3:cad>0</ns3:cad>
          </ns3:TrackPointExtension>
        </extensions>
      </trkpt>
      <trkpt lat="49.05354411341249942779541015625" lon="15.02214736305177211761474609375">
        <ele>596</ele>
        <time>2026-04-05T08:36:39.000Z</time>
        <extensions>
          <ns3:TrackPointExtension>
            <ns3:hr>157</ns3:hr>
            <ns3:cad>0</ns3:cad>
          </ns3:TrackPointExtension>
        </extensions>
      </trkpt>
      <trkpt lat="49.05355869792401790618896484375" lon="15.02215926535427570343017578125">
        <ele>595.5999755859375</ele>
        <time>2026-04-05T08:36:40.000Z</time>
        <extensions>
          <ns3:TrackPointExtension>
            <ns3:hr>157</ns3:hr>
            <ns3:cad>73</ns3:cad>
          </ns3:TrackPointExtension>
        </extensions>
      </trkpt>
      <trkpt lat="49.05359440483152866363525390625" lon="15.0221881829202175140380859375">
        <ele>595.20001220703125</ele>
        <time>2026-04-05T08:36:41.000Z</time>
        <extensions>
          <ns3:TrackPointExtension>
            <ns3:hr>157</ns3:hr>
            <ns3:cad>73</ns3:cad>
          </ns3:TrackPointExtension>
        </extensions>
      </trkpt>
      <trkpt lat="49.05361955054104328155517578125" lon="15.02220972441136837005615234375">
        <ele>594.5999755859375</ele>
        <time>2026-04-05T08:36:42.000Z</time>
        <extensions>
          <ns3:TrackPointExtension>
            <ns3:hr>158</ns3:hr>
            <ns3:cad>73</ns3:cad>
          </ns3:TrackPointExtension>
        </extensions>
      </trkpt>
      <trkpt lat="49.05364285223186016082763671875" lon="15.0222300924360752105712890625">
        <ele>594</ele>
        <time>2026-04-05T08:36:43.000Z</time>
        <extensions>
          <ns3:TrackPointExtension>
            <ns3:hr>158</ns3:hr>
            <ns3:cad>73</ns3:cad>
          </ns3:TrackPointExtension>
        </extensions>
      </trkpt>
      <trkpt lat="49.0536555089056491851806640625" lon="15.0222646258771419525146484375">
        <ele>593.5999755859375</ele>
        <time>2026-04-05T08:36:44.000Z</time>
        <extensions>
          <ns3:TrackPointExtension>
            <ns3:hr>157</ns3:hr>
            <ns3:cad>73</ns3:cad>
          </ns3:TrackPointExtension>
        </extensions>
      </trkpt>
      <trkpt lat="49.053668081760406494140625" lon="15.02230930142104625701904296875">
        <ele>593.4000244140625</ele>
        <time>2026-04-05T08:36:45.000Z</time>
        <extensions>
          <ns3:TrackPointExtension>
            <ns3:hr>157</ns3:hr>
            <ns3:cad>73</ns3:cad>
          </ns3:TrackPointExtension>
        </extensions>
      </trkpt>
      <trkpt lat="49.05368057079613208770751953125" lon="15.02234660089015960693359375">
        <ele>593</ele>
        <time>2026-04-05T08:36:46.000Z</time>
        <extensions>
          <ns3:TrackPointExtension>
            <ns3:hr>157</ns3:hr>
            <ns3:cad>76</ns3:cad>
          </ns3:TrackPointExtension>
        </extensions>
      </trkpt>
      <trkpt lat="49.05369565822184085845947265625" lon="15.02237233333289623260498046875">
        <ele>592.79998779296875</ele>
        <time>2026-04-05T08:36:47.000Z</time>
        <extensions>
          <ns3:TrackPointExtension>
            <ns3:hr>156</ns3:hr>
            <ns3:cad>76</ns3:cad>
          </ns3:TrackPointExtension>
        </extensions>
      </trkpt>
      <trkpt lat="49.0537131763994693756103515625" lon="15.02240519039332866668701171875">
        <ele>592.4000244140625</ele>
        <time>2026-04-05T08:36:48.000Z</time>
        <extensions>
          <ns3:TrackPointExtension>
            <ns3:hr>156</ns3:hr>
            <ns3:cad>76</ns3:cad>
          </ns3:TrackPointExtension>
        </extensions>
      </trkpt>
      <trkpt lat="49.0537285991013050079345703125" lon="15.0224315933883190155029296875">
        <ele>592.20001220703125</ele>
        <time>2026-04-05T08:36:49.000Z</time>
        <extensions>
          <ns3:TrackPointExtension>
            <ns3:hr>156</ns3:hr>
            <ns3:cad>76</ns3:cad>
          </ns3:TrackPointExtension>
        </extensions>
      </trkpt>
      <trkpt lat="49.0537423454225063323974609375" lon="15.022456906735897064208984375">
        <ele>591.79998779296875</ele>
        <time>2026-04-05T08:36:50.000Z</time>
        <extensions>
          <ns3:TrackPointExtension>
            <ns3:hr>156</ns3:hr>
            <ns3:cad>76</ns3:cad>
          </ns3:TrackPointExtension>
        </extensions>
      </trkpt>
      <trkpt lat="49.05375902540981769561767578125" lon="15.02247643657028675079345703125">
        <ele>591.5999755859375</ele>
        <time>2026-04-05T08:36:51.000Z</time>
        <extensions>
          <ns3:TrackPointExtension>
            <ns3:hr>155</ns3:hr>
            <ns3:cad>76</ns3:cad>
          </ns3:TrackPointExtension>
        </extensions>
      </trkpt>
      <trkpt lat="49.05378249473869800567626953125" lon="15.02250744961202144622802734375">
        <ele>591.4000244140625</ele>
        <time>2026-04-05T08:36:52.000Z</time>
        <extensions>
          <ns3:TrackPointExtension>
            <ns3:hr>155</ns3:hr>
            <ns3:cad>76</ns3:cad>
          </ns3:TrackPointExtension>
        </extensions>
      </trkpt>
      <trkpt lat="49.05379188247025012969970703125" lon="15.02253879792988300323486328125">
        <ele>591.20001220703125</ele>
        <time>2026-04-05T08:36:53.000Z</time>
        <extensions>
          <ns3:TrackPointExtension>
            <ns3:hr>154</ns3:hr>
            <ns3:cad>76</ns3:cad>
          </ns3:TrackPointExtension>
        </extensions>
      </trkpt>
      <trkpt lat="49.05380110256373882293701171875" lon="15.02256696112453937530517578125">
        <ele>591.20001220703125</ele>
        <time>2026-04-05T08:36:54.000Z</time>
        <extensions>
          <ns3:TrackPointExtension>
            <ns3:hr>153</ns3:hr>
            <ns3:cad>76</ns3:cad>
          </ns3:TrackPointExtension>
        </extensions>
      </trkpt>
      <trkpt lat="49.05381493270397186279296875" lon="15.022588670253753662109375">
        <ele>591</ele>
        <time>2026-04-05T08:36:55.000Z</time>
        <extensions>
          <ns3:TrackPointExtension>
            <ns3:hr>152</ns3:hr>
            <ns3:cad>76</ns3:cad>
          </ns3:TrackPointExtension>
        </extensions>
      </trkpt>
      <trkpt lat="49.05382968485355377197265625" lon="15.0225928612053394317626953125">
        <ele>590.79998779296875</ele>
        <time>2026-04-05T08:36:56.000Z</time>
        <extensions>
          <ns3:TrackPointExtension>
            <ns3:hr>151</ns3:hr>
            <ns3:cad>76</ns3:cad>
          </ns3:TrackPointExtension>
        </extensions>
      </trkpt>
      <trkpt lat="49.0538479574024677276611328125" lon="15.0225925259292125701904296875">
        <ele>590.4000244140625</ele>
        <time>2026-04-05T08:36:57.000Z</time>
        <extensions>
          <ns3:TrackPointExtension>
            <ns3:hr>151</ns3:hr>
            <ns3:cad>73</ns3:cad>
          </ns3:TrackPointExtension>
        </extensions>
      </trkpt>
      <trkpt lat="49.05385960824787616729736328125" lon="15.0225841440260410308837890625">
        <ele>590</ele>
        <time>2026-04-05T08:36:58.000Z</time>
        <extensions>
          <ns3:TrackPointExtension>
            <ns3:hr>150</ns3:hr>
            <ns3:cad>73</ns3:cad>
          </ns3:TrackPointExtension>
        </extensions>
      </trkpt>
      <trkpt lat="49.05387301929295063018798828125" lon="15.02256880514323711395263671875">
        <ele>589.79998779296875</ele>
        <time>2026-04-05T08:36:59.000Z</time>
        <extensions>
          <ns3:TrackPointExtension>
            <ns3:hr>149</ns3:hr>
            <ns3:cad>71</ns3:cad>
          </ns3:TrackPointExtension>
        </extensions>
      </trkpt>
      <trkpt lat="49.05390436761081218719482421875" lon="15.02255313098430633544921875">
        <ele>589.5999755859375</ele>
        <time>2026-04-05T08:37:00.000Z</time>
        <extensions>
          <ns3:TrackPointExtension>
            <ns3:hr>149</ns3:hr>
            <ns3:cad>71</ns3:cad>
          </ns3:TrackPointExtension>
        </extensions>
      </trkpt>
      <trkpt lat="49.0539280883967876434326171875" lon="15.022575594484806060791015625">
        <ele>589.4000244140625</ele>
        <time>2026-04-05T08:37:01.000Z</time>
        <extensions>
          <ns3:TrackPointExtension>
            <ns3:hr>148</ns3:hr>
            <ns3:cad>71</ns3:cad>
          </ns3:TrackPointExtension>
        </extensions>
      </trkpt>
      <trkpt lat="49.053953401744365692138671875" lon="15.0225942023098468780517578125">
        <ele>589.20001220703125</ele>
        <time>2026-04-05T08:37:02.000Z</time>
        <extensions>
          <ns3:TrackPointExtension>
            <ns3:hr>148</ns3:hr>
            <ns3:cad>71</ns3:cad>
          </ns3:TrackPointExtension>
        </extensions>
      </trkpt>
      <trkpt lat="49.05397997237741947174072265625" lon="15.0226136483252048492431640625">
        <ele>589.20001220703125</ele>
        <time>2026-04-05T08:37:03.000Z</time>
        <extensions>
          <ns3:TrackPointExtension>
            <ns3:hr>147</ns3:hr>
            <ns3:cad>71</ns3:cad>
          </ns3:TrackPointExtension>
        </extensions>
      </trkpt>
      <trkpt lat="49.05401584692299365997314453125" lon="15.0226525403559207916259765625">
        <ele>589</ele>
        <time>2026-04-05T08:37:04.000Z</time>
        <extensions>
          <ns3:TrackPointExtension>
            <ns3:hr>146</ns3:hr>
            <ns3:cad>71</ns3:cad>
          </ns3:TrackPointExtension>
        </extensions>
      </trkpt>
      <trkpt lat="49.05403353273868560791015625" lon="15.022685229778289794921875">
        <ele>588.79998779296875</ele>
        <time>2026-04-05T08:37:05.000Z</time>
        <extensions>
          <ns3:TrackPointExtension>
            <ns3:hr>144</ns3:hr>
            <ns3:cad>73</ns3:cad>
          </ns3:TrackPointExtension>
        </extensions>
      </trkpt>
      <trkpt lat="49.0540507994592189788818359375" lon="15.02272739075124263763427734375">
        <ele>588.5999755859375</ele>
        <time>2026-04-05T08:37:06.000Z</time>
        <extensions>
          <ns3:TrackPointExtension>
            <ns3:hr>144</ns3:hr>
            <ns3:cad>73</ns3:cad>
          </ns3:TrackPointExtension>
        </extensions>
      </trkpt>
      <trkpt lat="49.054049961268901824951171875" lon="15.0227702222764492034912109375">
        <ele>588.4000244140625</ele>
        <time>2026-04-05T08:37:07.000Z</time>
        <extensions>
          <ns3:TrackPointExtension>
            <ns3:hr>143</ns3:hr>
            <ns3:cad>74</ns3:cad>
          </ns3:TrackPointExtension>
        </extensions>
      </trkpt>
      <trkpt lat="49.05406295321881771087646484375" lon="15.02282378263771533966064453125">
        <ele>588.20001220703125</ele>
        <time>2026-04-05T08:37:08.000Z</time>
        <extensions>
          <ns3:TrackPointExtension>
            <ns3:hr>142</ns3:hr>
            <ns3:cad>74</ns3:cad>
          </ns3:TrackPointExtension>
        </extensions>
      </trkpt>
      <trkpt lat="49.05407334677875041961669921875" lon="15.02287357114255428314208984375">
        <ele>588</ele>
        <time>2026-04-05T08:37:09.000Z</time>
        <extensions>
          <ns3:TrackPointExtension>
            <ns3:hr>141</ns3:hr>
            <ns3:cad>75</ns3:cad>
          </ns3:TrackPointExtension>
        </extensions>
      </trkpt>
      <trkpt lat="49.0540937148034572601318359375" lon="15.02291564829647541046142578125">
        <ele>588</ele>
        <time>2026-04-05T08:37:10.000Z</time>
        <extensions>
          <ns3:TrackPointExtension>
            <ns3:hr>141</ns3:hr>
            <ns3:cad>75</ns3:cad>
          </ns3:TrackPointExtension>
        </extensions>
      </trkpt>
      <trkpt lat="49.0541041083633899688720703125" lon="15.02296091057360172271728515625">
        <ele>587.79998779296875</ele>
        <time>2026-04-05T08:37:11.000Z</time>
        <extensions>
          <ns3:TrackPointExtension>
            <ns3:hr>140</ns3:hr>
            <ns3:cad>75</ns3:cad>
          </ns3:TrackPointExtension>
        </extensions>
      </trkpt>
      <trkpt lat="49.05411341227591037750244140625" lon="15.02299326471984386444091796875">
        <ele>587.79998779296875</ele>
        <time>2026-04-05T08:37:12.000Z</time>
        <extensions>
          <ns3:TrackPointExtension>
            <ns3:hr>140</ns3:hr>
            <ns3:cad>75</ns3:cad>
          </ns3:TrackPointExtension>
        </extensions>
      </trkpt>
      <trkpt lat="49.05411710031330585479736328125" lon="15.0230203382670879364013671875">
        <ele>587.5999755859375</ele>
        <time>2026-04-05T08:37:13.000Z</time>
        <extensions>
          <ns3:TrackPointExtension>
            <ns3:hr>140</ns3:hr>
            <ns3:cad>75</ns3:cad>
          </ns3:TrackPointExtension>
        </extensions>
      </trkpt>
      <trkpt lat="49.05411064624786376953125" lon="15.02303886227309703826904296875">
        <ele>587.5999755859375</ele>
        <time>2026-04-05T08:37:14.000Z</time>
        <extensions>
          <ns3:TrackPointExtension>
            <ns3:hr>139</ns3:hr>
            <ns3:cad>68</ns3:cad>
          </ns3:TrackPointExtension>
        </extensions>
      </trkpt>
      <trkpt lat="49.054094217717647552490234375" lon="15.02305512316524982452392578125">
        <ele>587.4000244140625</ele>
        <time>2026-04-05T08:37:15.000Z</time>
        <extensions>
          <ns3:TrackPointExtension>
            <ns3:hr>139</ns3:hr>
            <ns3:cad>68</ns3:cad>
          </ns3:TrackPointExtension>
        </extensions>
      </trkpt>
      <trkpt lat="49.05406110920011997222900390625" lon="15.02307490445673465728759765625">
        <ele>587.4000244140625</ele>
        <time>2026-04-05T08:37:16.000Z</time>
        <extensions>
          <ns3:TrackPointExtension>
            <ns3:hr>138</ns3:hr>
            <ns3:cad>68</ns3:cad>
          </ns3:TrackPointExtension>
        </extensions>
      </trkpt>
      <trkpt lat="49.05403395183384418487548828125" lon="15.0230820290744304656982421875">
        <ele>587.4000244140625</ele>
        <time>2026-04-05T08:37:17.000Z</time>
        <extensions>
          <ns3:TrackPointExtension>
            <ns3:hr>138</ns3:hr>
            <ns3:cad>68</ns3:cad>
          </ns3:TrackPointExtension>
        </extensions>
      </trkpt>
      <trkpt lat="49.0540065430104732513427734375" lon="15.02309166826307773590087890625">
        <ele>587.4000244140625</ele>
        <time>2026-04-05T08:37:18.000Z</time>
        <extensions>
          <ns3:TrackPointExtension>
            <ns3:hr>137</ns3:hr>
            <ns3:cad>71</ns3:cad>
          </ns3:TrackPointExtension>
        </extensions>
      </trkpt>
      <trkpt lat="49.0539740212261676788330078125" lon="15.02310642041265964508056640625">
        <ele>587.4000244140625</ele>
        <time>2026-04-05T08:37:19.000Z</time>
        <extensions>
          <ns3:TrackPointExtension>
            <ns3:hr>137</ns3:hr>
            <ns3:cad>71</ns3:cad>
          </ns3:TrackPointExtension>
        </extensions>
      </trkpt>
      <trkpt lat="49.053944014012813568115234375" lon="15.02313290722668170928955078125">
        <ele>587.4000244140625</ele>
        <time>2026-04-05T08:37:20.000Z</time>
        <extensions>
          <ns3:TrackPointExtension>
            <ns3:hr>137</ns3:hr>
            <ns3:cad>77</ns3:cad>
          </ns3:TrackPointExtension>
        </extensions>
      </trkpt>
      <trkpt lat="49.053914509713649749755859375" lon="15.0231505930423736572265625">
        <ele>587.5999755859375</ele>
        <time>2026-04-05T08:37:21.000Z</time>
        <extensions>
          <ns3:TrackPointExtension>
            <ns3:hr>136</ns3:hr>
            <ns3:cad>77</ns3:cad>
          </ns3:TrackPointExtension>
        </extensions>
      </trkpt>
      <trkpt lat="49.0538947284221649169921875" lon="15.02317330799996852874755859375">
        <ele>587.5999755859375</ele>
        <time>2026-04-05T08:37:22.000Z</time>
        <extensions>
          <ns3:TrackPointExtension>
            <ns3:hr>135</ns3:hr>
            <ns3:cad>77</ns3:cad>
          </ns3:TrackPointExtension>
        </extensions>
      </trkpt>
      <trkpt lat="49.05387922190129756927490234375" lon="15.02318168990314006805419921875">
        <ele>587.5999755859375</ele>
        <time>2026-04-05T08:37:23.000Z</time>
        <extensions>
          <ns3:TrackPointExtension>
            <ns3:hr>134</ns3:hr>
            <ns3:cad>77</ns3:cad>
          </ns3:TrackPointExtension>
        </extensions>
      </trkpt>
      <trkpt lat="49.053874947130680084228515625" lon="15.02317272126674652099609375">
        <ele>587.5999755859375</ele>
        <time>2026-04-05T08:37:24.000Z</time>
        <extensions>
          <ns3:TrackPointExtension>
            <ns3:hr>133</ns3:hr>
            <ns3:cad>77</ns3:cad>
          </ns3:TrackPointExtension>
        </extensions>
      </trkpt>
      <trkpt lat="49.05387436039745807647705078125" lon="15.02315268851816654205322265625">
        <ele>587.5999755859375</ele>
        <time>2026-04-05T08:37:25.000Z</time>
        <extensions>
          <ns3:TrackPointExtension>
            <ns3:hr>133</ns3:hr>
            <ns3:cad>77</ns3:cad>
          </ns3:TrackPointExtension>
        </extensions>
      </trkpt>
      <trkpt lat="49.05387528240680694580078125" lon="15.023130476474761962890625">
        <ele>587.5999755859375</ele>
        <time>2026-04-05T08:37:26.000Z</time>
        <extensions>
          <ns3:TrackPointExtension>
            <ns3:hr>133</ns3:hr>
            <ns3:cad>76</ns3:cad>
          </ns3:TrackPointExtension>
        </extensions>
      </trkpt>
      <trkpt lat="49.05387285165488719940185546875" lon="15.02308613620698451995849609375">
        <ele>587.79998779296875</ele>
        <time>2026-04-05T08:37:27.000Z</time>
        <extensions>
          <ns3:TrackPointExtension>
            <ns3:hr>133</ns3:hr>
            <ns3:cad>76</ns3:cad>
          </ns3:TrackPointExtension>
        </extensions>
      </trkpt>
      <trkpt lat="49.0538888610899448394775390625" lon="15.02307071350514888763427734375">
        <ele>587.79998779296875</ele>
        <time>2026-04-05T08:37:28.000Z</time>
        <extensions>
          <ns3:TrackPointExtension>
            <ns3:hr>132</ns3:hr>
            <ns3:cad>75</ns3:cad>
          </ns3:TrackPointExtension>
        </extensions>
      </trkpt>
      <trkpt lat="49.0539103187620639801025390625" lon="15.0230515189468860626220703125">
        <ele>587.79998779296875</ele>
        <time>2026-04-05T08:37:29.000Z</time>
        <extensions>
          <ns3:TrackPointExtension>
            <ns3:hr>132</ns3:hr>
            <ns3:cad>75</ns3:cad>
          </ns3:TrackPointExtension>
        </extensions>
      </trkpt>
      <trkpt lat="49.05393755994737148284912109375" lon="15.02303324639797210693359375">
        <ele>588</ele>
        <time>2026-04-05T08:37:30.000Z</time>
        <extensions>
          <ns3:TrackPointExtension>
            <ns3:hr>132</ns3:hr>
            <ns3:cad>75</ns3:cad>
          </ns3:TrackPointExtension>
        </extensions>
      </trkpt>
      <trkpt lat="49.05396781861782073974609375" lon="15.023042969405651092529296875">
        <ele>588</ele>
        <time>2026-04-05T08:37:31.000Z</time>
        <extensions>
          <ns3:TrackPointExtension>
            <ns3:hr>131</ns3:hr>
            <ns3:cad>74</ns3:cad>
          </ns3:TrackPointExtension>
        </extensions>
      </trkpt>
      <trkpt lat="49.05399070121347904205322265625" lon="15.0230615772306919097900390625">
        <ele>587.79998779296875</ele>
        <time>2026-04-05T08:37:32.000Z</time>
        <extensions>
          <ns3:TrackPointExtension>
            <ns3:hr>131</ns3:hr>
            <ns3:cad>74</ns3:cad>
          </ns3:TrackPointExtension>
        </extensions>
      </trkpt>
      <trkpt lat="49.05401475727558135986328125" lon="15.02307490445673465728759765625">
        <ele>587.5999755859375</ele>
        <time>2026-04-05T08:37:33.000Z</time>
        <extensions>
          <ns3:TrackPointExtension>
            <ns3:hr>130</ns3:hr>
            <ns3:cad>74</ns3:cad>
          </ns3:TrackPointExtension>
        </extensions>
      </trkpt>
      <trkpt lat="49.0540409088134765625" lon="15.02308596856892108917236328125">
        <ele>587.5999755859375</ele>
        <time>2026-04-05T08:37:34.000Z</time>
        <extensions>
          <ns3:TrackPointExtension>
            <ns3:hr>130</ns3:hr>
            <ns3:cad>74</ns3:cad>
          </ns3:TrackPointExtension>
        </extensions>
      </trkpt>
      <trkpt lat="49.054066725075244903564453125" lon="15.02307842485606670379638671875">
        <ele>587.4000244140625</ele>
        <time>2026-04-05T08:37:35.000Z</time>
        <extensions>
          <ns3:TrackPointExtension>
            <ns3:hr>130</ns3:hr>
            <ns3:cad>78</ns3:cad>
          </ns3:TrackPointExtension>
        </extensions>
      </trkpt>
      <trkpt lat="49.0540945529937744140625" lon="15.023058392107486724853515625">
        <ele>587.4000244140625</ele>
        <time>2026-04-05T08:37:36.000Z</time>
        <extensions>
          <ns3:TrackPointExtension>
            <ns3:hr>129</ns3:hr>
            <ns3:cad>78</ns3:cad>
          </ns3:TrackPointExtension>
        </extensions>
      </trkpt>
      <trkpt lat="49.0541215427219867706298828125" lon="15.0230293907225131988525390625">
        <ele>587.20001220703125</ele>
        <time>2026-04-05T08:37:37.000Z</time>
        <extensions>
          <ns3:TrackPointExtension>
            <ns3:hr>130</ns3:hr>
            <ns3:cad>77</ns3:cad>
          </ns3:TrackPointExtension>
        </extensions>
      </trkpt>
      <trkpt lat="49.054144509136676788330078125" lon="15.02299762330949306488037109375">
        <ele>587.20001220703125</ele>
        <time>2026-04-05T08:37:38.000Z</time>
        <extensions>
          <ns3:TrackPointExtension>
            <ns3:hr>130</ns3:hr>
            <ns3:cad>77</ns3:cad>
          </ns3:TrackPointExtension>
        </extensions>
      </trkpt>
      <trkpt lat="49.05415347777307033538818359375" lon="15.0229700468480587005615234375">
        <ele>587.20001220703125</ele>
        <time>2026-04-05T08:37:39.000Z</time>
        <extensions>
          <ns3:TrackPointExtension>
            <ns3:hr>130</ns3:hr>
            <ns3:cad>77</ns3:cad>
          </ns3:TrackPointExtension>
        </extensions>
      </trkpt>
      <trkpt lat="49.05414559878408908843994140625" lon="15.022926293313503265380859375">
        <ele>587.20001220703125</ele>
        <time>2026-04-05T08:37:40.000Z</time>
        <extensions>
          <ns3:TrackPointExtension>
            <ns3:hr>130</ns3:hr>
            <ns3:cad>77</ns3:cad>
          </ns3:TrackPointExtension>
        </extensions>
      </trkpt>
      <trkpt lat="49.05413738451898097991943359375" lon="15.0228835456073284149169921875">
        <ele>587.4000244140625</ele>
        <time>2026-04-05T08:37:41.000Z</time>
        <extensions>
          <ns3:TrackPointExtension>
            <ns3:hr>130</ns3:hr>
            <ns3:cad>78</ns3:cad>
          </ns3:TrackPointExtension>
        </extensions>
      </trkpt>
      <trkpt lat="49.054137803614139556884765625" lon="15.0228475034236907958984375">
        <ele>587.5999755859375</ele>
        <time>2026-04-05T08:37:42.000Z</time>
        <extensions>
          <ns3:TrackPointExtension>
            <ns3:hr>130</ns3:hr>
            <ns3:cad>78</ns3:cad>
          </ns3:TrackPointExtension>
        </extensions>
      </trkpt>
      <trkpt lat="49.05414325185120105743408203125" lon="15.02280467189848423004150390625">
        <ele>587.79998779296875</ele>
        <time>2026-04-05T08:37:43.000Z</time>
        <extensions>
          <ns3:TrackPointExtension>
            <ns3:hr>130</ns3:hr>
            <ns3:cad>79</ns3:cad>
          </ns3:TrackPointExtension>
        </extensions>
      </trkpt>
      <trkpt lat="49.05416588298976421356201171875" lon="15.02278153784573078155517578125">
        <ele>588</ele>
        <time>2026-04-05T08:37:44.000Z</time>
        <extensions>
          <ns3:TrackPointExtension>
            <ns3:hr>130</ns3:hr>
            <ns3:cad>79</ns3:cad>
          </ns3:TrackPointExtension>
        </extensions>
      </trkpt>
      <trkpt lat="49.05419136397540569305419921875" lon="15.02276795916259288787841796875">
        <ele>588</ele>
        <time>2026-04-05T08:37:45.000Z</time>
        <extensions>
          <ns3:TrackPointExtension>
            <ns3:hr>130</ns3:hr>
            <ns3:cad>79</ns3:cad>
          </ns3:TrackPointExtension>
        </extensions>
      </trkpt>
      <trkpt lat="49.05421483330428600311279296875" lon="15.02274625003337860107421875">
        <ele>588</ele>
        <time>2026-04-05T08:37:46.000Z</time>
        <extensions>
          <ns3:TrackPointExtension>
            <ns3:hr>130</ns3:hr>
            <ns3:cad>79</ns3:cad>
          </ns3:TrackPointExtension>
        </extensions>
      </trkpt>
      <trkpt lat="49.05423830263316631317138671875" lon="15.022717751562595367431640625">
        <ele>587.79998779296875</ele>
        <time>2026-04-05T08:37:47.000Z</time>
        <extensions>
          <ns3:TrackPointExtension>
            <ns3:hr>130</ns3:hr>
            <ns3:cad>77</ns3:cad>
          </ns3:TrackPointExtension>
        </extensions>
      </trkpt>
      <trkpt lat="49.05423327349126338958740234375" lon="15.0226771831512451171875">
        <ele>587.79998779296875</ele>
        <time>2026-04-05T08:37:48.000Z</time>
        <extensions>
          <ns3:TrackPointExtension>
            <ns3:hr>130</ns3:hr>
            <ns3:cad>77</ns3:cad>
          </ns3:TrackPointExtension>
        </extensions>
      </trkpt>
      <trkpt lat="49.0542264841496944427490234375" lon="15.02262513153254985809326171875">
        <ele>587.79998779296875</ele>
        <time>2026-04-05T08:37:49.000Z</time>
        <extensions>
          <ns3:TrackPointExtension>
            <ns3:hr>130</ns3:hr>
            <ns3:cad>77</ns3:cad>
          </ns3:TrackPointExtension>
        </extensions>
      </trkpt>
      <trkpt lat="49.05422799289226531982421875" lon="15.0225710682570934295654296875">
        <ele>587.79998779296875</ele>
        <time>2026-04-05T08:37:50.000Z</time>
        <extensions>
          <ns3:TrackPointExtension>
            <ns3:hr>130</ns3:hr>
            <ns3:cad>77</ns3:cad>
          </ns3:TrackPointExtension>
        </extensions>
      </trkpt>
      <trkpt lat="49.05423964373767375946044921875" lon="15.0225264765322208404541015625">
        <ele>588</ele>
        <time>2026-04-05T08:37:51.000Z</time>
        <extensions>
          <ns3:TrackPointExtension>
            <ns3:hr>130</ns3:hr>
            <ns3:cad>78</ns3:cad>
          </ns3:TrackPointExtension>
        </extensions>
      </trkpt>
      <trkpt lat="49.0542514622211456298828125" lon="15.022485069930553436279296875">
        <ele>588</ele>
        <time>2026-04-05T08:37:52.000Z</time>
        <extensions>
          <ns3:TrackPointExtension>
            <ns3:hr>130</ns3:hr>
            <ns3:cad>78</ns3:cad>
          </ns3:TrackPointExtension>
        </extensions>
      </trkpt>
      <trkpt lat="49.05426931567490100860595703125" lon="15.0224429927766323089599609375">
        <ele>588</ele>
        <time>2026-04-05T08:37:53.000Z</time>
        <extensions>
          <ns3:TrackPointExtension>
            <ns3:hr>130</ns3:hr>
            <ns3:cad>78</ns3:cad>
          </ns3:TrackPointExtension>
        </extensions>
      </trkpt>
      <trkpt lat="49.0542911924421787261962890625" lon="15.02241206355392932891845703125">
        <ele>588</ele>
        <time>2026-04-05T08:37:54.000Z</time>
        <extensions>
          <ns3:TrackPointExtension>
            <ns3:hr>130</ns3:hr>
            <ns3:cad>78</ns3:cad>
          </ns3:TrackPointExtension>
        </extensions>
      </trkpt>
      <trkpt lat="49.05431491322815418243408203125" lon="15.02238750457763671875">
        <ele>588</ele>
        <time>2026-04-05T08:37:55.000Z</time>
        <extensions>
          <ns3:TrackPointExtension>
            <ns3:hr>131</ns3:hr>
            <ns3:cad>78</ns3:cad>
          </ns3:TrackPointExtension>
        </extensions>
      </trkpt>
      <trkpt lat="49.05434492044150829315185546875" lon="15.02238423563539981842041015625">
        <ele>588</ele>
        <time>2026-04-05T08:37:56.000Z</time>
        <extensions>
          <ns3:TrackPointExtension>
            <ns3:hr>131</ns3:hr>
            <ns3:cad>79</ns3:cad>
          </ns3:TrackPointExtension>
        </extensions>
      </trkpt>
      <trkpt lat="49.054376520216464996337890625" lon="15.0223915278911590576171875">
        <ele>588</ele>
        <time>2026-04-05T08:37:57.000Z</time>
        <extensions>
          <ns3:TrackPointExtension>
            <ns3:hr>131</ns3:hr>
            <ns3:cad>79</ns3:cad>
          </ns3:TrackPointExtension>
        </extensions>
      </trkpt>
      <trkpt lat="49.05440426431596279144287109375" lon="15.02239110879600048065185546875">
        <ele>588</ele>
        <time>2026-04-05T08:37:58.000Z</time>
        <extensions>
          <ns3:TrackPointExtension>
            <ns3:hr>131</ns3:hr>
            <ns3:cad>78</ns3:cad>
          </ns3:TrackPointExtension>
        </extensions>
      </trkpt>
      <trkpt lat="49.054432176053524017333984375" lon="15.02238037995994091033935546875">
        <ele>588</ele>
        <time>2026-04-05T08:37:59.000Z</time>
        <extensions>
          <ns3:TrackPointExtension>
            <ns3:hr>131</ns3:hr>
            <ns3:cad>78</ns3:cad>
          </ns3:TrackPointExtension>
        </extensions>
      </trkpt>
      <trkpt lat="49.0544662065804004669189453125" lon="15.0223712436854839324951171875">
        <ele>588</ele>
        <time>2026-04-05T08:38:00.000Z</time>
        <extensions>
          <ns3:TrackPointExtension>
            <ns3:hr>131</ns3:hr>
            <ns3:cad>77</ns3:cad>
          </ns3:TrackPointExtension>
        </extensions>
      </trkpt>
      <trkpt lat="49.054494202136993408203125" lon="15.02236847765743732452392578125">
        <ele>588</ele>
        <time>2026-04-05T08:38:01.000Z</time>
        <extensions>
          <ns3:TrackPointExtension>
            <ns3:hr>131</ns3:hr>
            <ns3:cad>77</ns3:cad>
          </ns3:TrackPointExtension>
        </extensions>
      </trkpt>
      <trkpt lat="49.05451633036136627197265625" lon="15.022358000278472900390625">
        <ele>588</ele>
        <time>2026-04-05T08:38:02.000Z</time>
        <extensions>
          <ns3:TrackPointExtension>
            <ns3:hr>131</ns3:hr>
            <ns3:cad>78</ns3:cad>
          </ns3:TrackPointExtension>
        </extensions>
      </trkpt>
      <trkpt lat="49.05453418381512165069580078125" lon="15.0223514623939990997314453125">
        <ele>588</ele>
        <time>2026-04-05T08:38:03.000Z</time>
        <extensions>
          <ns3:TrackPointExtension>
            <ns3:hr>132</ns3:hr>
            <ns3:cad>78</ns3:cad>
          </ns3:TrackPointExtension>
        </extensions>
      </trkpt>
      <trkpt lat="49.05455195344984531402587890625" lon="15.022341571748256683349609375">
        <ele>588</ele>
        <time>2026-04-05T08:38:04.000Z</time>
        <extensions>
          <ns3:TrackPointExtension>
            <ns3:hr>132</ns3:hr>
            <ns3:cad>78</ns3:cad>
          </ns3:TrackPointExtension>
        </extensions>
      </trkpt>
      <trkpt lat="49.05457994900643825531005859375" lon="15.0223191082477569580078125">
        <ele>588</ele>
        <time>2026-04-05T08:38:05.000Z</time>
        <extensions>
          <ns3:TrackPointExtension>
            <ns3:hr>132</ns3:hr>
            <ns3:cad>78</ns3:cad>
          </ns3:TrackPointExtension>
        </extensions>
      </trkpt>
      <trkpt lat="49.05459671281278133392333984375" lon="15.02231500111520290374755859375">
        <ele>588</ele>
        <time>2026-04-05T08:38:06.000Z</time>
        <extensions>
          <ns3:TrackPointExtension>
            <ns3:hr>133</ns3:hr>
            <ns3:cad>68</ns3:cad>
          </ns3:TrackPointExtension>
        </extensions>
      </trkpt>
      <trkpt lat="49.0546154044568538665771484375" lon="15.02230728976428508758544921875">
        <ele>588</ele>
        <time>2026-04-05T08:38:07.000Z</time>
        <extensions>
          <ns3:TrackPointExtension>
            <ns3:hr>133</ns3:hr>
            <ns3:cad>68</ns3:cad>
          </ns3:TrackPointExtension>
        </extensions>
      </trkpt>
      <trkpt lat="49.05461951158940792083740234375" lon="15.02227795310318470001220703125">
        <ele>588</ele>
        <time>2026-04-05T08:38:08.000Z</time>
        <extensions>
          <ns3:TrackPointExtension>
            <ns3:hr>133</ns3:hr>
            <ns3:cad>68</ns3:cad>
          </ns3:TrackPointExtension>
        </extensions>
      </trkpt>
      <trkpt lat="49.05462504364550113677978515625" lon="15.0222480297088623046875">
        <ele>588</ele>
        <time>2026-04-05T08:38:09.000Z</time>
        <extensions>
          <ns3:TrackPointExtension>
            <ns3:hr>132</ns3:hr>
            <ns3:cad>68</ns3:cad>
          </ns3:TrackPointExtension>
        </extensions>
      </trkpt>
      <trkpt lat="49.05462856404483318328857421875" lon="15.02221374772489070892333984375">
        <ele>588</ele>
        <time>2026-04-05T08:38:10.000Z</time>
        <extensions>
          <ns3:TrackPointExtension>
            <ns3:hr>132</ns3:hr>
            <ns3:cad>68</ns3:cad>
          </ns3:TrackPointExtension>
        </extensions>
      </trkpt>
      <trkpt lat="49.05462722294032573699951171875" lon="15.02218072302639484405517578125">
        <ele>587.79998779296875</ele>
        <time>2026-04-05T08:38:11.000Z</time>
        <extensions>
          <ns3:TrackPointExtension>
            <ns3:hr>132</ns3:hr>
            <ns3:cad>71</ns3:cad>
          </ns3:TrackPointExtension>
        </extensions>
      </trkpt>
      <trkpt lat="49.0546241216361522674560546875" lon="15.02214652486145496368408203125">
        <ele>587.79998779296875</ele>
        <time>2026-04-05T08:38:12.000Z</time>
        <extensions>
          <ns3:TrackPointExtension>
            <ns3:hr>132</ns3:hr>
            <ns3:cad>71</ns3:cad>
          </ns3:TrackPointExtension>
        </extensions>
      </trkpt>
      <trkpt lat="49.054633341729640960693359375" lon="15.0220922939479351043701171875">
        <ele>587.79998779296875</ele>
        <time>2026-04-05T08:38:13.000Z</time>
        <extensions>
          <ns3:TrackPointExtension>
            <ns3:hr>131</ns3:hr>
            <ns3:cad>71</ns3:cad>
          </ns3:TrackPointExtension>
        </extensions>
      </trkpt>
      <trkpt lat="49.05464080162346363067626953125" lon="15.0220540724694728851318359375">
        <ele>587.79998779296875</ele>
        <time>2026-04-05T08:38:14.000Z</time>
        <extensions>
          <ns3:TrackPointExtension>
            <ns3:hr>130</ns3:hr>
            <ns3:cad>71</ns3:cad>
          </ns3:TrackPointExtension>
        </extensions>
      </trkpt>
      <trkpt lat="49.0546496026217937469482421875" lon="15.02201400697231292724609375">
        <ele>587.79998779296875</ele>
        <time>2026-04-05T08:38:15.000Z</time>
        <extensions>
          <ns3:TrackPointExtension>
            <ns3:hr>129</ns3:hr>
            <ns3:cad>71</ns3:cad>
          </ns3:TrackPointExtension>
        </extensions>
      </trkpt>
      <trkpt lat="49.0546693839132785797119140625" lon="15.02197234891355037689208984375">
        <ele>587.79998779296875</ele>
        <time>2026-04-05T08:38:16.000Z</time>
        <extensions>
          <ns3:TrackPointExtension>
            <ns3:hr>128</ns3:hr>
            <ns3:cad>71</ns3:cad>
          </ns3:TrackPointExtension>
        </extensions>
      </trkpt>
      <trkpt lat="49.05468530952930450439453125" lon="15.021939575672149658203125">
        <ele>587.5999755859375</ele>
        <time>2026-04-05T08:38:17.000Z</time>
        <extensions>
          <ns3:TrackPointExtension>
            <ns3:hr>127</ns3:hr>
            <ns3:cad>77</ns3:cad>
          </ns3:TrackPointExtension>
        </extensions>
      </trkpt>
      <trkpt lat="49.054699726402759552001953125" lon="15.0219062156975269317626953125">
        <ele>587.5999755859375</ele>
        <time>2026-04-05T08:38:18.000Z</time>
        <extensions>
          <ns3:TrackPointExtension>
            <ns3:hr>126</ns3:hr>
            <ns3:cad>77</ns3:cad>
          </ns3:TrackPointExtension>
        </extensions>
      </trkpt>
      <trkpt lat="49.05471674166619777679443359375" lon="15.02190562896430492401123046875">
        <ele>587.5999755859375</ele>
        <time>2026-04-05T08:38:19.000Z</time>
        <extensions>
          <ns3:TrackPointExtension>
            <ns3:hr>126</ns3:hr>
            <ns3:cad>79</ns3:cad>
          </ns3:TrackPointExtension>
        </extensions>
      </trkpt>
      <trkpt lat="49.05473182909190654754638671875" lon="15.02192356623709201812744140625">
        <ele>587.4000244140625</ele>
        <time>2026-04-05T08:38:20.000Z</time>
        <extensions>
          <ns3:TrackPointExtension>
            <ns3:hr>126</ns3:hr>
            <ns3:cad>79</ns3:cad>
          </ns3:TrackPointExtension>
        </extensions>
      </trkpt>
      <trkpt lat="49.0547458268702030181884765625" lon="15.021939575672149658203125">
        <ele>587.4000244140625</ele>
        <time>2026-04-05T08:38:21.000Z</time>
        <extensions>
          <ns3:TrackPointExtension>
            <ns3:hr>126</ns3:hr>
            <ns3:cad>79</ns3:cad>
          </ns3:TrackPointExtension>
        </extensions>
      </trkpt>
      <trkpt lat="49.054757393896579742431640625" lon="15.02195122651755809783935546875">
        <ele>587.5999755859375</ele>
        <time>2026-04-05T08:38:22.000Z</time>
        <extensions>
          <ns3:TrackPointExtension>
            <ns3:hr>126</ns3:hr>
            <ns3:cad>79</ns3:cad>
          </ns3:TrackPointExtension>
        </extensions>
      </trkpt>
      <trkpt lat="49.05476485379040241241455078125" lon="15.02194804139435291290283203125">
        <ele>587.5999755859375</ele>
        <time>2026-04-05T08:38:23.000Z</time>
        <extensions>
          <ns3:TrackPointExtension>
            <ns3:hr>126</ns3:hr>
            <ns3:cad>0</ns3:cad>
          </ns3:TrackPointExtension>
        </extensions>
      </trkpt>
      <trkpt lat="49.0547659434378147125244140625" lon="15.02194334752857685089111328125">
        <ele>587.79998779296875</ele>
        <time>2026-04-05T08:38:24.000Z</time>
        <extensions>
          <ns3:TrackPointExtension>
            <ns3:hr>126</ns3:hr>
            <ns3:cad>0</ns3:cad>
          </ns3:TrackPointExtension>
        </extensions>
      </trkpt>
      <trkpt lat="49.05477306805551052093505859375" lon="15.0219430960714817047119140625">
        <ele>587.79998779296875</ele>
        <time>2026-04-05T08:38:25.000Z</time>
        <extensions>
          <ns3:TrackPointExtension>
            <ns3:hr>126</ns3:hr>
            <ns3:cad>0</ns3:cad>
          </ns3:TrackPointExtension>
        </extensions>
      </trkpt>
      <trkpt lat="49.05477516353130340576171875" lon="15.02195055596530437469482421875">
        <ele>587.79998779296875</ele>
        <time>2026-04-05T08:38:26.000Z</time>
        <extensions>
          <ns3:TrackPointExtension>
            <ns3:hr>126</ns3:hr>
            <ns3:cad>0</ns3:cad>
          </ns3:TrackPointExtension>
        </extensions>
      </trkpt>
      <trkpt lat="49.05478279106318950653076171875" lon="15.02195592038333415985107421875">
        <ele>587.79998779296875</ele>
        <time>2026-04-05T08:38:27.000Z</time>
        <extensions>
          <ns3:TrackPointExtension>
            <ns3:hr>125</ns3:hr>
            <ns3:cad>65</ns3:cad>
          </ns3:TrackPointExtension>
        </extensions>
      </trkpt>
      <trkpt lat="49.05479167588055133819580078125" lon="15.02196229062974452972412109375">
        <ele>587.79998779296875</ele>
        <time>2026-04-05T08:38:28.000Z</time>
        <extensions>
          <ns3:TrackPointExtension>
            <ns3:hr>125</ns3:hr>
            <ns3:cad>65</ns3:cad>
          </ns3:TrackPointExtension>
        </extensions>
      </trkpt>
      <trkpt lat="49.05480223707854747772216796875" lon="15.02196631394326686859130859375">
        <ele>587.5999755859375</ele>
        <time>2026-04-05T08:38:29.000Z</time>
        <extensions>
          <ns3:TrackPointExtension>
            <ns3:hr>124</ns3:hr>
            <ns3:cad>65</ns3:cad>
          </ns3:TrackPointExtension>
        </extensions>
      </trkpt>
      <trkpt lat="49.05481539666652679443359375" lon="15.0219732709228992462158203125">
        <ele>587.5999755859375</ele>
        <time>2026-04-05T08:38:30.000Z</time>
        <extensions>
          <ns3:TrackPointExtension>
            <ns3:hr>124</ns3:hr>
            <ns3:cad>65</ns3:cad>
          </ns3:TrackPointExtension>
        </extensions>
      </trkpt>
      <trkpt lat="49.0548266284167766571044921875" lon="15.021964721381664276123046875">
        <ele>587.5999755859375</ele>
        <time>2026-04-05T08:38:31.000Z</time>
        <extensions>
          <ns3:TrackPointExtension>
            <ns3:hr>124</ns3:hr>
            <ns3:cad>65</ns3:cad>
          </ns3:TrackPointExtension>
        </extensions>
      </trkpt>
      <trkpt lat="49.05483945272862911224365234375" lon="15.02195826731622219085693359375">
        <ele>587.4000244140625</ele>
        <time>2026-04-05T08:38:32.000Z</time>
        <extensions>
          <ns3:TrackPointExtension>
            <ns3:hr>124</ns3:hr>
            <ns3:cad>65</ns3:cad>
          </ns3:TrackPointExtension>
        </extensions>
      </trkpt>
      <trkpt lat="49.05485202558338642120361328125" lon="15.0219598598778247833251953125">
        <ele>587.4000244140625</ele>
        <time>2026-04-05T08:38:33.000Z</time>
        <extensions>
          <ns3:TrackPointExtension>
            <ns3:hr>124</ns3:hr>
            <ns3:cad>65</ns3:cad>
          </ns3:TrackPointExtension>
        </extensions>
      </trkpt>
      <trkpt lat="49.054864682257175445556640625" lon="15.0219682417809963226318359375">
        <ele>587.4000244140625</ele>
        <time>2026-04-05T08:38:34.000Z</time>
        <extensions>
          <ns3:TrackPointExtension>
            <ns3:hr>125</ns3:hr>
            <ns3:cad>70</ns3:cad>
          </ns3:TrackPointExtension>
        </extensions>
      </trkpt>
      <trkpt lat="49.05487583018839359283447265625" lon="15.0219756178557872772216796875">
        <ele>587.20001220703125</ele>
        <time>2026-04-05T08:38:35.000Z</time>
        <extensions>
          <ns3:TrackPointExtension>
            <ns3:hr>125</ns3:hr>
            <ns3:cad>70</ns3:cad>
          </ns3:TrackPointExtension>
        </extensions>
      </trkpt>
      <trkpt lat="49.05488722957670688629150390625" lon="15.021979808807373046875">
        <ele>587.20001220703125</ele>
        <time>2026-04-05T08:38:36.000Z</time>
        <extensions>
          <ns3:TrackPointExtension>
            <ns3:hr>126</ns3:hr>
            <ns3:cad>70</ns3:cad>
          </ns3:TrackPointExtension>
        </extensions>
      </trkpt>
      <trkpt lat="49.054896868765354156494140625" lon="15.02198173664510250091552734375">
        <ele>587.20001220703125</ele>
        <time>2026-04-05T08:38:37.000Z</time>
        <extensions>
          <ns3:TrackPointExtension>
            <ns3:hr>126</ns3:hr>
            <ns3:cad>70</ns3:cad>
          </ns3:TrackPointExtension>
        </extensions>
      </trkpt>
      <trkpt lat="49.05490667559206485748291015625" lon="15.02198156900703907012939453125">
        <ele>587.20001220703125</ele>
        <time>2026-04-05T08:38:38.000Z</time>
        <extensions>
          <ns3:TrackPointExtension>
            <ns3:hr>127</ns3:hr>
            <ns3:cad>70</ns3:cad>
          </ns3:TrackPointExtension>
        </extensions>
      </trkpt>
      <trkpt lat="49.05491463840007781982421875" lon="15.0219829939305782318115234375">
        <ele>587.20001220703125</ele>
        <time>2026-04-05T08:38:39.000Z</time>
        <extensions>
          <ns3:TrackPointExtension>
            <ns3:hr>126</ns3:hr>
            <ns3:cad>70</ns3:cad>
          </ns3:TrackPointExtension>
        </extensions>
      </trkpt>
      <trkpt lat="49.05492092482745647430419921875" lon="15.021984167397022247314453125">
        <ele>587</ele>
        <time>2026-04-05T08:38:40.000Z</time>
        <extensions>
          <ns3:TrackPointExtension>
            <ns3:hr>126</ns3:hr>
            <ns3:cad>70</ns3:cad>
          </ns3:TrackPointExtension>
        </extensions>
      </trkpt>
      <trkpt lat="49.05492478050291538238525390625" lon="15.0219809822738170623779296875">
        <ele>587</ele>
        <time>2026-04-05T08:38:41.000Z</time>
        <extensions>
          <ns3:TrackPointExtension>
            <ns3:hr>126</ns3:hr>
            <ns3:cad>70</ns3:cad>
          </ns3:TrackPointExtension>
        </extensions>
      </trkpt>
      <trkpt lat="49.05493743717670440673828125" lon="15.02197871915996074676513671875">
        <ele>586.79998779296875</ele>
        <time>2026-04-05T08:38:42.000Z</time>
        <extensions>
          <ns3:TrackPointExtension>
            <ns3:hr>126</ns3:hr>
            <ns3:cad>70</ns3:cad>
          </ns3:TrackPointExtension>
        </extensions>
      </trkpt>
      <trkpt lat="49.05494548380374908447265625" lon="15.02197955735027790069580078125">
        <ele>586.79998779296875</ele>
        <time>2026-04-05T08:38:43.000Z</time>
        <extensions>
          <ns3:TrackPointExtension>
            <ns3:hr>125</ns3:hr>
            <ns3:cad>70</ns3:cad>
          </ns3:TrackPointExtension>
        </extensions>
      </trkpt>
      <trkpt lat="49.05495277605950832366943359375" lon="15.02199296839535236358642578125">
        <ele>586.79998779296875</ele>
        <time>2026-04-05T08:38:44.000Z</time>
        <extensions>
          <ns3:TrackPointExtension>
            <ns3:hr>125</ns3:hr>
            <ns3:cad>49</ns3:cad>
          </ns3:TrackPointExtension>
        </extensions>
      </trkpt>
      <trkpt lat="49.0549604035913944244384765625" lon="15.021996237337589263916015625">
        <ele>586.79998779296875</ele>
        <time>2026-04-05T08:38:45.000Z</time>
        <extensions>
          <ns3:TrackPointExtension>
            <ns3:hr>125</ns3:hr>
            <ns3:cad>49</ns3:cad>
          </ns3:TrackPointExtension>
        </extensions>
      </trkpt>
      <trkpt lat="49.05496015213429927825927734375" lon="15.02198173664510250091552734375">
        <ele>587</ele>
        <time>2026-04-05T08:38:46.000Z</time>
        <extensions>
          <ns3:TrackPointExtension>
            <ns3:hr>131</ns3:hr>
            <ns3:cad>49</ns3:cad>
          </ns3:TrackPointExtension>
        </extensions>
      </trkpt>
      <trkpt lat="49.05497222207486629486083984375" lon="15.021965391933917999267578125">
        <ele>587</ele>
        <time>2026-04-05T08:38:47.000Z</time>
        <extensions>
          <ns3:TrackPointExtension>
            <ns3:hr>140</ns3:hr>
            <ns3:cad>49</ns3:cad>
          </ns3:TrackPointExtension>
        </extensions>
      </trkpt>
      <trkpt lat="49.05499217100441455841064453125" lon="15.02194426953792572021484375">
        <ele>587</ele>
        <time>2026-04-05T08:38:48.000Z</time>
        <extensions>
          <ns3:TrackPointExtension>
            <ns3:hr>143</ns3:hr>
            <ns3:cad>33</ns3:cad>
          </ns3:TrackPointExtension>
        </extensions>
      </trkpt>
      <trkpt lat="49.05501924455165863037109375" lon="15.0219261646270751953125">
        <ele>587</ele>
        <time>2026-04-05T08:38:49.000Z</time>
        <extensions>
          <ns3:TrackPointExtension>
            <ns3:hr>143</ns3:hr>
            <ns3:cad>33</ns3:cad>
          </ns3:TrackPointExtension>
        </extensions>
      </trkpt>
      <trkpt lat="49.0550465695559978485107421875" lon="15.02190546132624149322509765625">
        <ele>587</ele>
        <time>2026-04-05T08:38:50.000Z</time>
        <extensions>
          <ns3:TrackPointExtension>
            <ns3:hr>143</ns3:hr>
            <ns3:cad>0</ns3:cad>
          </ns3:TrackPointExtension>
        </extensions>
      </trkpt>
      <trkpt lat="49.0550775825977325439453125" lon="15.02188886515796184539794921875">
        <ele>586.79998779296875</ele>
        <time>2026-04-05T08:38:51.000Z</time>
        <extensions>
          <ns3:TrackPointExtension>
            <ns3:hr>143</ns3:hr>
            <ns3:cad>0</ns3:cad>
          </ns3:TrackPointExtension>
        </extensions>
      </trkpt>
      <trkpt lat="49.055099375545978546142578125" lon="15.02188182435929775238037109375">
        <ele>586.79998779296875</ele>
        <time>2026-04-05T08:38:52.000Z</time>
        <extensions>
          <ns3:TrackPointExtension>
            <ns3:hr>143</ns3:hr>
            <ns3:cad>72</ns3:cad>
          </ns3:TrackPointExtension>
        </extensions>
      </trkpt>
      <trkpt lat="49.05511840246617794036865234375" lon="15.02188199199736118316650390625">
        <ele>586.5999755859375</ele>
        <time>2026-04-05T08:38:53.000Z</time>
        <extensions>
          <ns3:TrackPointExtension>
            <ns3:hr>143</ns3:hr>
            <ns3:cad>72</ns3:cad>
          </ns3:TrackPointExtension>
        </extensions>
      </trkpt>
      <trkpt lat="49.05513164587318897247314453125" lon="15.02187050879001617431640625">
        <ele>586.5999755859375</ele>
        <time>2026-04-05T08:38:54.000Z</time>
        <extensions>
          <ns3:TrackPointExtension>
            <ns3:hr>144</ns3:hr>
            <ns3:cad>73</ns3:cad>
          </ns3:TrackPointExtension>
        </extensions>
      </trkpt>
      <trkpt lat="49.05515159480273723602294921875" lon="15.0218468718230724334716796875">
        <ele>586.5999755859375</ele>
        <time>2026-04-05T08:38:55.000Z</time>
        <extensions>
          <ns3:TrackPointExtension>
            <ns3:hr>144</ns3:hr>
            <ns3:cad>73</ns3:cad>
          </ns3:TrackPointExtension>
        </extensions>
      </trkpt>
      <trkpt lat="49.0551702864468097686767578125" lon="15.0218143500387668609619140625">
        <ele>586.5999755859375</ele>
        <time>2026-04-05T08:38:56.000Z</time>
        <extensions>
          <ns3:TrackPointExtension>
            <ns3:hr>144</ns3:hr>
            <ns3:cad>72</ns3:cad>
          </ns3:TrackPointExtension>
        </extensions>
      </trkpt>
      <trkpt lat="49.05519224703311920166015625" lon="15.0217880308628082275390625">
        <ele>586.5999755859375</ele>
        <time>2026-04-05T08:38:57.000Z</time>
        <extensions>
          <ns3:TrackPointExtension>
            <ns3:hr>145</ns3:hr>
            <ns3:cad>72</ns3:cad>
          </ns3:TrackPointExtension>
        </extensions>
      </trkpt>
      <trkpt lat="49.05521077103912830352783203125" lon="15.02177051268517971038818359375">
        <ele>586.5999755859375</ele>
        <time>2026-04-05T08:38:58.000Z</time>
        <extensions>
          <ns3:TrackPointExtension>
            <ns3:hr>145</ns3:hr>
            <ns3:cad>73</ns3:cad>
          </ns3:TrackPointExtension>
        </extensions>
      </trkpt>
      <trkpt lat="49.05523692257702350616455078125" lon="15.02175710164010524749755859375">
        <ele>586.4000244140625</ele>
        <time>2026-04-05T08:38:59.000Z</time>
        <extensions>
          <ns3:TrackPointExtension>
            <ns3:hr>145</ns3:hr>
            <ns3:cad>70</ns3:cad>
          </ns3:TrackPointExtension>
        </extensions>
      </trkpt>
      <trkpt lat="49.0552665106952190399169921875" lon="15.02177420072257518768310546875">
        <ele>586.4000244140625</ele>
        <time>2026-04-05T08:39:00.000Z</time>
        <extensions>
          <ns3:TrackPointExtension>
            <ns3:hr>145</ns3:hr>
            <ns3:cad>70</ns3:cad>
          </ns3:TrackPointExtension>
        </extensions>
      </trkpt>
      <trkpt lat="49.05529308132827281951904296875" lon="15.021794401109218597412109375">
        <ele>586.4000244140625</ele>
        <time>2026-04-05T08:39:01.000Z</time>
        <extensions>
          <ns3:TrackPointExtension>
            <ns3:hr>145</ns3:hr>
            <ns3:cad>72</ns3:cad>
          </ns3:TrackPointExtension>
        </extensions>
      </trkpt>
      <trkpt lat="49.055314958095550537109375" lon="15.02181476913392543792724609375">
        <ele>586.4000244140625</ele>
        <time>2026-04-05T08:39:02.000Z</time>
        <extensions>
          <ns3:TrackPointExtension>
            <ns3:hr>145</ns3:hr>
            <ns3:cad>72</ns3:cad>
          </ns3:TrackPointExtension>
        </extensions>
      </trkpt>
      <trkpt lat="49.0553323924541473388671875" lon="15.0218455307185649871826171875">
        <ele>586.5999755859375</ele>
        <time>2026-04-05T08:39:03.000Z</time>
        <extensions>
          <ns3:TrackPointExtension>
            <ns3:hr>145</ns3:hr>
            <ns3:cad>72</ns3:cad>
          </ns3:TrackPointExtension>
        </extensions>
      </trkpt>
      <trkpt lat="49.05534781515598297119140625" lon="15.02188391983509063720703125">
        <ele>586.79998779296875</ele>
        <time>2026-04-05T08:39:04.000Z</time>
        <extensions>
          <ns3:TrackPointExtension>
            <ns3:hr>145</ns3:hr>
            <ns3:cad>72</ns3:cad>
          </ns3:TrackPointExtension>
        </extensions>
      </trkpt>
      <trkpt lat="49.05536684207618236541748046875" lon="15.021923147141933441162109375">
        <ele>587</ele>
        <time>2026-04-05T08:39:05.000Z</time>
        <extensions>
          <ns3:TrackPointExtension>
            <ns3:hr>144</ns3:hr>
            <ns3:cad>78</ns3:cad>
          </ns3:TrackPointExtension>
        </extensions>
      </trkpt>
      <trkpt lat="49.05537639744579792022705078125" lon="15.0219712592661380767822265625">
        <ele>587.20001220703125</ele>
        <time>2026-04-05T08:39:06.000Z</time>
        <extensions>
          <ns3:TrackPointExtension>
            <ns3:hr>145</ns3:hr>
            <ns3:cad>78</ns3:cad>
          </ns3:TrackPointExtension>
        </extensions>
      </trkpt>
      <trkpt lat="49.055380336940288543701171875" lon="15.02202205359935760498046875">
        <ele>587.4000244140625</ele>
        <time>2026-04-05T08:39:07.000Z</time>
        <extensions>
          <ns3:TrackPointExtension>
            <ns3:hr>145</ns3:hr>
            <ns3:cad>78</ns3:cad>
          </ns3:TrackPointExtension>
        </extensions>
      </trkpt>
      <trkpt lat="49.05538528226315975189208984375" lon="15.0220594368875026702880859375">
        <ele>587.4000244140625</ele>
        <time>2026-04-05T08:39:08.000Z</time>
        <extensions>
          <ns3:TrackPointExtension>
            <ns3:hr>145</ns3:hr>
            <ns3:cad>78</ns3:cad>
          </ns3:TrackPointExtension>
        </extensions>
      </trkpt>
      <trkpt lat="49.055387713015079498291015625" lon="15.02209790982306003570556640625">
        <ele>587.4000244140625</ele>
        <time>2026-04-05T08:39:09.000Z</time>
        <extensions>
          <ns3:TrackPointExtension>
            <ns3:hr>146</ns3:hr>
            <ns3:cad>78</ns3:cad>
          </ns3:TrackPointExtension>
        </extensions>
      </trkpt>
      <trkpt lat="49.055395089089870452880859375" lon="15.02213764004409313201904296875">
        <ele>587.5999755859375</ele>
        <time>2026-04-05T08:39:10.000Z</time>
        <extensions>
          <ns3:TrackPointExtension>
            <ns3:hr>146</ns3:hr>
            <ns3:cad>78</ns3:cad>
          </ns3:TrackPointExtension>
        </extensions>
      </trkpt>
      <trkpt lat="49.05540942214429378509521484375" lon="15.02215943299233913421630859375">
        <ele>587.5999755859375</ele>
        <time>2026-04-05T08:39:11.000Z</time>
        <extensions>
          <ns3:TrackPointExtension>
            <ns3:hr>147</ns3:hr>
            <ns3:cad>77</ns3:cad>
          </ns3:TrackPointExtension>
        </extensions>
      </trkpt>
      <trkpt lat="49.05542383901774883270263671875" lon="15.0221771188080310821533203125">
        <ele>587.5999755859375</ele>
        <time>2026-04-05T08:39:12.000Z</time>
        <extensions>
          <ns3:TrackPointExtension>
            <ns3:hr>147</ns3:hr>
            <ns3:cad>77</ns3:cad>
          </ns3:TrackPointExtension>
        </extensions>
      </trkpt>
      <trkpt lat="49.05543842352926731109619140625" lon="15.02219044603407382965087890625">
        <ele>587.5999755859375</ele>
        <time>2026-04-05T08:39:13.000Z</time>
        <extensions>
          <ns3:TrackPointExtension>
            <ns3:hr>147</ns3:hr>
            <ns3:cad>77</ns3:cad>
          </ns3:TrackPointExtension>
        </extensions>
      </trkpt>
      <trkpt lat="49.05545384623110294342041015625" lon="15.0221955589950084686279296875">
        <ele>587.5999755859375</ele>
        <time>2026-04-05T08:39:14.000Z</time>
        <extensions>
          <ns3:TrackPointExtension>
            <ns3:hr>148</ns3:hr>
            <ns3:cad>77</ns3:cad>
          </ns3:TrackPointExtension>
        </extensions>
      </trkpt>
      <trkpt lat="49.0554750524461269378662109375" lon="15.0222139991819858551025390625">
        <ele>587.4000244140625</ele>
        <time>2026-04-05T08:39:15.000Z</time>
        <extensions>
          <ns3:TrackPointExtension>
            <ns3:hr>148</ns3:hr>
            <ns3:cad>77</ns3:cad>
          </ns3:TrackPointExtension>
        </extensions>
      </trkpt>
      <trkpt lat="49.0554891340434551239013671875" lon="15.02223855815827846527099609375">
        <ele>587.4000244140625</ele>
        <time>2026-04-05T08:39:16.000Z</time>
        <extensions>
          <ns3:TrackPointExtension>
            <ns3:hr>148</ns3:hr>
            <ns3:cad>77</ns3:cad>
          </ns3:TrackPointExtension>
        </extensions>
      </trkpt>
      <trkpt lat="49.0554891340434551239013671875" lon="15.02223855815827846527099609375">
        <ele>587.20001220703125</ele>
        <time>2026-04-05T08:39:17.000Z</time>
        <extensions>
          <ns3:TrackPointExtension>
            <ns3:hr>148</ns3:hr>
            <ns3:cad>71</ns3:cad>
          </ns3:TrackPointExtension>
        </extensions>
      </trkpt>
      <trkpt lat="49.055534563958644866943359375" lon="15.0222857482731342315673828125">
        <ele>587.20001220703125</ele>
        <time>2026-04-05T08:39:18.000Z</time>
        <extensions>
          <ns3:TrackPointExtension>
            <ns3:hr>149</ns3:hr>
            <ns3:cad>71</ns3:cad>
          </ns3:TrackPointExtension>
        </extensions>
      </trkpt>
      <trkpt lat="49.05555509962141513824462890625" lon="15.0222964771091938018798828125">
        <ele>587</ele>
        <time>2026-04-05T08:39:19.000Z</time>
        <extensions>
          <ns3:TrackPointExtension>
            <ns3:hr>148</ns3:hr>
            <ns3:cad>71</ns3:cad>
          </ns3:TrackPointExtension>
        </extensions>
      </trkpt>
      <trkpt lat="49.05557370744645595550537109375" lon="15.02230863086879253387451171875">
        <ele>587</ele>
        <time>2026-04-05T08:39:20.000Z</time>
        <extensions>
          <ns3:TrackPointExtension>
            <ns3:hr>148</ns3:hr>
            <ns3:cad>71</ns3:cad>
          </ns3:TrackPointExtension>
        </extensions>
      </trkpt>
      <trkpt lat="49.05559248290956020355224609375" lon="15.02231164835393428802490234375">
        <ele>586.79998779296875</ele>
        <time>2026-04-05T08:39:21.000Z</time>
        <extensions>
          <ns3:TrackPointExtension>
            <ns3:hr>148</ns3:hr>
            <ns3:cad>72</ns3:cad>
          </ns3:TrackPointExtension>
        </extensions>
      </trkpt>
      <trkpt lat="49.05561092309653759002685546875" lon="15.02232539467513561248779296875">
        <ele>586.79998779296875</ele>
        <time>2026-04-05T08:39:22.000Z</time>
        <extensions>
          <ns3:TrackPointExtension>
            <ns3:hr>148</ns3:hr>
            <ns3:cad>72</ns3:cad>
          </ns3:TrackPointExtension>
        </extensions>
      </trkpt>
      <trkpt lat="49.05562684871256351470947265625" lon="15.02233142964541912078857421875">
        <ele>586.79998779296875</ele>
        <time>2026-04-05T08:39:23.000Z</time>
        <extensions>
          <ns3:TrackPointExtension>
            <ns3:hr>148</ns3:hr>
            <ns3:cad>72</ns3:cad>
          </ns3:TrackPointExtension>
        </extensions>
      </trkpt>
      <trkpt lat="49.0556379966437816619873046875" lon="15.02233109436929225921630859375">
        <ele>586.79998779296875</ele>
        <time>2026-04-05T08:39:24.000Z</time>
        <extensions>
          <ns3:TrackPointExtension>
            <ns3:hr>149</ns3:hr>
            <ns3:cad>72</ns3:cad>
          </ns3:TrackPointExtension>
        </extensions>
      </trkpt>
      <trkpt lat="49.0556587837636470794677734375" lon="15.02233050763607025146484375">
        <ele>586.5999755859375</ele>
        <time>2026-04-05T08:39:25.000Z</time>
        <extensions>
          <ns3:TrackPointExtension>
            <ns3:hr>148</ns3:hr>
            <ns3:cad>0</ns3:cad>
          </ns3:TrackPointExtension>
        </extensions>
      </trkpt>
      <trkpt lat="49.055684767663478851318359375" lon="15.02233461476862430572509765625">
        <ele>586.5999755859375</ele>
        <time>2026-04-05T08:39:26.000Z</time>
        <extensions>
          <ns3:TrackPointExtension>
            <ns3:hr>148</ns3:hr>
            <ns3:cad>0</ns3:cad>
          </ns3:TrackPointExtension>
        </extensions>
      </trkpt>
      <trkpt lat="49.0557020343840122222900390625" lon="15.022336207330226898193359375">
        <ele>586.5999755859375</ele>
        <time>2026-04-05T08:39:27.000Z</time>
        <extensions>
          <ns3:TrackPointExtension>
            <ns3:hr>149</ns3:hr>
            <ns3:cad>0</ns3:cad>
          </ns3:TrackPointExtension>
        </extensions>
      </trkpt>
      <trkpt lat="49.05571837909519672393798828125" lon="15.02233930863440036773681640625">
        <ele>586.4000244140625</ele>
        <time>2026-04-05T08:39:28.000Z</time>
        <extensions>
          <ns3:TrackPointExtension>
            <ns3:hr>149</ns3:hr>
            <ns3:cad>0</ns3:cad>
          </ns3:TrackPointExtension>
        </extensions>
      </trkpt>
      <trkpt lat="49.0557322092354297637939453125" lon="15.0223444215953350067138671875">
        <ele>586.4000244140625</ele>
        <time>2026-04-05T08:39:29.000Z</time>
        <extensions>
          <ns3:TrackPointExtension>
            <ns3:hr>149</ns3:hr>
            <ns3:cad>0</ns3:cad>
          </ns3:TrackPointExtension>
        </extensions>
      </trkpt>
      <trkpt lat="49.05574344098567962646484375" lon="15.0223539769649505615234375">
        <ele>586.4000244140625</ele>
        <time>2026-04-05T08:39:30.000Z</time>
        <extensions>
          <ns3:TrackPointExtension>
            <ns3:hr>150</ns3:hr>
            <ns3:cad>0</ns3:cad>
          </ns3:TrackPointExtension>
        </extensions>
      </trkpt>
      <trkpt lat="49.05575777404010295867919921875" lon="15.02236914820969104766845703125">
        <ele>586.20001220703125</ele>
        <time>2026-04-05T08:39:31.000Z</time>
        <extensions>
          <ns3:TrackPointExtension>
            <ns3:hr>150</ns3:hr>
            <ns3:cad>0</ns3:cad>
          </ns3:TrackPointExtension>
        </extensions>
      </trkpt>
      <trkpt lat="49.05577403493225574493408203125" lon="15.02238507382571697235107421875">
        <ele>586.20001220703125</ele>
        <time>2026-04-05T08:39:32.000Z</time>
        <extensions>
          <ns3:TrackPointExtension>
            <ns3:hr>150</ns3:hr>
            <ns3:cad>72</ns3:cad>
          </ns3:TrackPointExtension>
        </extensions>
      </trkpt>
      <trkpt lat="49.0557882003486156463623046875" lon="15.02239345572888851165771484375">
        <ele>586</ele>
        <time>2026-04-05T08:39:33.000Z</time>
        <extensions>
          <ns3:TrackPointExtension>
            <ns3:hr>149</ns3:hr>
            <ns3:cad>72</ns3:cad>
          </ns3:TrackPointExtension>
        </extensions>
      </trkpt>
      <trkpt lat="49.05580647289752960205078125" lon="15.02239580266177654266357421875">
        <ele>586</ele>
        <time>2026-04-05T08:39:34.000Z</time>
        <extensions>
          <ns3:TrackPointExtension>
            <ns3:hr>150</ns3:hr>
            <ns3:cad>75</ns3:cad>
          </ns3:TrackPointExtension>
        </extensions>
      </trkpt>
      <trkpt lat="49.055827595293521881103515625" lon="15.02239932306110858917236328125">
        <ele>585.79998779296875</ele>
        <time>2026-04-05T08:39:35.000Z</time>
        <extensions>
          <ns3:TrackPointExtension>
            <ns3:hr>150</ns3:hr>
            <ns3:cad>75</ns3:cad>
          </ns3:TrackPointExtension>
        </extensions>
      </trkpt>
      <trkpt lat="49.055837653577327728271484375" lon="15.02239831723272800445556640625">
        <ele>585.5999755859375</ele>
        <time>2026-04-05T08:39:36.000Z</time>
        <extensions>
          <ns3:TrackPointExtension>
            <ns3:hr>149</ns3:hr>
            <ns3:cad>66</ns3:cad>
          </ns3:TrackPointExtension>
        </extensions>
      </trkpt>
      <trkpt lat="49.05585265718400478363037109375" lon="15.0223943777382373809814453125">
        <ele>585.4000244140625</ele>
        <time>2026-04-05T08:39:37.000Z</time>
        <extensions>
          <ns3:TrackPointExtension>
            <ns3:hr>149</ns3:hr>
            <ns3:cad>66</ns3:cad>
          </ns3:TrackPointExtension>
        </extensions>
      </trkpt>
      <trkpt lat="49.05586740933358669281005859375" lon="15.02238750457763671875">
        <ele>585.20001220703125</ele>
        <time>2026-04-05T08:39:38.000Z</time>
        <extensions>
          <ns3:TrackPointExtension>
            <ns3:hr>149</ns3:hr>
            <ns3:cad>66</ns3:cad>
          </ns3:TrackPointExtension>
        </extensions>
      </trkpt>
      <trkpt lat="49.055882580578327178955078125" lon="15.02235841937363147735595703125">
        <ele>585.20001220703125</ele>
        <time>2026-04-05T08:39:39.000Z</time>
        <extensions>
          <ns3:TrackPointExtension>
            <ns3:hr>149</ns3:hr>
            <ns3:cad>66</ns3:cad>
          </ns3:TrackPointExtension>
        </extensions>
      </trkpt>
      <trkpt lat="49.05589339323341846466064453125" lon="15.02234567888081073760986328125">
        <ele>585.20001220703125</ele>
        <time>2026-04-05T08:39:40.000Z</time>
        <extensions>
          <ns3:TrackPointExtension>
            <ns3:hr>149</ns3:hr>
            <ns3:cad>65</ns3:cad>
          </ns3:TrackPointExtension>
        </extensions>
      </trkpt>
      <trkpt lat="49.0558958239853382110595703125" lon="15.022309385240077972412109375">
        <ele>585.20001220703125</ele>
        <time>2026-04-05T08:39:41.000Z</time>
        <extensions>
          <ns3:TrackPointExtension>
            <ns3:hr>148</ns3:hr>
            <ns3:cad>65</ns3:cad>
          </ns3:TrackPointExtension>
        </extensions>
      </trkpt>
      <trkpt lat="49.05589506961405277252197265625" lon="15.022274516522884368896484375">
        <ele>585.4000244140625</ele>
        <time>2026-04-05T08:39:42.000Z</time>
        <extensions>
          <ns3:TrackPointExtension>
            <ns3:hr>148</ns3:hr>
            <ns3:cad>65</ns3:cad>
          </ns3:TrackPointExtension>
        </extensions>
      </trkpt>
      <trkpt lat="49.055897332727909088134765625" lon="15.0222411565482616424560546875">
        <ele>585.5999755859375</ele>
        <time>2026-04-05T08:39:43.000Z</time>
        <extensions>
          <ns3:TrackPointExtension>
            <ns3:hr>148</ns3:hr>
            <ns3:cad>65</ns3:cad>
          </ns3:TrackPointExtension>
        </extensions>
      </trkpt>
      <trkpt lat="49.0558991767466068267822265625" lon="15.02221047878265380859375">
        <ele>586</ele>
        <time>2026-04-05T08:39:44.000Z</time>
        <extensions>
          <ns3:TrackPointExtension>
            <ns3:hr>148</ns3:hr>
            <ns3:cad>77</ns3:cad>
          </ns3:TrackPointExtension>
        </extensions>
      </trkpt>
      <trkpt lat="49.05589791946113109588623046875" lon="15.022174604237079620361328125">
        <ele>586</ele>
        <time>2026-04-05T08:39:45.000Z</time>
        <extensions>
          <ns3:TrackPointExtension>
            <ns3:hr>148</ns3:hr>
            <ns3:cad>77</ns3:cad>
          </ns3:TrackPointExtension>
        </extensions>
      </trkpt>
      <trkpt lat="49.0559011884033679962158203125" lon="15.0221352092921733856201171875">
        <ele>586.20001220703125</ele>
        <time>2026-04-05T08:39:46.000Z</time>
        <extensions>
          <ns3:TrackPointExtension>
            <ns3:hr>148</ns3:hr>
            <ns3:cad>76</ns3:cad>
          </ns3:TrackPointExtension>
        </extensions>
      </trkpt>
      <trkpt lat="49.05590361915528774261474609375" lon="15.0220899470150470733642578125">
        <ele>586.20001220703125</ele>
        <time>2026-04-05T08:39:47.000Z</time>
        <extensions>
          <ns3:TrackPointExtension>
            <ns3:hr>148</ns3:hr>
            <ns3:cad>76</ns3:cad>
          </ns3:TrackPointExtension>
        </extensions>
      </trkpt>
      <trkpt lat="49.05591451562941074371337890625" lon="15.0220460258424282073974609375">
        <ele>586</ele>
        <time>2026-04-05T08:39:48.000Z</time>
        <extensions>
          <ns3:TrackPointExtension>
            <ns3:hr>147</ns3:hr>
            <ns3:cad>76</ns3:cad>
          </ns3:TrackPointExtension>
        </extensions>
      </trkpt>
      <trkpt lat="49.0559251606464385986328125" lon="15.02200453542172908782958984375">
        <ele>586</ele>
        <time>2026-04-05T08:39:49.000Z</time>
        <extensions>
          <ns3:TrackPointExtension>
            <ns3:hr>148</ns3:hr>
            <ns3:cad>76</ns3:cad>
          </ns3:TrackPointExtension>
        </extensions>
      </trkpt>
      <trkpt lat="49.05593798495829105377197265625" lon="15.02196178771555423736572265625">
        <ele>585.79998779296875</ele>
        <time>2026-04-05T08:39:50.000Z</time>
        <extensions>
          <ns3:TrackPointExtension>
            <ns3:hr>148</ns3:hr>
            <ns3:cad>77</ns3:cad>
          </ns3:TrackPointExtension>
        </extensions>
      </trkpt>
      <trkpt lat="49.05594770796597003936767578125" lon="15.0219135917723178863525390625">
        <ele>585.5999755859375</ele>
        <time>2026-04-05T08:39:51.000Z</time>
        <extensions>
          <ns3:TrackPointExtension>
            <ns3:hr>148</ns3:hr>
            <ns3:cad>77</ns3:cad>
          </ns3:TrackPointExtension>
        </extensions>
      </trkpt>
      <trkpt lat="49.05594837851822376251220703125" lon="15.02186916768550872802734375">
        <ele>585.5999755859375</ele>
        <time>2026-04-05T08:39:52.000Z</time>
        <extensions>
          <ns3:TrackPointExtension>
            <ns3:hr>148</ns3:hr>
            <ns3:cad>77</ns3:cad>
          </ns3:TrackPointExtension>
        </extensions>
      </trkpt>
      <trkpt lat="49.0559410862624645233154296875" lon="15.02182147465646266937255859375">
        <ele>585.79998779296875</ele>
        <time>2026-04-05T08:39:53.000Z</time>
        <extensions>
          <ns3:TrackPointExtension>
            <ns3:hr>148</ns3:hr>
            <ns3:cad>77</ns3:cad>
          </ns3:TrackPointExtension>
        </extensions>
      </trkpt>
      <trkpt lat="49.05594217590987682342529296875" lon="15.02177285961806774139404296875">
        <ele>585.79998779296875</ele>
        <time>2026-04-05T08:39:54.000Z</time>
        <extensions>
          <ns3:TrackPointExtension>
            <ns3:hr>149</ns3:hr>
            <ns3:cad>77</ns3:cad>
          </ns3:TrackPointExtension>
        </extensions>
      </trkpt>
      <trkpt lat="49.0559407509863376617431640625" lon="15.02174712717533111572265625">
        <ele>586</ele>
        <time>2026-04-05T08:39:55.000Z</time>
        <extensions>
          <ns3:TrackPointExtension>
            <ns3:hr>149</ns3:hr>
            <ns3:cad>79</ns3:cad>
          </ns3:TrackPointExtension>
        </extensions>
      </trkpt>
      <trkpt lat="49.05593781732022762298583984375" lon="15.02170144580304622650146484375">
        <ele>586.20001220703125</ele>
        <time>2026-04-05T08:39:56.000Z</time>
        <extensions>
          <ns3:TrackPointExtension>
            <ns3:hr>149</ns3:hr>
            <ns3:cad>79</ns3:cad>
          </ns3:TrackPointExtension>
        </extensions>
      </trkpt>
      <trkpt lat="49.055944271385669708251953125" lon="15.0216467119753360748291015625">
        <ele>586.4000244140625</ele>
        <time>2026-04-05T08:39:57.000Z</time>
        <extensions>
          <ns3:TrackPointExtension>
            <ns3:hr>149</ns3:hr>
            <ns3:cad>78</ns3:cad>
          </ns3:TrackPointExtension>
        </extensions>
      </trkpt>
      <trkpt lat="49.05593982897698879241943359375" lon="15.02160605974495410919189453125">
        <ele>586.5999755859375</ele>
        <time>2026-04-05T08:39:58.000Z</time>
        <extensions>
          <ns3:TrackPointExtension>
            <ns3:hr>149</ns3:hr>
            <ns3:cad>78</ns3:cad>
          </ns3:TrackPointExtension>
        </extensions>
      </trkpt>
      <trkpt lat="49.055944941937923431396484375" lon="15.02156901173293590545654296875">
        <ele>586.79998779296875</ele>
        <time>2026-04-05T08:39:59.000Z</time>
        <extensions>
          <ns3:TrackPointExtension>
            <ns3:hr>149</ns3:hr>
            <ns3:cad>77</ns3:cad>
          </ns3:TrackPointExtension>
        </extensions>
      </trkpt>
      <trkpt lat="49.05595659278333187103271484375" lon="15.021536909043788909912109375">
        <ele>587</ele>
        <time>2026-04-05T08:40:00.000Z</time>
        <extensions>
          <ns3:TrackPointExtension>
            <ns3:hr>149</ns3:hr>
            <ns3:cad>77</ns3:cad>
          </ns3:TrackPointExtension>
        </extensions>
      </trkpt>
      <trkpt lat="49.055975787341594696044921875" lon="15.02148737199604511260986328125">
        <ele>587.20001220703125</ele>
        <time>2026-04-05T08:40:01.000Z</time>
        <extensions>
          <ns3:TrackPointExtension>
            <ns3:hr>150</ns3:hr>
            <ns3:cad>77</ns3:cad>
          </ns3:TrackPointExtension>
        </extensions>
      </trkpt>
      <trkpt lat="49.05600520782172679901123046875" lon="15.0214589573442935943603515625">
        <ele>587.4000244140625</ele>
        <time>2026-04-05T08:40:02.000Z</time>
        <extensions>
          <ns3:TrackPointExtension>
            <ns3:hr>150</ns3:hr>
            <ns3:cad>77</ns3:cad>
          </ns3:TrackPointExtension>
        </extensions>
      </trkpt>
      <trkpt lat="49.05603102408349514007568359375" lon="15.02143339253962039947509765625">
        <ele>587.20001220703125</ele>
        <time>2026-04-05T08:40:03.000Z</time>
        <extensions>
          <ns3:TrackPointExtension>
            <ns3:hr>150</ns3:hr>
            <ns3:cad>78</ns3:cad>
          </ns3:TrackPointExtension>
        </extensions>
      </trkpt>
      <trkpt lat="49.05605323612689971923828125" lon="15.0213939137756824493408203125">
        <ele>587</ele>
        <time>2026-04-05T08:40:04.000Z</time>
        <extensions>
          <ns3:TrackPointExtension>
            <ns3:hr>150</ns3:hr>
            <ns3:cad>78</ns3:cad>
          </ns3:TrackPointExtension>
        </extensions>
      </trkpt>
      <trkpt lat="49.0560678206384181976318359375" lon="15.021343119442462921142578125">
        <ele>587</ele>
        <time>2026-04-05T08:40:05.000Z</time>
        <extensions>
          <ns3:TrackPointExtension>
            <ns3:hr>151</ns3:hr>
            <ns3:cad>74</ns3:cad>
          </ns3:TrackPointExtension>
        </extensions>
      </trkpt>
      <trkpt lat="49.05607561580836772918701171875" lon="15.02129626460373401641845703125">
        <ele>586.5999755859375</ele>
        <time>2026-04-05T08:40:06.000Z</time>
        <extensions>
          <ns3:TrackPointExtension>
            <ns3:hr>151</ns3:hr>
            <ns3:cad>74</ns3:cad>
          </ns3:TrackPointExtension>
        </extensions>
      </trkpt>
      <trkpt lat="49.0560795553028583526611328125" lon="15.02126005478203296661376953125">
        <ele>586.4000244140625</ele>
        <time>2026-04-05T08:40:07.000Z</time>
        <extensions>
          <ns3:TrackPointExtension>
            <ns3:hr>152</ns3:hr>
            <ns3:cad>77</ns3:cad>
          </ns3:TrackPointExtension>
        </extensions>
      </trkpt>
      <trkpt lat="49.0560829080641269683837890625" lon="15.02123658545315265655517578125">
        <ele>586.4000244140625</ele>
        <time>2026-04-05T08:40:08.000Z</time>
        <extensions>
          <ns3:TrackPointExtension>
            <ns3:hr>153</ns3:hr>
            <ns3:cad>77</ns3:cad>
          </ns3:TrackPointExtension>
        </extensions>
      </trkpt>
      <trkpt lat="49.05609170906245708465576171875" lon="15.021212361752986907958984375">
        <ele>586.20001220703125</ele>
        <time>2026-04-05T08:40:09.000Z</time>
        <extensions>
          <ns3:TrackPointExtension>
            <ns3:hr>153</ns3:hr>
            <ns3:cad>77</ns3:cad>
          </ns3:TrackPointExtension>
        </extensions>
      </trkpt>
      <trkpt lat="49.05611232854425907135009765625" lon="15.0211883895099163055419921875">
        <ele>586</ele>
        <time>2026-04-05T08:40:10.000Z</time>
        <extensions>
          <ns3:TrackPointExtension>
            <ns3:hr>153</ns3:hr>
            <ns3:cad>77</ns3:cad>
          </ns3:TrackPointExtension>
        </extensions>
      </trkpt>
      <trkpt lat="49.05613127164542675018310546875" lon="15.021166093647480010986328125">
        <ele>585.79998779296875</ele>
        <time>2026-04-05T08:40:11.000Z</time>
        <extensions>
          <ns3:TrackPointExtension>
            <ns3:hr>153</ns3:hr>
            <ns3:cad>75</ns3:cad>
          </ns3:TrackPointExtension>
        </extensions>
      </trkpt>
      <trkpt lat="49.05614434741437435150146484375" lon="15.021142624318599700927734375">
        <ele>585.4000244140625</ele>
        <time>2026-04-05T08:40:12.000Z</time>
        <extensions>
          <ns3:TrackPointExtension>
            <ns3:hr>154</ns3:hr>
            <ns3:cad>75</ns3:cad>
          </ns3:TrackPointExtension>
        </extensions>
      </trkpt>
      <trkpt lat="49.0561477839946746826171875" lon="15.02108688466250896453857421875">
        <ele>585.20001220703125</ele>
        <time>2026-04-05T08:40:13.000Z</time>
        <extensions>
          <ns3:TrackPointExtension>
            <ns3:hr>153</ns3:hr>
            <ns3:cad>71</ns3:cad>
          </ns3:TrackPointExtension>
        </extensions>
      </trkpt>
      <trkpt lat="49.05615373514592647552490234375" lon="15.0210464000701904296875">
        <ele>585</ele>
        <time>2026-04-05T08:40:14.000Z</time>
        <extensions>
          <ns3:TrackPointExtension>
            <ns3:hr>153</ns3:hr>
            <ns3:cad>71</ns3:cad>
          </ns3:TrackPointExtension>
        </extensions>
      </trkpt>
      <trkpt lat="49.056158848106861114501953125" lon="15.02099870704114437103271484375">
        <ele>584.79998779296875</ele>
        <time>2026-04-05T08:40:15.000Z</time>
        <extensions>
          <ns3:TrackPointExtension>
            <ns3:hr>154</ns3:hr>
            <ns3:cad>71</ns3:cad>
          </ns3:TrackPointExtension>
        </extensions>
      </trkpt>
      <trkpt lat="49.05616664327681064605712890625" lon="15.02096132375299930572509765625">
        <ele>584.5999755859375</ele>
        <time>2026-04-05T08:40:16.000Z</time>
        <extensions>
          <ns3:TrackPointExtension>
            <ns3:hr>154</ns3:hr>
            <ns3:cad>71</ns3:cad>
          </ns3:TrackPointExtension>
        </extensions>
      </trkpt>
      <trkpt lat="49.05618106015026569366455078125" lon="15.020930059254169464111328125">
        <ele>584.4000244140625</ele>
        <time>2026-04-05T08:40:17.000Z</time>
        <extensions>
          <ns3:TrackPointExtension>
            <ns3:hr>155</ns3:hr>
            <ns3:cad>72</ns3:cad>
          </ns3:TrackPointExtension>
        </extensions>
      </trkpt>
      <trkpt lat="49.05620335601270198822021484375" lon="15.0209020636975765228271484375">
        <ele>584.4000244140625</ele>
        <time>2026-04-05T08:40:18.000Z</time>
        <extensions>
          <ns3:TrackPointExtension>
            <ns3:hr>155</ns3:hr>
            <ns3:cad>72</ns3:cad>
          </ns3:TrackPointExtension>
        </extensions>
      </trkpt>
      <trkpt lat="49.05623202212154865264892578125" lon="15.02088136039674282073974609375">
        <ele>584.20001220703125</ele>
        <time>2026-04-05T08:40:19.000Z</time>
        <extensions>
          <ns3:TrackPointExtension>
            <ns3:hr>155</ns3:hr>
            <ns3:cad>73</ns3:cad>
          </ns3:TrackPointExtension>
        </extensions>
      </trkpt>
      <trkpt lat="49.0562518872320652008056640625" lon="15.0208601541817188262939453125">
        <ele>584.20001220703125</ele>
        <time>2026-04-05T08:40:20.000Z</time>
        <extensions>
          <ns3:TrackPointExtension>
            <ns3:hr>155</ns3:hr>
            <ns3:cad>74</ns3:cad>
          </ns3:TrackPointExtension>
        </extensions>
      </trkpt>
      <trkpt lat="49.0562699921429157257080078125" lon="15.0208279676735401153564453125">
        <ele>584.20001220703125</ele>
        <time>2026-04-05T08:40:21.000Z</time>
        <extensions>
          <ns3:TrackPointExtension>
            <ns3:hr>156</ns3:hr>
            <ns3:cad>74</ns3:cad>
          </ns3:TrackPointExtension>
        </extensions>
      </trkpt>
      <trkpt lat="49.05628549866378307342529296875" lon="15.0207880698144435882568359375">
        <ele>584.4000244140625</ele>
        <time>2026-04-05T08:40:22.000Z</time>
        <extensions>
          <ns3:TrackPointExtension>
            <ns3:hr>155</ns3:hr>
            <ns3:cad>74</ns3:cad>
          </ns3:TrackPointExtension>
        </extensions>
      </trkpt>
      <trkpt lat="49.0562931261956691741943359375" lon="15.0207495130598545074462890625">
        <ele>584.4000244140625</ele>
        <time>2026-04-05T08:40:23.000Z</time>
        <extensions>
          <ns3:TrackPointExtension>
            <ns3:hr>156</ns3:hr>
            <ns3:cad>74</ns3:cad>
          </ns3:TrackPointExtension>
        </extensions>
      </trkpt>
      <trkpt lat="49.05630544759333133697509765625" lon="15.02070399932563304901123046875">
        <ele>584.4000244140625</ele>
        <time>2026-04-05T08:40:24.000Z</time>
        <extensions>
          <ns3:TrackPointExtension>
            <ns3:hr>156</ns3:hr>
            <ns3:cad>77</ns3:cad>
          </ns3:TrackPointExtension>
        </extensions>
      </trkpt>
      <trkpt lat="49.0563140809535980224609375" lon="15.0206496007740497589111328125">
        <ele>584.5999755859375</ele>
        <time>2026-04-05T08:40:25.000Z</time>
        <extensions>
          <ns3:TrackPointExtension>
            <ns3:hr>156</ns3:hr>
            <ns3:cad>77</ns3:cad>
          </ns3:TrackPointExtension>
        </extensions>
      </trkpt>
      <trkpt lat="49.0563095547258853912353515625" lon="15.02060106955468654632568359375">
        <ele>584.5999755859375</ele>
        <time>2026-04-05T08:40:26.000Z</time>
        <extensions>
          <ns3:TrackPointExtension>
            <ns3:hr>155</ns3:hr>
            <ns3:cad>78</ns3:cad>
          </ns3:TrackPointExtension>
        </extensions>
      </trkpt>
      <trkpt lat="49.0563028492033481597900390625" lon="15.02055530436336994171142578125">
        <ele>584.5999755859375</ele>
        <time>2026-04-05T08:40:27.000Z</time>
        <extensions>
          <ns3:TrackPointExtension>
            <ns3:hr>156</ns3:hr>
            <ns3:cad>78</ns3:cad>
          </ns3:TrackPointExtension>
        </extensions>
      </trkpt>
      <trkpt lat="49.0562954731285572052001953125" lon="15.020501911640167236328125">
        <ele>584.4000244140625</ele>
        <time>2026-04-05T08:40:28.000Z</time>
        <extensions>
          <ns3:TrackPointExtension>
            <ns3:hr>156</ns3:hr>
            <ns3:cad>78</ns3:cad>
          </ns3:TrackPointExtension>
        </extensions>
      </trkpt>
      <trkpt lat="49.0562864206731319427490234375" lon="15.02045991830527782440185546875">
        <ele>584.4000244140625</ele>
        <time>2026-04-05T08:40:29.000Z</time>
        <extensions>
          <ns3:TrackPointExtension>
            <ns3:hr>156</ns3:hr>
            <ns3:cad>78</ns3:cad>
          </ns3:TrackPointExtension>
        </extensions>
      </trkpt>
      <trkpt lat="49.0562738478183746337890625" lon="15.020435191690921783447265625">
        <ele>584.4000244140625</ele>
        <time>2026-04-05T08:40:30.000Z</time>
        <extensions>
          <ns3:TrackPointExtension>
            <ns3:hr>156</ns3:hr>
            <ns3:cad>78</ns3:cad>
          </ns3:TrackPointExtension>
        </extensions>
      </trkpt>
      <trkpt lat="49.05625113286077976226806640625" lon="15.020405016839504241943359375">
        <ele>584.20001220703125</ele>
        <time>2026-04-05T08:40:31.000Z</time>
        <extensions>
          <ns3:TrackPointExtension>
            <ns3:hr>156</ns3:hr>
            <ns3:cad>78</ns3:cad>
          </ns3:TrackPointExtension>
        </extensions>
      </trkpt>
      <trkpt lat="49.0562388114631175994873046875" lon="15.0203704833984375">
        <ele>584</ele>
        <time>2026-04-05T08:40:32.000Z</time>
        <extensions>
          <ns3:TrackPointExtension>
            <ns3:hr>157</ns3:hr>
            <ns3:cad>78</ns3:cad>
          </ns3:TrackPointExtension>
        </extensions>
      </trkpt>
      <trkpt lat="49.05622892081737518310546875" lon="15.02033133991062641143798828125">
        <ele>583.79998779296875</ele>
        <time>2026-04-05T08:40:33.000Z</time>
        <extensions>
          <ns3:TrackPointExtension>
            <ns3:hr>157</ns3:hr>
            <ns3:cad>78</ns3:cad>
          </ns3:TrackPointExtension>
        </extensions>
      </trkpt>
      <trkpt lat="49.05623537488281726837158203125" lon="15.02028842456638813018798828125">
        <ele>583.4000244140625</ele>
        <time>2026-04-05T08:40:34.000Z</time>
        <extensions>
          <ns3:TrackPointExtension>
            <ns3:hr>157</ns3:hr>
            <ns3:cad>76</ns3:cad>
          </ns3:TrackPointExtension>
        </extensions>
      </trkpt>
      <trkpt lat="49.0562502108514308929443359375" lon="15.020253472030162811279296875">
        <ele>583</ele>
        <time>2026-04-05T08:40:35.000Z</time>
        <extensions>
          <ns3:TrackPointExtension>
            <ns3:hr>157</ns3:hr>
            <ns3:cad>76</ns3:cad>
          </ns3:TrackPointExtension>
        </extensions>
      </trkpt>
      <trkpt lat="49.0562632866203784942626953125" lon="15.02021516673266887664794921875">
        <ele>582.5999755859375</ele>
        <time>2026-04-05T08:40:36.000Z</time>
        <extensions>
          <ns3:TrackPointExtension>
            <ns3:hr>157</ns3:hr>
            <ns3:cad>75</ns3:cad>
          </ns3:TrackPointExtension>
        </extensions>
      </trkpt>
      <trkpt lat="49.0562753565609455108642578125" lon="15.020158924162387847900390625">
        <ele>582.20001220703125</ele>
        <time>2026-04-05T08:40:37.000Z</time>
        <extensions>
          <ns3:TrackPointExtension>
            <ns3:hr>157</ns3:hr>
            <ns3:cad>75</ns3:cad>
          </ns3:TrackPointExtension>
        </extensions>
      </trkpt>
      <trkpt lat="49.05628013424575328826904296875" lon="15.0201151706278324127197265625">
        <ele>581.79998779296875</ele>
        <time>2026-04-05T08:40:38.000Z</time>
        <extensions>
          <ns3:TrackPointExtension>
            <ns3:hr>157</ns3:hr>
            <ns3:cad>73</ns3:cad>
          </ns3:TrackPointExtension>
        </extensions>
      </trkpt>
      <trkpt lat="49.0562837384641170501708984375" lon="15.02008558250963687896728515625">
        <ele>581.4000244140625</ele>
        <time>2026-04-05T08:40:39.000Z</time>
        <extensions>
          <ns3:TrackPointExtension>
            <ns3:hr>157</ns3:hr>
            <ns3:cad>73</ns3:cad>
          </ns3:TrackPointExtension>
        </extensions>
      </trkpt>
      <trkpt lat="49.0562917850911617279052734375" lon="15.02004300244152545928955078125">
        <ele>581.20001220703125</ele>
        <time>2026-04-05T08:40:40.000Z</time>
        <extensions>
          <ns3:TrackPointExtension>
            <ns3:hr>157</ns3:hr>
            <ns3:cad>73</ns3:cad>
          </ns3:TrackPointExtension>
        </extensions>
      </trkpt>
      <trkpt lat="49.05630460940301418304443359375" lon="15.01999572850763797760009765625">
        <ele>580.79998779296875</ele>
        <time>2026-04-05T08:40:41.000Z</time>
        <extensions>
          <ns3:TrackPointExtension>
            <ns3:hr>157</ns3:hr>
            <ns3:cad>73</ns3:cad>
          </ns3:TrackPointExtension>
        </extensions>
      </trkpt>
      <trkpt lat="49.05631550587713718414306640625" lon="15.0199520587921142578125">
        <ele>580.4000244140625</ele>
        <time>2026-04-05T08:40:42.000Z</time>
        <extensions>
          <ns3:TrackPointExtension>
            <ns3:hr>157</ns3:hr>
            <ns3:cad>75</ns3:cad>
          </ns3:TrackPointExtension>
        </extensions>
      </trkpt>
      <trkpt lat="49.056331180036067962646484375" lon="15.01991786062717437744140625">
        <ele>580.20001220703125</ele>
        <time>2026-04-05T08:40:43.000Z</time>
        <extensions>
          <ns3:TrackPointExtension>
            <ns3:hr>157</ns3:hr>
            <ns3:cad>75</ns3:cad>
          </ns3:TrackPointExtension>
        </extensions>
      </trkpt>
      <trkpt lat="49.05633897520601749420166015625" lon="15.01988475210964679718017578125">
        <ele>580</ele>
        <time>2026-04-05T08:40:44.000Z</time>
        <extensions>
          <ns3:TrackPointExtension>
            <ns3:hr>157</ns3:hr>
            <ns3:cad>75</ns3:cad>
          </ns3:TrackPointExtension>
        </extensions>
      </trkpt>
      <trkpt lat="49.0563543140888214111328125" lon="15.01983605325222015380859375">
        <ele>579.79998779296875</ele>
        <time>2026-04-05T08:40:45.000Z</time>
        <extensions>
          <ns3:TrackPointExtension>
            <ns3:hr>157</ns3:hr>
            <ns3:cad>75</ns3:cad>
          </ns3:TrackPointExtension>
        </extensions>
      </trkpt>
      <trkpt lat="49.0563678927719593048095703125" lon="15.0197892822325229644775390625">
        <ele>579.4000244140625</ele>
        <time>2026-04-05T08:40:46.000Z</time>
        <extensions>
          <ns3:TrackPointExtension>
            <ns3:hr>157</ns3:hr>
            <ns3:cad>75</ns3:cad>
          </ns3:TrackPointExtension>
        </extensions>
      </trkpt>
      <trkpt lat="49.0563745982944965362548828125" lon="15.0197460316121578216552734375">
        <ele>579</ele>
        <time>2026-04-05T08:40:47.000Z</time>
        <extensions>
          <ns3:TrackPointExtension>
            <ns3:hr>157</ns3:hr>
            <ns3:cad>75</ns3:cad>
          </ns3:TrackPointExtension>
        </extensions>
      </trkpt>
      <trkpt lat="49.05637870542705059051513671875" lon="15.01970060169696807861328125">
        <ele>578.5999755859375</ele>
        <time>2026-04-05T08:40:48.000Z</time>
        <extensions>
          <ns3:TrackPointExtension>
            <ns3:hr>157</ns3:hr>
            <ns3:cad>75</ns3:cad>
          </ns3:TrackPointExtension>
        </extensions>
      </trkpt>
      <trkpt lat="49.0563757717609405517578125" lon="15.019649304449558258056640625">
        <ele>578.20001220703125</ele>
        <time>2026-04-05T08:40:49.000Z</time>
        <extensions>
          <ns3:TrackPointExtension>
            <ns3:hr>157</ns3:hr>
            <ns3:cad>75</ns3:cad>
          </ns3:TrackPointExtension>
        </extensions>
      </trkpt>
      <trkpt lat="49.056373424828052520751953125" lon="15.0196085684001445770263671875">
        <ele>577.5999755859375</ele>
        <time>2026-04-05T08:40:50.000Z</time>
        <extensions>
          <ns3:TrackPointExtension>
            <ns3:hr>156</ns3:hr>
            <ns3:cad>75</ns3:cad>
          </ns3:TrackPointExtension>
        </extensions>
      </trkpt>
      <trkpt lat="49.05637166462838649749755859375" lon="15.01956137828528881072998046875">
        <ele>577</ele>
        <time>2026-04-05T08:40:51.000Z</time>
        <extensions>
          <ns3:TrackPointExtension>
            <ns3:hr>155</ns3:hr>
            <ns3:cad>75</ns3:cad>
          </ns3:TrackPointExtension>
        </extensions>
      </trkpt>
      <trkpt lat="49.05637501738965511322021484375" lon="15.01951427198946475982666015625">
        <ele>576.5999755859375</ele>
        <time>2026-04-05T08:40:52.000Z</time>
        <extensions>
          <ns3:TrackPointExtension>
            <ns3:hr>155</ns3:hr>
            <ns3:cad>75</ns3:cad>
          </ns3:TrackPointExtension>
        </extensions>
      </trkpt>
      <trkpt lat="49.05638448894023895263671875" lon="15.01945828087627887725830078125">
        <ele>576.20001220703125</ele>
        <time>2026-04-05T08:40:53.000Z</time>
        <extensions>
          <ns3:TrackPointExtension>
            <ns3:hr>155</ns3:hr>
            <ns3:cad>76</ns3:cad>
          </ns3:TrackPointExtension>
        </extensions>
      </trkpt>
      <trkpt lat="49.0563859976828098297119140625" lon="15.019403882324695587158203125">
        <ele>575.5999755859375</ele>
        <time>2026-04-05T08:40:54.000Z</time>
        <extensions>
          <ns3:TrackPointExtension>
            <ns3:hr>155</ns3:hr>
            <ns3:cad>77</ns3:cad>
          </ns3:TrackPointExtension>
        </extensions>
      </trkpt>
      <trkpt lat="49.05638624913990497589111328125" lon="15.01934579573571681976318359375">
        <ele>575.4000244140625</ele>
        <time>2026-04-05T08:40:55.000Z</time>
        <extensions>
          <ns3:TrackPointExtension>
            <ns3:hr>154</ns3:hr>
            <ns3:cad>78</ns3:cad>
          </ns3:TrackPointExtension>
        </extensions>
      </trkpt>
      <trkpt lat="49.05639714561402797698974609375" lon="15.01930254511535167694091796875">
        <ele>575</ele>
        <time>2026-04-05T08:40:56.000Z</time>
        <extensions>
          <ns3:TrackPointExtension>
            <ns3:hr>154</ns3:hr>
            <ns3:cad>78</ns3:cad>
          </ns3:TrackPointExtension>
        </extensions>
      </trkpt>
      <trkpt lat="49.05639831908047199249267578125" lon="15.01926365308463573455810546875">
        <ele>574.5999755859375</ele>
        <time>2026-04-05T08:40:57.000Z</time>
        <extensions>
          <ns3:TrackPointExtension>
            <ns3:hr>154</ns3:hr>
            <ns3:cad>78</ns3:cad>
          </ns3:TrackPointExtension>
        </extensions>
      </trkpt>
      <trkpt lat="49.05640192329883575439453125" lon="15.0192367471754550933837890625">
        <ele>574.20001220703125</ele>
        <time>2026-04-05T08:40:58.000Z</time>
        <extensions>
          <ns3:TrackPointExtension>
            <ns3:hr>154</ns3:hr>
            <ns3:cad>78</ns3:cad>
          </ns3:TrackPointExtension>
        </extensions>
      </trkpt>
      <trkpt lat="49.05640728771686553955078125" lon="15.01922626979649066925048828125">
        <ele>573.79998779296875</ele>
        <time>2026-04-05T08:40:59.000Z</time>
        <extensions>
          <ns3:TrackPointExtension>
            <ns3:hr>153</ns3:hr>
            <ns3:cad>76</ns3:cad>
          </ns3:TrackPointExtension>
        </extensions>
      </trkpt>
      <trkpt lat="49.05641893856227397918701171875" lon="15.01922392286360263824462890625">
        <ele>573.5999755859375</ele>
        <time>2026-04-05T08:41:00.000Z</time>
        <extensions>
          <ns3:TrackPointExtension>
            <ns3:hr>154</ns3:hr>
            <ns3:cad>76</ns3:cad>
          </ns3:TrackPointExtension>
        </extensions>
      </trkpt>
      <trkpt lat="49.05642815865576267242431640625" lon="15.01925007440149784088134765625">
        <ele>573.4000244140625</ele>
        <time>2026-04-05T08:41:01.000Z</time>
        <extensions>
          <ns3:TrackPointExtension>
            <ns3:hr>154</ns3:hr>
            <ns3:cad>76</ns3:cad>
          </ns3:TrackPointExtension>
        </extensions>
      </trkpt>
      <trkpt lat="49.056439138948917388916015625" lon="15.01929181627929210662841796875">
        <ele>573.5999755859375</ele>
        <time>2026-04-05T08:41:02.000Z</time>
        <extensions>
          <ns3:TrackPointExtension>
            <ns3:hr>154</ns3:hr>
            <ns3:cad>76</ns3:cad>
          </ns3:TrackPointExtension>
        </extensions>
      </trkpt>
      <trkpt lat="49.0564508736133575439453125" lon="15.0193242542445659637451171875">
        <ele>573.79998779296875</ele>
        <time>2026-04-05T08:41:03.000Z</time>
        <extensions>
          <ns3:TrackPointExtension>
            <ns3:hr>154</ns3:hr>
            <ns3:cad>77</ns3:cad>
          </ns3:TrackPointExtension>
        </extensions>
      </trkpt>
      <trkpt lat="49.05646654777228832244873046875" lon="15.01934981904923915863037109375">
        <ele>574</ele>
        <time>2026-04-05T08:41:04.000Z</time>
        <extensions>
          <ns3:TrackPointExtension>
            <ns3:hr>153</ns3:hr>
            <ns3:cad>77</ns3:cad>
          </ns3:TrackPointExtension>
        </extensions>
      </trkpt>
      <trkpt lat="49.05649043619632720947265625" lon="15.01937077380716800689697265625">
        <ele>574.4000244140625</ele>
        <time>2026-04-05T08:41:05.000Z</time>
        <extensions>
          <ns3:TrackPointExtension>
            <ns3:hr>154</ns3:hr>
            <ns3:cad>77</ns3:cad>
          </ns3:TrackPointExtension>
        </extensions>
      </trkpt>
      <trkpt lat="49.056511558592319488525390625" lon="15.01937563531100749969482421875">
        <ele>574.79998779296875</ele>
        <time>2026-04-05T08:41:06.000Z</time>
        <extensions>
          <ns3:TrackPointExtension>
            <ns3:hr>154</ns3:hr>
            <ns3:cad>77</ns3:cad>
          </ns3:TrackPointExtension>
        </extensions>
      </trkpt>
      <trkpt lat="49.05654600821435451507568359375" lon="15.01938066445291042327880859375">
        <ele>575</ele>
        <time>2026-04-05T08:41:07.000Z</time>
        <extensions>
          <ns3:TrackPointExtension>
            <ns3:hr>153</ns3:hr>
            <ns3:cad>78</ns3:cad>
          </ns3:TrackPointExtension>
        </extensions>
      </trkpt>
      <trkpt lat="49.05657358467578887939453125" lon="15.01939709298312664031982421875">
        <ele>575.20001220703125</ele>
        <time>2026-04-05T08:41:08.000Z</time>
        <extensions>
          <ns3:TrackPointExtension>
            <ns3:hr>154</ns3:hr>
            <ns3:cad>78</ns3:cad>
          </ns3:TrackPointExtension>
        </extensions>
      </trkpt>
      <trkpt lat="49.0566025860607624053955078125" lon="15.01941335387527942657470703125">
        <ele>575.4000244140625</ele>
        <time>2026-04-05T08:41:09.000Z</time>
        <extensions>
          <ns3:TrackPointExtension>
            <ns3:hr>153</ns3:hr>
            <ns3:cad>79</ns3:cad>
          </ns3:TrackPointExtension>
        </extensions>
      </trkpt>
      <trkpt lat="49.05663116835057735443115234375" lon="15.01941670663654804229736328125">
        <ele>575.4000244140625</ele>
        <time>2026-04-05T08:41:10.000Z</time>
        <extensions>
          <ns3:TrackPointExtension>
            <ns3:hr>153</ns3:hr>
            <ns3:cad>79</ns3:cad>
          </ns3:TrackPointExtension>
        </extensions>
      </trkpt>
      <trkpt lat="49.056657738983631134033203125" lon="15.01943212933838367462158203125">
        <ele>575.5999755859375</ele>
        <time>2026-04-05T08:41:11.000Z</time>
        <extensions>
          <ns3:TrackPointExtension>
            <ns3:hr>153</ns3:hr>
            <ns3:cad>78</ns3:cad>
          </ns3:TrackPointExtension>
        </extensions>
      </trkpt>
      <trkpt lat="49.056677520275115966796875" lon="15.01945006661117076873779296875">
        <ele>575.5999755859375</ele>
        <time>2026-04-05T08:41:12.000Z</time>
        <extensions>
          <ns3:TrackPointExtension>
            <ns3:hr>154</ns3:hr>
            <ns3:cad>78</ns3:cad>
          </ns3:TrackPointExtension>
        </extensions>
      </trkpt>
      <trkpt lat="49.0566974692046642303466796875" lon="15.019458197057247161865234375">
        <ele>575.5999755859375</ele>
        <time>2026-04-05T08:41:13.000Z</time>
        <extensions>
          <ns3:TrackPointExtension>
            <ns3:hr>154</ns3:hr>
            <ns3:cad>78</ns3:cad>
          </ns3:TrackPointExtension>
        </extensions>
      </trkpt>
      <trkpt lat="49.0567306615412235260009765625" lon="15.01947152428328990936279296875">
        <ele>575.5999755859375</ele>
        <time>2026-04-05T08:41:14.000Z</time>
        <extensions>
          <ns3:TrackPointExtension>
            <ns3:hr>154</ns3:hr>
            <ns3:cad>78</ns3:cad>
          </ns3:TrackPointExtension>
        </extensions>
      </trkpt>
      <trkpt lat="49.05676242895424365997314453125" lon="15.0194694288074970245361328125">
        <ele>575.5999755859375</ele>
        <time>2026-04-05T08:41:15.000Z</time>
        <extensions>
          <ns3:TrackPointExtension>
            <ns3:hr>154</ns3:hr>
            <ns3:cad>78</ns3:cad>
          </ns3:TrackPointExtension>
        </extensions>
      </trkpt>
      <trkpt lat="49.05679813586175441741943359375" lon="15.01947705633938312530517578125">
        <ele>575.5999755859375</ele>
        <time>2026-04-05T08:41:16.000Z</time>
        <extensions>
          <ns3:TrackPointExtension>
            <ns3:hr>154</ns3:hr>
            <ns3:cad>78</ns3:cad>
          </ns3:TrackPointExtension>
        </extensions>
      </trkpt>
      <trkpt lat="49.0568265505135059356689453125" lon="15.0195019505918025970458984375">
        <ele>575.5999755859375</ele>
        <time>2026-04-05T08:41:17.000Z</time>
        <extensions>
          <ns3:TrackPointExtension>
            <ns3:hr>154</ns3:hr>
            <ns3:cad>78</ns3:cad>
          </ns3:TrackPointExtension>
        </extensions>
      </trkpt>
      <trkpt lat="49.05684716999530792236328125" lon="15.01952868886291980743408203125">
        <ele>575.79998779296875</ele>
        <time>2026-04-05T08:41:18.000Z</time>
        <extensions>
          <ns3:TrackPointExtension>
            <ns3:hr>153</ns3:hr>
            <ns3:cad>78</ns3:cad>
          </ns3:TrackPointExtension>
        </extensions>
      </trkpt>
      <trkpt lat="49.05687105841934680938720703125" lon="15.01954277046024799346923828125">
        <ele>575.79998779296875</ele>
        <time>2026-04-05T08:41:19.000Z</time>
        <extensions>
          <ns3:TrackPointExtension>
            <ns3:hr>153</ns3:hr>
            <ns3:cad>79</ns3:cad>
          </ns3:TrackPointExtension>
        </extensions>
      </trkpt>
      <trkpt lat="49.0569046698510646820068359375" lon="15.0195810757577419281005859375">
        <ele>576</ele>
        <time>2026-04-05T08:41:20.000Z</time>
        <extensions>
          <ns3:TrackPointExtension>
            <ns3:hr>153</ns3:hr>
            <ns3:cad>79</ns3:cad>
          </ns3:TrackPointExtension>
        </extensions>
      </trkpt>
      <trkpt lat="49.05692151747643947601318359375" lon="15.019621141254901885986328125">
        <ele>576.20001220703125</ele>
        <time>2026-04-05T08:41:21.000Z</time>
        <extensions>
          <ns3:TrackPointExtension>
            <ns3:hr>153</ns3:hr>
            <ns3:cad>79</ns3:cad>
          </ns3:TrackPointExtension>
        </extensions>
      </trkpt>
      <trkpt lat="49.05693224631249904632568359375" lon="15.01965777017176151275634765625">
        <ele>576.4000244140625</ele>
        <time>2026-04-05T08:41:22.000Z</time>
        <extensions>
          <ns3:TrackPointExtension>
            <ns3:hr>154</ns3:hr>
            <ns3:cad>79</ns3:cad>
          </ns3:TrackPointExtension>
        </extensions>
      </trkpt>
      <trkpt lat="49.0569495968520641326904296875" lon="15.01969699747860431671142578125">
        <ele>576.4000244140625</ele>
        <time>2026-04-05T08:41:23.000Z</time>
        <extensions>
          <ns3:TrackPointExtension>
            <ns3:hr>154</ns3:hr>
            <ns3:cad>79</ns3:cad>
          </ns3:TrackPointExtension>
        </extensions>
      </trkpt>
      <trkpt lat="49.05696460045874118804931640625" lon="15.01972985453903675079345703125">
        <ele>576.5999755859375</ele>
        <time>2026-04-05T08:41:24.000Z</time>
        <extensions>
          <ns3:TrackPointExtension>
            <ns3:hr>155</ns3:hr>
            <ns3:cad>79</ns3:cad>
          </ns3:TrackPointExtension>
        </extensions>
      </trkpt>
      <trkpt lat="49.056976921856403350830078125" lon="15.0197631306946277618408203125">
        <ele>576.79998779296875</ele>
        <time>2026-04-05T08:41:25.000Z</time>
        <extensions>
          <ns3:TrackPointExtension>
            <ns3:hr>156</ns3:hr>
            <ns3:cad>79</ns3:cad>
          </ns3:TrackPointExtension>
        </extensions>
      </trkpt>
      <trkpt lat="49.05699603259563446044921875" lon="15.0197924673557281494140625">
        <ele>576.79998779296875</ele>
        <time>2026-04-05T08:41:26.000Z</time>
        <extensions>
          <ns3:TrackPointExtension>
            <ns3:hr>157</ns3:hr>
            <ns3:cad>79</ns3:cad>
          </ns3:TrackPointExtension>
        </extensions>
      </trkpt>
      <trkpt lat="49.057035259902477264404296875" lon="15.01981602050364017486572265625">
        <ele>576.5999755859375</ele>
        <time>2026-04-05T08:41:27.000Z</time>
        <extensions>
          <ns3:TrackPointExtension>
            <ns3:hr>158</ns3:hr>
            <ns3:cad>77</ns3:cad>
          </ns3:TrackPointExtension>
        </extensions>
      </trkpt>
      <trkpt lat="49.05706635676324367523193359375" lon="15.01984007656574249267578125">
        <ele>576.4000244140625</ele>
        <time>2026-04-05T08:41:28.000Z</time>
        <extensions>
          <ns3:TrackPointExtension>
            <ns3:hr>158</ns3:hr>
            <ns3:cad>77</ns3:cad>
          </ns3:TrackPointExtension>
        </extensions>
      </trkpt>
      <trkpt lat="49.05709770508110523223876953125" lon="15.01986027695238590240478515625">
        <ele>576.20001220703125</ele>
        <time>2026-04-05T08:41:29.000Z</time>
        <extensions>
          <ns3:TrackPointExtension>
            <ns3:hr>159</ns3:hr>
            <ns3:cad>75</ns3:cad>
          </ns3:TrackPointExtension>
        </extensions>
      </trkpt>
      <trkpt lat="49.0571299754083156585693359375" lon="15.01988106407225131988525390625">
        <ele>575.79998779296875</ele>
        <time>2026-04-05T08:41:30.000Z</time>
        <extensions>
          <ns3:TrackPointExtension>
            <ns3:hr>159</ns3:hr>
            <ns3:cad>74</ns3:cad>
          </ns3:TrackPointExtension>
        </extensions>
      </trkpt>
      <trkpt lat="49.0571614913642406463623046875" lon="15.0199190340936183929443359375">
        <ele>575.4000244140625</ele>
        <time>2026-04-05T08:41:31.000Z</time>
        <extensions>
          <ns3:TrackPointExtension>
            <ns3:hr>160</ns3:hr>
            <ns3:cad>74</ns3:cad>
          </ns3:TrackPointExtension>
        </extensions>
      </trkpt>
      <trkpt lat="49.05718890018761157989501953125" lon="15.01995541155338287353515625">
        <ele>575</ele>
        <time>2026-04-05T08:41:32.000Z</time>
        <extensions>
          <ns3:TrackPointExtension>
            <ns3:hr>160</ns3:hr>
            <ns3:cad>74</ns3:cad>
          </ns3:TrackPointExtension>
        </extensions>
      </trkpt>
      <trkpt lat="49.05721304006874561309814453125" lon="15.01999019645154476165771484375">
        <ele>574.4000244140625</ele>
        <time>2026-04-05T08:41:33.000Z</time>
        <extensions>
          <ns3:TrackPointExtension>
            <ns3:hr>160</ns3:hr>
            <ns3:cad>74</ns3:cad>
          </ns3:TrackPointExtension>
        </extensions>
      </trkpt>
      <trkpt lat="49.057236425578594207763671875" lon="15.02003361470997333526611328125">
        <ele>574</ele>
        <time>2026-04-05T08:41:34.000Z</time>
        <extensions>
          <ns3:TrackPointExtension>
            <ns3:hr>160</ns3:hr>
            <ns3:cad>76</ns3:cad>
          </ns3:TrackPointExtension>
        </extensions>
      </trkpt>
      <trkpt lat="49.0572590567171573638916015625" lon="15.02007502131164073944091796875">
        <ele>573.4000244140625</ele>
        <time>2026-04-05T08:41:35.000Z</time>
        <extensions>
          <ns3:TrackPointExtension>
            <ns3:hr>161</ns3:hr>
            <ns3:cad>76</ns3:cad>
          </ns3:TrackPointExtension>
        </extensions>
      </trkpt>
      <trkpt lat="49.05728613026440143585205078125" lon="15.02010502852499485015869140625">
        <ele>573</ele>
        <time>2026-04-05T08:41:36.000Z</time>
        <extensions>
          <ns3:TrackPointExtension>
            <ns3:hr>161</ns3:hr>
            <ns3:cad>78</ns3:cad>
          </ns3:TrackPointExtension>
        </extensions>
      </trkpt>
      <trkpt lat="49.05731060542166233062744140625" lon="15.02012841403484344482421875">
        <ele>572.5999755859375</ele>
        <time>2026-04-05T08:41:37.000Z</time>
        <extensions>
          <ns3:TrackPointExtension>
            <ns3:hr>161</ns3:hr>
            <ns3:cad>78</ns3:cad>
          </ns3:TrackPointExtension>
        </extensions>
      </trkpt>
      <trkpt lat="49.057345055043697357177734375" lon="15.0201329402625560760498046875">
        <ele>572.20001220703125</ele>
        <time>2026-04-05T08:41:38.000Z</time>
        <extensions>
          <ns3:TrackPointExtension>
            <ns3:hr>161</ns3:hr>
            <ns3:cad>79</ns3:cad>
          </ns3:TrackPointExtension>
        </extensions>
      </trkpt>
      <trkpt lat="49.05737900175154209136962890625" lon="15.02013788558542728424072265625">
        <ele>571.79998779296875</ele>
        <time>2026-04-05T08:41:39.000Z</time>
        <extensions>
          <ns3:TrackPointExtension>
            <ns3:hr>161</ns3:hr>
            <ns3:cad>79</ns3:cad>
          </ns3:TrackPointExtension>
        </extensions>
      </trkpt>
      <trkpt lat="49.0573995374143123626708984375" lon="15.02015531994402408599853515625">
        <ele>571.4000244140625</ele>
        <time>2026-04-05T08:41:40.000Z</time>
        <extensions>
          <ns3:TrackPointExtension>
            <ns3:hr>161</ns3:hr>
            <ns3:cad>79</ns3:cad>
          </ns3:TrackPointExtension>
        </extensions>
      </trkpt>
      <trkpt lat="49.0574176423251628875732421875" lon="15.02018046565353870391845703125">
        <ele>571</ele>
        <time>2026-04-05T08:41:41.000Z</time>
        <extensions>
          <ns3:TrackPointExtension>
            <ns3:hr>162</ns3:hr>
            <ns3:cad>79</ns3:cad>
          </ns3:TrackPointExtension>
        </extensions>
      </trkpt>
      <trkpt lat="49.0574337355792522430419921875" lon="15.02021265216171741485595703125">
        <ele>570.5999755859375</ele>
        <time>2026-04-05T08:41:42.000Z</time>
        <extensions>
          <ns3:TrackPointExtension>
            <ns3:hr>162</ns3:hr>
            <ns3:cad>76</ns3:cad>
          </ns3:TrackPointExtension>
        </extensions>
      </trkpt>
      <trkpt lat="49.057450331747531890869140625" lon="15.02023679204285144805908203125">
        <ele>570.20001220703125</ele>
        <time>2026-04-05T08:41:43.000Z</time>
        <extensions>
          <ns3:TrackPointExtension>
            <ns3:hr>161</ns3:hr>
            <ns3:cad>76</ns3:cad>
          </ns3:TrackPointExtension>
        </extensions>
      </trkpt>
      <trkpt lat="49.0574649162590503692626953125" lon="15.02026294358074665069580078125">
        <ele>570</ele>
        <time>2026-04-05T08:41:44.000Z</time>
        <extensions>
          <ns3:TrackPointExtension>
            <ns3:hr>161</ns3:hr>
            <ns3:cad>75</ns3:cad>
          </ns3:TrackPointExtension>
        </extensions>
      </trkpt>
      <trkpt lat="49.057481847703456878662109375" lon="15.020282976329326629638671875">
        <ele>569.79998779296875</ele>
        <time>2026-04-05T08:41:45.000Z</time>
        <extensions>
          <ns3:TrackPointExtension>
            <ns3:hr>161</ns3:hr>
            <ns3:cad>75</ns3:cad>
          </ns3:TrackPointExtension>
        </extensions>
      </trkpt>
      <trkpt lat="49.0575074963271617889404296875" lon="15.02032010816037654876708984375">
        <ele>569.4000244140625</ele>
        <time>2026-04-05T08:41:46.000Z</time>
        <extensions>
          <ns3:TrackPointExtension>
            <ns3:hr>161</ns3:hr>
            <ns3:cad>75</ns3:cad>
          </ns3:TrackPointExtension>
        </extensions>
      </trkpt>
      <trkpt lat="49.057532139122486114501953125" lon="15.02033896744251251220703125">
        <ele>569.20001220703125</ele>
        <time>2026-04-05T08:41:47.000Z</time>
        <extensions>
          <ns3:TrackPointExtension>
            <ns3:hr>161</ns3:hr>
            <ns3:cad>75</ns3:cad>
          </ns3:TrackPointExtension>
        </extensions>
      </trkpt>
      <trkpt lat="49.05756172724068164825439453125" lon="15.02034693025052547454833984375">
        <ele>569</ele>
        <time>2026-04-05T08:41:48.000Z</time>
        <extensions>
          <ns3:TrackPointExtension>
            <ns3:hr>161</ns3:hr>
            <ns3:cad>76</ns3:cad>
          </ns3:TrackPointExtension>
        </extensions>
      </trkpt>
      <trkpt lat="49.057593829929828643798828125" lon="15.02034299075603485107421875">
        <ele>568.5999755859375</ele>
        <time>2026-04-05T08:41:49.000Z</time>
        <extensions>
          <ns3:TrackPointExtension>
            <ns3:hr>161</ns3:hr>
            <ns3:cad>76</ns3:cad>
          </ns3:TrackPointExtension>
        </extensions>
      </trkpt>
      <trkpt lat="49.0576224960386753082275390625" lon="15.0203448347747325897216796875">
        <ele>568.4000244140625</ele>
        <time>2026-04-05T08:41:50.000Z</time>
        <extensions>
          <ns3:TrackPointExtension>
            <ns3:hr>160</ns3:hr>
            <ns3:cad>76</ns3:cad>
          </ns3:TrackPointExtension>
        </extensions>
      </trkpt>
      <trkpt lat="49.05765593983232975006103515625" lon="15.020343996584415435791015625">
        <ele>568</ele>
        <time>2026-04-05T08:41:51.000Z</time>
        <extensions>
          <ns3:TrackPointExtension>
            <ns3:hr>160</ns3:hr>
            <ns3:cad>76</ns3:cad>
          </ns3:TrackPointExtension>
        </extensions>
      </trkpt>
      <trkpt lat="49.05768401920795440673828125" lon="15.02033486030995845794677734375">
        <ele>567.79998779296875</ele>
        <time>2026-04-05T08:41:52.000Z</time>
        <extensions>
          <ns3:TrackPointExtension>
            <ns3:hr>160</ns3:hr>
            <ns3:cad>77</ns3:cad>
          </ns3:TrackPointExtension>
        </extensions>
      </trkpt>
      <trkpt lat="49.05771478079259395599365234375" lon="15.0203247182071208953857421875">
        <ele>567.5999755859375</ele>
        <time>2026-04-05T08:41:53.000Z</time>
        <extensions>
          <ns3:TrackPointExtension>
            <ns3:hr>160</ns3:hr>
            <ns3:cad>77</ns3:cad>
          </ns3:TrackPointExtension>
        </extensions>
      </trkpt>
      <trkpt lat="49.0577502362430095672607421875" lon="15.0203233771026134490966796875">
        <ele>567.20001220703125</ele>
        <time>2026-04-05T08:41:54.000Z</time>
        <extensions>
          <ns3:TrackPointExtension>
            <ns3:hr>160</ns3:hr>
            <ns3:cad>77</ns3:cad>
          </ns3:TrackPointExtension>
        </extensions>
      </trkpt>
      <trkpt lat="49.05777479521930217742919921875" lon="15.020352043211460113525390625">
        <ele>566.79998779296875</ele>
        <time>2026-04-05T08:41:55.000Z</time>
        <extensions>
          <ns3:TrackPointExtension>
            <ns3:hr>160</ns3:hr>
            <ns3:cad>77</ns3:cad>
          </ns3:TrackPointExtension>
        </extensions>
      </trkpt>
      <trkpt lat="49.05778862535953521728515625" lon="15.0203843973577022552490234375">
        <ele>566.5999755859375</ele>
        <time>2026-04-05T08:41:56.000Z</time>
        <extensions>
          <ns3:TrackPointExtension>
            <ns3:hr>160</ns3:hr>
            <ns3:cad>77</ns3:cad>
          </ns3:TrackPointExtension>
        </extensions>
      </trkpt>
      <trkpt lat="49.05780245549976825714111328125" lon="15.0204219482839107513427734375">
        <ele>566.4000244140625</ele>
        <time>2026-04-05T08:41:57.000Z</time>
        <extensions>
          <ns3:TrackPointExtension>
            <ns3:hr>159</ns3:hr>
            <ns3:cad>77</ns3:cad>
          </ns3:TrackPointExtension>
        </extensions>
      </trkpt>
      <trkpt lat="49.05781754292547702789306640625" lon="15.02046980895102024078369140625">
        <ele>566.4000244140625</ele>
        <time>2026-04-05T08:41:58.000Z</time>
        <extensions>
          <ns3:TrackPointExtension>
            <ns3:hr>159</ns3:hr>
            <ns3:cad>77</ns3:cad>
          </ns3:TrackPointExtension>
        </extensions>
      </trkpt>
      <trkpt lat="49.05782525427639484405517578125" lon="15.02050937153398990631103515625">
        <ele>566.4000244140625</ele>
        <time>2026-04-05T08:41:59.000Z</time>
        <extensions>
          <ns3:TrackPointExtension>
            <ns3:hr>159</ns3:hr>
            <ns3:cad>77</ns3:cad>
          </ns3:TrackPointExtension>
        </extensions>
      </trkpt>
      <trkpt lat="49.0578427724540233612060546875" lon="15.02054658718407154083251953125">
        <ele>566.4000244140625</ele>
        <time>2026-04-05T08:42:00.000Z</time>
        <extensions>
          <ns3:TrackPointExtension>
            <ns3:hr>159</ns3:hr>
            <ns3:cad>77</ns3:cad>
          </ns3:TrackPointExtension>
        </extensions>
      </trkpt>
      <trkpt lat="49.05786498449742794036865234375" lon="15.020592100918292999267578125">
        <ele>566.20001220703125</ele>
        <time>2026-04-05T08:42:01.000Z</time>
        <extensions>
          <ns3:TrackPointExtension>
            <ns3:hr>159</ns3:hr>
            <ns3:cad>77</ns3:cad>
          </ns3:TrackPointExtension>
        </extensions>
      </trkpt>
      <trkpt lat="49.05787889845669269561767578125" lon="15.02064264379441738128662109375">
        <ele>566.20001220703125</ele>
        <time>2026-04-05T08:42:02.000Z</time>
        <extensions>
          <ns3:TrackPointExtension>
            <ns3:hr>159</ns3:hr>
            <ns3:cad>75</ns3:cad>
          </ns3:TrackPointExtension>
        </extensions>
      </trkpt>
      <trkpt lat="49.0578980930149555206298828125" lon="15.0206784345209598541259765625">
        <ele>566.20001220703125</ele>
        <time>2026-04-05T08:42:03.000Z</time>
        <extensions>
          <ns3:TrackPointExtension>
            <ns3:hr>158</ns3:hr>
            <ns3:cad>75</ns3:cad>
          </ns3:TrackPointExtension>
        </extensions>
      </trkpt>
      <trkpt lat="49.05791603028774261474609375" lon="15.02069695852696895599365234375">
        <ele>566.20001220703125</ele>
        <time>2026-04-05T08:42:04.000Z</time>
        <extensions>
          <ns3:TrackPointExtension>
            <ns3:hr>158</ns3:hr>
            <ns3:cad>77</ns3:cad>
          </ns3:TrackPointExtension>
        </extensions>
      </trkpt>
      <trkpt lat="49.05793723650276660919189453125" lon="15.02071741037070751190185546875">
        <ele>566</ele>
        <time>2026-04-05T08:42:05.000Z</time>
        <extensions>
          <ns3:TrackPointExtension>
            <ns3:hr>158</ns3:hr>
            <ns3:cad>77</ns3:cad>
          </ns3:TrackPointExtension>
        </extensions>
      </trkpt>
      <trkpt lat="49.057940505445003509521484375" lon="15.02075563184916973114013671875">
        <ele>566</ele>
        <time>2026-04-05T08:42:06.000Z</time>
        <extensions>
          <ns3:TrackPointExtension>
            <ns3:hr>158</ns3:hr>
            <ns3:cad>77</ns3:cad>
          </ns3:TrackPointExtension>
        </extensions>
      </trkpt>
      <trkpt lat="49.05794084072113037109375" lon="15.02079033292829990386962890625">
        <ele>566</ele>
        <time>2026-04-05T08:42:07.000Z</time>
        <extensions>
          <ns3:TrackPointExtension>
            <ns3:hr>158</ns3:hr>
            <ns3:cad>77</ns3:cad>
          </ns3:TrackPointExtension>
        </extensions>
      </trkpt>
      <trkpt lat="49.05794779770076274871826171875" lon="15.0208246149122714996337890625">
        <ele>566</ele>
        <time>2026-04-05T08:42:08.000Z</time>
        <extensions>
          <ns3:TrackPointExtension>
            <ns3:hr>157</ns3:hr>
            <ns3:cad>77</ns3:cad>
          </ns3:TrackPointExtension>
        </extensions>
      </trkpt>
      <trkpt lat="49.0579591132700443267822265625" lon="15.02085956744849681854248046875">
        <ele>566</ele>
        <time>2026-04-05T08:42:09.000Z</time>
        <extensions>
          <ns3:TrackPointExtension>
            <ns3:hr>157</ns3:hr>
            <ns3:cad>72</ns3:cad>
          </ns3:TrackPointExtension>
        </extensions>
      </trkpt>
      <trkpt lat="49.05796565115451812744140625" lon="15.0208814442157745361328125">
        <ele>566</ele>
        <time>2026-04-05T08:42:10.000Z</time>
        <extensions>
          <ns3:TrackPointExtension>
            <ns3:hr>157</ns3:hr>
            <ns3:cad>72</ns3:cad>
          </ns3:TrackPointExtension>
        </extensions>
      </trkpt>
      <trkpt lat="49.05797612853348255157470703125" lon="15.0208869762718677520751953125">
        <ele>566</ele>
        <time>2026-04-05T08:42:11.000Z</time>
        <extensions>
          <ns3:TrackPointExtension>
            <ns3:hr>157</ns3:hr>
            <ns3:cad>72</ns3:cad>
          </ns3:TrackPointExtension>
        </extensions>
      </trkpt>
      <trkpt lat="49.05799121595919132232666015625" lon="15.0208894908428192138671875">
        <ele>565.79998779296875</ele>
        <time>2026-04-05T08:42:12.000Z</time>
        <extensions>
          <ns3:TrackPointExtension>
            <ns3:hr>156</ns3:hr>
            <ns3:cad>72</ns3:cad>
          </ns3:TrackPointExtension>
        </extensions>
      </trkpt>
      <trkpt lat="49.05801803804934024810791015625" lon="15.0208953581750392913818359375">
        <ele>565.79998779296875</ele>
        <time>2026-04-05T08:42:13.000Z</time>
        <extensions>
          <ns3:TrackPointExtension>
            <ns3:hr>156</ns3:hr>
            <ns3:cad>0</ns3:cad>
          </ns3:TrackPointExtension>
        </extensions>
      </trkpt>
      <trkpt lat="49.05804100446403026580810546875" lon="15.02091991715133190155029296875">
        <ele>565.79998779296875</ele>
        <time>2026-04-05T08:42:14.000Z</time>
        <extensions>
          <ns3:TrackPointExtension>
            <ns3:hr>155</ns3:hr>
            <ns3:cad>0</ns3:cad>
          </ns3:TrackPointExtension>
        </extensions>
      </trkpt>
      <trkpt lat="49.0580553375184535980224609375" lon="15.0209573842585086822509765625">
        <ele>565.79998779296875</ele>
        <time>2026-04-05T08:42:15.000Z</time>
        <extensions>
          <ns3:TrackPointExtension>
            <ns3:hr>154</ns3:hr>
            <ns3:cad>77</ns3:cad>
          </ns3:TrackPointExtension>
        </extensions>
      </trkpt>
      <trkpt lat="49.05805927701294422149658203125" lon="15.021001137793064117431640625">
        <ele>565.79998779296875</ele>
        <time>2026-04-05T08:42:16.000Z</time>
        <extensions>
          <ns3:TrackPointExtension>
            <ns3:hr>154</ns3:hr>
            <ns3:cad>77</ns3:cad>
          </ns3:TrackPointExtension>
        </extensions>
      </trkpt>
      <trkpt lat="49.05804871581494808197021484375" lon="15.0210546143352985382080078125">
        <ele>565.79998779296875</ele>
        <time>2026-04-05T08:42:17.000Z</time>
        <extensions>
          <ns3:TrackPointExtension>
            <ns3:hr>153</ns3:hr>
            <ns3:cad>77</ns3:cad>
          </ns3:TrackPointExtension>
        </extensions>
      </trkpt>
      <trkpt lat="49.0580238215625286102294921875" lon="15.02109476365149021148681640625">
        <ele>565.79998779296875</ele>
        <time>2026-04-05T08:42:18.000Z</time>
        <extensions>
          <ns3:TrackPointExtension>
            <ns3:hr>152</ns3:hr>
            <ns3:cad>77</ns3:cad>
          </ns3:TrackPointExtension>
        </extensions>
      </trkpt>
      <trkpt lat="49.05800546519458293914794921875" lon="15.0211266987025737762451171875">
        <ele>565.79998779296875</ele>
        <time>2026-04-05T08:42:19.000Z</time>
        <extensions>
          <ns3:TrackPointExtension>
            <ns3:hr>151</ns3:hr>
            <ns3:cad>73</ns3:cad>
          </ns3:TrackPointExtension>
        </extensions>
      </trkpt>
      <trkpt lat="49.0579886175692081451416015625" lon="15.02115176059305667877197265625">
        <ele>565.79998779296875</ele>
        <time>2026-04-05T08:42:20.000Z</time>
        <extensions>
          <ns3:TrackPointExtension>
            <ns3:hr>152</ns3:hr>
            <ns3:cad>73</ns3:cad>
          </ns3:TrackPointExtension>
        </extensions>
      </trkpt>
      <trkpt lat="49.0579661540687084197998046875" lon="15.02118864096701145172119140625">
        <ele>566</ele>
        <time>2026-04-05T08:42:21.000Z</time>
        <extensions>
          <ns3:TrackPointExtension>
            <ns3:hr>152</ns3:hr>
            <ns3:cad>76</ns3:cad>
          </ns3:TrackPointExtension>
        </extensions>
      </trkpt>
      <trkpt lat="49.0579475462436676025390625" lon="15.02122099511325359344482421875">
        <ele>566</ele>
        <time>2026-04-05T08:42:22.000Z</time>
        <extensions>
          <ns3:TrackPointExtension>
            <ns3:hr>153</ns3:hr>
            <ns3:cad>76</ns3:cad>
          </ns3:TrackPointExtension>
        </extensions>
      </trkpt>
      <trkpt lat="49.05792407691478729248046875" lon="15.02126307226717472076416015625">
        <ele>566</ele>
        <time>2026-04-05T08:42:23.000Z</time>
        <extensions>
          <ns3:TrackPointExtension>
            <ns3:hr>153</ns3:hr>
            <ns3:cad>76</ns3:cad>
          </ns3:TrackPointExtension>
        </extensions>
      </trkpt>
      <trkpt lat="49.057903289794921875" lon="15.0212983600795269012451171875">
        <ele>566.20001220703125</ele>
        <time>2026-04-05T08:42:24.000Z</time>
        <extensions>
          <ns3:TrackPointExtension>
            <ns3:hr>153</ns3:hr>
            <ns3:cad>76</ns3:cad>
          </ns3:TrackPointExtension>
        </extensions>
      </trkpt>
      <trkpt lat="49.05788292177021503448486328125" lon="15.02132828347384929656982421875">
        <ele>566.4000244140625</ele>
        <time>2026-04-05T08:42:25.000Z</time>
        <extensions>
          <ns3:TrackPointExtension>
            <ns3:hr>153</ns3:hr>
            <ns3:cad>77</ns3:cad>
          </ns3:TrackPointExtension>
        </extensions>
      </trkpt>
      <trkpt lat="49.05786783434450626373291015625" lon="15.02135284245014190673828125">
        <ele>566.4000244140625</ele>
        <time>2026-04-05T08:42:26.000Z</time>
        <extensions>
          <ns3:TrackPointExtension>
            <ns3:hr>153</ns3:hr>
            <ns3:cad>77</ns3:cad>
          </ns3:TrackPointExtension>
        </extensions>
      </trkpt>
      <trkpt lat="49.05784369446337223052978515625" lon="15.021373294293880462646484375">
        <ele>566.5999755859375</ele>
        <time>2026-04-05T08:42:27.000Z</time>
        <extensions>
          <ns3:TrackPointExtension>
            <ns3:hr>154</ns3:hr>
            <ns3:cad>77</ns3:cad>
          </ns3:TrackPointExtension>
        </extensions>
      </trkpt>
      <trkpt lat="49.05782123096287250518798828125" lon="15.02139768563210964202880859375">
        <ele>566.79998779296875</ele>
        <time>2026-04-05T08:42:28.000Z</time>
        <extensions>
          <ns3:TrackPointExtension>
            <ns3:hr>154</ns3:hr>
            <ns3:cad>77</ns3:cad>
          </ns3:TrackPointExtension>
        </extensions>
      </trkpt>
      <trkpt lat="49.0578025393187999725341796875" lon="15.02141763456165790557861328125">
        <ele>566.79998779296875</ele>
        <time>2026-04-05T08:42:29.000Z</time>
        <extensions>
          <ns3:TrackPointExtension>
            <ns3:hr>154</ns3:hr>
            <ns3:cad>77</ns3:cad>
          </ns3:TrackPointExtension>
        </extensions>
      </trkpt>
      <trkpt lat="49.05778334476053714752197265625" lon="15.02143993042409420013427734375">
        <ele>567</ele>
        <time>2026-04-05T08:42:30.000Z</time>
        <extensions>
          <ns3:TrackPointExtension>
            <ns3:hr>155</ns3:hr>
            <ns3:cad>77</ns3:cad>
          </ns3:TrackPointExtension>
        </extensions>
      </trkpt>
      <trkpt lat="49.05776490457355976104736328125" lon="15.0214666686952114105224609375">
        <ele>567.4000244140625</ele>
        <time>2026-04-05T08:42:31.000Z</time>
        <extensions>
          <ns3:TrackPointExtension>
            <ns3:hr>155</ns3:hr>
            <ns3:cad>76</ns3:cad>
          </ns3:TrackPointExtension>
        </extensions>
      </trkpt>
      <trkpt lat="49.0577624738216400146484375" lon="15.02151100896298885345458984375">
        <ele>567.5999755859375</ele>
        <time>2026-04-05T08:42:32.000Z</time>
        <extensions>
          <ns3:TrackPointExtension>
            <ns3:hr>155</ns3:hr>
            <ns3:cad>76</ns3:cad>
          </ns3:TrackPointExtension>
        </extensions>
      </trkpt>
      <trkpt lat="49.05775970779359340667724609375" lon="15.0215508230030536651611328125">
        <ele>567.5999755859375</ele>
        <time>2026-04-05T08:42:33.000Z</time>
        <extensions>
          <ns3:TrackPointExtension>
            <ns3:hr>155</ns3:hr>
            <ns3:cad>79</ns3:cad>
          </ns3:TrackPointExtension>
        </extensions>
      </trkpt>
      <trkpt lat="49.05775853432714939117431640625" lon="15.021597258746623992919921875">
        <ele>567.79998779296875</ele>
        <time>2026-04-05T08:42:34.000Z</time>
        <extensions>
          <ns3:TrackPointExtension>
            <ns3:hr>156</ns3:hr>
            <ns3:cad>79</ns3:cad>
          </ns3:TrackPointExtension>
        </extensions>
      </trkpt>
      <trkpt lat="49.0577515773475170135498046875" lon="15.02163304947316646575927734375">
        <ele>567.79998779296875</ele>
        <time>2026-04-05T08:42:35.000Z</time>
        <extensions>
          <ns3:TrackPointExtension>
            <ns3:hr>156</ns3:hr>
            <ns3:cad>79</ns3:cad>
          </ns3:TrackPointExtension>
        </extensions>
      </trkpt>
      <trkpt lat="49.0577438659965991973876953125" lon="15.02166909165680408477783203125">
        <ele>567.79998779296875</ele>
        <time>2026-04-05T08:42:36.000Z</time>
        <extensions>
          <ns3:TrackPointExtension>
            <ns3:hr>157</ns3:hr>
            <ns3:cad>79</ns3:cad>
          </ns3:TrackPointExtension>
        </extensions>
      </trkpt>
      <trkpt lat="49.05773489736020565032958984375" lon="15.021700523793697357177734375">
        <ele>567.79998779296875</ele>
        <time>2026-04-05T08:42:37.000Z</time>
        <extensions>
          <ns3:TrackPointExtension>
            <ns3:hr>157</ns3:hr>
            <ns3:cad>77</ns3:cad>
          </ns3:TrackPointExtension>
        </extensions>
      </trkpt>
      <trkpt lat="49.05772182159125804901123046875" lon="15.021737404167652130126953125">
        <ele>568</ele>
        <time>2026-04-05T08:42:38.000Z</time>
        <extensions>
          <ns3:TrackPointExtension>
            <ns3:hr>158</ns3:hr>
            <ns3:cad>77</ns3:cad>
          </ns3:TrackPointExtension>
        </extensions>
      </trkpt>
      <trkpt lat="49.05770388431847095489501953125" lon="15.021765567362308502197265625">
        <ele>568</ele>
        <time>2026-04-05T08:42:39.000Z</time>
        <extensions>
          <ns3:TrackPointExtension>
            <ns3:hr>158</ns3:hr>
            <ns3:cad>76</ns3:cad>
          </ns3:TrackPointExtension>
        </extensions>
      </trkpt>
      <trkpt lat="49.057689048349857330322265625" lon="15.02178660593926906585693359375">
        <ele>568.20001220703125</ele>
        <time>2026-04-05T08:42:40.000Z</time>
        <extensions>
          <ns3:TrackPointExtension>
            <ns3:hr>159</ns3:hr>
            <ns3:cad>76</ns3:cad>
          </ns3:TrackPointExtension>
        </extensions>
      </trkpt>
      <trkpt lat="49.0576778165996074676513671875" lon="15.02181024290621280670166015625">
        <ele>568.4000244140625</ele>
        <time>2026-04-05T08:42:41.000Z</time>
        <extensions>
          <ns3:TrackPointExtension>
            <ns3:hr>159</ns3:hr>
            <ns3:cad>75</ns3:cad>
          </ns3:TrackPointExtension>
        </extensions>
      </trkpt>
      <trkpt lat="49.0576712787151336669921875" lon="15.02184745855629444122314453125">
        <ele>568.4000244140625</ele>
        <time>2026-04-05T08:42:42.000Z</time>
        <extensions>
          <ns3:TrackPointExtension>
            <ns3:hr>160</ns3:hr>
            <ns3:cad>75</ns3:cad>
          </ns3:TrackPointExtension>
        </extensions>
      </trkpt>
      <trkpt lat="49.057664908468723297119140625" lon="15.02190059982240200042724609375">
        <ele>568.5999755859375</ele>
        <time>2026-04-05T08:42:43.000Z</time>
        <extensions>
          <ns3:TrackPointExtension>
            <ns3:hr>160</ns3:hr>
            <ns3:cad>74</ns3:cad>
          </ns3:TrackPointExtension>
        </extensions>
      </trkpt>
      <trkpt lat="49.0576513297855854034423828125" lon="15.02193178050220012664794921875">
        <ele>568.5999755859375</ele>
        <time>2026-04-05T08:42:44.000Z</time>
        <extensions>
          <ns3:TrackPointExtension>
            <ns3:hr>161</ns3:hr>
            <ns3:cad>74</ns3:cad>
          </ns3:TrackPointExtension>
        </extensions>
      </trkpt>
      <trkpt lat="49.05764873139560222625732421875" lon="15.02196094952523708343505859375">
        <ele>568.79998779296875</ele>
        <time>2026-04-05T08:42:45.000Z</time>
        <extensions>
          <ns3:TrackPointExtension>
            <ns3:hr>161</ns3:hr>
            <ns3:cad>74</ns3:cad>
          </ns3:TrackPointExtension>
        </extensions>
      </trkpt>
      <trkpt lat="49.05764001421630382537841796875" lon="15.0219907052814960479736328125">
        <ele>568.79998779296875</ele>
        <time>2026-04-05T08:42:46.000Z</time>
        <extensions>
          <ns3:TrackPointExtension>
            <ns3:hr>162</ns3:hr>
            <ns3:cad>74</ns3:cad>
          </ns3:TrackPointExtension>
        </extensions>
      </trkpt>
      <trkpt lat="49.057628698647022247314453125" lon="15.022013671696186065673828125">
        <ele>568.79998779296875</ele>
        <time>2026-04-05T08:42:47.000Z</time>
        <extensions>
          <ns3:TrackPointExtension>
            <ns3:hr>162</ns3:hr>
            <ns3:cad>74</ns3:cad>
          </ns3:TrackPointExtension>
        </extensions>
      </trkpt>
      <trkpt lat="49.0576204843819141387939453125" lon="15.02202339470386505126953125">
        <ele>568.79998779296875</ele>
        <time>2026-04-05T08:42:48.000Z</time>
        <extensions>
          <ns3:TrackPointExtension>
            <ns3:hr>162</ns3:hr>
            <ns3:cad>74</ns3:cad>
          </ns3:TrackPointExtension>
        </extensions>
      </trkpt>
      <trkpt lat="49.05761570669710636138916015625" lon="15.02202297560870647430419921875">
        <ele>568.79998779296875</ele>
        <time>2026-04-05T08:42:49.000Z</time>
        <extensions>
          <ns3:TrackPointExtension>
            <ns3:hr>163</ns3:hr>
            <ns3:cad>74</ns3:cad>
          </ns3:TrackPointExtension>
        </extensions>
      </trkpt>
      <trkpt lat="49.05762174166738986968994140625" lon="15.02200788818299770355224609375">
        <ele>569</ele>
        <time>2026-04-05T08:42:50.000Z</time>
        <extensions>
          <ns3:TrackPointExtension>
            <ns3:hr>163</ns3:hr>
            <ns3:cad>0</ns3:cad>
          </ns3:TrackPointExtension>
        </extensions>
      </trkpt>
      <trkpt lat="49.057630039751529693603515625" lon="15.02198718488216400146484375">
        <ele>569</ele>
        <time>2026-04-05T08:42:51.000Z</time>
        <extensions>
          <ns3:TrackPointExtension>
            <ns3:hr>163</ns3:hr>
            <ns3:cad>0</ns3:cad>
          </ns3:TrackPointExtension>
        </extensions>
      </trkpt>
      <trkpt lat="49.05763900838792324066162109375" lon="15.0219662301242351531982421875">
        <ele>569</ele>
        <time>2026-04-05T08:42:52.000Z</time>
        <extensions>
          <ns3:TrackPointExtension>
            <ns3:hr>163</ns3:hr>
            <ns3:cad>0</ns3:cad>
          </ns3:TrackPointExtension>
        </extensions>
      </trkpt>
      <trkpt lat="49.05764454044401645660400390625" lon="15.021951310336589813232421875">
        <ele>569</ele>
        <time>2026-04-05T08:42:53.000Z</time>
        <extensions>
          <ns3:TrackPointExtension>
            <ns3:hr>163</ns3:hr>
            <ns3:cad>0</ns3:cad>
          </ns3:TrackPointExtension>
        </extensions>
      </trkpt>
      <trkpt lat="49.0576463006436824798583984375" lon="15.02195558510720729827880859375">
        <ele>568.79998779296875</ele>
        <time>2026-04-05T08:42:54.000Z</time>
        <extensions>
          <ns3:TrackPointExtension>
            <ns3:hr>164</ns3:hr>
            <ns3:cad>49</ns3:cad>
          </ns3:TrackPointExtension>
        </extensions>
      </trkpt>
      <trkpt lat="49.057648144662380218505859375" lon="15.02196279354393482208251953125">
        <ele>568.79998779296875</ele>
        <time>2026-04-05T08:42:55.000Z</time>
        <extensions>
          <ns3:TrackPointExtension>
            <ns3:hr>162</ns3:hr>
            <ns3:cad>49</ns3:cad>
          </ns3:TrackPointExtension>
        </extensions>
      </trkpt>
      <trkpt lat="49.0576459653675556182861328125" lon="15.02197234891355037689208984375">
        <ele>568.79998779296875</ele>
        <time>2026-04-05T08:42:56.000Z</time>
        <extensions>
          <ns3:TrackPointExtension>
            <ns3:hr>161</ns3:hr>
            <ns3:cad>0</ns3:cad>
          </ns3:TrackPointExtension>
        </extensions>
      </trkpt>
      <trkpt lat="49.0576471388339996337890625" lon="15.021992884576320648193359375">
        <ele>568.79998779296875</ele>
        <time>2026-04-05T08:42:57.000Z</time>
        <extensions>
          <ns3:TrackPointExtension>
            <ns3:hr>159</ns3:hr>
            <ns3:cad>0</ns3:cad>
          </ns3:TrackPointExtension>
        </extensions>
      </trkpt>
      <trkpt lat="49.0576486475765705108642578125" lon="15.0220091454684734344482421875">
        <ele>568.79998779296875</ele>
        <time>2026-04-05T08:42:58.000Z</time>
        <extensions>
          <ns3:TrackPointExtension>
            <ns3:hr>158</ns3:hr>
            <ns3:cad>50</ns3:cad>
          </ns3:TrackPointExtension>
        </extensions>
      </trkpt>
      <trkpt lat="49.05764705501496791839599609375" lon="15.0220289267599582672119140625">
        <ele>568.79998779296875</ele>
        <time>2026-04-05T08:42:59.000Z</time>
        <extensions>
          <ns3:TrackPointExtension>
            <ns3:hr>157</ns3:hr>
            <ns3:cad>50</ns3:cad>
          </ns3:TrackPointExtension>
        </extensions>
      </trkpt>
      <trkpt lat="49.05764512717723846435546875" lon="15.02205432392656803131103515625">
        <ele>568.5999755859375</ele>
        <time>2026-04-05T08:43:00.000Z</time>
        <extensions>
          <ns3:TrackPointExtension>
            <ns3:hr>157</ns3:hr>
            <ns3:cad>50</ns3:cad>
          </ns3:TrackPointExtension>
        </extensions>
      </trkpt>
      <trkpt lat="49.0576406009495258331298828125" lon="15.0220765359699726104736328125">
        <ele>568.5999755859375</ele>
        <time>2026-04-05T08:43:01.000Z</time>
        <extensions>
          <ns3:TrackPointExtension>
            <ns3:hr>156</ns3:hr>
            <ns3:cad>50</ns3:cad>
          </ns3:TrackPointExtension>
        </extensions>
      </trkpt>
      <trkpt lat="49.05763833783566951751708984375" lon="15.02208776772022247314453125">
        <ele>568.5999755859375</ele>
        <time>2026-04-05T08:43:02.000Z</time>
        <extensions>
          <ns3:TrackPointExtension>
            <ns3:hr>155</ns3:hr>
            <ns3:cad>48</ns3:cad>
          </ns3:TrackPointExtension>
        </extensions>
      </trkpt>
      <trkpt lat="49.0576382540166378021240234375" lon="15.0220916233956813812255859375">
        <ele>568.5999755859375</ele>
        <time>2026-04-05T08:43:03.000Z</time>
        <extensions>
          <ns3:TrackPointExtension>
            <ns3:hr>155</ns3:hr>
            <ns3:cad>48</ns3:cad>
          </ns3:TrackPointExtension>
        </extensions>
      </trkpt>
      <trkpt lat="49.05762777663767337799072265625" lon="15.0220973230898380279541015625">
        <ele>568.5999755859375</ele>
        <time>2026-04-05T08:43:04.000Z</time>
        <extensions>
          <ns3:TrackPointExtension>
            <ns3:hr>154</ns3:hr>
            <ns3:cad>48</ns3:cad>
          </ns3:TrackPointExtension>
        </extensions>
      </trkpt>
      <trkpt lat="49.0576147846877574920654296875" lon="15.0221098959445953369140625">
        <ele>568.5999755859375</ele>
        <time>2026-04-05T08:43:05.000Z</time>
        <extensions>
          <ns3:TrackPointExtension>
            <ns3:hr>154</ns3:hr>
            <ns3:cad>48</ns3:cad>
          </ns3:TrackPointExtension>
        </extensions>
      </trkpt>
      <trkpt lat="49.05757362954318523406982421875" lon="15.02212204970419406890869140625">
        <ele>568.5999755859375</ele>
        <time>2026-04-05T08:43:06.000Z</time>
        <extensions>
          <ns3:TrackPointExtension>
            <ns3:hr>153</ns3:hr>
            <ns3:cad>48</ns3:cad>
          </ns3:TrackPointExtension>
        </extensions>
      </trkpt>
      <trkpt lat="49.05754161067306995391845703125" lon="15.0221295095980167388916015625">
        <ele>568.79998779296875</ele>
        <time>2026-04-05T08:43:07.000Z</time>
        <extensions>
          <ns3:TrackPointExtension>
            <ns3:hr>153</ns3:hr>
            <ns3:cad>48</ns3:cad>
          </ns3:TrackPointExtension>
        </extensions>
      </trkpt>
      <trkpt lat="49.05751931481063365936279296875" lon="15.022122301161289215087890625">
        <ele>569.20001220703125</ele>
        <time>2026-04-05T08:43:08.000Z</time>
        <extensions>
          <ns3:TrackPointExtension>
            <ns3:hr>152</ns3:hr>
            <ns3:cad>77</ns3:cad>
          </ns3:TrackPointExtension>
        </extensions>
      </trkpt>
      <trkpt lat="49.05750338919460773468017578125" lon="15.0221053697168827056884765625">
        <ele>569.4000244140625</ele>
        <time>2026-04-05T08:43:09.000Z</time>
        <extensions>
          <ns3:TrackPointExtension>
            <ns3:hr>151</ns3:hr>
            <ns3:cad>77</ns3:cad>
          </ns3:TrackPointExtension>
        </extensions>
      </trkpt>
      <trkpt lat="49.05750070698559284210205078125" lon="15.0220966525375843048095703125">
        <ele>569.79998779296875</ele>
        <time>2026-04-05T08:43:10.000Z</time>
        <extensions>
          <ns3:TrackPointExtension>
            <ns3:hr>152</ns3:hr>
            <ns3:cad>77</ns3:cad>
          </ns3:TrackPointExtension>
        </extensions>
      </trkpt>
      <trkpt lat="49.0575103461742401123046875" lon="15.02210662700235843658447265625">
        <ele>570</ele>
        <time>2026-04-05T08:43:11.000Z</time>
        <extensions>
          <ns3:TrackPointExtension>
            <ns3:hr>152</ns3:hr>
            <ns3:cad>77</ns3:cad>
          </ns3:TrackPointExtension>
        </extensions>
      </trkpt>
      <trkpt lat="49.05752233229577541351318359375" lon="15.02211886458098888397216796875">
        <ele>570.20001220703125</ele>
        <time>2026-04-05T08:43:12.000Z</time>
        <extensions>
          <ns3:TrackPointExtension>
            <ns3:hr>152</ns3:hr>
            <ns3:cad>77</ns3:cad>
          </ns3:TrackPointExtension>
        </extensions>
      </trkpt>
      <trkpt lat="49.05753037892282009124755859375" lon="15.022124312818050384521484375">
        <ele>570</ele>
        <time>2026-04-05T08:43:13.000Z</time>
        <extensions>
          <ns3:TrackPointExtension>
            <ns3:hr>151</ns3:hr>
            <ns3:cad>77</ns3:cad>
          </ns3:TrackPointExtension>
        </extensions>
      </trkpt>
      <trkpt lat="49.0575463883578777313232421875" lon="15.02210746519267559051513671875">
        <ele>570</ele>
        <time>2026-04-05T08:43:14.000Z</time>
        <extensions>
          <ns3:TrackPointExtension>
            <ns3:hr>151</ns3:hr>
            <ns3:cad>71</ns3:cad>
          </ns3:TrackPointExtension>
        </extensions>
      </trkpt>
      <trkpt lat="49.057568013668060302734375" lon="15.02209254540503025054931640625">
        <ele>569.79998779296875</ele>
        <time>2026-04-05T08:43:15.000Z</time>
        <extensions>
          <ns3:TrackPointExtension>
            <ns3:hr>151</ns3:hr>
            <ns3:cad>71</ns3:cad>
          </ns3:TrackPointExtension>
        </extensions>
      </trkpt>
      <trkpt lat="49.0575854480266571044921875" lon="15.0220805592834949493408203125">
        <ele>569.4000244140625</ele>
        <time>2026-04-05T08:43:16.000Z</time>
        <extensions>
          <ns3:TrackPointExtension>
            <ns3:hr>150</ns3:hr>
            <ns3:cad>71</ns3:cad>
          </ns3:TrackPointExtension>
        </extensions>
      </trkpt>
      <trkpt lat="49.05760430730879306793212890625" lon="15.02206941135227680206298828125">
        <ele>569.20001220703125</ele>
        <time>2026-04-05T08:43:17.000Z</time>
        <extensions>
          <ns3:TrackPointExtension>
            <ns3:hr>150</ns3:hr>
            <ns3:cad>71</ns3:cad>
          </ns3:TrackPointExtension>
        </extensions>
      </trkpt>
      <trkpt lat="49.057623334228992462158203125" lon="15.022084414958953857421875">
        <ele>569</ele>
        <time>2026-04-05T08:43:18.000Z</time>
        <extensions>
          <ns3:TrackPointExtension>
            <ns3:hr>150</ns3:hr>
            <ns3:cad>69</ns3:cad>
          </ns3:TrackPointExtension>
        </extensions>
      </trkpt>
      <trkpt lat="49.05763615854084491729736328125" lon="15.02211065031588077545166015625">
        <ele>568.79998779296875</ele>
        <time>2026-04-05T08:43:19.000Z</time>
        <extensions>
          <ns3:TrackPointExtension>
            <ns3:hr>150</ns3:hr>
            <ns3:cad>69</ns3:cad>
          </ns3:TrackPointExtension>
        </extensions>
      </trkpt>
      <trkpt lat="49.05765325762331485748291015625" lon="15.02213604748249053955078125">
        <ele>568.5999755859375</ele>
        <time>2026-04-05T08:43:20.000Z</time>
        <extensions>
          <ns3:TrackPointExtension>
            <ns3:hr>150</ns3:hr>
            <ns3:cad>72</ns3:cad>
          </ns3:TrackPointExtension>
        </extensions>
      </trkpt>
      <trkpt lat="49.057672955095767974853515625" lon="15.0221516378223896026611328125">
        <ele>568.4000244140625</ele>
        <time>2026-04-05T08:43:21.000Z</time>
        <extensions>
          <ns3:TrackPointExtension>
            <ns3:hr>150</ns3:hr>
            <ns3:cad>72</ns3:cad>
          </ns3:TrackPointExtension>
        </extensions>
      </trkpt>
      <trkpt lat="49.05769801698625087738037109375" lon="15.022144429385662078857421875">
        <ele>568.20001220703125</ele>
        <time>2026-04-05T08:43:22.000Z</time>
        <extensions>
          <ns3:TrackPointExtension>
            <ns3:hr>150</ns3:hr>
            <ns3:cad>72</ns3:cad>
          </ns3:TrackPointExtension>
        </extensions>
      </trkpt>
      <trkpt lat="49.05772618018090724945068359375" lon="15.0221340358257293701171875">
        <ele>568</ele>
        <time>2026-04-05T08:43:23.000Z</time>
        <extensions>
          <ns3:TrackPointExtension>
            <ns3:hr>151</ns3:hr>
            <ns3:cad>72</ns3:cad>
          </ns3:TrackPointExtension>
        </extensions>
      </trkpt>
      <trkpt lat="49.057758115231990814208984375" lon="15.02214149571955204010009765625">
        <ele>567.79998779296875</ele>
        <time>2026-04-05T08:43:24.000Z</time>
        <extensions>
          <ns3:TrackPointExtension>
            <ns3:hr>150</ns3:hr>
            <ns3:cad>76</ns3:cad>
          </ns3:TrackPointExtension>
        </extensions>
      </trkpt>
      <trkpt lat="49.05777077190577983856201171875" lon="15.0221576727926731109619140625">
        <ele>567.5999755859375</ele>
        <time>2026-04-05T08:43:25.000Z</time>
        <extensions>
          <ns3:TrackPointExtension>
            <ns3:hr>150</ns3:hr>
            <ns3:cad>76</ns3:cad>
          </ns3:TrackPointExtension>
        </extensions>
      </trkpt>
      <trkpt lat="49.0577827580273151397705078125" lon="15.02219564281404018402099609375">
        <ele>567.4000244140625</ele>
        <time>2026-04-05T08:43:26.000Z</time>
        <extensions>
          <ns3:TrackPointExtension>
            <ns3:hr>150</ns3:hr>
            <ns3:cad>76</ns3:cad>
          </ns3:TrackPointExtension>
        </extensions>
      </trkpt>
      <trkpt lat="49.05779943801462650299072265625" lon="15.02222229726612567901611328125">
        <ele>567</ele>
        <time>2026-04-05T08:43:27.000Z</time>
        <extensions>
          <ns3:TrackPointExtension>
            <ns3:hr>150</ns3:hr>
            <ns3:cad>76</ns3:cad>
          </ns3:TrackPointExtension>
        </extensions>
      </trkpt>
      <trkpt lat="49.05782206915318965911865234375" lon="15.02224140800535678863525390625">
        <ele>566.79998779296875</ele>
        <time>2026-04-05T08:43:28.000Z</time>
        <extensions>
          <ns3:TrackPointExtension>
            <ns3:hr>151</ns3:hr>
            <ns3:cad>74</ns3:cad>
          </ns3:TrackPointExtension>
        </extensions>
      </trkpt>
      <trkpt lat="49.0578531660139560699462890625" lon="15.02225942909717559814453125">
        <ele>566.5999755859375</ele>
        <time>2026-04-05T08:43:29.000Z</time>
        <extensions>
          <ns3:TrackPointExtension>
            <ns3:hr>152</ns3:hr>
            <ns3:cad>73</ns3:cad>
          </ns3:TrackPointExtension>
        </extensions>
      </trkpt>
      <trkpt lat="49.05788443051278591156005859375" lon="15.0222689844667911529541015625">
        <ele>566.4000244140625</ele>
        <time>2026-04-05T08:43:30.000Z</time>
        <extensions>
          <ns3:TrackPointExtension>
            <ns3:hr>154</ns3:hr>
            <ns3:cad>73</ns3:cad>
          </ns3:TrackPointExtension>
        </extensions>
      </trkpt>
      <trkpt lat="49.05791225843131542205810546875" lon="15.02226035110652446746826171875">
        <ele>566.20001220703125</ele>
        <time>2026-04-05T08:43:31.000Z</time>
        <extensions>
          <ns3:TrackPointExtension>
            <ns3:hr>155</ns3:hr>
            <ns3:cad>73</ns3:cad>
          </ns3:TrackPointExtension>
        </extensions>
      </trkpt>
      <trkpt lat="49.05794176273047924041748046875" lon="15.02222548238933086395263671875">
        <ele>566</ele>
        <time>2026-04-05T08:43:32.000Z</time>
        <extensions>
          <ns3:TrackPointExtension>
            <ns3:hr>155</ns3:hr>
            <ns3:cad>75</ns3:cad>
          </ns3:TrackPointExtension>
        </extensions>
      </trkpt>
      <trkpt lat="49.05796238221228122711181640625" lon="15.02217720262706279754638671875">
        <ele>565.79998779296875</ele>
        <time>2026-04-05T08:43:33.000Z</time>
        <extensions>
          <ns3:TrackPointExtension>
            <ns3:hr>155</ns3:hr>
            <ns3:cad>76</ns3:cad>
          </ns3:TrackPointExtension>
        </extensions>
      </trkpt>
      <trkpt lat="49.0579824149608612060546875" lon="15.0221191160380840301513671875">
        <ele>565.5999755859375</ele>
        <time>2026-04-05T08:43:34.000Z</time>
        <extensions>
          <ns3:TrackPointExtension>
            <ns3:hr>155</ns3:hr>
            <ns3:cad>76</ns3:cad>
          </ns3:TrackPointExtension>
        </extensions>
      </trkpt>
      <trkpt lat="49.0579849295318126678466796875" lon="15.0221140868961811065673828125">
        <ele>565.4000244140625</ele>
        <time>2026-04-05T08:43:35.000Z</time>
        <extensions>
          <ns3:TrackPointExtension>
            <ns3:hr>155</ns3:hr>
            <ns3:cad>77</ns3:cad>
          </ns3:TrackPointExtension>
        </extensions>
      </trkpt>
      <trkpt lat="49.05798132531344890594482421875" lon="15.02213093452155590057373046875">
        <ele>565.4000244140625</ele>
        <time>2026-04-05T08:43:36.000Z</time>
        <extensions>
          <ns3:TrackPointExtension>
            <ns3:hr>155</ns3:hr>
            <ns3:cad>77</ns3:cad>
          </ns3:TrackPointExtension>
        </extensions>
      </trkpt>
      <trkpt lat="49.05797814019024372100830078125" lon="15.0221623666584491729736328125">
        <ele>565.4000244140625</ele>
        <time>2026-04-05T08:43:37.000Z</time>
        <extensions>
          <ns3:TrackPointExtension>
            <ns3:hr>155</ns3:hr>
            <ns3:cad>79</ns3:cad>
          </ns3:TrackPointExtension>
        </extensions>
      </trkpt>
      <trkpt lat="49.0579661540687084197998046875" lon="15.02220536582171916961669921875">
        <ele>565.4000244140625</ele>
        <time>2026-04-05T08:43:38.000Z</time>
        <extensions>
          <ns3:TrackPointExtension>
            <ns3:hr>155</ns3:hr>
            <ns3:cad>79</ns3:cad>
          </ns3:TrackPointExtension>
        </extensions>
      </trkpt>
      <trkpt lat="49.05794930644333362579345703125" lon="15.02224895171821117401123046875">
        <ele>565.4000244140625</ele>
        <time>2026-04-05T08:43:39.000Z</time>
        <extensions>
          <ns3:TrackPointExtension>
            <ns3:hr>154</ns3:hr>
            <ns3:cad>82</ns3:cad>
          </ns3:TrackPointExtension>
        </extensions>
      </trkpt>
      <trkpt lat="49.05792449600994586944580078125" lon="15.0223015062510967254638671875">
        <ele>565.5999755859375</ele>
        <time>2026-04-05T08:43:40.000Z</time>
        <extensions>
          <ns3:TrackPointExtension>
            <ns3:hr>154</ns3:hr>
            <ns3:cad>82</ns3:cad>
          </ns3:TrackPointExtension>
        </extensions>
      </trkpt>
      <trkpt lat="49.05790664255619049072265625" lon="15.0223486125469207763671875">
        <ele>565.5999755859375</ele>
        <time>2026-04-05T08:43:41.000Z</time>
        <extensions>
          <ns3:TrackPointExtension>
            <ns3:hr>154</ns3:hr>
            <ns3:cad>82</ns3:cad>
          </ns3:TrackPointExtension>
        </extensions>
      </trkpt>
      <trkpt lat="49.05788828618824481964111328125" lon="15.02239647321403026580810546875">
        <ele>565.5999755859375</ele>
        <time>2026-04-05T08:43:42.000Z</time>
        <extensions>
          <ns3:TrackPointExtension>
            <ns3:hr>154</ns3:hr>
            <ns3:cad>82</ns3:cad>
          </ns3:TrackPointExtension>
        </extensions>
      </trkpt>
      <trkpt lat="49.05786749906837940216064453125" lon="15.02244575880467891693115234375">
        <ele>565.79998779296875</ele>
        <time>2026-04-05T08:43:43.000Z</time>
        <extensions>
          <ns3:TrackPointExtension>
            <ns3:hr>155</ns3:hr>
            <ns3:cad>83</ns3:cad>
          </ns3:TrackPointExtension>
        </extensions>
      </trkpt>
      <trkpt lat="49.05785492621362209320068359375" lon="15.02249546349048614501953125">
        <ele>565.79998779296875</ele>
        <time>2026-04-05T08:43:44.000Z</time>
        <extensions>
          <ns3:TrackPointExtension>
            <ns3:hr>156</ns3:hr>
            <ns3:cad>83</ns3:cad>
          </ns3:TrackPointExtension>
        </extensions>
      </trkpt>
      <trkpt lat="49.057839922606945037841796875" lon="15.02254885621368885040283203125">
        <ele>565.79998779296875</ele>
        <time>2026-04-05T08:43:45.000Z</time>
        <extensions>
          <ns3:TrackPointExtension>
            <ns3:hr>156</ns3:hr>
            <ns3:cad>83</ns3:cad>
          </ns3:TrackPointExtension>
        </extensions>
      </trkpt>
      <trkpt lat="49.05782609246671199798583984375" lon="15.02259680069983005523681640625">
        <ele>565.79998779296875</ele>
        <time>2026-04-05T08:43:46.000Z</time>
        <extensions>
          <ns3:TrackPointExtension>
            <ns3:hr>157</ns3:hr>
            <ns3:cad>83</ns3:cad>
          </ns3:TrackPointExtension>
        </extensions>
      </trkpt>
      <trkpt lat="49.057815782725811004638671875" lon="15.0226391293108463287353515625">
        <ele>565.79998779296875</ele>
        <time>2026-04-05T08:43:47.000Z</time>
        <extensions>
          <ns3:TrackPointExtension>
            <ns3:hr>157</ns3:hr>
            <ns3:cad>83</ns3:cad>
          </ns3:TrackPointExtension>
        </extensions>
      </trkpt>
      <trkpt lat="49.05780212022364139556884765625" lon="15.02267810516059398651123046875">
        <ele>566</ele>
        <time>2026-04-05T08:43:48.000Z</time>
        <extensions>
          <ns3:TrackPointExtension>
            <ns3:hr>157</ns3:hr>
            <ns3:cad>83</ns3:cad>
          </ns3:TrackPointExtension>
        </extensions>
      </trkpt>
      <trkpt lat="49.05778937973082065582275390625" lon="15.0227199308574199676513671875">
        <ele>566</ele>
        <time>2026-04-05T08:43:49.000Z</time>
        <extensions>
          <ns3:TrackPointExtension>
            <ns3:hr>157</ns3:hr>
            <ns3:cad>82</ns3:cad>
          </ns3:TrackPointExtension>
        </extensions>
      </trkpt>
      <trkpt lat="49.05778133310377597808837890625" lon="15.02276577986776828765869140625">
        <ele>566</ele>
        <time>2026-04-05T08:43:50.000Z</time>
        <extensions>
          <ns3:TrackPointExtension>
            <ns3:hr>156</ns3:hr>
            <ns3:cad>82</ns3:cad>
          </ns3:TrackPointExtension>
        </extensions>
      </trkpt>
      <trkpt lat="49.05777948908507823944091796875" lon="15.02282177098095417022705078125">
        <ele>566</ele>
        <time>2026-04-05T08:43:51.000Z</time>
        <extensions>
          <ns3:TrackPointExtension>
            <ns3:hr>154</ns3:hr>
            <ns3:cad>81</ns3:cad>
          </ns3:TrackPointExtension>
        </extensions>
      </trkpt>
      <trkpt lat="49.057779572904109954833984375" lon="15.022870637476444244384765625">
        <ele>566</ele>
        <time>2026-04-05T08:43:52.000Z</time>
        <extensions>
          <ns3:TrackPointExtension>
            <ns3:hr>154</ns3:hr>
            <ns3:cad>81</ns3:cad>
          </ns3:TrackPointExtension>
        </extensions>
      </trkpt>
      <trkpt lat="49.0577981807291507720947265625" lon="15.022918246686458587646484375">
        <ele>566</ele>
        <time>2026-04-05T08:43:53.000Z</time>
        <extensions>
          <ns3:TrackPointExtension>
            <ns3:hr>154</ns3:hr>
            <ns3:cad>81</ns3:cad>
          </ns3:TrackPointExtension>
        </extensions>
      </trkpt>
      <trkpt lat="49.05782441608607769012451171875" lon="15.02295940183103084564208984375">
        <ele>565.79998779296875</ele>
        <time>2026-04-05T08:43:54.000Z</time>
        <extensions>
          <ns3:TrackPointExtension>
            <ns3:hr>154</ns3:hr>
            <ns3:cad>81</ns3:cad>
          </ns3:TrackPointExtension>
        </extensions>
      </trkpt>
      <trkpt lat="49.05785073526203632354736328125" lon="15.02299158833920955657958984375">
        <ele>565.5999755859375</ele>
        <time>2026-04-05T08:43:55.000Z</time>
        <extensions>
          <ns3:TrackPointExtension>
            <ns3:hr>154</ns3:hr>
            <ns3:cad>82</ns3:cad>
          </ns3:TrackPointExtension>
        </extensions>
      </trkpt>
      <trkpt lat="49.05787386931478977203369140625" lon="15.02301556058228015899658203125">
        <ele>565.4000244140625</ele>
        <time>2026-04-05T08:43:56.000Z</time>
        <extensions>
          <ns3:TrackPointExtension>
            <ns3:hr>155</ns3:hr>
            <ns3:cad>82</ns3:cad>
          </ns3:TrackPointExtension>
        </extensions>
      </trkpt>
      <trkpt lat="49.05790437944233417510986328125" lon="15.02304305322468280792236328125">
        <ele>565</ele>
        <time>2026-04-05T08:43:57.000Z</time>
        <extensions>
          <ns3:TrackPointExtension>
            <ns3:hr>156</ns3:hr>
            <ns3:cad>79</ns3:cad>
          </ns3:TrackPointExtension>
        </extensions>
      </trkpt>
      <trkpt lat="49.05794025398790836334228515625" lon="15.02307456918060779571533203125">
        <ele>564.79998779296875</ele>
        <time>2026-04-05T08:43:58.000Z</time>
        <extensions>
          <ns3:TrackPointExtension>
            <ns3:hr>156</ns3:hr>
            <ns3:cad>79</ns3:cad>
          </ns3:TrackPointExtension>
        </extensions>
      </trkpt>
      <trkpt lat="49.0579690039157867431640625" lon="15.0230930931866168975830078125">
        <ele>564.5999755859375</ele>
        <time>2026-04-05T08:43:59.000Z</time>
        <extensions>
          <ns3:TrackPointExtension>
            <ns3:hr>156</ns3:hr>
            <ns3:cad>78</ns3:cad>
          </ns3:TrackPointExtension>
        </extensions>
      </trkpt>
      <trkpt lat="49.0580117516219615936279296875" lon="15.02312821336090564727783203125">
        <ele>564.4000244140625</ele>
        <time>2026-04-05T08:44:00.000Z</time>
        <extensions>
          <ns3:TrackPointExtension>
            <ns3:hr>156</ns3:hr>
            <ns3:cad>78</ns3:cad>
          </ns3:TrackPointExtension>
        </extensions>
      </trkpt>
      <trkpt lat="49.058039076626300811767578125" lon="15.02316509373486042022705078125">
        <ele>564.20001220703125</ele>
        <time>2026-04-05T08:44:01.000Z</time>
        <extensions>
          <ns3:TrackPointExtension>
            <ns3:hr>157</ns3:hr>
            <ns3:cad>79</ns3:cad>
          </ns3:TrackPointExtension>
        </extensions>
      </trkpt>
      <trkpt lat="49.058065898716449737548828125" lon="15.0231896527111530303955078125">
        <ele>564.20001220703125</ele>
        <time>2026-04-05T08:44:02.000Z</time>
        <extensions>
          <ns3:TrackPointExtension>
            <ns3:hr>157</ns3:hr>
            <ns3:cad>79</ns3:cad>
          </ns3:TrackPointExtension>
        </extensions>
      </trkpt>
      <trkpt lat="49.05809263698756694793701171875" lon="15.02321563661098480224609375">
        <ele>564</ele>
        <time>2026-04-05T08:44:03.000Z</time>
        <extensions>
          <ns3:TrackPointExtension>
            <ns3:hr>157</ns3:hr>
            <ns3:cad>79</ns3:cad>
          </ns3:TrackPointExtension>
        </extensions>
      </trkpt>
      <trkpt lat="49.05812230892479419708251953125" lon="15.02323030494153499603271484375">
        <ele>563.79998779296875</ele>
        <time>2026-04-05T08:44:04.000Z</time>
        <extensions>
          <ns3:TrackPointExtension>
            <ns3:hr>156</ns3:hr>
            <ns3:cad>79</ns3:cad>
          </ns3:TrackPointExtension>
        </extensions>
      </trkpt>
      <trkpt lat="49.05814879573881626129150390625" lon="15.02323231659829616546630859375">
        <ele>563.5999755859375</ele>
        <time>2026-04-05T08:44:05.000Z</time>
        <extensions>
          <ns3:TrackPointExtension>
            <ns3:hr>156</ns3:hr>
            <ns3:cad>78</ns3:cad>
          </ns3:TrackPointExtension>
        </extensions>
      </trkpt>
      <trkpt lat="49.0581701695919036865234375" lon="15.02322477288544178009033203125">
        <ele>563.4000244140625</ele>
        <time>2026-04-05T08:44:06.000Z</time>
        <extensions>
          <ns3:TrackPointExtension>
            <ns3:hr>156</ns3:hr>
            <ns3:cad>78</ns3:cad>
          </ns3:TrackPointExtension>
        </extensions>
      </trkpt>
      <trkpt lat="49.058202020823955535888671875" lon="15.0232057459652423858642578125">
        <ele>563.4000244140625</ele>
        <time>2026-04-05T08:44:07.000Z</time>
        <extensions>
          <ns3:TrackPointExtension>
            <ns3:hr>156</ns3:hr>
            <ns3:cad>78</ns3:cad>
          </ns3:TrackPointExtension>
        </extensions>
      </trkpt>
      <trkpt lat="49.05822708271443843841552734375" lon="15.0231940113008022308349609375">
        <ele>563.4000244140625</ele>
        <time>2026-04-05T08:44:08.000Z</time>
        <extensions>
          <ns3:TrackPointExtension>
            <ns3:hr>155</ns3:hr>
            <ns3:cad>78</ns3:cad>
          </ns3:TrackPointExtension>
        </extensions>
      </trkpt>
      <trkpt lat="49.0582477860152721405029296875" lon="15.0231819413602352142333984375">
        <ele>563.4000244140625</ele>
        <time>2026-04-05T08:44:09.000Z</time>
        <extensions>
          <ns3:TrackPointExtension>
            <ns3:hr>155</ns3:hr>
            <ns3:cad>78</ns3:cad>
          </ns3:TrackPointExtension>
        </extensions>
      </trkpt>
      <trkpt lat="49.058275781571865081787109375" lon="15.02318051643669605255126953125">
        <ele>563.20001220703125</ele>
        <time>2026-04-05T08:44:10.000Z</time>
        <extensions>
          <ns3:TrackPointExtension>
            <ns3:hr>154</ns3:hr>
            <ns3:cad>78</ns3:cad>
          </ns3:TrackPointExtension>
        </extensions>
      </trkpt>
      <trkpt lat="49.0582960657775402069091796875" lon="15.02320499159395694732666015625">
        <ele>563.20001220703125</ele>
        <time>2026-04-05T08:44:11.000Z</time>
        <extensions>
          <ns3:TrackPointExtension>
            <ns3:hr>154</ns3:hr>
            <ns3:cad>77</ns3:cad>
          </ns3:TrackPointExtension>
        </extensions>
      </trkpt>
      <trkpt lat="49.05832079239189624786376953125" lon="15.023232400417327880859375">
        <ele>563</ele>
        <time>2026-04-05T08:44:12.000Z</time>
        <extensions>
          <ns3:TrackPointExtension>
            <ns3:hr>153</ns3:hr>
            <ns3:cad>77</ns3:cad>
          </ns3:TrackPointExtension>
        </extensions>
      </trkpt>
      <trkpt lat="49.0583460219204425811767578125" lon="15.02325092442333698272705078125">
        <ele>563</ele>
        <time>2026-04-05T08:44:13.000Z</time>
        <extensions>
          <ns3:TrackPointExtension>
            <ns3:hr>153</ns3:hr>
            <ns3:cad>75</ns3:cad>
          </ns3:TrackPointExtension>
        </extensions>
      </trkpt>
      <trkpt lat="49.05836907215416431427001953125" lon="15.02327087335288524627685546875">
        <ele>563</ele>
        <time>2026-04-05T08:44:14.000Z</time>
        <extensions>
          <ns3:TrackPointExtension>
            <ns3:hr>153</ns3:hr>
            <ns3:cad>75</ns3:cad>
          </ns3:TrackPointExtension>
        </extensions>
      </trkpt>
      <trkpt lat="49.05838499777019023895263671875" lon="15.0233056582510471343994140625">
        <ele>563</ele>
        <time>2026-04-05T08:44:15.000Z</time>
        <extensions>
          <ns3:TrackPointExtension>
            <ns3:hr>153</ns3:hr>
            <ns3:cad>74</ns3:cad>
          </ns3:TrackPointExtension>
        </extensions>
      </trkpt>
      <trkpt lat="49.0584147535264492034912109375" lon="15.02335418947041034698486328125">
        <ele>563</ele>
        <time>2026-04-05T08:44:16.000Z</time>
        <extensions>
          <ns3:TrackPointExtension>
            <ns3:hr>153</ns3:hr>
            <ns3:cad>74</ns3:cad>
          </ns3:TrackPointExtension>
        </extensions>
      </trkpt>
      <trkpt lat="49.058426320552825927734375" lon="15.02339894883334636688232421875">
        <ele>563</ele>
        <time>2026-04-05T08:44:17.000Z</time>
        <extensions>
          <ns3:TrackPointExtension>
            <ns3:hr>153</ns3:hr>
            <ns3:cad>74</ns3:cad>
          </ns3:TrackPointExtension>
        </extensions>
      </trkpt>
      <trkpt lat="49.0584303438663482666015625" lon="15.0234297104179859161376953125">
        <ele>563</ele>
        <time>2026-04-05T08:44:18.000Z</time>
        <extensions>
          <ns3:TrackPointExtension>
            <ns3:hr>153</ns3:hr>
            <ns3:cad>74</ns3:cad>
          </ns3:TrackPointExtension>
        </extensions>
      </trkpt>
      <trkpt lat="49.05844199471175670623779296875" lon="15.0234458036720752716064453125">
        <ele>562.79998779296875</ele>
        <time>2026-04-05T08:44:19.000Z</time>
        <extensions>
          <ns3:TrackPointExtension>
            <ns3:hr>152</ns3:hr>
            <ns3:cad>74</ns3:cad>
          </ns3:TrackPointExtension>
        </extensions>
      </trkpt>
      <trkpt lat="49.05844937078654766082763671875" lon="15.02347321249544620513916015625">
        <ele>562.79998779296875</ele>
        <time>2026-04-05T08:44:20.000Z</time>
        <extensions>
          <ns3:TrackPointExtension>
            <ns3:hr>153</ns3:hr>
            <ns3:cad>73</ns3:cad>
          </ns3:TrackPointExtension>
        </extensions>
      </trkpt>
      <trkpt lat="49.058450125157833099365234375" lon="15.023504309356212615966796875">
        <ele>562.79998779296875</ele>
        <time>2026-04-05T08:44:21.000Z</time>
        <extensions>
          <ns3:TrackPointExtension>
            <ns3:hr>153</ns3:hr>
            <ns3:cad>72</ns3:cad>
          </ns3:TrackPointExtension>
        </extensions>
      </trkpt>
      <trkpt lat="49.0584593452513217926025390625" lon="15.0235259346663951873779296875">
        <ele>562.5999755859375</ele>
        <time>2026-04-05T08:44:22.000Z</time>
        <extensions>
          <ns3:TrackPointExtension>
            <ns3:hr>153</ns3:hr>
            <ns3:cad>71</ns3:cad>
          </ns3:TrackPointExtension>
        </extensions>
      </trkpt>
      <trkpt lat="49.05847267247736454010009765625" lon="15.02354311756789684295654296875">
        <ele>562.4000244140625</ele>
        <time>2026-04-05T08:44:23.000Z</time>
        <extensions>
          <ns3:TrackPointExtension>
            <ns3:hr>153</ns3:hr>
            <ns3:cad>71</ns3:cad>
          </ns3:TrackPointExtension>
        </extensions>
      </trkpt>
      <trkpt lat="49.058491028845310211181640625" lon="15.023568682372570037841796875">
        <ele>562.4000244140625</ele>
        <time>2026-04-05T08:44:24.000Z</time>
        <extensions>
          <ns3:TrackPointExtension>
            <ns3:hr>153</ns3:hr>
            <ns3:cad>71</ns3:cad>
          </ns3:TrackPointExtension>
        </extensions>
      </trkpt>
      <trkpt lat="49.05851022340357303619384765625" lon="15.02359005622565746307373046875">
        <ele>562.20001220703125</ele>
        <time>2026-04-05T08:44:25.000Z</time>
        <extensions>
          <ns3:TrackPointExtension>
            <ns3:hr>154</ns3:hr>
            <ns3:cad>71</ns3:cad>
          </ns3:TrackPointExtension>
        </extensions>
      </trkpt>
      <trkpt lat="49.0585264004766941070556640625" lon="15.0236064009368419647216796875">
        <ele>562</ele>
        <time>2026-04-05T08:44:26.000Z</time>
        <extensions>
          <ns3:TrackPointExtension>
            <ns3:hr>154</ns3:hr>
            <ns3:cad>66</ns3:cad>
          </ns3:TrackPointExtension>
        </extensions>
      </trkpt>
      <trkpt lat="49.05855515040457248687744140625" lon="15.023616962134838104248046875">
        <ele>562</ele>
        <time>2026-04-05T08:44:27.000Z</time>
        <extensions>
          <ns3:TrackPointExtension>
            <ns3:hr>154</ns3:hr>
            <ns3:cad>66</ns3:cad>
          </ns3:TrackPointExtension>
        </extensions>
      </trkpt>
      <trkpt lat="49.05857384204864501953125" lon="15.02363297156989574432373046875">
        <ele>561.79998779296875</ele>
        <time>2026-04-05T08:44:28.000Z</time>
        <extensions>
          <ns3:TrackPointExtension>
            <ns3:hr>154</ns3:hr>
            <ns3:cad>66</ns3:cad>
          </ns3:TrackPointExtension>
        </extensions>
      </trkpt>
      <trkpt lat="49.05859303660690784454345703125" lon="15.02361335791647434234619140625">
        <ele>561.79998779296875</ele>
        <time>2026-04-05T08:44:29.000Z</time>
        <extensions>
          <ns3:TrackPointExtension>
            <ns3:hr>155</ns3:hr>
            <ns3:cad>66</ns3:cad>
          </ns3:TrackPointExtension>
        </extensions>
      </trkpt>
      <trkpt lat="49.05860493890941143035888671875" lon="15.02358988858759403228759765625">
        <ele>561.79998779296875</ele>
        <time>2026-04-05T08:44:30.000Z</time>
        <extensions>
          <ns3:TrackPointExtension>
            <ns3:hr>155</ns3:hr>
            <ns3:cad>71</ns3:cad>
          </ns3:TrackPointExtension>
        </extensions>
      </trkpt>
      <trkpt lat="49.058615081012248992919921875" lon="15.02356893382966518402099609375">
        <ele>561.79998779296875</ele>
        <time>2026-04-05T08:44:31.000Z</time>
        <extensions>
          <ns3:TrackPointExtension>
            <ns3:hr>156</ns3:hr>
            <ns3:cad>71</ns3:cad>
          </ns3:TrackPointExtension>
        </extensions>
      </trkpt>
      <trkpt lat="49.05862287618219852447509765625" lon="15.0235314667224884033203125">
        <ele>561.79998779296875</ele>
        <time>2026-04-05T08:44:32.000Z</time>
        <extensions>
          <ns3:TrackPointExtension>
            <ns3:hr>157</ns3:hr>
            <ns3:cad>71</ns3:cad>
          </ns3:TrackPointExtension>
        </extensions>
      </trkpt>
      <trkpt lat="49.05863695777952671051025390625" lon="15.02349919639527797698974609375">
        <ele>561.79998779296875</ele>
        <time>2026-04-05T08:44:33.000Z</time>
        <extensions>
          <ns3:TrackPointExtension>
            <ns3:hr>157</ns3:hr>
            <ns3:cad>71</ns3:cad>
          </ns3:TrackPointExtension>
        </extensions>
      </trkpt>
      <trkpt lat="49.05866109766066074371337890625" lon="15.023476146161556243896484375">
        <ele>561.79998779296875</ele>
        <time>2026-04-05T08:44:34.000Z</time>
        <extensions>
          <ns3:TrackPointExtension>
            <ns3:hr>158</ns3:hr>
            <ns3:cad>72</ns3:cad>
          </ns3:TrackPointExtension>
        </extensions>
      </trkpt>
      <trkpt lat="49.05868020839989185333251953125" lon="15.02346365712583065032958984375">
        <ele>561.5999755859375</ele>
        <time>2026-04-05T08:44:35.000Z</time>
        <extensions>
          <ns3:TrackPointExtension>
            <ns3:hr>159</ns3:hr>
            <ns3:cad>72</ns3:cad>
          </ns3:TrackPointExtension>
        </extensions>
      </trkpt>
      <trkpt lat="49.05870518647134304046630859375" lon="15.0234595499932765960693359375">
        <ele>561.5999755859375</ele>
        <time>2026-04-05T08:44:36.000Z</time>
        <extensions>
          <ns3:TrackPointExtension>
            <ns3:hr>159</ns3:hr>
            <ns3:cad>73</ns3:cad>
          </ns3:TrackPointExtension>
        </extensions>
      </trkpt>
      <trkpt lat="49.058731086552143096923828125" lon="15.02345242537558078765869140625">
        <ele>561.5999755859375</ele>
        <time>2026-04-05T08:44:37.000Z</time>
        <extensions>
          <ns3:TrackPointExtension>
            <ns3:hr>160</ns3:hr>
            <ns3:cad>73</ns3:cad>
          </ns3:TrackPointExtension>
        </extensions>
      </trkpt>
      <trkpt lat="49.05875195749104022979736328125" lon="15.02342694438993930816650390625">
        <ele>561.79998779296875</ele>
        <time>2026-04-05T08:44:38.000Z</time>
        <extensions>
          <ns3:TrackPointExtension>
            <ns3:hr>161</ns3:hr>
            <ns3:cad>75</ns3:cad>
          </ns3:TrackPointExtension>
        </extensions>
      </trkpt>
      <trkpt lat="49.05876268632709980010986328125" lon="15.02339375205338001251220703125">
        <ele>561.79998779296875</ele>
        <time>2026-04-05T08:44:39.000Z</time>
        <extensions>
          <ns3:TrackPointExtension>
            <ns3:hr>161</ns3:hr>
            <ns3:cad>75</ns3:cad>
          </ns3:TrackPointExtension>
        </extensions>
      </trkpt>
      <trkpt lat="49.05876721255481243133544921875" lon="15.02334061078727245330810546875">
        <ele>561.79998779296875</ele>
        <time>2026-04-05T08:44:40.000Z</time>
        <extensions>
          <ns3:TrackPointExtension>
            <ns3:hr>161</ns3:hr>
            <ns3:cad>75</ns3:cad>
          </ns3:TrackPointExtension>
        </extensions>
      </trkpt>
      <trkpt lat="49.05878146179020404815673828125" lon="15.02330146729946136474609375">
        <ele>562</ele>
        <time>2026-04-05T08:44:41.000Z</time>
        <extensions>
          <ns3:TrackPointExtension>
            <ns3:hr>161</ns3:hr>
            <ns3:cad>75</ns3:cad>
          </ns3:TrackPointExtension>
        </extensions>
      </trkpt>
      <trkpt lat="49.0587902627885341644287109375" lon="15.0232774950563907623291015625">
        <ele>562</ele>
        <time>2026-04-05T08:44:42.000Z</time>
        <extensions>
          <ns3:TrackPointExtension>
            <ns3:hr>161</ns3:hr>
            <ns3:cad>75</ns3:cad>
          </ns3:TrackPointExtension>
        </extensions>
      </trkpt>
      <trkpt lat="49.05880141071975231170654296875" lon="15.0232469849288463592529296875">
        <ele>562</ele>
        <time>2026-04-05T08:44:43.000Z</time>
        <extensions>
          <ns3:TrackPointExtension>
            <ns3:hr>161</ns3:hr>
            <ns3:cad>75</ns3:cad>
          </ns3:TrackPointExtension>
        </extensions>
      </trkpt>
      <trkpt lat="49.05881549231708049774169921875" lon="15.02321429550647735595703125">
        <ele>562</ele>
        <time>2026-04-05T08:44:44.000Z</time>
        <extensions>
          <ns3:TrackPointExtension>
            <ns3:hr>162</ns3:hr>
            <ns3:cad>76</ns3:cad>
          </ns3:TrackPointExtension>
        </extensions>
      </trkpt>
      <trkpt lat="49.05883125029504299163818359375" lon="15.02318420447409152984619140625">
        <ele>562</ele>
        <time>2026-04-05T08:44:45.000Z</time>
        <extensions>
          <ns3:TrackPointExtension>
            <ns3:hr>162</ns3:hr>
            <ns3:cad>76</ns3:cad>
          </ns3:TrackPointExtension>
        </extensions>
      </trkpt>
      <trkpt lat="49.058845080435276031494140625" lon="15.023151598870754241943359375">
        <ele>562</ele>
        <time>2026-04-05T08:44:46.000Z</time>
        <extensions>
          <ns3:TrackPointExtension>
            <ns3:hr>161</ns3:hr>
            <ns3:cad>76</ns3:cad>
          </ns3:TrackPointExtension>
        </extensions>
      </trkpt>
      <trkpt lat="49.0588621795177459716796875" lon="15.02312502823770046234130859375">
        <ele>561.79998779296875</ele>
        <time>2026-04-05T08:44:47.000Z</time>
        <extensions>
          <ns3:TrackPointExtension>
            <ns3:hr>161</ns3:hr>
            <ns3:cad>76</ns3:cad>
          </ns3:TrackPointExtension>
        </extensions>
      </trkpt>
      <trkpt lat="49.058875925838947296142578125" lon="15.02310005016624927520751953125">
        <ele>561.79998779296875</ele>
        <time>2026-04-05T08:44:48.000Z</time>
        <extensions>
          <ns3:TrackPointExtension>
            <ns3:hr>161</ns3:hr>
            <ns3:cad>72</ns3:cad>
          </ns3:TrackPointExtension>
        </extensions>
      </trkpt>
      <trkpt lat="49.058898389339447021484375" lon="15.02306870184838771820068359375">
        <ele>561.79998779296875</ele>
        <time>2026-04-05T08:44:49.000Z</time>
        <extensions>
          <ns3:TrackPointExtension>
            <ns3:hr>162</ns3:hr>
            <ns3:cad>72</ns3:cad>
          </ns3:TrackPointExtension>
        </extensions>
      </trkpt>
      <trkpt lat="49.05891473405063152313232421875" lon="15.0230397842824459075927734375">
        <ele>562</ele>
        <time>2026-04-05T08:44:50.000Z</time>
        <extensions>
          <ns3:TrackPointExtension>
            <ns3:hr>161</ns3:hr>
            <ns3:cad>72</ns3:cad>
          </ns3:TrackPointExtension>
        </extensions>
      </trkpt>
      <trkpt lat="49.0589267201721668243408203125" lon="15.0230065919458866119384765625">
        <ele>562</ele>
        <time>2026-04-05T08:44:51.000Z</time>
        <extensions>
          <ns3:TrackPointExtension>
            <ns3:hr>162</ns3:hr>
            <ns3:cad>72</ns3:cad>
          </ns3:TrackPointExtension>
        </extensions>
      </trkpt>
      <trkpt lat="49.05894507654011249542236328125" lon="15.022966861724853515625">
        <ele>562.20001220703125</ele>
        <time>2026-04-05T08:44:52.000Z</time>
        <extensions>
          <ns3:TrackPointExtension>
            <ns3:hr>162</ns3:hr>
            <ns3:cad>76</ns3:cad>
          </ns3:TrackPointExtension>
        </extensions>
      </trkpt>
      <trkpt lat="49.0589528717100620269775390625" lon="15.0229398719966411590576171875">
        <ele>562.4000244140625</ele>
        <time>2026-04-05T08:44:53.000Z</time>
        <extensions>
          <ns3:TrackPointExtension>
            <ns3:hr>162</ns3:hr>
            <ns3:cad>76</ns3:cad>
          </ns3:TrackPointExtension>
        </extensions>
      </trkpt>
      <trkpt lat="49.0589729882776737213134765625" lon="15.02291120588779449462890625">
        <ele>562.4000244140625</ele>
        <time>2026-04-05T08:44:54.000Z</time>
        <extensions>
          <ns3:TrackPointExtension>
            <ns3:hr>162</ns3:hr>
            <ns3:cad>76</ns3:cad>
          </ns3:TrackPointExtension>
        </extensions>
      </trkpt>
      <trkpt lat="49.05898866243660449981689453125" lon="15.0228929333388805389404296875">
        <ele>562.4000244140625</ele>
        <time>2026-04-05T08:44:55.000Z</time>
        <extensions>
          <ns3:TrackPointExtension>
            <ns3:hr>161</ns3:hr>
            <ns3:cad>76</ns3:cad>
          </ns3:TrackPointExtension>
        </extensions>
      </trkpt>
      <trkpt lat="49.059012718498706817626953125" lon="15.0228614173829555511474609375">
        <ele>562.4000244140625</ele>
        <time>2026-04-05T08:44:56.000Z</time>
        <extensions>
          <ns3:TrackPointExtension>
            <ns3:hr>162</ns3:hr>
            <ns3:cad>76</ns3:cad>
          </ns3:TrackPointExtension>
        </extensions>
      </trkpt>
      <trkpt lat="49.05903157778084278106689453125" lon="15.02283970825374126434326171875">
        <ele>562.5999755859375</ele>
        <time>2026-04-05T08:44:57.000Z</time>
        <extensions>
          <ns3:TrackPointExtension>
            <ns3:hr>162</ns3:hr>
            <ns3:cad>76</ns3:cad>
          </ns3:TrackPointExtension>
        </extensions>
      </trkpt>
      <trkpt lat="49.05904934741556644439697265625" lon="15.02281489782035350799560546875">
        <ele>562.5999755859375</ele>
        <time>2026-04-05T08:44:58.000Z</time>
        <extensions>
          <ns3:TrackPointExtension>
            <ns3:hr>162</ns3:hr>
            <ns3:cad>74</ns3:cad>
          </ns3:TrackPointExtension>
        </extensions>
      </trkpt>
      <trkpt lat="49.05905890278518199920654296875" lon="15.02278271131217479705810546875">
        <ele>562.5999755859375</ele>
        <time>2026-04-05T08:44:59.000Z</time>
        <extensions>
          <ns3:TrackPointExtension>
            <ns3:hr>162</ns3:hr>
            <ns3:cad>74</ns3:cad>
          </ns3:TrackPointExtension>
        </extensions>
      </trkpt>
      <trkpt lat="49.05906661413609981536865234375" lon="15.0227454118430614471435546875">
        <ele>562.79998779296875</ele>
        <time>2026-04-05T08:45:00.000Z</time>
        <extensions>
          <ns3:TrackPointExtension>
            <ns3:hr>162</ns3:hr>
            <ns3:cad>74</ns3:cad>
          </ns3:TrackPointExtension>
        </extensions>
      </trkpt>
      <trkpt lat="49.05906736850738525390625" lon="15.0227128900587558746337890625">
        <ele>562.79998779296875</ele>
        <time>2026-04-05T08:45:01.000Z</time>
        <extensions>
          <ns3:TrackPointExtension>
            <ns3:hr>162</ns3:hr>
            <ns3:cad>74</ns3:cad>
          </ns3:TrackPointExtension>
        </extensions>
      </trkpt>
      <trkpt lat="49.059067703783512115478515625" lon="15.0226790271699428558349609375">
        <ele>563</ele>
        <time>2026-04-05T08:45:02.000Z</time>
        <extensions>
          <ns3:TrackPointExtension>
            <ns3:hr>162</ns3:hr>
            <ns3:cad>76</ns3:cad>
          </ns3:TrackPointExtension>
        </extensions>
      </trkpt>
      <trkpt lat="49.05906141735613346099853515625" lon="15.02263418398797512054443359375">
        <ele>563</ele>
        <time>2026-04-05T08:45:03.000Z</time>
        <extensions>
          <ns3:TrackPointExtension>
            <ns3:hr>161</ns3:hr>
            <ns3:cad>76</ns3:cad>
          </ns3:TrackPointExtension>
        </extensions>
      </trkpt>
      <trkpt lat="49.0590618364512920379638671875" lon="15.02259110100567340850830078125">
        <ele>563.20001220703125</ele>
        <time>2026-04-05T08:45:04.000Z</time>
        <extensions>
          <ns3:TrackPointExtension>
            <ns3:hr>162</ns3:hr>
            <ns3:cad>76</ns3:cad>
          </ns3:TrackPointExtension>
        </extensions>
      </trkpt>
      <trkpt lat="49.0590668655931949615478515625" lon="15.0225556455552577972412109375">
        <ele>563.20001220703125</ele>
        <time>2026-04-05T08:45:05.000Z</time>
        <extensions>
          <ns3:TrackPointExtension>
            <ns3:hr>162</ns3:hr>
            <ns3:cad>76</ns3:cad>
          </ns3:TrackPointExtension>
        </extensions>
      </trkpt>
      <trkpt lat="49.0590708889067173004150390625" lon="15.0225180946290493011474609375">
        <ele>563.4000244140625</ele>
        <time>2026-04-05T08:45:06.000Z</time>
        <extensions>
          <ns3:TrackPointExtension>
            <ns3:hr>162</ns3:hr>
            <ns3:cad>76</ns3:cad>
          </ns3:TrackPointExtension>
        </extensions>
      </trkpt>
      <trkpt lat="49.05907684005796909332275390625" lon="15.02248163335025310516357421875">
        <ele>563.4000244140625</ele>
        <time>2026-04-05T08:45:07.000Z</time>
        <extensions>
          <ns3:TrackPointExtension>
            <ns3:hr>161</ns3:hr>
            <ns3:cad>76</ns3:cad>
          </ns3:TrackPointExtension>
        </extensions>
      </trkpt>
      <trkpt lat="49.05908270739018917083740234375" lon="15.02242849208414554595947265625">
        <ele>563.5999755859375</ele>
        <time>2026-04-05T08:45:08.000Z</time>
        <extensions>
          <ns3:TrackPointExtension>
            <ns3:hr>162</ns3:hr>
            <ns3:cad>76</ns3:cad>
          </ns3:TrackPointExtension>
        </extensions>
      </trkpt>
      <trkpt lat="49.0590941905975341796875" lon="15.02238524146378040313720703125">
        <ele>563.5999755859375</ele>
        <time>2026-04-05T08:45:09.000Z</time>
        <extensions>
          <ns3:TrackPointExtension>
            <ns3:hr>162</ns3:hr>
            <ns3:cad>76</ns3:cad>
          </ns3:TrackPointExtension>
        </extensions>
      </trkpt>
      <trkpt lat="49.05910667963325977325439453125" lon="15.02235640771687030792236328125">
        <ele>563.5999755859375</ele>
        <time>2026-04-05T08:45:10.000Z</time>
        <extensions>
          <ns3:TrackPointExtension>
            <ns3:hr>161</ns3:hr>
            <ns3:cad>76</ns3:cad>
          </ns3:TrackPointExtension>
        </extensions>
      </trkpt>
      <trkpt lat="49.05912302434444427490234375" lon="15.02232237718999385833740234375">
        <ele>563.5999755859375</ele>
        <time>2026-04-05T08:45:11.000Z</time>
        <extensions>
          <ns3:TrackPointExtension>
            <ns3:hr>162</ns3:hr>
            <ns3:cad>76</ns3:cad>
          </ns3:TrackPointExtension>
        </extensions>
      </trkpt>
      <trkpt lat="49.05913643538951873779296875" lon="15.022288262844085693359375">
        <ele>563.5999755859375</ele>
        <time>2026-04-05T08:45:12.000Z</time>
        <extensions>
          <ns3:TrackPointExtension>
            <ns3:hr>162</ns3:hr>
            <ns3:cad>76</ns3:cad>
          </ns3:TrackPointExtension>
        </extensions>
      </trkpt>
      <trkpt lat="49.059142805635929107666015625" lon="15.02226077020168304443359375">
        <ele>563.4000244140625</ele>
        <time>2026-04-05T08:45:13.000Z</time>
        <extensions>
          <ns3:TrackPointExtension>
            <ns3:hr>162</ns3:hr>
            <ns3:cad>76</ns3:cad>
          </ns3:TrackPointExtension>
        </extensions>
      </trkpt>
      <trkpt lat="49.059146158397197723388671875" lon="15.02221223898231983184814453125">
        <ele>563.4000244140625</ele>
        <time>2026-04-05T08:45:14.000Z</time>
        <extensions>
          <ns3:TrackPointExtension>
            <ns3:hr>162</ns3:hr>
            <ns3:cad>76</ns3:cad>
          </ns3:TrackPointExtension>
        </extensions>
      </trkpt>
      <trkpt lat="49.05914850533008575439453125" lon="15.02216731198132038116455078125">
        <ele>563.4000244140625</ele>
        <time>2026-04-05T08:45:15.000Z</time>
        <extensions>
          <ns3:TrackPointExtension>
            <ns3:hr>162</ns3:hr>
            <ns3:cad>77</ns3:cad>
          </ns3:TrackPointExtension>
        </extensions>
      </trkpt>
      <trkpt lat="49.059147499501705169677734375" lon="15.022115595638751983642578125">
        <ele>563.5999755859375</ele>
        <time>2026-04-05T08:45:16.000Z</time>
        <extensions>
          <ns3:TrackPointExtension>
            <ns3:hr>163</ns3:hr>
            <ns3:cad>77</ns3:cad>
          </ns3:TrackPointExtension>
        </extensions>
      </trkpt>
      <trkpt lat="49.05915227718651294708251953125" lon="15.0220751948654651641845703125">
        <ele>563.5999755859375</ele>
        <time>2026-04-05T08:45:17.000Z</time>
        <extensions>
          <ns3:TrackPointExtension>
            <ns3:hr>162</ns3:hr>
            <ns3:cad>77</ns3:cad>
          </ns3:TrackPointExtension>
        </extensions>
      </trkpt>
      <trkpt lat="49.05915328301489353179931640625" lon="15.02202808856964111328125">
        <ele>563.79998779296875</ele>
        <time>2026-04-05T08:45:18.000Z</time>
        <extensions>
          <ns3:TrackPointExtension>
            <ns3:hr>162</ns3:hr>
            <ns3:cad>77</ns3:cad>
          </ns3:TrackPointExtension>
        </extensions>
      </trkpt>
      <trkpt lat="49.059161581099033355712890625" lon="15.02196949906647205352783203125">
        <ele>563.79998779296875</ele>
        <time>2026-04-05T08:45:19.000Z</time>
        <extensions>
          <ns3:TrackPointExtension>
            <ns3:hr>163</ns3:hr>
            <ns3:cad>77</ns3:cad>
          </ns3:TrackPointExtension>
        </extensions>
      </trkpt>
      <trkpt lat="49.05917256139218807220458984375" lon="15.02192591316998004913330078125">
        <ele>563.79998779296875</ele>
        <time>2026-04-05T08:45:20.000Z</time>
        <extensions>
          <ns3:TrackPointExtension>
            <ns3:hr>162</ns3:hr>
            <ns3:cad>77</ns3:cad>
          </ns3:TrackPointExtension>
        </extensions>
      </trkpt>
      <trkpt lat="49.0591835416853427886962890625" lon="15.0218899548053741455078125">
        <ele>563.79998779296875</ele>
        <time>2026-04-05T08:45:21.000Z</time>
        <extensions>
          <ns3:TrackPointExtension>
            <ns3:hr>162</ns3:hr>
            <ns3:cad>78</ns3:cad>
          </ns3:TrackPointExtension>
        </extensions>
      </trkpt>
      <trkpt lat="49.05919284559786319732666015625" lon="15.0218750350177288055419921875">
        <ele>564</ele>
        <time>2026-04-05T08:45:22.000Z</time>
        <extensions>
          <ns3:TrackPointExtension>
            <ns3:hr>162</ns3:hr>
            <ns3:cad>78</ns3:cad>
          </ns3:TrackPointExtension>
        </extensions>
      </trkpt>
      <trkpt lat="49.05920206569135189056396484375" lon="15.02183807082474231719970703125">
        <ele>564.20001220703125</ele>
        <time>2026-04-05T08:45:23.000Z</time>
        <extensions>
          <ns3:TrackPointExtension>
            <ns3:hr>163</ns3:hr>
            <ns3:cad>78</ns3:cad>
          </ns3:TrackPointExtension>
        </extensions>
      </trkpt>
      <trkpt lat="49.05918563716113567352294921875" lon="15.021793060004711151123046875">
        <ele>564.20001220703125</ele>
        <time>2026-04-05T08:45:24.000Z</time>
        <extensions>
          <ns3:TrackPointExtension>
            <ns3:hr>162</ns3:hr>
            <ns3:cad>78</ns3:cad>
          </ns3:TrackPointExtension>
        </extensions>
      </trkpt>
      <trkpt lat="49.05917876400053501129150390625" lon="15.02175542525947093963623046875">
        <ele>564.20001220703125</ele>
        <time>2026-04-05T08:45:25.000Z</time>
        <extensions>
          <ns3:TrackPointExtension>
            <ns3:hr>163</ns3:hr>
            <ns3:cad>77</ns3:cad>
          </ns3:TrackPointExtension>
        </extensions>
      </trkpt>
      <trkpt lat="49.0591711364686489105224609375" lon="15.02171628177165985107421875">
        <ele>564.4000244140625</ele>
        <time>2026-04-05T08:45:26.000Z</time>
        <extensions>
          <ns3:TrackPointExtension>
            <ns3:hr>163</ns3:hr>
            <ns3:cad>77</ns3:cad>
          </ns3:TrackPointExtension>
        </extensions>
      </trkpt>
      <trkpt lat="49.05916049145162105560302734375" lon="15.02167060039937496185302734375">
        <ele>564.4000244140625</ele>
        <time>2026-04-05T08:45:27.000Z</time>
        <extensions>
          <ns3:TrackPointExtension>
            <ns3:hr>163</ns3:hr>
            <ns3:cad>74</ns3:cad>
          </ns3:TrackPointExtension>
        </extensions>
      </trkpt>
      <trkpt lat="49.05915311537683010101318359375" lon="15.021632127463817596435546875">
        <ele>564.5999755859375</ele>
        <time>2026-04-05T08:45:28.000Z</time>
        <extensions>
          <ns3:TrackPointExtension>
            <ns3:hr>162</ns3:hr>
            <ns3:cad>74</ns3:cad>
          </ns3:TrackPointExtension>
        </extensions>
      </trkpt>
      <trkpt lat="49.059156216681003570556640625" lon="15.02158476971089839935302734375">
        <ele>564.79998779296875</ele>
        <time>2026-04-05T08:45:29.000Z</time>
        <extensions>
          <ns3:TrackPointExtension>
            <ns3:hr>163</ns3:hr>
            <ns3:cad>77</ns3:cad>
          </ns3:TrackPointExtension>
        </extensions>
      </trkpt>
      <trkpt lat="49.05915797688066959381103515625" lon="15.02154864370822906494140625">
        <ele>565.20001220703125</ele>
        <time>2026-04-05T08:45:30.000Z</time>
        <extensions>
          <ns3:TrackPointExtension>
            <ns3:hr>162</ns3:hr>
            <ns3:cad>77</ns3:cad>
          </ns3:TrackPointExtension>
        </extensions>
      </trkpt>
      <trkpt lat="49.0591570548713207244873046875" lon="15.02150514163076877593994140625">
        <ele>565.4000244140625</ele>
        <time>2026-04-05T08:45:31.000Z</time>
        <extensions>
          <ns3:TrackPointExtension>
            <ns3:hr>162</ns3:hr>
            <ns3:cad>77</ns3:cad>
          </ns3:TrackPointExtension>
        </extensions>
      </trkpt>
      <trkpt lat="49.05915009789168834686279296875" lon="15.0214581191539764404296875">
        <ele>565.5999755859375</ele>
        <time>2026-04-05T08:45:32.000Z</time>
        <extensions>
          <ns3:TrackPointExtension>
            <ns3:hr>163</ns3:hr>
            <ns3:cad>77</ns3:cad>
          </ns3:TrackPointExtension>
        </extensions>
      </trkpt>
      <trkpt lat="49.05915026552975177764892578125" lon="15.0214133597910404205322265625">
        <ele>565.79998779296875</ele>
        <time>2026-04-05T08:45:33.000Z</time>
        <extensions>
          <ns3:TrackPointExtension>
            <ns3:hr>164</ns3:hr>
            <ns3:cad>78</ns3:cad>
          </ns3:TrackPointExtension>
        </extensions>
      </trkpt>
      <trkpt lat="49.05914909206330776214599609375" lon="15.02137153409421443939208984375">
        <ele>565.79998779296875</ele>
        <time>2026-04-05T08:45:34.000Z</time>
        <extensions>
          <ns3:TrackPointExtension>
            <ns3:hr>164</ns3:hr>
            <ns3:cad>78</ns3:cad>
          </ns3:TrackPointExtension>
        </extensions>
      </trkpt>
      <trkpt lat="49.0591412968933582305908203125" lon="15.02132727764546871185302734375">
        <ele>565.79998779296875</ele>
        <time>2026-04-05T08:45:35.000Z</time>
        <extensions>
          <ns3:TrackPointExtension>
            <ns3:hr>164</ns3:hr>
            <ns3:cad>79</ns3:cad>
          </ns3:TrackPointExtension>
        </extensions>
      </trkpt>
      <trkpt lat="49.05912662856280803680419921875" lon="15.021278746426105499267578125">
        <ele>565.79998779296875</ele>
        <time>2026-04-05T08:45:36.000Z</time>
        <extensions>
          <ns3:TrackPointExtension>
            <ns3:hr>164</ns3:hr>
            <ns3:cad>79</ns3:cad>
          </ns3:TrackPointExtension>
        </extensions>
      </trkpt>
      <trkpt lat="49.059122018516063690185546875" lon="15.02123507671058177947998046875">
        <ele>565.5999755859375</ele>
        <time>2026-04-05T08:45:37.000Z</time>
        <extensions>
          <ns3:TrackPointExtension>
            <ns3:hr>164</ns3:hr>
            <ns3:cad>79</ns3:cad>
          </ns3:TrackPointExtension>
        </extensions>
      </trkpt>
      <trkpt lat="49.059115983545780181884765625" lon="15.02118629403412342071533203125">
        <ele>565.5999755859375</ele>
        <time>2026-04-05T08:45:38.000Z</time>
        <extensions>
          <ns3:TrackPointExtension>
            <ns3:hr>165</ns3:hr>
            <ns3:cad>79</ns3:cad>
          </ns3:TrackPointExtension>
        </extensions>
      </trkpt>
      <trkpt lat="49.05910450033843517303466796875" lon="15.02112158574163913726806640625">
        <ele>565.4000244140625</ele>
        <time>2026-04-05T08:45:39.000Z</time>
        <extensions>
          <ns3:TrackPointExtension>
            <ns3:hr>164</ns3:hr>
            <ns3:cad>79</ns3:cad>
          </ns3:TrackPointExtension>
        </extensions>
      </trkpt>
      <trkpt lat="49.0590993873775005340576171875" lon="15.02107196487486362457275390625">
        <ele>565.20001220703125</ele>
        <time>2026-04-05T08:45:40.000Z</time>
        <extensions>
          <ns3:TrackPointExtension>
            <ns3:hr>164</ns3:hr>
            <ns3:cad>79</ns3:cad>
          </ns3:TrackPointExtension>
        </extensions>
      </trkpt>
      <trkpt lat="49.05909863300621509552001953125" lon="15.02101832069456577301025390625">
        <ele>565</ele>
        <time>2026-04-05T08:45:41.000Z</time>
        <extensions>
          <ns3:TrackPointExtension>
            <ns3:hr>164</ns3:hr>
            <ns3:cad>78</ns3:cad>
          </ns3:TrackPointExtension>
        </extensions>
      </trkpt>
      <trkpt lat="49.05908958055078983306884765625" lon="15.02097322605550289154052734375">
        <ele>565</ele>
        <time>2026-04-05T08:45:42.000Z</time>
        <extensions>
          <ns3:TrackPointExtension>
            <ns3:hr>164</ns3:hr>
            <ns3:cad>78</ns3:cad>
          </ns3:TrackPointExtension>
        </extensions>
      </trkpt>
      <trkpt lat="49.0590816177427768707275390625" lon="15.02091941423714160919189453125">
        <ele>564.79998779296875</ele>
        <time>2026-04-05T08:45:43.000Z</time>
        <extensions>
          <ns3:TrackPointExtension>
            <ns3:hr>164</ns3:hr>
            <ns3:cad>76</ns3:cad>
          </ns3:TrackPointExtension>
        </extensions>
      </trkpt>
      <trkpt lat="49.05909880064427852630615234375" lon="15.02087163738906383514404296875">
        <ele>564.4000244140625</ele>
        <time>2026-04-05T08:45:44.000Z</time>
        <extensions>
          <ns3:TrackPointExtension>
            <ns3:hr>164</ns3:hr>
            <ns3:cad>76</ns3:cad>
          </ns3:TrackPointExtension>
        </extensions>
      </trkpt>
      <trkpt lat="49.05911439098417758941650390625" lon="15.02084263600409030914306640625">
        <ele>564.4000244140625</ele>
        <time>2026-04-05T08:45:45.000Z</time>
        <extensions>
          <ns3:TrackPointExtension>
            <ns3:hr>164</ns3:hr>
            <ns3:cad>76</ns3:cad>
          </ns3:TrackPointExtension>
        </extensions>
      </trkpt>
      <trkpt lat="49.059129059314727783203125" lon="15.02082101069390773773193359375">
        <ele>564.4000244140625</ele>
        <time>2026-04-05T08:45:46.000Z</time>
        <extensions>
          <ns3:TrackPointExtension>
            <ns3:hr>165</ns3:hr>
            <ns3:cad>76</ns3:cad>
          </ns3:TrackPointExtension>
        </extensions>
      </trkpt>
      <trkpt lat="49.05914573930203914642333984375" lon="15.02079871483147144317626953125">
        <ele>564.20001220703125</ele>
        <time>2026-04-05T08:45:47.000Z</time>
        <extensions>
          <ns3:TrackPointExtension>
            <ns3:hr>165</ns3:hr>
            <ns3:cad>76</ns3:cad>
          </ns3:TrackPointExtension>
        </extensions>
      </trkpt>
      <trkpt lat="49.059170298278331756591796875" lon="15.02077491022646427154541015625">
        <ele>564.20001220703125</ele>
        <time>2026-04-05T08:45:48.000Z</time>
        <extensions>
          <ns3:TrackPointExtension>
            <ns3:hr>164</ns3:hr>
            <ns3:cad>76</ns3:cad>
          </ns3:TrackPointExtension>
        </extensions>
      </trkpt>
      <trkpt lat="49.05919234268367290496826171875" lon="15.02074205316603183746337890625">
        <ele>564.4000244140625</ele>
        <time>2026-04-05T08:45:49.000Z</time>
        <extensions>
          <ns3:TrackPointExtension>
            <ns3:hr>164</ns3:hr>
            <ns3:cad>75</ns3:cad>
          </ns3:TrackPointExtension>
        </extensions>
      </trkpt>
      <trkpt lat="49.0592086873948574066162109375" lon="15.0207089446485042572021484375">
        <ele>564.4000244140625</ele>
        <time>2026-04-05T08:45:50.000Z</time>
        <extensions>
          <ns3:TrackPointExtension>
            <ns3:hr>164</ns3:hr>
            <ns3:cad>74</ns3:cad>
          </ns3:TrackPointExtension>
        </extensions>
      </trkpt>
      <trkpt lat="49.05921732075512409210205078125" lon="15.0206744112074375152587890625">
        <ele>564.20001220703125</ele>
        <time>2026-04-05T08:45:51.000Z</time>
        <extensions>
          <ns3:TrackPointExtension>
            <ns3:hr>163</ns3:hr>
            <ns3:cad>74</ns3:cad>
          </ns3:TrackPointExtension>
        </extensions>
      </trkpt>
      <trkpt lat="49.05922955833375453948974609375" lon="15.02063929103314876556396484375">
        <ele>564.20001220703125</ele>
        <time>2026-04-05T08:45:52.000Z</time>
        <extensions>
          <ns3:TrackPointExtension>
            <ns3:hr>163</ns3:hr>
            <ns3:cad>71</ns3:cad>
          </ns3:TrackPointExtension>
        </extensions>
      </trkpt>
      <trkpt lat="49.05923567712306976318359375" lon="15.0206051766872406005859375">
        <ele>564.20001220703125</ele>
        <time>2026-04-05T08:45:53.000Z</time>
        <extensions>
          <ns3:TrackPointExtension>
            <ns3:hr>163</ns3:hr>
            <ns3:cad>71</ns3:cad>
          </ns3:TrackPointExtension>
        </extensions>
      </trkpt>
      <trkpt lat="49.0592484176158905029296875" lon="15.02058329991996288299560546875">
        <ele>564.20001220703125</ele>
        <time>2026-04-05T08:45:54.000Z</time>
        <extensions>
          <ns3:TrackPointExtension>
            <ns3:hr>163</ns3:hr>
            <ns3:cad>71</ns3:cad>
          </ns3:TrackPointExtension>
        </extensions>
      </trkpt>
      <trkpt lat="49.05925503931939601898193359375" lon="15.020558573305606842041015625">
        <ele>564</ele>
        <time>2026-04-05T08:45:55.000Z</time>
        <extensions>
          <ns3:TrackPointExtension>
            <ns3:hr>163</ns3:hr>
            <ns3:cad>71</ns3:cad>
          </ns3:TrackPointExtension>
        </extensions>
      </trkpt>
      <trkpt lat="49.05925772152841091156005859375" lon="15.020525716245174407958984375">
        <ele>564</ele>
        <time>2026-04-05T08:45:56.000Z</time>
        <extensions>
          <ns3:TrackPointExtension>
            <ns3:hr>163</ns3:hr>
            <ns3:cad>71</ns3:cad>
          </ns3:TrackPointExtension>
        </extensions>
      </trkpt>
      <trkpt lat="49.059264175593852996826171875" lon="15.02048313617706298828125">
        <ele>564</ele>
        <time>2026-04-05T08:45:57.000Z</time>
        <extensions>
          <ns3:TrackPointExtension>
            <ns3:hr>163</ns3:hr>
            <ns3:cad>71</ns3:cad>
          </ns3:TrackPointExtension>
        </extensions>
      </trkpt>
      <trkpt lat="49.0592844597995281219482421875" lon="15.02043494023382663726806640625">
        <ele>563.79998779296875</ele>
        <time>2026-04-05T08:45:58.000Z</time>
        <extensions>
          <ns3:TrackPointExtension>
            <ns3:hr>162</ns3:hr>
            <ns3:cad>72</ns3:cad>
          </ns3:TrackPointExtension>
        </extensions>
      </trkpt>
      <trkpt lat="49.05929745174944400787353515625" lon="15.02040677703917026519775390625">
        <ele>563.5999755859375</ele>
        <time>2026-04-05T08:45:59.000Z</time>
        <extensions>
          <ns3:TrackPointExtension>
            <ns3:hr>162</ns3:hr>
            <ns3:cad>72</ns3:cad>
          </ns3:TrackPointExtension>
        </extensions>
      </trkpt>
      <trkpt lat="49.05930181033909320831298828125" lon="15.02037626691162586212158203125">
        <ele>563.5999755859375</ele>
        <time>2026-04-05T08:46:00.000Z</time>
        <extensions>
          <ns3:TrackPointExtension>
            <ns3:hr>162</ns3:hr>
            <ns3:cad>73</ns3:cad>
          </ns3:TrackPointExtension>
        </extensions>
      </trkpt>
      <trkpt lat="49.05929694883525371551513671875" lon="15.02033536322414875030517578125">
        <ele>563.5999755859375</ele>
        <time>2026-04-05T08:46:01.000Z</time>
        <extensions>
          <ns3:TrackPointExtension>
            <ns3:hr>162</ns3:hr>
            <ns3:cad>73</ns3:cad>
          </ns3:TrackPointExtension>
        </extensions>
      </trkpt>
      <trkpt lat="49.0592975355684757232666015625" lon="15.0202982313930988311767578125">
        <ele>563.5999755859375</ele>
        <time>2026-04-05T08:46:02.000Z</time>
        <extensions>
          <ns3:TrackPointExtension>
            <ns3:hr>162</ns3:hr>
            <ns3:cad>73</ns3:cad>
          </ns3:TrackPointExtension>
        </extensions>
      </trkpt>
      <trkpt lat="49.0593109466135501861572265625" lon="15.02025204710662364959716796875">
        <ele>563.79998779296875</ele>
        <time>2026-04-05T08:46:03.000Z</time>
        <extensions>
          <ns3:TrackPointExtension>
            <ns3:hr>163</ns3:hr>
            <ns3:cad>73</ns3:cad>
          </ns3:TrackPointExtension>
        </extensions>
      </trkpt>
      <trkpt lat="49.05932360328733921051025390625" lon="15.02022203989326953887939453125">
        <ele>563.79998779296875</ele>
        <time>2026-04-05T08:46:04.000Z</time>
        <extensions>
          <ns3:TrackPointExtension>
            <ns3:hr>163</ns3:hr>
            <ns3:cad>73</ns3:cad>
          </ns3:TrackPointExtension>
        </extensions>
      </trkpt>
      <trkpt lat="49.05934137292206287384033203125" lon="15.02018733881413936614990234375">
        <ele>563.79998779296875</ele>
        <time>2026-04-05T08:46:05.000Z</time>
        <extensions>
          <ns3:TrackPointExtension>
            <ns3:hr>163</ns3:hr>
            <ns3:cad>73</ns3:cad>
          </ns3:TrackPointExtension>
        </extensions>
      </trkpt>
      <trkpt lat="49.05933701433241367340087890625" lon="15.02015247009694576263427734375">
        <ele>563.79998779296875</ele>
        <time>2026-04-05T08:46:06.000Z</time>
        <extensions>
          <ns3:TrackPointExtension>
            <ns3:hr>163</ns3:hr>
            <ns3:cad>74</ns3:cad>
          </ns3:TrackPointExtension>
        </extensions>
      </trkpt>
      <trkpt lat="49.059330560266971588134765625" lon="15.0201279111206531524658203125">
        <ele>563.79998779296875</ele>
        <time>2026-04-05T08:46:07.000Z</time>
        <extensions>
          <ns3:TrackPointExtension>
            <ns3:hr>163</ns3:hr>
            <ns3:cad>74</ns3:cad>
          </ns3:TrackPointExtension>
        </extensions>
      </trkpt>
      <trkpt lat="49.0593181550502777099609375" lon="15.0201000832021236419677734375">
        <ele>563.5999755859375</ele>
        <time>2026-04-05T08:46:08.000Z</time>
        <extensions>
          <ns3:TrackPointExtension>
            <ns3:hr>163</ns3:hr>
            <ns3:cad>74</ns3:cad>
          </ns3:TrackPointExtension>
        </extensions>
      </trkpt>
      <trkpt lat="49.05930683948099613189697265625" lon="15.0200759433209896087646484375">
        <ele>563.5999755859375</ele>
        <time>2026-04-05T08:46:09.000Z</time>
        <extensions>
          <ns3:TrackPointExtension>
            <ns3:hr>163</ns3:hr>
            <ns3:cad>74</ns3:cad>
          </ns3:TrackPointExtension>
        </extensions>
      </trkpt>
      <trkpt lat="49.05930030159652233123779296875" lon="15.0200524739921092987060546875">
        <ele>563.5999755859375</ele>
        <time>2026-04-05T08:46:10.000Z</time>
        <extensions>
          <ns3:TrackPointExtension>
            <ns3:hr>163</ns3:hr>
            <ns3:cad>0</ns3:cad>
          </ns3:TrackPointExtension>
        </extensions>
      </trkpt>
      <trkpt lat="49.05929678119719028472900390625" lon="15.02002649009227752685546875">
        <ele>563.4000244140625</ele>
        <time>2026-04-05T08:46:11.000Z</time>
        <extensions>
          <ns3:TrackPointExtension>
            <ns3:hr>162</ns3:hr>
            <ns3:cad>0</ns3:cad>
          </ns3:TrackPointExtension>
        </extensions>
      </trkpt>
      <trkpt lat="49.05929124914109706878662109375" lon="15.02000561915338039398193359375">
        <ele>563.4000244140625</ele>
        <time>2026-04-05T08:46:12.000Z</time>
        <extensions>
          <ns3:TrackPointExtension>
            <ns3:hr>162</ns3:hr>
            <ns3:cad>69</ns3:cad>
          </ns3:TrackPointExtension>
        </extensions>
      </trkpt>
      <trkpt lat="49.05929560773074626922607421875" lon="15.01998315565288066864013671875">
        <ele>563.20001220703125</ele>
        <time>2026-04-05T08:46:13.000Z</time>
        <extensions>
          <ns3:TrackPointExtension>
            <ns3:hr>163</ns3:hr>
            <ns3:cad>69</ns3:cad>
          </ns3:TrackPointExtension>
        </extensions>
      </trkpt>
      <trkpt lat="49.05929468572139739990234375" lon="15.0199636258184909820556640625">
        <ele>563.20001220703125</ele>
        <time>2026-04-05T08:46:14.000Z</time>
        <extensions>
          <ns3:TrackPointExtension>
            <ns3:hr>164</ns3:hr>
            <ns3:cad>69</ns3:cad>
          </ns3:TrackPointExtension>
        </extensions>
      </trkpt>
      <trkpt lat="49.05930097214877605438232421875" lon="15.01993688754737377166748046875">
        <ele>563</ele>
        <time>2026-04-05T08:46:15.000Z</time>
        <extensions>
          <ns3:TrackPointExtension>
            <ns3:hr>165</ns3:hr>
            <ns3:cad>69</ns3:cad>
          </ns3:TrackPointExtension>
        </extensions>
      </trkpt>
      <trkpt lat="49.05930281616747379302978515625" lon="15.01990319229662418365478515625">
        <ele>562.79998779296875</ele>
        <time>2026-04-05T08:46:16.000Z</time>
        <extensions>
          <ns3:TrackPointExtension>
            <ns3:hr>165</ns3:hr>
            <ns3:cad>68</ns3:cad>
          </ns3:TrackPointExtension>
        </extensions>
      </trkpt>
      <trkpt lat="49.05930600129067897796630859375" lon="15.01986312679946422576904296875">
        <ele>562.79998779296875</ele>
        <time>2026-04-05T08:46:17.000Z</time>
        <extensions>
          <ns3:TrackPointExtension>
            <ns3:hr>165</ns3:hr>
            <ns3:cad>68</ns3:cad>
          </ns3:TrackPointExtension>
        </extensions>
      </trkpt>
      <trkpt lat="49.0593129582703113555908203125" lon="15.01981727778911590576171875">
        <ele>562.79998779296875</ele>
        <time>2026-04-05T08:46:18.000Z</time>
        <extensions>
          <ns3:TrackPointExtension>
            <ns3:hr>164</ns3:hr>
            <ns3:cad>68</ns3:cad>
          </ns3:TrackPointExtension>
        </extensions>
      </trkpt>
      <trkpt lat="49.05931890942156314849853515625" lon="15.0197705067694187164306640625">
        <ele>562.79998779296875</ele>
        <time>2026-04-05T08:46:19.000Z</time>
        <extensions>
          <ns3:TrackPointExtension>
            <ns3:hr>163</ns3:hr>
            <ns3:cad>68</ns3:cad>
          </ns3:TrackPointExtension>
        </extensions>
      </trkpt>
      <trkpt lat="49.059324525296688079833984375" lon="15.019728429615497589111328125">
        <ele>562.5999755859375</ele>
        <time>2026-04-05T08:46:20.000Z</time>
        <extensions>
          <ns3:TrackPointExtension>
            <ns3:hr>163</ns3:hr>
            <ns3:cad>73</ns3:cad>
          </ns3:TrackPointExtension>
        </extensions>
      </trkpt>
      <trkpt lat="49.05932242982089519500732421875" lon="15.0196945667266845703125">
        <ele>562.5999755859375</ele>
        <time>2026-04-05T08:46:21.000Z</time>
        <extensions>
          <ns3:TrackPointExtension>
            <ns3:hr>162</ns3:hr>
            <ns3:cad>73</ns3:cad>
          </ns3:TrackPointExtension>
        </extensions>
      </trkpt>
      <trkpt lat="49.0592671930789947509765625" lon="15.01966129057109355926513671875">
        <ele>562.5999755859375</ele>
        <time>2026-04-05T08:46:22.000Z</time>
        <extensions>
          <ns3:TrackPointExtension>
            <ns3:hr>162</ns3:hr>
            <ns3:cad>74</ns3:cad>
          </ns3:TrackPointExtension>
        </extensions>
      </trkpt>
      <trkpt lat="49.05924883671104907989501953125" lon="15.0196122564375400543212890625">
        <ele>562.5999755859375</ele>
        <time>2026-04-05T08:46:23.000Z</time>
        <extensions>
          <ns3:TrackPointExtension>
            <ns3:hr>162</ns3:hr>
            <ns3:cad>74</ns3:cad>
          </ns3:TrackPointExtension>
        </extensions>
      </trkpt>
      <trkpt lat="49.05924514867365360260009765625" lon="15.01956649124622344970703125">
        <ele>562.4000244140625</ele>
        <time>2026-04-05T08:46:24.000Z</time>
        <extensions>
          <ns3:TrackPointExtension>
            <ns3:hr>163</ns3:hr>
            <ns3:cad>75</ns3:cad>
          </ns3:TrackPointExtension>
        </extensions>
      </trkpt>
      <trkpt lat="49.05923366546630859375" lon="15.01952365972101688385009765625">
        <ele>562.4000244140625</ele>
        <time>2026-04-05T08:46:25.000Z</time>
        <extensions>
          <ns3:TrackPointExtension>
            <ns3:hr>163</ns3:hr>
            <ns3:cad>75</ns3:cad>
          </ns3:TrackPointExtension>
        </extensions>
      </trkpt>
      <trkpt lat="49.05923156999051570892333984375" lon="15.01946766860783100128173828125">
        <ele>562.4000244140625</ele>
        <time>2026-04-05T08:46:26.000Z</time>
        <extensions>
          <ns3:TrackPointExtension>
            <ns3:hr>163</ns3:hr>
            <ns3:cad>73</ns3:cad>
          </ns3:TrackPointExtension>
        </extensions>
      </trkpt>
      <trkpt lat="49.059217907488346099853515625" lon="15.01940866000950336456298828125">
        <ele>562.20001220703125</ele>
        <time>2026-04-05T08:46:27.000Z</time>
        <extensions>
          <ns3:TrackPointExtension>
            <ns3:hr>163</ns3:hr>
            <ns3:cad>73</ns3:cad>
          </ns3:TrackPointExtension>
        </extensions>
      </trkpt>
      <trkpt lat="49.059198796749114990234375" lon="15.0193735398352146148681640625">
        <ele>562</ele>
        <time>2026-04-05T08:46:28.000Z</time>
        <extensions>
          <ns3:TrackPointExtension>
            <ns3:hr>163</ns3:hr>
            <ns3:cad>76</ns3:cad>
          </ns3:TrackPointExtension>
        </extensions>
      </trkpt>
      <trkpt lat="49.0591714717447757720947265625" lon="15.019339509308338165283203125">
        <ele>561.79998779296875</ele>
        <time>2026-04-05T08:46:29.000Z</time>
        <extensions>
          <ns3:TrackPointExtension>
            <ns3:hr>163</ns3:hr>
            <ns3:cad>76</ns3:cad>
          </ns3:TrackPointExtension>
        </extensions>
      </trkpt>
      <trkpt lat="49.05914138071238994598388671875" lon="15.01931159757077693939208984375">
        <ele>561.5999755859375</ele>
        <time>2026-04-05T08:46:30.000Z</time>
        <extensions>
          <ns3:TrackPointExtension>
            <ns3:hr>163</ns3:hr>
            <ns3:cad>76</ns3:cad>
          </ns3:TrackPointExtension>
        </extensions>
      </trkpt>
      <trkpt lat="49.0591091103851795196533203125" lon="15.0192873738706111907958984375">
        <ele>561.4000244140625</ele>
        <time>2026-04-05T08:46:31.000Z</time>
        <extensions>
          <ns3:TrackPointExtension>
            <ns3:hr>163</ns3:hr>
            <ns3:cad>76</ns3:cad>
          </ns3:TrackPointExtension>
        </extensions>
      </trkpt>
      <trkpt lat="49.05908203683793544769287109375" lon="15.01926834695041179656982421875">
        <ele>561</ele>
        <time>2026-04-05T08:46:32.000Z</time>
        <extensions>
          <ns3:TrackPointExtension>
            <ns3:hr>163</ns3:hr>
            <ns3:cad>77</ns3:cad>
          </ns3:TrackPointExtension>
        </extensions>
      </trkpt>
      <trkpt lat="49.05904264189302921295166015625" lon="15.01924906857311725616455078125">
        <ele>560.79998779296875</ele>
        <time>2026-04-05T08:46:33.000Z</time>
        <extensions>
          <ns3:TrackPointExtension>
            <ns3:hr>163</ns3:hr>
            <ns3:cad>77</ns3:cad>
          </ns3:TrackPointExtension>
        </extensions>
      </trkpt>
      <trkpt lat="49.05900500714778900146484375" lon="15.01923599280416965484619140625">
        <ele>560.5999755859375</ele>
        <time>2026-04-05T08:46:34.000Z</time>
        <extensions>
          <ns3:TrackPointExtension>
            <ns3:hr>164</ns3:hr>
            <ns3:cad>77</ns3:cad>
          </ns3:TrackPointExtension>
        </extensions>
      </trkpt>
      <trkpt lat="49.058972485363483428955078125" lon="15.0192404352128505706787109375">
        <ele>560.20001220703125</ele>
        <time>2026-04-05T08:46:35.000Z</time>
        <extensions>
          <ns3:TrackPointExtension>
            <ns3:hr>165</ns3:hr>
            <ns3:cad>77</ns3:cad>
          </ns3:TrackPointExtension>
        </extensions>
      </trkpt>
      <trkpt lat="49.0589345991611480712890625" lon="15.01924504525959491729736328125">
        <ele>559.79998779296875</ele>
        <time>2026-04-05T08:46:36.000Z</time>
        <extensions>
          <ns3:TrackPointExtension>
            <ns3:hr>165</ns3:hr>
            <ns3:cad>77</ns3:cad>
          </ns3:TrackPointExtension>
        </extensions>
      </trkpt>
      <trkpt lat="49.05889646150171756744384765625" lon="15.01924194395542144775390625">
        <ele>559.79998779296875</ele>
        <time>2026-04-05T08:46:37.000Z</time>
        <extensions>
          <ns3:TrackPointExtension>
            <ns3:hr>165</ns3:hr>
            <ns3:cad>77</ns3:cad>
          </ns3:TrackPointExtension>
        </extensions>
      </trkpt>
      <trkpt lat="49.058874584734439849853515625" lon="15.01923448406159877777099609375">
        <ele>559.5999755859375</ele>
        <time>2026-04-05T08:46:38.000Z</time>
        <extensions>
          <ns3:TrackPointExtension>
            <ns3:hr>165</ns3:hr>
            <ns3:cad>77</ns3:cad>
          </ns3:TrackPointExtension>
        </extensions>
      </trkpt>
      <trkpt lat="49.0588482655584812164306640625" lon="15.01922786235809326171875">
        <ele>559.4000244140625</ele>
        <time>2026-04-05T08:46:39.000Z</time>
        <extensions>
          <ns3:TrackPointExtension>
            <ns3:hr>164</ns3:hr>
            <ns3:cad>77</ns3:cad>
          </ns3:TrackPointExtension>
        </extensions>
      </trkpt>
      <trkpt lat="49.058808200061321258544921875" lon="15.01921738497912883758544921875">
        <ele>559.4000244140625</ele>
        <time>2026-04-05T08:46:40.000Z</time>
        <extensions>
          <ns3:TrackPointExtension>
            <ns3:hr>165</ns3:hr>
            <ns3:cad>77</ns3:cad>
          </ns3:TrackPointExtension>
        </extensions>
      </trkpt>
      <trkpt lat="49.05878682620823383331298828125" lon="15.01919106580317020416259765625">
        <ele>559.20001220703125</ele>
        <time>2026-04-05T08:46:41.000Z</time>
        <extensions>
          <ns3:TrackPointExtension>
            <ns3:hr>165</ns3:hr>
            <ns3:cad>77</ns3:cad>
          </ns3:TrackPointExtension>
        </extensions>
      </trkpt>
      <trkpt lat="49.058761261403560638427734375" lon="15.01914664171636104583740234375">
        <ele>558.79998779296875</ele>
        <time>2026-04-05T08:46:42.000Z</time>
        <extensions>
          <ns3:TrackPointExtension>
            <ns3:hr>164</ns3:hr>
            <ns3:cad>77</ns3:cad>
          </ns3:TrackPointExtension>
        </extensions>
      </trkpt>
      <trkpt lat="49.0587325952947139739990234375" lon="15.0190992839634418487548828125">
        <ele>558.5999755859375</ele>
        <time>2026-04-05T08:46:43.000Z</time>
        <extensions>
          <ns3:TrackPointExtension>
            <ns3:hr>164</ns3:hr>
            <ns3:cad>78</ns3:cad>
          </ns3:TrackPointExtension>
        </extensions>
      </trkpt>
      <trkpt lat="49.05871398746967315673828125" lon="15.01905259676277637481689453125">
        <ele>558.4000244140625</ele>
        <time>2026-04-05T08:46:44.000Z</time>
        <extensions>
          <ns3:TrackPointExtension>
            <ns3:hr>164</ns3:hr>
            <ns3:cad>78</ns3:cad>
          </ns3:TrackPointExtension>
        </extensions>
      </trkpt>
      <trkpt lat="49.05870082788169384002685546875" lon="15.019000880420207977294921875">
        <ele>558.4000244140625</ele>
        <time>2026-04-05T08:46:45.000Z</time>
        <extensions>
          <ns3:TrackPointExtension>
            <ns3:hr>165</ns3:hr>
            <ns3:cad>78</ns3:cad>
          </ns3:TrackPointExtension>
        </extensions>
      </trkpt>
      <trkpt lat="49.0586905181407928466796875" lon="15.01894891262054443359375">
        <ele>558.20001220703125</ele>
        <time>2026-04-05T08:46:46.000Z</time>
        <extensions>
          <ns3:TrackPointExtension>
            <ns3:hr>165</ns3:hr>
            <ns3:cad>78</ns3:cad>
          </ns3:TrackPointExtension>
        </extensions>
      </trkpt>
      <trkpt lat="49.05868154950439929962158203125" lon="15.01886165700852870941162109375">
        <ele>558</ele>
        <time>2026-04-05T08:46:47.000Z</time>
        <extensions>
          <ns3:TrackPointExtension>
            <ns3:hr>165</ns3:hr>
            <ns3:cad>78</ns3:cad>
          </ns3:TrackPointExtension>
        </extensions>
      </trkpt>
      <trkpt lat="49.05868238769471645355224609375" lon="15.01880600117146968841552734375">
        <ele>557.79998779296875</ele>
        <time>2026-04-05T08:46:48.000Z</time>
        <extensions>
          <ns3:TrackPointExtension>
            <ns3:hr>165</ns3:hr>
            <ns3:cad>78</ns3:cad>
          </ns3:TrackPointExtension>
        </extensions>
      </trkpt>
      <trkpt lat="49.0586797893047332763671875" lon="15.01873500645160675048828125">
        <ele>557.5999755859375</ele>
        <time>2026-04-05T08:46:49.000Z</time>
        <extensions>
          <ns3:TrackPointExtension>
            <ns3:hr>165</ns3:hr>
            <ns3:cad>77</ns3:cad>
          </ns3:TrackPointExtension>
        </extensions>
      </trkpt>
      <trkpt lat="49.05868087895214557647705078125" lon="15.01867759041488170623779296875">
        <ele>557.4000244140625</ele>
        <time>2026-04-05T08:46:50.000Z</time>
        <extensions>
          <ns3:TrackPointExtension>
            <ns3:hr>165</ns3:hr>
            <ns3:cad>77</ns3:cad>
          </ns3:TrackPointExtension>
        </extensions>
      </trkpt>
      <trkpt lat="49.05867417342960834503173828125" lon="15.01862897537648677825927734375">
        <ele>557.4000244140625</ele>
        <time>2026-04-05T08:46:51.000Z</time>
        <extensions>
          <ns3:TrackPointExtension>
            <ns3:hr>166</ns3:hr>
            <ns3:cad>80</ns3:cad>
          </ns3:TrackPointExtension>
        </extensions>
      </trkpt>
      <trkpt lat="49.05866964720189571380615234375" lon="15.0185705535113811492919921875">
        <ele>557.20001220703125</ele>
        <time>2026-04-05T08:46:52.000Z</time>
        <extensions>
          <ns3:TrackPointExtension>
            <ns3:hr>165</ns3:hr>
            <ns3:cad>80</ns3:cad>
          </ns3:TrackPointExtension>
        </extensions>
      </trkpt>
      <trkpt lat="49.0586759336292743682861328125" lon="15.01850693486630916595458984375">
        <ele>557.20001220703125</ele>
        <time>2026-04-05T08:46:53.000Z</time>
        <extensions>
          <ns3:TrackPointExtension>
            <ns3:hr>166</ns3:hr>
            <ns3:cad>80</ns3:cad>
          </ns3:TrackPointExtension>
        </extensions>
      </trkpt>
      <trkpt lat="49.05867769382894039154052734375" lon="15.0184538774192333221435546875">
        <ele>557.20001220703125</ele>
        <time>2026-04-05T08:46:54.000Z</time>
        <extensions>
          <ns3:TrackPointExtension>
            <ns3:hr>166</ns3:hr>
            <ns3:cad>80</ns3:cad>
          </ns3:TrackPointExtension>
        </extensions>
      </trkpt>
      <trkpt lat="49.058676771819591522216796875" lon="15.01839763484895229339599609375">
        <ele>557</ele>
        <time>2026-04-05T08:46:55.000Z</time>
        <extensions>
          <ns3:TrackPointExtension>
            <ns3:hr>166</ns3:hr>
            <ns3:cad>79</ns3:cad>
          </ns3:TrackPointExtension>
        </extensions>
      </trkpt>
      <trkpt lat="49.05866176821291446685791015625" lon="15.01834784634411334991455078125">
        <ele>556.79998779296875</ele>
        <time>2026-04-05T08:46:56.000Z</time>
        <extensions>
          <ns3:TrackPointExtension>
            <ns3:hr>166</ns3:hr>
            <ns3:cad>79</ns3:cad>
          </ns3:TrackPointExtension>
        </extensions>
      </trkpt>
      <trkpt lat="49.0586333535611629486083984375" lon="15.018296800553798675537109375">
        <ele>556.5999755859375</ele>
        <time>2026-04-05T08:46:57.000Z</time>
        <extensions>
          <ns3:TrackPointExtension>
            <ns3:hr>166</ns3:hr>
            <ns3:cad>80</ns3:cad>
          </ns3:TrackPointExtension>
        </extensions>
      </trkpt>
      <trkpt lat="49.05860946513712406158447265625" lon="15.018246509134769439697265625">
        <ele>556.4000244140625</ele>
        <time>2026-04-05T08:46:58.000Z</time>
        <extensions>
          <ns3:TrackPointExtension>
            <ns3:hr>166</ns3:hr>
            <ns3:cad>80</ns3:cad>
          </ns3:TrackPointExtension>
        </extensions>
      </trkpt>
      <trkpt lat="49.05859219841659069061279296875" lon="15.01819856464862823486328125">
        <ele>556.4000244140625</ele>
        <time>2026-04-05T08:46:59.000Z</time>
        <extensions>
          <ns3:TrackPointExtension>
            <ns3:hr>167</ns3:hr>
            <ns3:cad>81</ns3:cad>
          </ns3:TrackPointExtension>
        </extensions>
      </trkpt>
      <trkpt lat="49.05856638215482234954833984375" lon="15.01815824769437313079833984375">
        <ele>556.4000244140625</ele>
        <time>2026-04-05T08:47:00.000Z</time>
        <extensions>
          <ns3:TrackPointExtension>
            <ns3:hr>167</ns3:hr>
            <ns3:cad>81</ns3:cad>
          </ns3:TrackPointExtension>
        </extensions>
      </trkpt>
      <trkpt lat="49.0585367940366268157958984375" lon="15.01810074783861637115478515625">
        <ele>556.4000244140625</ele>
        <time>2026-04-05T08:47:01.000Z</time>
        <extensions>
          <ns3:TrackPointExtension>
            <ns3:hr>167</ns3:hr>
            <ns3:cad>81</ns3:cad>
          </ns3:TrackPointExtension>
        </extensions>
      </trkpt>
      <trkpt lat="49.05850636772811412811279296875" lon="15.01806084997951984405517578125">
        <ele>556.20001220703125</ele>
        <time>2026-04-05T08:47:02.000Z</time>
        <extensions>
          <ns3:TrackPointExtension>
            <ns3:hr>168</ns3:hr>
            <ns3:cad>81</ns3:cad>
          </ns3:TrackPointExtension>
        </extensions>
      </trkpt>
      <trkpt lat="49.05848692171275615692138671875" lon="15.0180324353277683258056640625">
        <ele>556.20001220703125</ele>
        <time>2026-04-05T08:47:03.000Z</time>
        <extensions>
          <ns3:TrackPointExtension>
            <ns3:hr>168</ns3:hr>
            <ns3:cad>79</ns3:cad>
          </ns3:TrackPointExtension>
        </extensions>
      </trkpt>
      <trkpt lat="49.05845641158521175384521484375" lon="15.01801005564630031585693359375">
        <ele>556.20001220703125</ele>
        <time>2026-04-05T08:47:04.000Z</time>
        <extensions>
          <ns3:TrackPointExtension>
            <ns3:hr>169</ns3:hr>
            <ns3:cad>79</ns3:cad>
          </ns3:TrackPointExtension>
        </extensions>
      </trkpt>
      <trkpt lat="49.05842523090541362762451171875" lon="15.01797518692910671234130859375">
        <ele>556.20001220703125</ele>
        <time>2026-04-05T08:47:05.000Z</time>
        <extensions>
          <ns3:TrackPointExtension>
            <ns3:hr>170</ns3:hr>
            <ns3:cad>78</ns3:cad>
          </ns3:TrackPointExtension>
        </extensions>
      </trkpt>
      <trkpt lat="49.0584000013768672943115234375" lon="15.01794987358152866363525390625">
        <ele>556</ele>
        <time>2026-04-05T08:47:06.000Z</time>
        <extensions>
          <ns3:TrackPointExtension>
            <ns3:hr>170</ns3:hr>
            <ns3:cad>78</ns3:cad>
          </ns3:TrackPointExtension>
        </extensions>
      </trkpt>
      <trkpt lat="49.05836664140224456787109375" lon="15.01793210394680500030517578125">
        <ele>555.79998779296875</ele>
        <time>2026-04-05T08:47:07.000Z</time>
        <extensions>
          <ns3:TrackPointExtension>
            <ns3:hr>170</ns3:hr>
            <ns3:cad>80</ns3:cad>
          </ns3:TrackPointExtension>
        </extensions>
      </trkpt>
      <trkpt lat="49.0583319403231143951416015625" lon="15.01791500486433506011962890625">
        <ele>555.79998779296875</ele>
        <time>2026-04-05T08:47:08.000Z</time>
        <extensions>
          <ns3:TrackPointExtension>
            <ns3:hr>169</ns3:hr>
            <ns3:cad>80</ns3:cad>
          </ns3:TrackPointExtension>
        </extensions>
      </trkpt>
      <trkpt lat="49.058313667774200439453125" lon="15.0178906135261058807373046875">
        <ele>555.5999755859375</ele>
        <time>2026-04-05T08:47:09.000Z</time>
        <extensions>
          <ns3:TrackPointExtension>
            <ns3:hr>169</ns3:hr>
            <ns3:cad>77</ns3:cad>
          </ns3:TrackPointExtension>
        </extensions>
      </trkpt>
      <trkpt lat="49.058298580348491668701171875" lon="15.0178661383688449859619140625">
        <ele>555.4000244140625</ele>
        <time>2026-04-05T08:47:10.000Z</time>
        <extensions>
          <ns3:TrackPointExtension>
            <ns3:hr>169</ns3:hr>
            <ns3:cad>77</ns3:cad>
          </ns3:TrackPointExtension>
        </extensions>
      </trkpt>
      <trkpt lat="49.058283828198909759521484375" lon="15.01784191466867923736572265625">
        <ele>555.4000244140625</ele>
        <time>2026-04-05T08:47:11.000Z</time>
        <extensions>
          <ns3:TrackPointExtension>
            <ns3:hr>168</ns3:hr>
            <ns3:cad>76</ns3:cad>
          </ns3:TrackPointExtension>
        </extensions>
      </trkpt>
      <trkpt lat="49.05827502720057964324951171875" lon="15.017814338207244873046875">
        <ele>555.4000244140625</ele>
        <time>2026-04-05T08:47:12.000Z</time>
        <extensions>
          <ns3:TrackPointExtension>
            <ns3:hr>168</ns3:hr>
            <ns3:cad>76</ns3:cad>
          </ns3:TrackPointExtension>
        </extensions>
      </trkpt>
      <trkpt lat="49.0582605265080928802490234375" lon="15.01778743229806423187255859375">
        <ele>555.4000244140625</ele>
        <time>2026-04-05T08:47:13.000Z</time>
        <extensions>
          <ns3:TrackPointExtension>
            <ns3:hr>168</ns3:hr>
            <ns3:cad>76</ns3:cad>
          </ns3:TrackPointExtension>
        </extensions>
      </trkpt>
      <trkpt lat="49.05824334360659122467041015625" lon="15.017757676541805267333984375">
        <ele>555.4000244140625</ele>
        <time>2026-04-05T08:47:14.000Z</time>
        <extensions>
          <ns3:TrackPointExtension>
            <ns3:hr>168</ns3:hr>
            <ns3:cad>76</ns3:cad>
          </ns3:TrackPointExtension>
        </extensions>
      </trkpt>
      <trkpt lat="49.05822926200926303863525390625" lon="15.0177333690226078033447265625">
        <ele>555.20001220703125</ele>
        <time>2026-04-05T08:47:15.000Z</time>
        <extensions>
          <ns3:TrackPointExtension>
            <ns3:hr>168</ns3:hr>
            <ns3:cad>75</ns3:cad>
          </ns3:TrackPointExtension>
        </extensions>
      </trkpt>
      <trkpt lat="49.05820713378489017486572265625" lon="15.01770763657987117767333984375">
        <ele>555.20001220703125</ele>
        <time>2026-04-05T08:47:16.000Z</time>
        <extensions>
          <ns3:TrackPointExtension>
            <ns3:hr>167</ns3:hr>
            <ns3:cad>75</ns3:cad>
          </ns3:TrackPointExtension>
        </extensions>
      </trkpt>
      <trkpt lat="49.05819104053080081939697265625" lon="15.0176860950887203216552734375">
        <ele>555</ele>
        <time>2026-04-05T08:47:17.000Z</time>
        <extensions>
          <ns3:TrackPointExtension>
            <ns3:hr>168</ns3:hr>
            <ns3:cad>75</ns3:cad>
          </ns3:TrackPointExtension>
        </extensions>
      </trkpt>
      <trkpt lat="49.05816371552646160125732421875" lon="15.0176710076630115509033203125">
        <ele>555</ele>
        <time>2026-04-05T08:47:18.000Z</time>
        <extensions>
          <ns3:TrackPointExtension>
            <ns3:hr>168</ns3:hr>
            <ns3:cad>72</ns3:cad>
          </ns3:TrackPointExtension>
        </extensions>
      </trkpt>
      <trkpt lat="49.05814091674983501434326171875" lon="15.01765516586601734161376953125">
        <ele>555</ele>
        <time>2026-04-05T08:47:19.000Z</time>
        <extensions>
          <ns3:TrackPointExtension>
            <ns3:hr>167</ns3:hr>
            <ns3:cad>72</ns3:cad>
          </ns3:TrackPointExtension>
        </extensions>
      </trkpt>
      <trkpt lat="49.05811585485935211181640625" lon="15.017632283270359039306640625">
        <ele>555</ele>
        <time>2026-04-05T08:47:20.000Z</time>
        <extensions>
          <ns3:TrackPointExtension>
            <ns3:hr>167</ns3:hr>
            <ns3:cad>72</ns3:cad>
          </ns3:TrackPointExtension>
        </extensions>
      </trkpt>
      <trkpt lat="49.0580999292433261871337890625" lon="15.0175989232957363128662109375">
        <ele>555</ele>
        <time>2026-04-05T08:47:21.000Z</time>
        <extensions>
          <ns3:TrackPointExtension>
            <ns3:hr>167</ns3:hr>
            <ns3:cad>72</ns3:cad>
          </ns3:TrackPointExtension>
        </extensions>
      </trkpt>
      <trkpt lat="49.0580861829221248626708984375" lon="15.01756464131176471710205078125">
        <ele>555.20001220703125</ele>
        <time>2026-04-05T08:47:22.000Z</time>
        <extensions>
          <ns3:TrackPointExtension>
            <ns3:hr>167</ns3:hr>
            <ns3:cad>72</ns3:cad>
          </ns3:TrackPointExtension>
        </extensions>
      </trkpt>
      <trkpt lat="49.05807671137154102325439453125" lon="15.017516948282718658447265625">
        <ele>555.20001220703125</ele>
        <time>2026-04-05T08:47:23.000Z</time>
        <extensions>
          <ns3:TrackPointExtension>
            <ns3:hr>166</ns3:hr>
            <ns3:cad>72</ns3:cad>
          </ns3:TrackPointExtension>
        </extensions>
      </trkpt>
      <trkpt lat="49.05808693729341030120849609375" lon="15.01746498048305511474609375">
        <ele>555</ele>
        <time>2026-04-05T08:47:24.000Z</time>
        <extensions>
          <ns3:TrackPointExtension>
            <ns3:hr>166</ns3:hr>
            <ns3:cad>75</ns3:cad>
          </ns3:TrackPointExtension>
        </extensions>
      </trkpt>
      <trkpt lat="49.05809582211077213287353515625" lon="15.017419718205928802490234375">
        <ele>554.5999755859375</ele>
        <time>2026-04-05T08:47:25.000Z</time>
        <extensions>
          <ns3:TrackPointExtension>
            <ns3:hr>166</ns3:hr>
            <ns3:cad>75</ns3:cad>
          </ns3:TrackPointExtension>
        </extensions>
      </trkpt>
      <trkpt lat="49.05810512602329254150390625" lon="15.01738560386002063751220703125">
        <ele>554.4000244140625</ele>
        <time>2026-04-05T08:47:26.000Z</time>
        <extensions>
          <ns3:TrackPointExtension>
            <ns3:hr>165</ns3:hr>
            <ns3:cad>75</ns3:cad>
          </ns3:TrackPointExtension>
        </extensions>
      </trkpt>
      <trkpt lat="49.05810906551778316497802734375" lon="15.01735140569508075714111328125">
        <ele>554.20001220703125</ele>
        <time>2026-04-05T08:47:27.000Z</time>
        <extensions>
          <ns3:TrackPointExtension>
            <ns3:hr>165</ns3:hr>
            <ns3:cad>75</ns3:cad>
          </ns3:TrackPointExtension>
        </extensions>
      </trkpt>
      <trkpt lat="49.05811719596385955810546875" lon="15.0173206441104412078857421875">
        <ele>554</ele>
        <time>2026-04-05T08:47:28.000Z</time>
        <extensions>
          <ns3:TrackPointExtension>
            <ns3:hr>165</ns3:hr>
            <ns3:cad>77</ns3:cad>
          </ns3:TrackPointExtension>
        </extensions>
      </trkpt>
      <trkpt lat="49.058120548725128173828125" lon="15.0172954984009265899658203125">
        <ele>553.79998779296875</ele>
        <time>2026-04-05T08:47:29.000Z</time>
        <extensions>
          <ns3:TrackPointExtension>
            <ns3:hr>164</ns3:hr>
            <ns3:cad>77</ns3:cad>
          </ns3:TrackPointExtension>
        </extensions>
      </trkpt>
      <trkpt lat="49.05812867917120456695556640625" lon="15.01726322807371616363525390625">
        <ele>553.79998779296875</ele>
        <time>2026-04-05T08:47:30.000Z</time>
        <extensions>
          <ns3:TrackPointExtension>
            <ns3:hr>164</ns3:hr>
            <ns3:cad>78</ns3:cad>
          </ns3:TrackPointExtension>
        </extensions>
      </trkpt>
      <trkpt lat="49.0581368096172809600830078125" lon="15.0172157026827335357666015625">
        <ele>553.5999755859375</ele>
        <time>2026-04-05T08:47:31.000Z</time>
        <extensions>
          <ns3:TrackPointExtension>
            <ns3:hr>164</ns3:hr>
            <ns3:cad>78</ns3:cad>
          </ns3:TrackPointExtension>
        </extensions>
      </trkpt>
      <trkpt lat="49.05813739635050296783447265625" lon="15.01717722974717617034912109375">
        <ele>553.4000244140625</ele>
        <time>2026-04-05T08:47:32.000Z</time>
        <extensions>
          <ns3:TrackPointExtension>
            <ns3:hr>164</ns3:hr>
            <ns3:cad>0</ns3:cad>
          </ns3:TrackPointExtension>
        </extensions>
      </trkpt>
      <trkpt lat="49.05813463032245635986328125" lon="15.01713884063065052032470703125">
        <ele>553.20001220703125</ele>
        <time>2026-04-05T08:47:33.000Z</time>
        <extensions>
          <ns3:TrackPointExtension>
            <ns3:hr>163</ns3:hr>
            <ns3:cad>0</ns3:cad>
          </ns3:TrackPointExtension>
        </extensions>
      </trkpt>
      <trkpt lat="49.05812398530542850494384765625" lon="15.0170807540416717529296875">
        <ele>553</ele>
        <time>2026-04-05T08:47:34.000Z</time>
        <extensions>
          <ns3:TrackPointExtension>
            <ns3:hr>163</ns3:hr>
            <ns3:cad>0</ns3:cad>
          </ns3:TrackPointExtension>
        </extensions>
      </trkpt>
      <trkpt lat="49.058105461299419403076171875" lon="15.01703943125903606414794921875">
        <ele>552.79998779296875</ele>
        <time>2026-04-05T08:47:35.000Z</time>
        <extensions>
          <ns3:TrackPointExtension>
            <ns3:hr>163</ns3:hr>
            <ns3:cad>0</ns3:cad>
          </ns3:TrackPointExtension>
        </extensions>
      </trkpt>
      <trkpt lat="49.05808794312179088592529296875" lon="15.01698997803032398223876953125">
        <ele>552.5999755859375</ele>
        <time>2026-04-05T08:47:36.000Z</time>
        <extensions>
          <ns3:TrackPointExtension>
            <ns3:hr>163</ns3:hr>
            <ns3:cad>0</ns3:cad>
          </ns3:TrackPointExtension>
        </extensions>
      </trkpt>
      <trkpt lat="49.0580774657428264617919921875" lon="15.01693750731647014617919921875">
        <ele>552.5999755859375</ele>
        <time>2026-04-05T08:47:37.000Z</time>
        <extensions>
          <ns3:TrackPointExtension>
            <ns3:hr>163</ns3:hr>
            <ns3:cad>0</ns3:cad>
          </ns3:TrackPointExtension>
        </extensions>
      </trkpt>
      <trkpt lat="49.058076627552509307861328125" lon="15.01689308322966098785400390625">
        <ele>552.4000244140625</ele>
        <time>2026-04-05T08:47:38.000Z</time>
        <extensions>
          <ns3:TrackPointExtension>
            <ns3:hr>163</ns3:hr>
            <ns3:cad>0</ns3:cad>
          </ns3:TrackPointExtension>
        </extensions>
      </trkpt>
      <trkpt lat="49.05808073468506336212158203125" lon="15.0168489105999469757080078125">
        <ele>552.4000244140625</ele>
        <time>2026-04-05T08:47:39.000Z</time>
        <extensions>
          <ns3:TrackPointExtension>
            <ns3:hr>163</ns3:hr>
            <ns3:cad>0</ns3:cad>
          </ns3:TrackPointExtension>
        </extensions>
      </trkpt>
      <trkpt lat="49.058083333075046539306640625" lon="15.0167982839047908782958984375">
        <ele>552.4000244140625</ele>
        <time>2026-04-05T08:47:40.000Z</time>
        <extensions>
          <ns3:TrackPointExtension>
            <ns3:hr>163</ns3:hr>
            <ns3:cad>76</ns3:cad>
          </ns3:TrackPointExtension>
        </extensions>
      </trkpt>
      <trkpt lat="49.058092050254344940185546875" lon="15.01675427891314029693603515625">
        <ele>552.4000244140625</ele>
        <time>2026-04-05T08:47:41.000Z</time>
        <extensions>
          <ns3:TrackPointExtension>
            <ns3:hr>163</ns3:hr>
            <ns3:cad>76</ns3:cad>
          </ns3:TrackPointExtension>
        </extensions>
      </trkpt>
      <trkpt lat="49.0580985881388187408447265625" lon="15.0167168118059635162353515625">
        <ele>552.20001220703125</ele>
        <time>2026-04-05T08:47:42.000Z</time>
        <extensions>
          <ns3:TrackPointExtension>
            <ns3:hr>163</ns3:hr>
            <ns3:cad>76</ns3:cad>
          </ns3:TrackPointExtension>
        </extensions>
      </trkpt>
      <trkpt lat="49.05810269527137279510498046875" lon="15.0166765786707401275634765625">
        <ele>552</ele>
        <time>2026-04-05T08:47:43.000Z</time>
        <extensions>
          <ns3:TrackPointExtension>
            <ns3:hr>163</ns3:hr>
            <ns3:cad>76</ns3:cad>
          </ns3:TrackPointExtension>
        </extensions>
      </trkpt>
      <trkpt lat="49.058109819889068603515625" lon="15.01662586815655231475830078125">
        <ele>552</ele>
        <time>2026-04-05T08:47:44.000Z</time>
        <extensions>
          <ns3:TrackPointExtension>
            <ns3:hr>163</ns3:hr>
            <ns3:cad>76</ns3:cad>
          </ns3:TrackPointExtension>
        </extensions>
      </trkpt>
      <trkpt lat="49.0581062994897365570068359375" lon="15.01657716929912567138671875">
        <ele>552</ele>
        <time>2026-04-05T08:47:45.000Z</time>
        <extensions>
          <ns3:TrackPointExtension>
            <ns3:hr>163</ns3:hr>
            <ns3:cad>76</ns3:cad>
          </ns3:TrackPointExtension>
        </extensions>
      </trkpt>
      <trkpt lat="49.05810219235718250274658203125" lon="15.01653769053518772125244140625">
        <ele>552</ele>
        <time>2026-04-05T08:47:46.000Z</time>
        <extensions>
          <ns3:TrackPointExtension>
            <ns3:hr>163</ns3:hr>
            <ns3:cad>76</ns3:cad>
          </ns3:TrackPointExtension>
        </extensions>
      </trkpt>
      <trkpt lat="49.05809967778623104095458984375" lon="15.0164928473532199859619140625">
        <ele>552</ele>
        <time>2026-04-05T08:47:47.000Z</time>
        <extensions>
          <ns3:TrackPointExtension>
            <ns3:hr>163</ns3:hr>
            <ns3:cad>76</ns3:cad>
          </ns3:TrackPointExtension>
        </extensions>
      </trkpt>
      <trkpt lat="49.0580949001014232635498046875" lon="15.01642704941332340240478515625">
        <ele>552</ele>
        <time>2026-04-05T08:47:48.000Z</time>
        <extensions>
          <ns3:TrackPointExtension>
            <ns3:hr>162</ns3:hr>
            <ns3:cad>76</ns3:cad>
          </ns3:TrackPointExtension>
        </extensions>
      </trkpt>
      <trkpt lat="49.05808274634182453155517578125" lon="15.01637793146073818206787109375">
        <ele>552</ele>
        <time>2026-04-05T08:47:49.000Z</time>
        <extensions>
          <ns3:TrackPointExtension>
            <ns3:hr>163</ns3:hr>
            <ns3:cad>76</ns3:cad>
          </ns3:TrackPointExtension>
        </extensions>
      </trkpt>
      <trkpt lat="49.058065898716449737548828125" lon="15.01633048988878726959228515625">
        <ele>552</ele>
        <time>2026-04-05T08:47:50.000Z</time>
        <extensions>
          <ns3:TrackPointExtension>
            <ns3:hr>163</ns3:hr>
            <ns3:cad>76</ns3:cad>
          </ns3:TrackPointExtension>
        </extensions>
      </trkpt>
      <trkpt lat="49.0580472908914089202880859375" lon="15.0162625126540660858154296875">
        <ele>551.79998779296875</ele>
        <time>2026-04-05T08:47:51.000Z</time>
        <extensions>
          <ns3:TrackPointExtension>
            <ns3:hr>163</ns3:hr>
            <ns3:cad>76</ns3:cad>
          </ns3:TrackPointExtension>
        </extensions>
      </trkpt>
      <trkpt lat="49.058032371103763580322265625" lon="15.016206018626689910888671875">
        <ele>551.79998779296875</ele>
        <time>2026-04-05T08:47:52.000Z</time>
        <extensions>
          <ns3:TrackPointExtension>
            <ns3:hr>163</ns3:hr>
            <ns3:cad>75</ns3:cad>
          </ns3:TrackPointExtension>
        </extensions>
      </trkpt>
      <trkpt lat="49.05801652930676937103271484375" lon="15.016163103282451629638671875">
        <ele>551.5999755859375</ele>
        <time>2026-04-05T08:47:53.000Z</time>
        <extensions>
          <ns3:TrackPointExtension>
            <ns3:hr>164</ns3:hr>
            <ns3:cad>78</ns3:cad>
          </ns3:TrackPointExtension>
        </extensions>
      </trkpt>
      <trkpt lat="49.05800580047070980072021484375" lon="15.01613058149814605712890625">
        <ele>551.4000244140625</ele>
        <time>2026-04-05T08:47:54.000Z</time>
        <extensions>
          <ns3:TrackPointExtension>
            <ns3:hr>164</ns3:hr>
            <ns3:cad>78</ns3:cad>
          </ns3:TrackPointExtension>
        </extensions>
      </trkpt>
      <trkpt lat="49.058003537356853485107421875" lon="15.01607819460332393646240234375">
        <ele>551.20001220703125</ele>
        <time>2026-04-05T08:47:55.000Z</time>
        <extensions>
          <ns3:TrackPointExtension>
            <ns3:hr>165</ns3:hr>
            <ns3:cad>78</ns3:cad>
          </ns3:TrackPointExtension>
        </extensions>
      </trkpt>
      <trkpt lat="49.058024995028972625732421875" lon="15.016027987003326416015625">
        <ele>551</ele>
        <time>2026-04-05T08:47:56.000Z</time>
        <extensions>
          <ns3:TrackPointExtension>
            <ns3:hr>165</ns3:hr>
            <ns3:cad>77</ns3:cad>
          </ns3:TrackPointExtension>
        </extensions>
      </trkpt>
      <trkpt lat="49.05802859924733638763427734375" lon="15.0159919448196887969970703125">
        <ele>551</ele>
        <time>2026-04-05T08:47:57.000Z</time>
        <extensions>
          <ns3:TrackPointExtension>
            <ns3:hr>165</ns3:hr>
            <ns3:cad>76</ns3:cad>
          </ns3:TrackPointExtension>
        </extensions>
      </trkpt>
      <trkpt lat="49.058020971715450286865234375" lon="15.0159460119903087615966796875">
        <ele>550.79998779296875</ele>
        <time>2026-04-05T08:47:58.000Z</time>
        <extensions>
          <ns3:TrackPointExtension>
            <ns3:hr>165</ns3:hr>
            <ns3:cad>76</ns3:cad>
          </ns3:TrackPointExtension>
        </extensions>
      </trkpt>
      <trkpt lat="49.05800915323197841644287109375" lon="15.01589999534189701080322265625">
        <ele>550.5999755859375</ele>
        <time>2026-04-05T08:47:59.000Z</time>
        <extensions>
          <ns3:TrackPointExtension>
            <ns3:hr>165</ns3:hr>
            <ns3:cad>76</ns3:cad>
          </ns3:TrackPointExtension>
        </extensions>
      </trkpt>
      <trkpt lat="49.0579980053007602691650390625" lon="15.0158598460257053375244140625">
        <ele>550.5999755859375</ele>
        <time>2026-04-05T08:48:00.000Z</time>
        <extensions>
          <ns3:TrackPointExtension>
            <ns3:hr>166</ns3:hr>
            <ns3:cad>76</ns3:cad>
          </ns3:TrackPointExtension>
        </extensions>
      </trkpt>
      <trkpt lat="49.05797964893281459808349609375" lon="15.01581617631018161773681640625">
        <ele>550.5999755859375</ele>
        <time>2026-04-05T08:48:01.000Z</time>
        <extensions>
          <ns3:TrackPointExtension>
            <ns3:hr>166</ns3:hr>
            <ns3:cad>75</ns3:cad>
          </ns3:TrackPointExtension>
        </extensions>
      </trkpt>
      <trkpt lat="49.05796707607805728912353515625" lon="15.01577024348080158233642578125">
        <ele>550.4000244140625</ele>
        <time>2026-04-05T08:48:02.000Z</time>
        <extensions>
          <ns3:TrackPointExtension>
            <ns3:hr>166</ns3:hr>
            <ns3:cad>75</ns3:cad>
          </ns3:TrackPointExtension>
        </extensions>
      </trkpt>
      <trkpt lat="49.05797394923865795135498046875" lon="15.01573235727846622467041015625">
        <ele>550.4000244140625</ele>
        <time>2026-04-05T08:48:03.000Z</time>
        <extensions>
          <ns3:TrackPointExtension>
            <ns3:hr>166</ns3:hr>
            <ns3:cad>75</ns3:cad>
          </ns3:TrackPointExtension>
        </extensions>
      </trkpt>
      <trkpt lat="49.0579674951732158660888671875" lon="15.0156868435442447662353515625">
        <ele>550.4000244140625</ele>
        <time>2026-04-05T08:48:04.000Z</time>
        <extensions>
          <ns3:TrackPointExtension>
            <ns3:hr>166</ns3:hr>
            <ns3:cad>75</ns3:cad>
          </ns3:TrackPointExtension>
        </extensions>
      </trkpt>
      <trkpt lat="49.0579587779939174652099609375" lon="15.01564015634357929229736328125">
        <ele>550.20001220703125</ele>
        <time>2026-04-05T08:48:05.000Z</time>
        <extensions>
          <ns3:TrackPointExtension>
            <ns3:hr>166</ns3:hr>
            <ns3:cad>78</ns3:cad>
          </ns3:TrackPointExtension>
        </extensions>
      </trkpt>
      <trkpt lat="49.0579457022249698638916015625" lon="15.01559489406645298004150390625">
        <ele>550.20001220703125</ele>
        <time>2026-04-05T08:48:06.000Z</time>
        <extensions>
          <ns3:TrackPointExtension>
            <ns3:hr>166</ns3:hr>
            <ns3:cad>78</ns3:cad>
          </ns3:TrackPointExtension>
        </extensions>
      </trkpt>
      <trkpt lat="49.05793203972280025482177734375" lon="15.01554979942739009857177734375">
        <ele>550</ele>
        <time>2026-04-05T08:48:07.000Z</time>
        <extensions>
          <ns3:TrackPointExtension>
            <ns3:hr>167</ns3:hr>
            <ns3:cad>78</ns3:cad>
          </ns3:TrackPointExtension>
        </extensions>
      </trkpt>
      <trkpt lat="49.05792273581027984619140625" lon="15.01550185494124889373779296875">
        <ele>549.79998779296875</ele>
        <time>2026-04-05T08:48:08.000Z</time>
        <extensions>
          <ns3:TrackPointExtension>
            <ns3:hr>166</ns3:hr>
            <ns3:cad>78</ns3:cad>
          </ns3:TrackPointExtension>
        </extensions>
      </trkpt>
      <trkpt lat="49.05791745521128177642822265625" lon="15.01545726321637630462646484375">
        <ele>549.5999755859375</ele>
        <time>2026-04-05T08:48:09.000Z</time>
        <extensions>
          <ns3:TrackPointExtension>
            <ns3:hr>166</ns3:hr>
            <ns3:cad>78</ns3:cad>
          </ns3:TrackPointExtension>
        </extensions>
      </trkpt>
      <trkpt lat="49.057921059429645538330078125" lon="15.01541518606245517730712890625">
        <ele>549.4000244140625</ele>
        <time>2026-04-05T08:48:10.000Z</time>
        <extensions>
          <ns3:TrackPointExtension>
            <ns3:hr>167</ns3:hr>
            <ns3:cad>78</ns3:cad>
          </ns3:TrackPointExtension>
        </extensions>
      </trkpt>
      <trkpt lat="49.05792349018156528472900390625" lon="15.01537327654659748077392578125">
        <ele>549.4000244140625</ele>
        <time>2026-04-05T08:48:11.000Z</time>
        <extensions>
          <ns3:TrackPointExtension>
            <ns3:hr>167</ns3:hr>
            <ns3:cad>77</ns3:cad>
          </ns3:TrackPointExtension>
        </extensions>
      </trkpt>
      <trkpt lat="49.05792885459959506988525390625" lon="15.0153321214020252227783203125">
        <ele>549.4000244140625</ele>
        <time>2026-04-05T08:48:12.000Z</time>
        <extensions>
          <ns3:TrackPointExtension>
            <ns3:hr>167</ns3:hr>
            <ns3:cad>77</ns3:cad>
          </ns3:TrackPointExtension>
        </extensions>
      </trkpt>
      <trkpt lat="49.0579386614263057708740234375" lon="15.01528794877231121063232421875">
        <ele>549.4000244140625</ele>
        <time>2026-04-05T08:48:13.000Z</time>
        <extensions>
          <ns3:TrackPointExtension>
            <ns3:hr>166</ns3:hr>
            <ns3:cad>77</ns3:cad>
          </ns3:TrackPointExtension>
        </extensions>
      </trkpt>
      <trkpt lat="49.0579389967024326324462890625" lon="15.01525609754025936126708984375">
        <ele>549.20001220703125</ele>
        <time>2026-04-05T08:48:14.000Z</time>
        <extensions>
          <ns3:TrackPointExtension>
            <ns3:hr>167</ns3:hr>
            <ns3:cad>77</ns3:cad>
          </ns3:TrackPointExtension>
        </extensions>
      </trkpt>
      <trkpt lat="49.05792986042797565460205078125" lon="15.01521326601505279541015625">
        <ele>549.20001220703125</ele>
        <time>2026-04-05T08:48:15.000Z</time>
        <extensions>
          <ns3:TrackPointExtension>
            <ns3:hr>167</ns3:hr>
            <ns3:cad>77</ns3:cad>
          </ns3:TrackPointExtension>
        </extensions>
      </trkpt>
      <trkpt lat="49.05791745521128177642822265625" lon="15.01517160795629024505615234375">
        <ele>549</ele>
        <time>2026-04-05T08:48:16.000Z</time>
        <extensions>
          <ns3:TrackPointExtension>
            <ns3:hr>166</ns3:hr>
            <ns3:cad>77</ns3:cad>
          </ns3:TrackPointExtension>
        </extensions>
      </trkpt>
      <trkpt lat="49.05790806747972965240478515625" lon="15.01512743532657623291015625">
        <ele>549</ele>
        <time>2026-04-05T08:48:17.000Z</time>
        <extensions>
          <ns3:TrackPointExtension>
            <ns3:hr>167</ns3:hr>
            <ns3:cad>77</ns3:cad>
          </ns3:TrackPointExtension>
        </extensions>
      </trkpt>
      <trkpt lat="49.05789834447205066680908203125" lon="15.01509181223809719085693359375">
        <ele>548.79998779296875</ele>
        <time>2026-04-05T08:48:18.000Z</time>
        <extensions>
          <ns3:TrackPointExtension>
            <ns3:hr>166</ns3:hr>
            <ns3:cad>77</ns3:cad>
          </ns3:TrackPointExtension>
        </extensions>
      </trkpt>
      <trkpt lat="49.05788786709308624267578125" lon="15.0150501541793346405029296875">
        <ele>548.5999755859375</ele>
        <time>2026-04-05T08:48:19.000Z</time>
        <extensions>
          <ns3:TrackPointExtension>
            <ns3:hr>166</ns3:hr>
            <ns3:cad>74</ns3:cad>
          </ns3:TrackPointExtension>
        </extensions>
      </trkpt>
      <trkpt lat="49.057892225682735443115234375" lon="15.01500195823609828948974609375">
        <ele>548.5999755859375</ele>
        <time>2026-04-05T08:48:20.000Z</time>
        <extensions>
          <ns3:TrackPointExtension>
            <ns3:hr>166</ns3:hr>
            <ns3:cad>74</ns3:cad>
          </ns3:TrackPointExtension>
        </extensions>
      </trkpt>
      <trkpt lat="49.0578876994550228118896484375" lon="15.01495585776865482330322265625">
        <ele>548.5999755859375</ele>
        <time>2026-04-05T08:48:21.000Z</time>
        <extensions>
          <ns3:TrackPointExtension>
            <ns3:hr>166</ns3:hr>
            <ns3:cad>76</ns3:cad>
          </ns3:TrackPointExtension>
        </extensions>
      </trkpt>
      <trkpt lat="49.05787956900894641876220703125" lon="15.01492358744144439697265625">
        <ele>548.4000244140625</ele>
        <time>2026-04-05T08:48:22.000Z</time>
        <extensions>
          <ns3:TrackPointExtension>
            <ns3:hr>167</ns3:hr>
            <ns3:cad>76</ns3:cad>
          </ns3:TrackPointExtension>
        </extensions>
      </trkpt>
      <trkpt lat="49.0578779764473438262939453125" lon="15.014898777008056640625">
        <ele>548.5999755859375</ele>
        <time>2026-04-05T08:48:23.000Z</time>
        <extensions>
          <ns3:TrackPointExtension>
            <ns3:hr>166</ns3:hr>
            <ns3:cad>76</ns3:cad>
          </ns3:TrackPointExtension>
        </extensions>
      </trkpt>
      <trkpt lat="49.05787856318056583404541015625" lon="15.0148543529212474822998046875">
        <ele>548.4000244140625</ele>
        <time>2026-04-05T08:48:24.000Z</time>
        <extensions>
          <ns3:TrackPointExtension>
            <ns3:hr>165</ns3:hr>
            <ns3:cad>76</ns3:cad>
          </ns3:TrackPointExtension>
        </extensions>
      </trkpt>
      <trkpt lat="49.05788124538958072662353515625" lon="15.01481001265347003936767578125">
        <ele>548.4000244140625</ele>
        <time>2026-04-05T08:48:25.000Z</time>
        <extensions>
          <ns3:TrackPointExtension>
            <ns3:hr>165</ns3:hr>
            <ns3:cad>79</ns3:cad>
          </ns3:TrackPointExtension>
        </extensions>
      </trkpt>
      <trkpt lat="49.05787579715251922607421875" lon="15.01475335098803043365478515625">
        <ele>548.20001220703125</ele>
        <time>2026-04-05T08:48:26.000Z</time>
        <extensions>
          <ns3:TrackPointExtension>
            <ns3:hr>164</ns3:hr>
            <ns3:cad>79</ns3:cad>
          </ns3:TrackPointExtension>
        </extensions>
      </trkpt>
      <trkpt lat="49.0578722767531871795654296875" lon="15.0147018022835254669189453125">
        <ele>548</ele>
        <time>2026-04-05T08:48:27.000Z</time>
        <extensions>
          <ns3:TrackPointExtension>
            <ns3:hr>164</ns3:hr>
            <ns3:cad>77</ns3:cad>
          </ns3:TrackPointExtension>
        </extensions>
      </trkpt>
      <trkpt lat="49.05786900781095027923583984375" lon="15.01465134322643280029296875">
        <ele>547.79998779296875</ele>
        <time>2026-04-05T08:48:28.000Z</time>
        <extensions>
          <ns3:TrackPointExtension>
            <ns3:hr>164</ns3:hr>
            <ns3:cad>77</ns3:cad>
          </ns3:TrackPointExtension>
        </extensions>
      </trkpt>
      <trkpt lat="49.0578602068126201629638671875" lon="15.014603398740291595458984375">
        <ele>547.5999755859375</ele>
        <time>2026-04-05T08:48:29.000Z</time>
        <extensions>
          <ns3:TrackPointExtension>
            <ns3:hr>164</ns3:hr>
            <ns3:cad>77</ns3:cad>
          </ns3:TrackPointExtension>
        </extensions>
      </trkpt>
      <trkpt lat="49.0578545071184635162353515625" lon="15.0145418755710124969482421875">
        <ele>547.5999755859375</ele>
        <time>2026-04-05T08:48:30.000Z</time>
        <extensions>
          <ns3:TrackPointExtension>
            <ns3:hr>164</ns3:hr>
            <ns3:cad>77</ns3:cad>
          </ns3:TrackPointExtension>
        </extensions>
      </trkpt>
      <trkpt lat="49.05784654431045055389404296875" lon="15.01449300907552242279052734375">
        <ele>547.4000244140625</ele>
        <time>2026-04-05T08:48:31.000Z</time>
        <extensions>
          <ns3:TrackPointExtension>
            <ns3:hr>164</ns3:hr>
            <ns3:cad>78</ns3:cad>
          </ns3:TrackPointExtension>
        </extensions>
      </trkpt>
      <trkpt lat="49.05784520320594310760498046875" lon="15.01444992609322071075439453125">
        <ele>547.20001220703125</ele>
        <time>2026-04-05T08:48:32.000Z</time>
        <extensions>
          <ns3:TrackPointExtension>
            <ns3:hr>164</ns3:hr>
            <ns3:cad>78</ns3:cad>
          </ns3:TrackPointExtension>
        </extensions>
      </trkpt>
      <trkpt lat="49.057856686413288116455078125" lon="15.01440064050257205963134765625">
        <ele>547.20001220703125</ele>
        <time>2026-04-05T08:48:33.000Z</time>
        <extensions>
          <ns3:TrackPointExtension>
            <ns3:hr>164</ns3:hr>
            <ns3:cad>78</ns3:cad>
          </ns3:TrackPointExtension>
        </extensions>
      </trkpt>
      <trkpt lat="49.0578662417829036712646484375" lon="15.0143690407276153564453125">
        <ele>547.20001220703125</ele>
        <time>2026-04-05T08:48:34.000Z</time>
        <extensions>
          <ns3:TrackPointExtension>
            <ns3:hr>164</ns3:hr>
            <ns3:cad>78</ns3:cad>
          </ns3:TrackPointExtension>
        </extensions>
      </trkpt>
      <trkpt lat="49.0578766353428363800048828125" lon="15.01432822085916996002197265625">
        <ele>547</ele>
        <time>2026-04-05T08:48:35.000Z</time>
        <extensions>
          <ns3:TrackPointExtension>
            <ns3:hr>164</ns3:hr>
            <ns3:cad>80</ns3:cad>
          </ns3:TrackPointExtension>
        </extensions>
      </trkpt>
      <trkpt lat="49.05787537805736064910888671875" lon="15.0142974592745304107666015625">
        <ele>547.20001220703125</ele>
        <time>2026-04-05T08:48:36.000Z</time>
        <extensions>
          <ns3:TrackPointExtension>
            <ns3:hr>164</ns3:hr>
            <ns3:cad>80</ns3:cad>
          </ns3:TrackPointExtension>
        </extensions>
      </trkpt>
      <trkpt lat="49.05787018127739429473876953125" lon="15.014250017702579498291015625">
        <ele>547.20001220703125</ele>
        <time>2026-04-05T08:48:37.000Z</time>
        <extensions>
          <ns3:TrackPointExtension>
            <ns3:hr>164</ns3:hr>
            <ns3:cad>80</ns3:cad>
          </ns3:TrackPointExtension>
        </extensions>
      </trkpt>
      <trkpt lat="49.0578602068126201629638671875" lon="15.01420567743480205535888671875">
        <ele>547</ele>
        <time>2026-04-05T08:48:38.000Z</time>
        <extensions>
          <ns3:TrackPointExtension>
            <ns3:hr>163</ns3:hr>
            <ns3:cad>80</ns3:cad>
          </ns3:TrackPointExtension>
        </extensions>
      </trkpt>
      <trkpt lat="49.05785593204200267791748046875" lon="15.01415781676769256591796875">
        <ele>546.79998779296875</ele>
        <time>2026-04-05T08:48:39.000Z</time>
        <extensions>
          <ns3:TrackPointExtension>
            <ns3:hr>163</ns3:hr>
            <ns3:cad>77</ns3:cad>
          </ns3:TrackPointExtension>
        </extensions>
      </trkpt>
      <trkpt lat="49.05786909162998199462890625" lon="15.0141048431396484375">
        <ele>546.5999755859375</ele>
        <time>2026-04-05T08:48:40.000Z</time>
        <extensions>
          <ns3:TrackPointExtension>
            <ns3:hr>163</ns3:hr>
            <ns3:cad>77</ns3:cad>
          </ns3:TrackPointExtension>
        </extensions>
      </trkpt>
      <trkpt lat="49.05789197422564029693603515625" lon="15.01405966468155384063720703125">
        <ele>546.4000244140625</ele>
        <time>2026-04-05T08:48:41.000Z</time>
        <extensions>
          <ns3:TrackPointExtension>
            <ns3:hr>163</ns3:hr>
            <ns3:cad>76</ns3:cad>
          </ns3:TrackPointExtension>
        </extensions>
      </trkpt>
      <trkpt lat="49.0579031221568584442138671875" lon="15.0140205211937427520751953125">
        <ele>546.20001220703125</ele>
        <time>2026-04-05T08:48:42.000Z</time>
        <extensions>
          <ns3:TrackPointExtension>
            <ns3:hr>163</ns3:hr>
            <ns3:cad>76</ns3:cad>
          </ns3:TrackPointExtension>
        </extensions>
      </trkpt>
      <trkpt lat="49.0579168684780597686767578125" lon="15.01398154534399509429931640625">
        <ele>546.20001220703125</ele>
        <time>2026-04-05T08:48:43.000Z</time>
        <extensions>
          <ns3:TrackPointExtension>
            <ns3:hr>163</ns3:hr>
            <ns3:cad>75</ns3:cad>
          </ns3:TrackPointExtension>
        </extensions>
      </trkpt>
      <trkpt lat="49.0579306147992610931396484375" lon="15.013935863971710205078125">
        <ele>546.20001220703125</ele>
        <time>2026-04-05T08:48:44.000Z</time>
        <extensions>
          <ns3:TrackPointExtension>
            <ns3:hr>163</ns3:hr>
            <ns3:cad>75</ns3:cad>
          </ns3:TrackPointExtension>
        </extensions>
      </trkpt>
      <trkpt lat="49.0579369850456714630126953125" lon="15.0138889253139495849609375">
        <ele>546.20001220703125</ele>
        <time>2026-04-05T08:48:45.000Z</time>
        <extensions>
          <ns3:TrackPointExtension>
            <ns3:hr>164</ns3:hr>
            <ns3:cad>77</ns3:cad>
          </ns3:TrackPointExtension>
        </extensions>
      </trkpt>
      <trkpt lat="49.0579386614263057708740234375" lon="15.01385581679642200469970703125">
        <ele>546</ele>
        <time>2026-04-05T08:48:46.000Z</time>
        <extensions>
          <ns3:TrackPointExtension>
            <ns3:hr>163</ns3:hr>
            <ns3:cad>77</ns3:cad>
          </ns3:TrackPointExtension>
        </extensions>
      </trkpt>
      <trkpt lat="49.0579356439411640167236328125" lon="15.0138103030622005462646484375">
        <ele>546</ele>
        <time>2026-04-05T08:48:47.000Z</time>
        <extensions>
          <ns3:TrackPointExtension>
            <ns3:hr>163</ns3:hr>
            <ns3:cad>76</ns3:cad>
          </ns3:TrackPointExtension>
        </extensions>
      </trkpt>
      <trkpt lat="49.0579376555979251861572265625" lon="15.0137596763670444488525390625">
        <ele>546</ele>
        <time>2026-04-05T08:48:48.000Z</time>
        <extensions>
          <ns3:TrackPointExtension>
            <ns3:hr>164</ns3:hr>
            <ns3:cad>76</ns3:cad>
          </ns3:TrackPointExtension>
        </extensions>
      </trkpt>
      <trkpt lat="49.05791963450610637664794921875" lon="15.01372673548758029937744140625">
        <ele>545.79998779296875</ele>
        <time>2026-04-05T08:48:49.000Z</time>
        <extensions>
          <ns3:TrackPointExtension>
            <ns3:hr>164</ns3:hr>
            <ns3:cad>76</ns3:cad>
          </ns3:TrackPointExtension>
        </extensions>
      </trkpt>
      <trkpt lat="49.05789859592914581298828125" lon="15.013675689697265625">
        <ele>545.5999755859375</ele>
        <time>2026-04-05T08:48:50.000Z</time>
        <extensions>
          <ns3:TrackPointExtension>
            <ns3:hr>164</ns3:hr>
            <ns3:cad>76</ns3:cad>
          </ns3:TrackPointExtension>
        </extensions>
      </trkpt>
      <trkpt lat="49.05787646770477294921875" lon="15.01364392228424549102783203125">
        <ele>545.5999755859375</ele>
        <time>2026-04-05T08:48:51.000Z</time>
        <extensions>
          <ns3:TrackPointExtension>
            <ns3:hr>164</ns3:hr>
            <ns3:cad>76</ns3:cad>
          </ns3:TrackPointExtension>
        </extensions>
      </trkpt>
      <trkpt lat="49.05784352682530879974365234375" lon="15.0136131606996059417724609375">
        <ele>545.20001220703125</ele>
        <time>2026-04-05T08:48:52.000Z</time>
        <extensions>
          <ns3:TrackPointExtension>
            <ns3:hr>165</ns3:hr>
            <ns3:cad>76</ns3:cad>
          </ns3:TrackPointExtension>
        </extensions>
      </trkpt>
      <trkpt lat="49.0578136034309864044189453125" lon="15.013610981404781341552734375">
        <ele>545</ele>
        <time>2026-04-05T08:48:53.000Z</time>
        <extensions>
          <ns3:TrackPointExtension>
            <ns3:hr>165</ns3:hr>
            <ns3:cad>76</ns3:cad>
          </ns3:TrackPointExtension>
        </extensions>
      </trkpt>
      <trkpt lat="49.05778418295085430145263671875" lon="15.013619028031826019287109375">
        <ele>544.79998779296875</ele>
        <time>2026-04-05T08:48:54.000Z</time>
        <extensions>
          <ns3:TrackPointExtension>
            <ns3:hr>165</ns3:hr>
            <ns3:cad>0</ns3:cad>
          </ns3:TrackPointExtension>
        </extensions>
      </trkpt>
      <trkpt lat="49.05775585211813449859619140625" lon="15.0136406533420085906982421875">
        <ele>544.5999755859375</ele>
        <time>2026-04-05T08:48:55.000Z</time>
        <extensions>
          <ns3:TrackPointExtension>
            <ns3:hr>165</ns3:hr>
            <ns3:cad>0</ns3:cad>
          </ns3:TrackPointExtension>
        </extensions>
      </trkpt>
      <trkpt lat="49.05770924873650074005126953125" lon="15.01364274881780147552490234375">
        <ele>544.4000244140625</ele>
        <time>2026-04-05T08:48:56.000Z</time>
        <extensions>
          <ns3:TrackPointExtension>
            <ns3:hr>165</ns3:hr>
            <ns3:cad>73</ns3:cad>
          </ns3:TrackPointExtension>
        </extensions>
      </trkpt>
      <trkpt lat="49.05767790041863918304443359375" lon="15.0136463530361652374267578125">
        <ele>544.4000244140625</ele>
        <time>2026-04-05T08:48:57.000Z</time>
        <extensions>
          <ns3:TrackPointExtension>
            <ns3:hr>165</ns3:hr>
            <ns3:cad>73</ns3:cad>
          </ns3:TrackPointExtension>
        </extensions>
      </trkpt>
      <trkpt lat="49.0576449595391750335693359375" lon="15.01365163363516330718994140625">
        <ele>544.4000244140625</ele>
        <time>2026-04-05T08:48:58.000Z</time>
        <extensions>
          <ns3:TrackPointExtension>
            <ns3:hr>165</ns3:hr>
            <ns3:cad>73</ns3:cad>
          </ns3:TrackPointExtension>
        </extensions>
      </trkpt>
      <trkpt lat="49.0576107613742351531982421875" lon="15.0136674754321575164794921875">
        <ele>544.4000244140625</ele>
        <time>2026-04-05T08:48:59.000Z</time>
        <extensions>
          <ns3:TrackPointExtension>
            <ns3:hr>166</ns3:hr>
            <ns3:cad>73</ns3:cad>
          </ns3:TrackPointExtension>
        </extensions>
      </trkpt>
      <trkpt lat="49.05758335255086421966552734375" lon="15.01366688869893550872802734375">
        <ele>544.4000244140625</ele>
        <time>2026-04-05T08:49:00.000Z</time>
        <extensions>
          <ns3:TrackPointExtension>
            <ns3:hr>165</ns3:hr>
            <ns3:cad>73</ns3:cad>
          </ns3:TrackPointExtension>
        </extensions>
      </trkpt>
      <trkpt lat="49.0575611405074596405029296875" lon="15.0136741809546947479248046875">
        <ele>544.4000244140625</ele>
        <time>2026-04-05T08:49:01.000Z</time>
        <extensions>
          <ns3:TrackPointExtension>
            <ns3:hr>166</ns3:hr>
            <ns3:cad>73</ns3:cad>
          </ns3:TrackPointExtension>
        </extensions>
      </trkpt>
      <trkpt lat="49.0575282834470272064208984375" lon="15.0136751867830753326416015625">
        <ele>544.4000244140625</ele>
        <time>2026-04-05T08:49:02.000Z</time>
        <extensions>
          <ns3:TrackPointExtension>
            <ns3:hr>166</ns3:hr>
            <ns3:cad>76</ns3:cad>
          </ns3:TrackPointExtension>
        </extensions>
      </trkpt>
      <trkpt lat="49.0574957616627216339111328125" lon="15.013667643070220947265625">
        <ele>544.4000244140625</ele>
        <time>2026-04-05T08:49:03.000Z</time>
        <extensions>
          <ns3:TrackPointExtension>
            <ns3:hr>166</ns3:hr>
            <ns3:cad>76</ns3:cad>
          </ns3:TrackPointExtension>
        </extensions>
      </trkpt>
      <trkpt lat="49.05747304670512676239013671875" lon="15.01366621814668178558349609375">
        <ele>544.4000244140625</ele>
        <time>2026-04-05T08:49:04.000Z</time>
        <extensions>
          <ns3:TrackPointExtension>
            <ns3:hr>166</ns3:hr>
            <ns3:cad>76</ns3:cad>
          </ns3:TrackPointExtension>
        </extensions>
      </trkpt>
      <trkpt lat="49.0574424527585506439208984375" lon="15.01366035081446170806884765625">
        <ele>544.5999755859375</ele>
        <time>2026-04-05T08:49:05.000Z</time>
        <extensions>
          <ns3:TrackPointExtension>
            <ns3:hr>167</ns3:hr>
            <ns3:cad>76</ns3:cad>
          </ns3:TrackPointExtension>
        </extensions>
      </trkpt>
      <trkpt lat="49.05741068534553050994873046875" lon="15.013640485703945159912109375">
        <ele>544.5999755859375</ele>
        <time>2026-04-05T08:49:06.000Z</time>
        <extensions>
          <ns3:TrackPointExtension>
            <ns3:hr>166</ns3:hr>
            <ns3:cad>77</ns3:cad>
          </ns3:TrackPointExtension>
        </extensions>
      </trkpt>
      <trkpt lat="49.05738553963601589202880859375" lon="15.013639144599437713623046875">
        <ele>544.5999755859375</ele>
        <time>2026-04-05T08:49:07.000Z</time>
        <extensions>
          <ns3:TrackPointExtension>
            <ns3:hr>166</ns3:hr>
            <ns3:cad>77</ns3:cad>
          </ns3:TrackPointExtension>
        </extensions>
      </trkpt>
      <trkpt lat="49.05735067091882228851318359375" lon="15.0136389769613742828369140625">
        <ele>544.5999755859375</ele>
        <time>2026-04-05T08:49:08.000Z</time>
        <extensions>
          <ns3:TrackPointExtension>
            <ns3:hr>166</ns3:hr>
            <ns3:cad>77</ns3:cad>
          </ns3:TrackPointExtension>
        </extensions>
      </trkpt>
      <trkpt lat="49.05731580220162868499755859375" lon="15.01364149153232574462890625">
        <ele>544.4000244140625</ele>
        <time>2026-04-05T08:49:09.000Z</time>
        <extensions>
          <ns3:TrackPointExtension>
            <ns3:hr>167</ns3:hr>
            <ns3:cad>77</ns3:cad>
          </ns3:TrackPointExtension>
        </extensions>
      </trkpt>
      <trkpt lat="49.0572838671505451202392578125" lon="15.0136446766555309295654296875">
        <ele>544.5999755859375</ele>
        <time>2026-04-05T08:49:10.000Z</time>
        <extensions>
          <ns3:TrackPointExtension>
            <ns3:hr>166</ns3:hr>
            <ns3:cad>78</ns3:cad>
          </ns3:TrackPointExtension>
        </extensions>
      </trkpt>
      <trkpt lat="49.05726064927875995635986328125" lon="15.01365951262414455413818359375">
        <ele>544.5999755859375</ele>
        <time>2026-04-05T08:49:11.000Z</time>
        <extensions>
          <ns3:TrackPointExtension>
            <ns3:hr>166</ns3:hr>
            <ns3:cad>78</ns3:cad>
          </ns3:TrackPointExtension>
        </extensions>
      </trkpt>
      <trkpt lat="49.05723315663635730743408203125" lon="15.0136725045740604400634765625">
        <ele>544.5999755859375</ele>
        <time>2026-04-05T08:49:12.000Z</time>
        <extensions>
          <ns3:TrackPointExtension>
            <ns3:hr>167</ns3:hr>
            <ns3:cad>77</ns3:cad>
          </ns3:TrackPointExtension>
        </extensions>
      </trkpt>
      <trkpt lat="49.057201556861400604248046875" lon="15.01367057673633098602294921875">
        <ele>544.5999755859375</ele>
        <time>2026-04-05T08:49:13.000Z</time>
        <extensions>
          <ns3:TrackPointExtension>
            <ns3:hr>167</ns3:hr>
            <ns3:cad>77</ns3:cad>
          </ns3:TrackPointExtension>
        </extensions>
      </trkpt>
      <trkpt lat="49.05716903507709503173828125" lon="15.01365683041512966156005859375">
        <ele>544.5999755859375</ele>
        <time>2026-04-05T08:49:14.000Z</time>
        <extensions>
          <ns3:TrackPointExtension>
            <ns3:hr>167</ns3:hr>
            <ns3:cad>77</ns3:cad>
          </ns3:TrackPointExtension>
        </extensions>
      </trkpt>
      <trkpt lat="49.05714347027242183685302734375" lon="15.0136517174541950225830078125">
        <ele>544.5999755859375</ele>
        <time>2026-04-05T08:49:15.000Z</time>
        <extensions>
          <ns3:TrackPointExtension>
            <ns3:hr>167</ns3:hr>
            <ns3:cad>77</ns3:cad>
          </ns3:TrackPointExtension>
        </extensions>
      </trkpt>
      <trkpt lat="49.057107679545879364013671875" lon="15.01364761032164096832275390625">
        <ele>544.5999755859375</ele>
        <time>2026-04-05T08:49:16.000Z</time>
        <extensions>
          <ns3:TrackPointExtension>
            <ns3:hr>167</ns3:hr>
            <ns3:cad>75</ns3:cad>
          </ns3:TrackPointExtension>
        </extensions>
      </trkpt>
      <trkpt lat="49.057066105306148529052734375" lon="15.0136302597820758819580078125">
        <ele>544.5999755859375</ele>
        <time>2026-04-05T08:49:17.000Z</time>
        <extensions>
          <ns3:TrackPointExtension>
            <ns3:hr>167</ns3:hr>
            <ns3:cad>75</ns3:cad>
          </ns3:TrackPointExtension>
        </extensions>
      </trkpt>
      <trkpt lat="49.05703115276992321014404296875" lon="15.01361492089927196502685546875">
        <ele>544.5999755859375</ele>
        <time>2026-04-05T08:49:18.000Z</time>
        <extensions>
          <ns3:TrackPointExtension>
            <ns3:hr>167</ns3:hr>
            <ns3:cad>75</ns3:cad>
          </ns3:TrackPointExtension>
        </extensions>
      </trkpt>
      <trkpt lat="49.05699829570949077606201171875" lon="15.013610310852527618408203125">
        <ele>544.5999755859375</ele>
        <time>2026-04-05T08:49:19.000Z</time>
        <extensions>
          <ns3:TrackPointExtension>
            <ns3:hr>168</ns3:hr>
            <ns3:cad>75</ns3:cad>
          </ns3:TrackPointExtension>
        </extensions>
      </trkpt>
      <trkpt lat="49.05695806257426738739013671875" lon="15.013606287539005279541015625">
        <ele>544.79998779296875</ele>
        <time>2026-04-05T08:49:20.000Z</time>
        <extensions>
          <ns3:TrackPointExtension>
            <ns3:hr>167</ns3:hr>
            <ns3:cad>75</ns3:cad>
          </ns3:TrackPointExtension>
        </extensions>
      </trkpt>
      <trkpt lat="49.0569204278290271759033203125" lon="15.013606958091259002685546875">
        <ele>544.79998779296875</ele>
        <time>2026-04-05T08:49:21.000Z</time>
        <extensions>
          <ns3:TrackPointExtension>
            <ns3:hr>168</ns3:hr>
            <ns3:cad>75</ns3:cad>
          </ns3:TrackPointExtension>
        </extensions>
      </trkpt>
      <trkpt lat="49.0568872354924678802490234375" lon="15.01361357979476451873779296875">
        <ele>544.79998779296875</ele>
        <time>2026-04-05T08:49:22.000Z</time>
        <extensions>
          <ns3:TrackPointExtension>
            <ns3:hr>168</ns3:hr>
            <ns3:cad>78</ns3:cad>
          </ns3:TrackPointExtension>
        </extensions>
      </trkpt>
      <trkpt lat="49.05685278587043285369873046875" lon="15.0136084668338298797607421875">
        <ele>544.79998779296875</ele>
        <time>2026-04-05T08:49:23.000Z</time>
        <extensions>
          <ns3:TrackPointExtension>
            <ns3:hr>169</ns3:hr>
            <ns3:cad>78</ns3:cad>
          </ns3:TrackPointExtension>
        </extensions>
      </trkpt>
      <trkpt lat="49.0568201802670955657958984375" lon="15.01359195448458194732666015625">
        <ele>544.79998779296875</ele>
        <time>2026-04-05T08:49:24.000Z</time>
        <extensions>
          <ns3:TrackPointExtension>
            <ns3:hr>169</ns3:hr>
            <ns3:cad>78</ns3:cad>
          </ns3:TrackPointExtension>
        </extensions>
      </trkpt>
      <trkpt lat="49.0567940287292003631591796875" lon="15.013592876493930816650390625">
        <ele>544.79998779296875</ele>
        <time>2026-04-05T08:49:25.000Z</time>
        <extensions>
          <ns3:TrackPointExtension>
            <ns3:hr>169</ns3:hr>
            <ns3:cad>78</ns3:cad>
          </ns3:TrackPointExtension>
        </extensions>
      </trkpt>
      <trkpt lat="49.05676209367811679840087890625" lon="15.0135725922882556915283203125">
        <ele>544.79998779296875</ele>
        <time>2026-04-05T08:49:26.000Z</time>
        <extensions>
          <ns3:TrackPointExtension>
            <ns3:hr>169</ns3:hr>
            <ns3:cad>79</ns3:cad>
          </ns3:TrackPointExtension>
        </extensions>
      </trkpt>
      <trkpt lat="49.0567316673696041107177734375" lon="15.01354970969259738922119140625">
        <ele>544.5999755859375</ele>
        <time>2026-04-05T08:49:27.000Z</time>
        <extensions>
          <ns3:TrackPointExtension>
            <ns3:hr>169</ns3:hr>
            <ns3:cad>79</ns3:cad>
          </ns3:TrackPointExtension>
        </extensions>
      </trkpt>
      <trkpt lat="49.0567058511078357696533203125" lon="15.01353194005787372589111328125">
        <ele>544.5999755859375</ele>
        <time>2026-04-05T08:49:28.000Z</time>
        <extensions>
          <ns3:TrackPointExtension>
            <ns3:hr>168</ns3:hr>
            <ns3:cad>82</ns3:cad>
          </ns3:TrackPointExtension>
        </extensions>
      </trkpt>
      <trkpt lat="49.05667684972286224365234375" lon="15.01350528560578823089599609375">
        <ele>544.5999755859375</ele>
        <time>2026-04-05T08:49:29.000Z</time>
        <extensions>
          <ns3:TrackPointExtension>
            <ns3:hr>167</ns3:hr>
            <ns3:cad>82</ns3:cad>
          </ns3:TrackPointExtension>
        </extensions>
      </trkpt>
      <trkpt lat="49.05664374120533466339111328125" lon="15.01348265446722507476806640625">
        <ele>544.5999755859375</ele>
        <time>2026-04-05T08:49:30.000Z</time>
        <extensions>
          <ns3:TrackPointExtension>
            <ns3:hr>166</ns3:hr>
            <ns3:cad>78</ns3:cad>
          </ns3:TrackPointExtension>
        </extensions>
      </trkpt>
      <trkpt lat="49.056618176400661468505859375" lon="15.01347393728792667388916015625">
        <ele>544.79998779296875</ele>
        <time>2026-04-05T08:49:31.000Z</time>
        <extensions>
          <ns3:TrackPointExtension>
            <ns3:hr>166</ns3:hr>
            <ns3:cad>78</ns3:cad>
          </ns3:TrackPointExtension>
        </extensions>
      </trkpt>
      <trkpt lat="49.05658490024507045745849609375" lon="15.01346371136605739593505859375">
        <ele>544.79998779296875</ele>
        <time>2026-04-05T08:49:32.000Z</time>
        <extensions>
          <ns3:TrackPointExtension>
            <ns3:hr>167</ns3:hr>
            <ns3:cad>78</ns3:cad>
          </ns3:TrackPointExtension>
        </extensions>
      </trkpt>
      <trkpt lat="49.05655120499432086944580078125" lon="15.01345968805253505706787109375">
        <ele>545</ele>
        <time>2026-04-05T08:49:33.000Z</time>
        <extensions>
          <ns3:TrackPointExtension>
            <ns3:hr>167</ns3:hr>
            <ns3:cad>78</ns3:cad>
          </ns3:TrackPointExtension>
        </extensions>
      </trkpt>
      <trkpt lat="49.05652438290417194366455078125" lon="15.0134589336812496185302734375">
        <ele>545</ele>
        <time>2026-04-05T08:49:34.000Z</time>
        <extensions>
          <ns3:TrackPointExtension>
            <ns3:hr>167</ns3:hr>
            <ns3:cad>79</ns3:cad>
          </ns3:TrackPointExtension>
        </extensions>
      </trkpt>
      <trkpt lat="49.05648632906377315521240234375" lon="15.0134515576064586639404296875">
        <ele>545.20001220703125</ele>
        <time>2026-04-05T08:49:35.000Z</time>
        <extensions>
          <ns3:TrackPointExtension>
            <ns3:hr>168</ns3:hr>
            <ns3:cad>79</ns3:cad>
          </ns3:TrackPointExtension>
        </extensions>
      </trkpt>
      <trkpt lat="49.0564493648707866668701171875" lon="15.01344074495136737823486328125">
        <ele>545.20001220703125</ele>
        <time>2026-04-05T08:49:36.000Z</time>
        <extensions>
          <ns3:TrackPointExtension>
            <ns3:hr>168</ns3:hr>
            <ns3:cad>79</ns3:cad>
          </ns3:TrackPointExtension>
        </extensions>
      </trkpt>
      <trkpt lat="49.0564222075045108795166015625" lon="15.0134414993226528167724609375">
        <ele>545.20001220703125</ele>
        <time>2026-04-05T08:49:37.000Z</time>
        <extensions>
          <ns3:TrackPointExtension>
            <ns3:hr>169</ns3:hr>
            <ns3:cad>79</ns3:cad>
          </ns3:TrackPointExtension>
        </extensions>
      </trkpt>
      <trkpt lat="49.05638742260634899139404296875" lon="15.0134361349046230316162109375">
        <ele>545.20001220703125</ele>
        <time>2026-04-05T08:49:38.000Z</time>
        <extensions>
          <ns3:TrackPointExtension>
            <ns3:hr>169</ns3:hr>
            <ns3:cad>79</ns3:cad>
          </ns3:TrackPointExtension>
        </extensions>
      </trkpt>
      <trkpt lat="49.05635607428848743438720703125" lon="15.01342356204986572265625">
        <ele>545.4000244140625</ele>
        <time>2026-04-05T08:49:39.000Z</time>
        <extensions>
          <ns3:TrackPointExtension>
            <ns3:hr>170</ns3:hr>
            <ns3:cad>79</ns3:cad>
          </ns3:TrackPointExtension>
        </extensions>
      </trkpt>
      <trkpt lat="49.05632472597062587738037109375" lon="15.01341409049928188323974609375">
        <ele>545.4000244140625</ele>
        <time>2026-04-05T08:49:40.000Z</time>
        <extensions>
          <ns3:TrackPointExtension>
            <ns3:hr>170</ns3:hr>
            <ns3:cad>81</ns3:cad>
          </ns3:TrackPointExtension>
        </extensions>
      </trkpt>
      <trkpt lat="49.05628952197730541229248046875" lon="15.01340621151030063629150390625">
        <ele>545.4000244140625</ele>
        <time>2026-04-05T08:49:41.000Z</time>
        <extensions>
          <ns3:TrackPointExtension>
            <ns3:hr>170</ns3:hr>
            <ns3:cad>81</ns3:cad>
          </ns3:TrackPointExtension>
        </extensions>
      </trkpt>
      <trkpt lat="49.0562512166798114776611328125" lon="15.0133979134261608123779296875">
        <ele>545.4000244140625</ele>
        <time>2026-04-05T08:49:42.000Z</time>
        <extensions>
          <ns3:TrackPointExtension>
            <ns3:hr>170</ns3:hr>
            <ns3:cad>80</ns3:cad>
          </ns3:TrackPointExtension>
        </extensions>
      </trkpt>
      <trkpt lat="49.05622213147580623626708984375" lon="15.0133791379630565643310546875">
        <ele>545.4000244140625</ele>
        <time>2026-04-05T08:49:43.000Z</time>
        <extensions>
          <ns3:TrackPointExtension>
            <ns3:hr>170</ns3:hr>
            <ns3:cad>80</ns3:cad>
          </ns3:TrackPointExtension>
        </extensions>
      </trkpt>
      <trkpt lat="49.0561974048614501953125" lon="15.01336111687123775482177734375">
        <ele>545.4000244140625</ele>
        <time>2026-04-05T08:49:44.000Z</time>
        <extensions>
          <ns3:TrackPointExtension>
            <ns3:hr>170</ns3:hr>
            <ns3:cad>77</ns3:cad>
          </ns3:TrackPointExtension>
        </extensions>
      </trkpt>
      <trkpt lat="49.05616949312388896942138671875" lon="15.0133523158729076385498046875">
        <ele>545.4000244140625</ele>
        <time>2026-04-05T08:49:45.000Z</time>
        <extensions>
          <ns3:TrackPointExtension>
            <ns3:hr>170</ns3:hr>
            <ns3:cad>77</ns3:cad>
          </ns3:TrackPointExtension>
        </extensions>
      </trkpt>
      <trkpt lat="49.0561343729496002197265625" lon="15.01333261840045452117919921875">
        <ele>545.4000244140625</ele>
        <time>2026-04-05T08:49:46.000Z</time>
        <extensions>
          <ns3:TrackPointExtension>
            <ns3:hr>170</ns3:hr>
            <ns3:cad>76</ns3:cad>
          </ns3:TrackPointExtension>
        </extensions>
      </trkpt>
      <trkpt lat="49.05610478483140468597412109375" lon="15.01333094201982021331787109375">
        <ele>545.5999755859375</ele>
        <time>2026-04-05T08:49:47.000Z</time>
        <extensions>
          <ns3:TrackPointExtension>
            <ns3:hr>170</ns3:hr>
            <ns3:cad>76</ns3:cad>
          </ns3:TrackPointExtension>
        </extensions>
      </trkpt>
      <trkpt lat="49.05608131550252437591552734375" lon="15.01332507468760013580322265625">
        <ele>545.4000244140625</ele>
        <time>2026-04-05T08:49:48.000Z</time>
        <extensions>
          <ns3:TrackPointExtension>
            <ns3:hr>170</ns3:hr>
            <ns3:cad>77</ns3:cad>
          </ns3:TrackPointExtension>
        </extensions>
      </trkpt>
      <trkpt lat="49.05605281703174114227294921875" lon="15.0133174471557140350341796875">
        <ele>545.5999755859375</ele>
        <time>2026-04-05T08:49:49.000Z</time>
        <extensions>
          <ns3:TrackPointExtension>
            <ns3:hr>170</ns3:hr>
            <ns3:cad>77</ns3:cad>
          </ns3:TrackPointExtension>
        </extensions>
      </trkpt>
      <trkpt lat="49.05601643957197666168212890625" lon="15.01330663450062274932861328125">
        <ele>545.5999755859375</ele>
        <time>2026-04-05T08:49:50.000Z</time>
        <extensions>
          <ns3:TrackPointExtension>
            <ns3:hr>170</ns3:hr>
            <ns3:cad>76</ns3:cad>
          </ns3:TrackPointExtension>
        </extensions>
      </trkpt>
      <trkpt lat="49.05599146150052547454833984375" lon="15.0132934749126434326171875">
        <ele>545.79998779296875</ele>
        <time>2026-04-05T08:49:51.000Z</time>
        <extensions>
          <ns3:TrackPointExtension>
            <ns3:hr>170</ns3:hr>
            <ns3:cad>76</ns3:cad>
          </ns3:TrackPointExtension>
        </extensions>
      </trkpt>
      <trkpt lat="49.0559595264494419097900390625" lon="15.01328886486589908599853515625">
        <ele>545.79998779296875</ele>
        <time>2026-04-05T08:49:52.000Z</time>
        <extensions>
          <ns3:TrackPointExtension>
            <ns3:hr>170</ns3:hr>
            <ns3:cad>77</ns3:cad>
          </ns3:TrackPointExtension>
        </extensions>
      </trkpt>
      <trkpt lat="49.05593094415962696075439453125" lon="15.01327796839177608489990234375">
        <ele>546</ele>
        <time>2026-04-05T08:49:53.000Z</time>
        <extensions>
          <ns3:TrackPointExtension>
            <ns3:hr>170</ns3:hr>
            <ns3:cad>79</ns3:cad>
          </ns3:TrackPointExtension>
        </extensions>
      </trkpt>
      <trkpt lat="49.055905379354953765869140625" lon="15.0132782198488712310791015625">
        <ele>546.20001220703125</ele>
        <time>2026-04-05T08:49:54.000Z</time>
        <extensions>
          <ns3:TrackPointExtension>
            <ns3:hr>169</ns3:hr>
            <ns3:cad>79</ns3:cad>
          </ns3:TrackPointExtension>
        </extensions>
      </trkpt>
      <trkpt lat="49.05588048510253429412841796875" lon="15.01328048296272754669189453125">
        <ele>546.4000244140625</ele>
        <time>2026-04-05T08:49:55.000Z</time>
        <extensions>
          <ns3:TrackPointExtension>
            <ns3:hr>169</ns3:hr>
            <ns3:cad>79</ns3:cad>
          </ns3:TrackPointExtension>
        </extensions>
      </trkpt>
      <trkpt lat="49.055847041308879852294921875" lon="15.013291127979755401611328125">
        <ele>546.5999755859375</ele>
        <time>2026-04-05T08:49:56.000Z</time>
        <extensions>
          <ns3:TrackPointExtension>
            <ns3:hr>169</ns3:hr>
            <ns3:cad>77</ns3:cad>
          </ns3:TrackPointExtension>
        </extensions>
      </trkpt>
      <trkpt lat="49.05581661500036716461181640625" lon="15.01330864615738391876220703125">
        <ele>546.79998779296875</ele>
        <time>2026-04-05T08:49:57.000Z</time>
        <extensions>
          <ns3:TrackPointExtension>
            <ns3:hr>170</ns3:hr>
            <ns3:cad>77</ns3:cad>
          </ns3:TrackPointExtension>
        </extensions>
      </trkpt>
      <trkpt lat="49.05579549260437488555908203125" lon="15.01332960091531276702880859375">
        <ele>547.20001220703125</ele>
        <time>2026-04-05T08:49:58.000Z</time>
        <extensions>
          <ns3:TrackPointExtension>
            <ns3:hr>170</ns3:hr>
            <ns3:cad>77</ns3:cad>
          </ns3:TrackPointExtension>
        </extensions>
      </trkpt>
      <trkpt lat="49.0557650662958621978759765625" lon="15.0133419223129749298095703125">
        <ele>547.4000244140625</ele>
        <time>2026-04-05T08:49:59.000Z</time>
        <extensions>
          <ns3:TrackPointExtension>
            <ns3:hr>170</ns3:hr>
            <ns3:cad>77</ns3:cad>
          </ns3:TrackPointExtension>
        </extensions>
      </trkpt>
      <trkpt lat="49.05573480762541294097900390625" lon="15.0133311934769153594970703125">
        <ele>547.79998779296875</ele>
        <time>2026-04-05T08:50:00.000Z</time>
        <extensions>
          <ns3:TrackPointExtension>
            <ns3:hr>170</ns3:hr>
            <ns3:cad>77</ns3:cad>
          </ns3:TrackPointExtension>
        </extensions>
      </trkpt>
      <trkpt lat="49.05570765025913715362548828125" lon="15.0133310258388519287109375">
        <ele>548</ele>
        <time>2026-04-05T08:50:01.000Z</time>
        <extensions>
          <ns3:TrackPointExtension>
            <ns3:hr>170</ns3:hr>
            <ns3:cad>78</ns3:cad>
          </ns3:TrackPointExtension>
        </extensions>
      </trkpt>
      <trkpt lat="49.05568434856832027435302734375" lon="15.01334401778876781463623046875">
        <ele>548.4000244140625</ele>
        <time>2026-04-05T08:50:02.000Z</time>
        <extensions>
          <ns3:TrackPointExtension>
            <ns3:hr>170</ns3:hr>
            <ns3:cad>77</ns3:cad>
          </ns3:TrackPointExtension>
        </extensions>
      </trkpt>
      <trkpt lat="49.05565626919269561767578125" lon="15.01337318681180477142333984375">
        <ele>548.4000244140625</ele>
        <time>2026-04-05T08:50:03.000Z</time>
        <extensions>
          <ns3:TrackPointExtension>
            <ns3:hr>169</ns3:hr>
            <ns3:cad>76</ns3:cad>
          </ns3:TrackPointExtension>
        </extensions>
      </trkpt>
      <trkpt lat="49.0556286089122295379638671875" lon="15.01339531503617763519287109375">
        <ele>548.79998779296875</ele>
        <time>2026-04-05T08:50:04.000Z</time>
        <extensions>
          <ns3:TrackPointExtension>
            <ns3:hr>170</ns3:hr>
            <ns3:cad>76</ns3:cad>
          </ns3:TrackPointExtension>
        </extensions>
      </trkpt>
      <trkpt lat="49.05560472048819065093994140625" lon="15.0134113244712352752685546875">
        <ele>549</ele>
        <time>2026-04-05T08:50:05.000Z</time>
        <extensions>
          <ns3:TrackPointExtension>
            <ns3:hr>170</ns3:hr>
            <ns3:cad>76</ns3:cad>
          </ns3:TrackPointExtension>
        </extensions>
      </trkpt>
      <trkpt lat="49.05558041296899318695068359375" lon="15.0134275853633880615234375">
        <ele>549</ele>
        <time>2026-04-05T08:50:06.000Z</time>
        <extensions>
          <ns3:TrackPointExtension>
            <ns3:hr>170</ns3:hr>
            <ns3:cad>76</ns3:cad>
          </ns3:TrackPointExtension>
        </extensions>
      </trkpt>
      <trkpt lat="49.05555836856365203857421875" lon="15.01344510354101657867431640625">
        <ele>549</ele>
        <time>2026-04-05T08:50:07.000Z</time>
        <extensions>
          <ns3:TrackPointExtension>
            <ns3:hr>170</ns3:hr>
            <ns3:cad>76</ns3:cad>
          </ns3:TrackPointExtension>
        </extensions>
      </trkpt>
      <trkpt lat="49.055523164570331573486328125" lon="15.01345574855804443359375">
        <ele>549</ele>
        <time>2026-04-05T08:50:08.000Z</time>
        <extensions>
          <ns3:TrackPointExtension>
            <ns3:hr>171</ns3:hr>
            <ns3:cad>76</ns3:cad>
          </ns3:TrackPointExtension>
        </extensions>
      </trkpt>
      <trkpt lat="49.05550480820238590240478515625" lon="15.0134612806141376495361328125">
        <ele>549.20001220703125</ele>
        <time>2026-04-05T08:50:09.000Z</time>
        <extensions>
          <ns3:TrackPointExtension>
            <ns3:hr>171</ns3:hr>
            <ns3:cad>76</ns3:cad>
          </ns3:TrackPointExtension>
        </extensions>
      </trkpt>
      <trkpt lat="49.055472873151302337646484375" lon="15.01347561366856098175048828125">
        <ele>549.20001220703125</ele>
        <time>2026-04-05T08:50:10.000Z</time>
        <extensions>
          <ns3:TrackPointExtension>
            <ns3:hr>171</ns3:hr>
            <ns3:cad>76</ns3:cad>
          </ns3:TrackPointExtension>
        </extensions>
      </trkpt>
      <trkpt lat="49.0554415248334407806396484375" lon="15.01349220983684062957763671875">
        <ele>549.20001220703125</ele>
        <time>2026-04-05T08:50:11.000Z</time>
        <extensions>
          <ns3:TrackPointExtension>
            <ns3:hr>171</ns3:hr>
            <ns3:cad>76</ns3:cad>
          </ns3:TrackPointExtension>
        </extensions>
      </trkpt>
      <trkpt lat="49.055409841239452362060546875" lon="15.013503022491931915283203125">
        <ele>549.4000244140625</ele>
        <time>2026-04-05T08:50:12.000Z</time>
        <extensions>
          <ns3:TrackPointExtension>
            <ns3:hr>171</ns3:hr>
            <ns3:cad>76</ns3:cad>
          </ns3:TrackPointExtension>
        </extensions>
      </trkpt>
      <trkpt lat="49.05538268387317657470703125" lon="15.013517439365386962890625">
        <ele>549.5999755859375</ele>
        <time>2026-04-05T08:50:13.000Z</time>
        <extensions>
          <ns3:TrackPointExtension>
            <ns3:hr>170</ns3:hr>
            <ns3:cad>76</ns3:cad>
          </ns3:TrackPointExtension>
        </extensions>
      </trkpt>
      <trkpt lat="49.05534739606082439422607421875" lon="15.01352481544017791748046875">
        <ele>549.5999755859375</ele>
        <time>2026-04-05T08:50:14.000Z</time>
        <extensions>
          <ns3:TrackPointExtension>
            <ns3:hr>170</ns3:hr>
            <ns3:cad>76</ns3:cad>
          </ns3:TrackPointExtension>
        </extensions>
      </trkpt>
      <trkpt lat="49.05531370081007480621337890625" lon="15.013513751327991485595703125">
        <ele>549.5999755859375</ele>
        <time>2026-04-05T08:50:15.000Z</time>
        <extensions>
          <ns3:TrackPointExtension>
            <ns3:hr>170</ns3:hr>
            <ns3:cad>79</ns3:cad>
          </ns3:TrackPointExtension>
        </extensions>
      </trkpt>
      <trkpt lat="49.05528922565281391143798828125" lon="15.01350746490061283111572265625">
        <ele>549.4000244140625</ele>
        <time>2026-04-05T08:50:16.000Z</time>
        <extensions>
          <ns3:TrackPointExtension>
            <ns3:hr>170</ns3:hr>
            <ns3:cad>79</ns3:cad>
          </ns3:TrackPointExtension>
        </extensions>
      </trkpt>
      <trkpt lat="49.05525888316333293914794921875" lon="15.01351132057607173919677734375">
        <ele>549.4000244140625</ele>
        <time>2026-04-05T08:50:17.000Z</time>
        <extensions>
          <ns3:TrackPointExtension>
            <ns3:hr>171</ns3:hr>
            <ns3:cad>79</ns3:cad>
          </ns3:TrackPointExtension>
        </extensions>
      </trkpt>
      <trkpt lat="49.0552239306271076202392578125" lon="15.0135055370628833770751953125">
        <ele>549.4000244140625</ele>
        <time>2026-04-05T08:50:18.000Z</time>
        <extensions>
          <ns3:TrackPointExtension>
            <ns3:hr>171</ns3:hr>
            <ns3:cad>79</ns3:cad>
          </ns3:TrackPointExtension>
        </extensions>
      </trkpt>
      <trkpt lat="49.0551934204995632171630859375" lon="15.0135058723390102386474609375">
        <ele>549.20001220703125</ele>
        <time>2026-04-05T08:50:19.000Z</time>
        <extensions>
          <ns3:TrackPointExtension>
            <ns3:hr>171</ns3:hr>
            <ns3:cad>77</ns3:cad>
          </ns3:TrackPointExtension>
        </extensions>
      </trkpt>
      <trkpt lat="49.05516601167619228363037109375" lon="15.01350562088191509246826171875">
        <ele>549.20001220703125</ele>
        <time>2026-04-05T08:50:20.000Z</time>
        <extensions>
          <ns3:TrackPointExtension>
            <ns3:hr>170</ns3:hr>
            <ns3:cad>77</ns3:cad>
          </ns3:TrackPointExtension>
        </extensions>
      </trkpt>
      <trkpt lat="49.05513457953929901123046875" lon="15.0135085545480251312255859375">
        <ele>549</ele>
        <time>2026-04-05T08:50:21.000Z</time>
        <extensions>
          <ns3:TrackPointExtension>
            <ns3:hr>171</ns3:hr>
            <ns3:cad>77</ns3:cad>
          </ns3:TrackPointExtension>
        </extensions>
      </trkpt>
      <trkpt lat="49.05510105192661285400390625" lon="15.0134944729506969451904296875">
        <ele>548.79998779296875</ele>
        <time>2026-04-05T08:50:22.000Z</time>
        <extensions>
          <ns3:TrackPointExtension>
            <ns3:hr>170</ns3:hr>
            <ns3:cad>77</ns3:cad>
          </ns3:TrackPointExtension>
        </extensions>
      </trkpt>
      <trkpt lat="49.05507515184581279754638671875" lon="15.01349220983684062957763671875">
        <ele>548.5999755859375</ele>
        <time>2026-04-05T08:50:23.000Z</time>
        <extensions>
          <ns3:TrackPointExtension>
            <ns3:hr>170</ns3:hr>
            <ns3:cad>76</ns3:cad>
          </ns3:TrackPointExtension>
        </extensions>
      </trkpt>
      <trkpt lat="49.0550398640334606170654296875" lon="15.0134870968759059906005859375">
        <ele>548.5999755859375</ele>
        <time>2026-04-05T08:50:24.000Z</time>
        <extensions>
          <ns3:TrackPointExtension>
            <ns3:hr>169</ns3:hr>
            <ns3:cad>76</ns3:cad>
          </ns3:TrackPointExtension>
        </extensions>
      </trkpt>
      <trkpt lat="49.0550039894878864288330078125" lon="15.01348097808659076690673828125">
        <ele>548.4000244140625</ele>
        <time>2026-04-05T08:50:25.000Z</time>
        <extensions>
          <ns3:TrackPointExtension>
            <ns3:hr>169</ns3:hr>
            <ns3:cad>76</ns3:cad>
          </ns3:TrackPointExtension>
        </extensions>
      </trkpt>
      <trkpt lat="49.0549718029797077178955078125" lon="15.013479553163051605224609375">
        <ele>548.4000244140625</ele>
        <time>2026-04-05T08:50:26.000Z</time>
        <extensions>
          <ns3:TrackPointExtension>
            <ns3:hr>169</ns3:hr>
            <ns3:cad>76</ns3:cad>
          </ns3:TrackPointExtension>
        </extensions>
      </trkpt>
      <trkpt lat="49.05493802390992641448974609375" lon="15.01348097808659076690673828125">
        <ele>548.20001220703125</ele>
        <time>2026-04-05T08:50:27.000Z</time>
        <extensions>
          <ns3:TrackPointExtension>
            <ns3:hr>169</ns3:hr>
            <ns3:cad>76</ns3:cad>
          </ns3:TrackPointExtension>
        </extensions>
      </trkpt>
      <trkpt lat="49.05490499921143054962158203125" lon="15.013478882610797882080078125">
        <ele>548</ele>
        <time>2026-04-05T08:50:28.000Z</time>
        <extensions>
          <ns3:TrackPointExtension>
            <ns3:hr>169</ns3:hr>
            <ns3:cad>76</ns3:cad>
          </ns3:TrackPointExtension>
        </extensions>
      </trkpt>
      <trkpt lat="49.0548692084848880767822265625" lon="15.01347343437373638153076171875">
        <ele>547.79998779296875</ele>
        <time>2026-04-05T08:50:29.000Z</time>
        <extensions>
          <ns3:TrackPointExtension>
            <ns3:hr>169</ns3:hr>
            <ns3:cad>77</ns3:cad>
          </ns3:TrackPointExtension>
        </extensions>
      </trkpt>
      <trkpt lat="49.054839201271533966064453125" lon="15.0134730152785778045654296875">
        <ele>547.79998779296875</ele>
        <time>2026-04-05T08:50:30.000Z</time>
        <extensions>
          <ns3:TrackPointExtension>
            <ns3:hr>169</ns3:hr>
            <ns3:cad>77</ns3:cad>
          </ns3:TrackPointExtension>
        </extensions>
      </trkpt>
      <trkpt lat="49.054810702800750732421875" lon="15.013472847640514373779296875">
        <ele>547.79998779296875</ele>
        <time>2026-04-05T08:50:31.000Z</time>
        <extensions>
          <ns3:TrackPointExtension>
            <ns3:hr>168</ns3:hr>
            <ns3:cad>79</ns3:cad>
          </ns3:TrackPointExtension>
        </extensions>
      </trkpt>
      <trkpt lat="49.05477507971227169036865234375" lon="15.01346848905086517333984375">
        <ele>547.5999755859375</ele>
        <time>2026-04-05T08:50:32.000Z</time>
        <extensions>
          <ns3:TrackPointExtension>
            <ns3:hr>168</ns3:hr>
            <ns3:cad>79</ns3:cad>
          </ns3:TrackPointExtension>
        </extensions>
      </trkpt>
      <trkpt lat="49.05474171973764896392822265625" lon="15.01347108744084835052490234375">
        <ele>547.5999755859375</ele>
        <time>2026-04-05T08:50:33.000Z</time>
        <extensions>
          <ns3:TrackPointExtension>
            <ns3:hr>168</ns3:hr>
            <ns3:cad>77</ns3:cad>
          </ns3:TrackPointExtension>
        </extensions>
      </trkpt>
      <trkpt lat="49.0547059290111064910888671875" lon="15.013466142117977142333984375">
        <ele>547.5999755859375</ele>
        <time>2026-04-05T08:50:34.000Z</time>
        <extensions>
          <ns3:TrackPointExtension>
            <ns3:hr>168</ns3:hr>
            <ns3:cad>77</ns3:cad>
          </ns3:TrackPointExtension>
        </extensions>
      </trkpt>
      <trkpt lat="49.05467349104583263397216796875" lon="15.01346572302281856536865234375">
        <ele>547.4000244140625</ele>
        <time>2026-04-05T08:50:35.000Z</time>
        <extensions>
          <ns3:TrackPointExtension>
            <ns3:hr>169</ns3:hr>
            <ns3:cad>77</ns3:cad>
          </ns3:TrackPointExtension>
        </extensions>
      </trkpt>
      <trkpt lat="49.0546318329870700836181640625" lon="15.01346907578408718109130859375">
        <ele>547.20001220703125</ele>
        <time>2026-04-05T08:50:36.000Z</time>
        <extensions>
          <ns3:TrackPointExtension>
            <ns3:hr>169</ns3:hr>
            <ns3:cad>77</ns3:cad>
          </ns3:TrackPointExtension>
        </extensions>
      </trkpt>
      <trkpt lat="49.05460350215435028076171875" lon="15.0134673155844211578369140625">
        <ele>547.20001220703125</ele>
        <time>2026-04-05T08:50:37.000Z</time>
        <extensions>
          <ns3:TrackPointExtension>
            <ns3:hr>170</ns3:hr>
            <ns3:cad>77</ns3:cad>
          </ns3:TrackPointExtension>
        </extensions>
      </trkpt>
      <trkpt lat="49.05456033535301685333251953125" lon="15.01346069388091564178466796875">
        <ele>547.20001220703125</ele>
        <time>2026-04-05T08:50:38.000Z</time>
        <extensions>
          <ns3:TrackPointExtension>
            <ns3:hr>170</ns3:hr>
            <ns3:cad>77</ns3:cad>
          </ns3:TrackPointExtension>
        </extensions>
      </trkpt>
      <trkpt lat="49.05451842583715915679931640625" lon="15.01345935277640819549560546875">
        <ele>547</ele>
        <time>2026-04-05T08:50:39.000Z</time>
        <extensions>
          <ns3:TrackPointExtension>
            <ns3:hr>170</ns3:hr>
            <ns3:cad>79</ns3:cad>
          </ns3:TrackPointExtension>
        </extensions>
      </trkpt>
      <trkpt lat="49.054485149681568145751953125" lon="15.0134673155844211578369140625">
        <ele>547.20001220703125</ele>
        <time>2026-04-05T08:50:40.000Z</time>
        <extensions>
          <ns3:TrackPointExtension>
            <ns3:hr>169</ns3:hr>
            <ns3:cad>79</ns3:cad>
          </ns3:TrackPointExtension>
        </extensions>
      </trkpt>
      <trkpt lat="49.0544517897069454193115234375" lon="15.013491623103618621826171875">
        <ele>547.4000244140625</ele>
        <time>2026-04-05T08:50:41.000Z</time>
        <extensions>
          <ns3:TrackPointExtension>
            <ns3:hr>170</ns3:hr>
            <ns3:cad>77</ns3:cad>
          </ns3:TrackPointExtension>
        </extensions>
      </trkpt>
      <trkpt lat="49.0544128976762294769287109375" lon="15.0135031901299953460693359375">
        <ele>547.4000244140625</ele>
        <time>2026-04-05T08:50:42.000Z</time>
        <extensions>
          <ns3:TrackPointExtension>
            <ns3:hr>170</ns3:hr>
            <ns3:cad>77</ns3:cad>
          </ns3:TrackPointExtension>
        </extensions>
      </trkpt>
      <trkpt lat="49.054380543529987335205078125" lon="15.01350981183350086212158203125">
        <ele>547.5999755859375</ele>
        <time>2026-04-05T08:50:43.000Z</time>
        <extensions>
          <ns3:TrackPointExtension>
            <ns3:hr>170</ns3:hr>
            <ns3:cad>77</ns3:cad>
          </ns3:TrackPointExtension>
        </extensions>
      </trkpt>
      <trkpt lat="49.05434324406087398529052734375" lon="15.01351400278508663177490234375">
        <ele>547.79998779296875</ele>
        <time>2026-04-05T08:50:44.000Z</time>
        <extensions>
          <ns3:TrackPointExtension>
            <ns3:hr>170</ns3:hr>
            <ns3:cad>77</ns3:cad>
          </ns3:TrackPointExtension>
        </extensions>
      </trkpt>
      <trkpt lat="49.05431156046688556671142578125" lon="15.01351500861346721649169921875">
        <ele>547.79998779296875</ele>
        <time>2026-04-05T08:50:45.000Z</time>
        <extensions>
          <ns3:TrackPointExtension>
            <ns3:hr>170</ns3:hr>
            <ns3:cad>78</ns3:cad>
          </ns3:TrackPointExtension>
        </extensions>
      </trkpt>
      <trkpt lat="49.054281301796436309814453125" lon="15.01352238468825817108154296875">
        <ele>547.5999755859375</ele>
        <time>2026-04-05T08:50:46.000Z</time>
        <extensions>
          <ns3:TrackPointExtension>
            <ns3:hr>170</ns3:hr>
            <ns3:cad>78</ns3:cad>
          </ns3:TrackPointExtension>
        </extensions>
      </trkpt>
      <trkpt lat="49.054271243512630462646484375" lon="15.01354116015136241912841796875">
        <ele>547.5999755859375</ele>
        <time>2026-04-05T08:50:47.000Z</time>
        <extensions>
          <ns3:TrackPointExtension>
            <ns3:hr>171</ns3:hr>
            <ns3:cad>78</ns3:cad>
          </ns3:TrackPointExtension>
        </extensions>
      </trkpt>
      <trkpt lat="49.05426730401813983917236328125" lon="15.0135670602321624755859375">
        <ele>547.79998779296875</ele>
        <time>2026-04-05T08:50:48.000Z</time>
        <extensions>
          <ns3:TrackPointExtension>
            <ns3:hr>170</ns3:hr>
            <ns3:cad>78</ns3:cad>
          </ns3:TrackPointExtension>
        </extensions>
      </trkpt>
      <trkpt lat="49.05426361598074436187744140625" lon="15.013592541217803955078125">
        <ele>547.79998779296875</ele>
        <time>2026-04-05T08:50:49.000Z</time>
        <extensions>
          <ns3:TrackPointExtension>
            <ns3:hr>170</ns3:hr>
            <ns3:cad>77</ns3:cad>
          </ns3:TrackPointExtension>
        </extensions>
      </trkpt>
      <trkpt lat="49.05426545999944210052490234375" lon="15.01362808048725128173828125">
        <ele>548</ele>
        <time>2026-04-05T08:50:50.000Z</time>
        <extensions>
          <ns3:TrackPointExtension>
            <ns3:hr>171</ns3:hr>
            <ns3:cad>77</ns3:cad>
          </ns3:TrackPointExtension>
        </extensions>
      </trkpt>
      <trkpt lat="49.0542754344642162322998046875" lon="15.01366236247122287750244140625">
        <ele>548.20001220703125</ele>
        <time>2026-04-05T08:50:51.000Z</time>
        <extensions>
          <ns3:TrackPointExtension>
            <ns3:hr>170</ns3:hr>
            <ns3:cad>74</ns3:cad>
          </ns3:TrackPointExtension>
        </extensions>
      </trkpt>
      <trkpt lat="49.05428306199610233306884765625" lon="15.01369907520711421966552734375">
        <ele>548.4000244140625</ele>
        <time>2026-04-05T08:50:52.000Z</time>
        <extensions>
          <ns3:TrackPointExtension>
            <ns3:hr>170</ns3:hr>
            <ns3:cad>74</ns3:cad>
          </ns3:TrackPointExtension>
        </extensions>
      </trkpt>
      <trkpt lat="49.05428943224251270294189453125" lon="15.01374484039843082427978515625">
        <ele>548.5999755859375</ele>
        <time>2026-04-05T08:50:53.000Z</time>
        <extensions>
          <ns3:TrackPointExtension>
            <ns3:hr>170</ns3:hr>
            <ns3:cad>75</ns3:cad>
          </ns3:TrackPointExtension>
        </extensions>
      </trkpt>
      <trkpt lat="49.05428708530962467193603515625" lon="15.0137844868004322052001953125">
        <ele>548.79998779296875</ele>
        <time>2026-04-05T08:50:54.000Z</time>
        <extensions>
          <ns3:TrackPointExtension>
            <ns3:hr>170</ns3:hr>
            <ns3:cad>78</ns3:cad>
          </ns3:TrackPointExtension>
        </extensions>
      </trkpt>
      <trkpt lat="49.0542861633002758026123046875" lon="15.0138129852712154388427734375">
        <ele>549</ele>
        <time>2026-04-05T08:50:55.000Z</time>
        <extensions>
          <ns3:TrackPointExtension>
            <ns3:hr>170</ns3:hr>
            <ns3:cad>78</ns3:cad>
          </ns3:TrackPointExtension>
        </extensions>
      </trkpt>
      <trkpt lat="49.0542764402925968170166015625" lon="15.0138659588992595672607421875">
        <ele>549.20001220703125</ele>
        <time>2026-04-05T08:50:56.000Z</time>
        <extensions>
          <ns3:TrackPointExtension>
            <ns3:hr>169</ns3:hr>
            <ns3:cad>77</ns3:cad>
          </ns3:TrackPointExtension>
        </extensions>
      </trkpt>
      <trkpt lat="49.0542687289416790008544921875" lon="15.01391214318573474884033203125">
        <ele>549.4000244140625</ele>
        <time>2026-04-05T08:50:57.000Z</time>
        <extensions>
          <ns3:TrackPointExtension>
            <ns3:hr>169</ns3:hr>
            <ns3:cad>77</ns3:cad>
          </ns3:TrackPointExtension>
        </extensions>
      </trkpt>
      <trkpt lat="49.0542533062398433685302734375" lon="15.01394600607454776763916015625">
        <ele>549.5999755859375</ele>
        <time>2026-04-05T08:50:58.000Z</time>
        <extensions>
          <ns3:TrackPointExtension>
            <ns3:hr>169</ns3:hr>
            <ns3:cad>77</ns3:cad>
          </ns3:TrackPointExtension>
        </extensions>
      </trkpt>
      <trkpt lat="49.05424048192799091339111328125" lon="15.01399294473230838775634765625">
        <ele>549.79998779296875</ele>
        <time>2026-04-05T08:50:59.000Z</time>
        <extensions>
          <ns3:TrackPointExtension>
            <ns3:hr>169</ns3:hr>
            <ns3:cad>77</ns3:cad>
          </ns3:TrackPointExtension>
        </extensions>
      </trkpt>
      <trkpt lat="49.05422522686421871185302734375" lon="15.01403803937137126922607421875">
        <ele>550</ele>
        <time>2026-04-05T08:51:00.000Z</time>
        <extensions>
          <ns3:TrackPointExtension>
            <ns3:hr>169</ns3:hr>
            <ns3:cad>77</ns3:cad>
          </ns3:TrackPointExtension>
        </extensions>
      </trkpt>
      <trkpt lat="49.05421198345720767974853515625" lon="15.0140765123069286346435546875">
        <ele>550.20001220703125</ele>
        <time>2026-04-05T08:51:01.000Z</time>
        <extensions>
          <ns3:TrackPointExtension>
            <ns3:hr>168</ns3:hr>
            <ns3:cad>77</ns3:cad>
          </ns3:TrackPointExtension>
        </extensions>
      </trkpt>
      <trkpt lat="49.05420117080211639404296875" lon="15.01411230303347110748291015625">
        <ele>550.5999755859375</ele>
        <time>2026-04-05T08:51:02.000Z</time>
        <extensions>
          <ns3:TrackPointExtension>
            <ns3:hr>168</ns3:hr>
            <ns3:cad>77</ns3:cad>
          </ns3:TrackPointExtension>
        </extensions>
      </trkpt>
      <trkpt lat="49.05419739894568920135498046875" lon="15.01414172351360321044921875">
        <ele>550.79998779296875</ele>
        <time>2026-04-05T08:51:03.000Z</time>
        <extensions>
          <ns3:TrackPointExtension>
            <ns3:hr>168</ns3:hr>
            <ns3:cad>77</ns3:cad>
          </ns3:TrackPointExtension>
        </extensions>
      </trkpt>
      <trkpt lat="49.054194800555706024169921875" lon="15.01418388448655605316162109375">
        <ele>551</ele>
        <time>2026-04-05T08:51:04.000Z</time>
        <extensions>
          <ns3:TrackPointExtension>
            <ns3:hr>169</ns3:hr>
            <ns3:cad>78</ns3:cad>
          </ns3:TrackPointExtension>
        </extensions>
      </trkpt>
      <trkpt lat="49.0541942976415157318115234375" lon="15.01421774737536907196044921875">
        <ele>551.20001220703125</ele>
        <time>2026-04-05T08:51:05.000Z</time>
        <extensions>
          <ns3:TrackPointExtension>
            <ns3:hr>169</ns3:hr>
            <ns3:cad>78</ns3:cad>
          </ns3:TrackPointExtension>
        </extensions>
      </trkpt>
      <trkpt lat="49.05419421382248401641845703125" lon="15.0142464973032474517822265625">
        <ele>551.20001220703125</ele>
        <time>2026-04-05T08:51:06.000Z</time>
        <extensions>
          <ns3:TrackPointExtension>
            <ns3:hr>169</ns3:hr>
            <ns3:cad>75</ns3:cad>
          </ns3:TrackPointExtension>
        </extensions>
      </trkpt>
      <trkpt lat="49.05419052578508853912353515625" lon="15.01428253948688507080078125">
        <ele>551.4000244140625</ele>
        <time>2026-04-05T08:51:07.000Z</time>
        <extensions>
          <ns3:TrackPointExtension>
            <ns3:hr>169</ns3:hr>
            <ns3:cad>75</ns3:cad>
          </ns3:TrackPointExtension>
        </extensions>
      </trkpt>
      <trkpt lat="49.05418398790061473846435546875" lon="15.014316737651824951171875">
        <ele>551.4000244140625</ele>
        <time>2026-04-05T08:51:08.000Z</time>
        <extensions>
          <ns3:TrackPointExtension>
            <ns3:hr>170</ns3:hr>
            <ns3:cad>74</ns3:cad>
          </ns3:TrackPointExtension>
        </extensions>
      </trkpt>
      <trkpt lat="49.05417711474001407623291015625" lon="15.01435001380741596221923828125">
        <ele>551.4000244140625</ele>
        <time>2026-04-05T08:51:09.000Z</time>
        <extensions>
          <ns3:TrackPointExtension>
            <ns3:hr>170</ns3:hr>
            <ns3:cad>74</ns3:cad>
          </ns3:TrackPointExtension>
        </extensions>
      </trkpt>
      <trkpt lat="49.054167307913303375244140625" lon="15.01438354142010211944580078125">
        <ele>551.4000244140625</ele>
        <time>2026-04-05T08:51:10.000Z</time>
        <extensions>
          <ns3:TrackPointExtension>
            <ns3:hr>170</ns3:hr>
            <ns3:cad>74</ns3:cad>
          </ns3:TrackPointExtension>
        </extensions>
      </trkpt>
      <trkpt lat="49.05415632762014865875244140625" lon="15.01442109234631061553955078125">
        <ele>551.4000244140625</ele>
        <time>2026-04-05T08:51:11.000Z</time>
        <extensions>
          <ns3:TrackPointExtension>
            <ns3:hr>171</ns3:hr>
            <ns3:cad>74</ns3:cad>
          </ns3:TrackPointExtension>
        </extensions>
      </trkpt>
      <trkpt lat="49.05414677225053310394287109375" lon="15.0144604034721851348876953125">
        <ele>551.4000244140625</ele>
        <time>2026-04-05T08:51:12.000Z</time>
        <extensions>
          <ns3:TrackPointExtension>
            <ns3:hr>171</ns3:hr>
            <ns3:cad>74</ns3:cad>
          </ns3:TrackPointExtension>
        </extensions>
      </trkpt>
      <trkpt lat="49.05414107255637645721435546875" lon="15.014503486454486846923828125">
        <ele>551.4000244140625</ele>
        <time>2026-04-05T08:51:13.000Z</time>
        <extensions>
          <ns3:TrackPointExtension>
            <ns3:hr>172</ns3:hr>
            <ns3:cad>74</ns3:cad>
          </ns3:TrackPointExtension>
        </extensions>
      </trkpt>
      <trkpt lat="49.05412984080612659454345703125" lon="15.01454045064747333526611328125">
        <ele>551.5999755859375</ele>
        <time>2026-04-05T08:51:14.000Z</time>
        <extensions>
          <ns3:TrackPointExtension>
            <ns3:hr>173</ns3:hr>
            <ns3:cad>75</ns3:cad>
          </ns3:TrackPointExtension>
        </extensions>
      </trkpt>
      <trkpt lat="49.05412782914936542510986328125" lon="15.01458638347685337066650390625">
        <ele>551.5999755859375</ele>
        <time>2026-04-05T08:51:15.000Z</time>
        <extensions>
          <ns3:TrackPointExtension>
            <ns3:hr>173</ns3:hr>
            <ns3:cad>75</ns3:cad>
          </ns3:TrackPointExtension>
        </extensions>
      </trkpt>
      <trkpt lat="49.0541312657296657562255859375" lon="15.01463315449655055999755859375">
        <ele>551.79998779296875</ele>
        <time>2026-04-05T08:51:16.000Z</time>
        <extensions>
          <ns3:TrackPointExtension>
            <ns3:hr>173</ns3:hr>
            <ns3:cad>76</ns3:cad>
          </ns3:TrackPointExtension>
        </extensions>
      </trkpt>
      <trkpt lat="49.05413956381380558013916015625" lon="15.01467741094529628753662109375">
        <ele>551.79998779296875</ele>
        <time>2026-04-05T08:51:17.000Z</time>
        <extensions>
          <ns3:TrackPointExtension>
            <ns3:hr>173</ns3:hr>
            <ns3:cad>76</ns3:cad>
          </ns3:TrackPointExtension>
        </extensions>
      </trkpt>
      <trkpt lat="49.05414459295570850372314453125" lon="15.014724768698215484619140625">
        <ele>551.79998779296875</ele>
        <time>2026-04-05T08:51:18.000Z</time>
        <extensions>
          <ns3:TrackPointExtension>
            <ns3:hr>173</ns3:hr>
            <ns3:cad>77</ns3:cad>
          </ns3:TrackPointExtension>
        </extensions>
      </trkpt>
      <trkpt lat="49.05414140783250331878662109375" lon="15.01477539539337158203125">
        <ele>552</ele>
        <time>2026-04-05T08:51:19.000Z</time>
        <extensions>
          <ns3:TrackPointExtension>
            <ns3:hr>172</ns3:hr>
            <ns3:cad>77</ns3:cad>
          </ns3:TrackPointExtension>
        </extensions>
      </trkpt>
      <trkpt lat="49.054143838584423065185546875" lon="15.01482845284044742584228515625">
        <ele>552</ele>
        <time>2026-04-05T08:51:20.000Z</time>
        <extensions>
          <ns3:TrackPointExtension>
            <ns3:hr>172</ns3:hr>
            <ns3:cad>77</ns3:cad>
          </ns3:TrackPointExtension>
        </extensions>
      </trkpt>
      <trkpt lat="49.0541483648121356964111328125" lon="15.01487052999436855316162109375">
        <ele>552.20001220703125</ele>
        <time>2026-04-05T08:51:21.000Z</time>
        <extensions>
          <ns3:TrackPointExtension>
            <ns3:hr>171</ns3:hr>
            <ns3:cad>77</ns3:cad>
          </ns3:TrackPointExtension>
        </extensions>
      </trkpt>
      <trkpt lat="49.0541456826031208038330078125" lon="15.01492266543209552764892578125">
        <ele>552.4000244140625</ele>
        <time>2026-04-05T08:51:22.000Z</time>
        <extensions>
          <ns3:TrackPointExtension>
            <ns3:hr>171</ns3:hr>
            <ns3:cad>77</ns3:cad>
          </ns3:TrackPointExtension>
        </extensions>
      </trkpt>
      <trkpt lat="49.0541440062224864959716796875" lon="15.0149606354534626007080078125">
        <ele>552.5999755859375</ele>
        <time>2026-04-05T08:51:23.000Z</time>
        <extensions>
          <ns3:TrackPointExtension>
            <ns3:hr>171</ns3:hr>
            <ns3:cad>77</ns3:cad>
          </ns3:TrackPointExtension>
        </extensions>
      </trkpt>
      <trkpt lat="49.054147861897945404052734375" lon="15.01499927602708339691162109375">
        <ele>552.79998779296875</ele>
        <time>2026-04-05T08:51:24.000Z</time>
        <extensions>
          <ns3:TrackPointExtension>
            <ns3:hr>170</ns3:hr>
            <ns3:cad>78</ns3:cad>
          </ns3:TrackPointExtension>
        </extensions>
      </trkpt>
      <trkpt lat="49.05415364541113376617431640625" lon="15.0150390900671482086181640625">
        <ele>552.79998779296875</ele>
        <time>2026-04-05T08:51:25.000Z</time>
        <extensions>
          <ns3:TrackPointExtension>
            <ns3:hr>170</ns3:hr>
            <ns3:cad>78</ns3:cad>
          </ns3:TrackPointExtension>
        </extensions>
      </trkpt>
      <trkpt lat="49.054155908524990081787109375" lon="15.015076808631420135498046875">
        <ele>553</ele>
        <time>2026-04-05T08:51:26.000Z</time>
        <extensions>
          <ns3:TrackPointExtension>
            <ns3:hr>169</ns3:hr>
            <ns3:cad>78</ns3:cad>
          </ns3:TrackPointExtension>
        </extensions>
      </trkpt>
      <trkpt lat="49.0541589260101318359375" lon="15.0151146948337554931640625">
        <ele>553.20001220703125</ele>
        <time>2026-04-05T08:51:27.000Z</time>
        <extensions>
          <ns3:TrackPointExtension>
            <ns3:hr>169</ns3:hr>
            <ns3:cad>78</ns3:cad>
          </ns3:TrackPointExtension>
        </extensions>
      </trkpt>
      <trkpt lat="49.054170660674571990966796875" lon="15.01515937037765979766845703125">
        <ele>553.20001220703125</ele>
        <time>2026-04-05T08:51:28.000Z</time>
        <extensions>
          <ns3:TrackPointExtension>
            <ns3:hr>169</ns3:hr>
            <ns3:cad>78</ns3:cad>
          </ns3:TrackPointExtension>
        </extensions>
      </trkpt>
      <trkpt lat="49.0541782043874263763427734375" lon="15.0151897966861724853515625">
        <ele>553.20001220703125</ele>
        <time>2026-04-05T08:51:29.000Z</time>
        <extensions>
          <ns3:TrackPointExtension>
            <ns3:hr>168</ns3:hr>
            <ns3:cad>78</ns3:cad>
          </ns3:TrackPointExtension>
        </extensions>
      </trkpt>
      <trkpt lat="49.0541885979473590850830078125" lon="15.01519289799034595489501953125">
        <ele>553.4000244140625</ele>
        <time>2026-04-05T08:51:30.000Z</time>
        <extensions>
          <ns3:TrackPointExtension>
            <ns3:hr>168</ns3:hr>
            <ns3:cad>78</ns3:cad>
          </ns3:TrackPointExtension>
        </extensions>
      </trkpt>
      <trkpt lat="49.05420192517340183258056640625" lon="15.01519088633358478546142578125">
        <ele>553.4000244140625</ele>
        <time>2026-04-05T08:51:31.000Z</time>
        <extensions>
          <ns3:TrackPointExtension>
            <ns3:hr>168</ns3:hr>
            <ns3:cad>78</ns3:cad>
          </ns3:TrackPointExtension>
        </extensions>
      </trkpt>
      <trkpt lat="49.05421835370361804962158203125" lon="15.01517169177532196044921875">
        <ele>553.4000244140625</ele>
        <time>2026-04-05T08:51:32.000Z</time>
        <extensions>
          <ns3:TrackPointExtension>
            <ns3:hr>169</ns3:hr>
            <ns3:cad>75</ns3:cad>
          </ns3:TrackPointExtension>
        </extensions>
      </trkpt>
      <trkpt lat="49.05423377640545368194580078125" lon="15.01515501178801059722900390625">
        <ele>553.20001220703125</ele>
        <time>2026-04-05T08:51:33.000Z</time>
        <extensions>
          <ns3:TrackPointExtension>
            <ns3:hr>168</ns3:hr>
            <ns3:cad>75</ns3:cad>
          </ns3:TrackPointExtension>
        </extensions>
      </trkpt>
      <trkpt lat="49.05424919910728931427001953125" lon="15.01512969844043254852294921875">
        <ele>553.20001220703125</ele>
        <time>2026-04-05T08:51:34.000Z</time>
        <extensions>
          <ns3:TrackPointExtension>
            <ns3:hr>169</ns3:hr>
            <ns3:cad>75</ns3:cad>
          </ns3:TrackPointExtension>
        </extensions>
      </trkpt>
      <trkpt lat="49.0542707405984401702880859375" lon="15.0150917284190654754638671875">
        <ele>553.20001220703125</ele>
        <time>2026-04-05T08:51:35.000Z</time>
        <extensions>
          <ns3:TrackPointExtension>
            <ns3:hr>169</ns3:hr>
            <ns3:cad>75</ns3:cad>
          </ns3:TrackPointExtension>
        </extensions>
      </trkpt>
      <trkpt lat="49.05429529957473278045654296875" lon="15.01506733708083629608154296875">
        <ele>553.20001220703125</ele>
        <time>2026-04-05T08:51:36.000Z</time>
        <extensions>
          <ns3:TrackPointExtension>
            <ns3:hr>169</ns3:hr>
            <ns3:cad>75</ns3:cad>
          </ns3:TrackPointExtension>
        </extensions>
      </trkpt>
      <trkpt lat="49.05431675724685192108154296875" lon="15.01505023799836635589599609375">
        <ele>553</ele>
        <time>2026-04-05T08:51:37.000Z</time>
        <extensions>
          <ns3:TrackPointExtension>
            <ns3:hr>169</ns3:hr>
            <ns3:cad>75</ns3:cad>
          </ns3:TrackPointExtension>
        </extensions>
      </trkpt>
      <trkpt lat="49.05434659682214260101318359375" lon="15.0150307081639766693115234375">
        <ele>553</ele>
        <time>2026-04-05T08:51:38.000Z</time>
        <extensions>
          <ns3:TrackPointExtension>
            <ns3:hr>170</ns3:hr>
            <ns3:cad>75</ns3:cad>
          </ns3:TrackPointExtension>
        </extensions>
      </trkpt>
      <trkpt lat="49.0543828904628753662109375" lon="15.015023164451122283935546875">
        <ele>553</ele>
        <time>2026-04-05T08:51:39.000Z</time>
        <extensions>
          <ns3:TrackPointExtension>
            <ns3:hr>170</ns3:hr>
            <ns3:cad>75</ns3:cad>
          </ns3:TrackPointExtension>
        </extensions>
      </trkpt>
      <trkpt lat="49.05441096983850002288818359375" lon="15.01500497572124004364013671875">
        <ele>553</ele>
        <time>2026-04-05T08:51:40.000Z</time>
        <extensions>
          <ns3:TrackPointExtension>
            <ns3:hr>170</ns3:hr>
            <ns3:cad>76</ns3:cad>
          </ns3:TrackPointExtension>
        </extensions>
      </trkpt>
      <trkpt lat="49.05444013886153697967529296875" lon="15.0149841047823429107666015625">
        <ele>552.79998779296875</ele>
        <time>2026-04-05T08:51:41.000Z</time>
        <extensions>
          <ns3:TrackPointExtension>
            <ns3:hr>170</ns3:hr>
            <ns3:cad>76</ns3:cad>
          </ns3:TrackPointExtension>
        </extensions>
      </trkpt>
      <trkpt lat="49.0544705651700496673583984375" lon="15.01496541313827037811279296875">
        <ele>552.79998779296875</ele>
        <time>2026-04-05T08:51:42.000Z</time>
        <extensions>
          <ns3:TrackPointExtension>
            <ns3:hr>169</ns3:hr>
            <ns3:cad>76</ns3:cad>
          </ns3:TrackPointExtension>
        </extensions>
      </trkpt>
      <trkpt lat="49.05450233258306980133056640625" lon="15.01494261436164379119873046875">
        <ele>552.79998779296875</ele>
        <time>2026-04-05T08:51:43.000Z</time>
        <extensions>
          <ns3:TrackPointExtension>
            <ns3:hr>169</ns3:hr>
            <ns3:cad>76</ns3:cad>
          </ns3:TrackPointExtension>
        </extensions>
      </trkpt>
      <trkpt lat="49.05452244915068149566650390625" lon="15.01492082141339778900146484375">
        <ele>553.20001220703125</ele>
        <time>2026-04-05T08:51:44.000Z</time>
        <extensions>
          <ns3:TrackPointExtension>
            <ns3:hr>168</ns3:hr>
            <ns3:cad>77</ns3:cad>
          </ns3:TrackPointExtension>
        </extensions>
      </trkpt>
      <trkpt lat="49.05454239808022975921630859375" lon="15.01490104012191295623779296875">
        <ele>553.20001220703125</ele>
        <time>2026-04-05T08:51:45.000Z</time>
        <extensions>
          <ns3:TrackPointExtension>
            <ns3:hr>168</ns3:hr>
            <ns3:cad>77</ns3:cad>
          </ns3:TrackPointExtension>
        </extensions>
      </trkpt>
      <trkpt lat="49.05457542277872562408447265625" lon="15.014878995716571807861328125">
        <ele>553.4000244140625</ele>
        <time>2026-04-05T08:51:46.000Z</time>
        <extensions>
          <ns3:TrackPointExtension>
            <ns3:hr>168</ns3:hr>
            <ns3:cad>77</ns3:cad>
          </ns3:TrackPointExtension>
        </extensions>
      </trkpt>
      <trkpt lat="49.05460760928690433502197265625" lon="15.01486457884311676025390625">
        <ele>553.79998779296875</ele>
        <time>2026-04-05T08:51:47.000Z</time>
        <extensions>
          <ns3:TrackPointExtension>
            <ns3:hr>168</ns3:hr>
            <ns3:cad>77</ns3:cad>
          </ns3:TrackPointExtension>
        </extensions>
      </trkpt>
      <trkpt lat="49.054628312587738037109375" lon="15.0148483179509639739990234375">
        <ele>554</ele>
        <time>2026-04-05T08:51:48.000Z</time>
        <extensions>
          <ns3:TrackPointExtension>
            <ns3:hr>168</ns3:hr>
            <ns3:cad>76</ns3:cad>
          </ns3:TrackPointExtension>
        </extensions>
      </trkpt>
      <trkpt lat="49.05466091819107532501220703125" lon="15.0148225016891956329345703125">
        <ele>554</ele>
        <time>2026-04-05T08:51:49.000Z</time>
        <extensions>
          <ns3:TrackPointExtension>
            <ns3:hr>168</ns3:hr>
            <ns3:cad>76</ns3:cad>
          </ns3:TrackPointExtension>
        </extensions>
      </trkpt>
      <trkpt lat="49.0546921826899051666259765625" lon="15.01480028964579105377197265625">
        <ele>554</ele>
        <time>2026-04-05T08:51:50.000Z</time>
        <extensions>
          <ns3:TrackPointExtension>
            <ns3:hr>168</ns3:hr>
            <ns3:cad>77</ns3:cad>
          </ns3:TrackPointExtension>
        </extensions>
      </trkpt>
      <trkpt lat="49.05471607111394405364990234375" lon="15.01478402875363826751708984375">
        <ele>554</ele>
        <time>2026-04-05T08:51:51.000Z</time>
        <extensions>
          <ns3:TrackPointExtension>
            <ns3:hr>168</ns3:hr>
            <ns3:cad>77</ns3:cad>
          </ns3:TrackPointExtension>
        </extensions>
      </trkpt>
      <trkpt lat="49.05474725179374217987060546875" lon="15.0147691927850246429443359375">
        <ele>554</ele>
        <time>2026-04-05T08:51:52.000Z</time>
        <extensions>
          <ns3:TrackPointExtension>
            <ns3:hr>169</ns3:hr>
            <ns3:cad>77</ns3:cad>
          </ns3:TrackPointExtension>
        </extensions>
      </trkpt>
      <trkpt lat="49.0547840483486652374267578125" lon="15.01475921832025051116943359375">
        <ele>554</ele>
        <time>2026-04-05T08:51:53.000Z</time>
        <extensions>
          <ns3:TrackPointExtension>
            <ns3:hr>169</ns3:hr>
            <ns3:cad>79</ns3:cad>
          </ns3:TrackPointExtension>
        </extensions>
      </trkpt>
      <trkpt lat="49.0548101998865604400634765625" lon="15.01474748365581035614013671875">
        <ele>554</ele>
        <time>2026-04-05T08:51:54.000Z</time>
        <extensions>
          <ns3:TrackPointExtension>
            <ns3:hr>169</ns3:hr>
            <ns3:cad>79</ns3:cad>
          </ns3:TrackPointExtension>
        </extensions>
      </trkpt>
      <trkpt lat="49.05483593232929706573486328125" lon="15.01472921110689640045166015625">
        <ele>554</ele>
        <time>2026-04-05T08:51:55.000Z</time>
        <extensions>
          <ns3:TrackPointExtension>
            <ns3:hr>169</ns3:hr>
            <ns3:cad>77</ns3:cad>
          </ns3:TrackPointExtension>
        </extensions>
      </trkpt>
      <trkpt lat="49.05486795119941234588623046875" lon="15.01471445895731449127197265625">
        <ele>554</ele>
        <time>2026-04-05T08:51:56.000Z</time>
        <extensions>
          <ns3:TrackPointExtension>
            <ns3:hr>169</ns3:hr>
            <ns3:cad>77</ns3:cad>
          </ns3:TrackPointExtension>
        </extensions>
      </trkpt>
      <trkpt lat="49.054900221526622772216796875" lon="15.01469920389354228973388671875">
        <ele>554</ele>
        <time>2026-04-05T08:51:57.000Z</time>
        <extensions>
          <ns3:TrackPointExtension>
            <ns3:hr>169</ns3:hr>
            <ns3:cad>76</ns3:cad>
          </ns3:TrackPointExtension>
        </extensions>
      </trkpt>
      <trkpt lat="49.0549285523593425750732421875" lon="15.014683194458484649658203125">
        <ele>554</ele>
        <time>2026-04-05T08:51:58.000Z</time>
        <extensions>
          <ns3:TrackPointExtension>
            <ns3:hr>169</ns3:hr>
            <ns3:cad>76</ns3:cad>
          </ns3:TrackPointExtension>
        </extensions>
      </trkpt>
      <trkpt lat="49.0549583919346332550048828125" lon="15.0146639160811901092529296875">
        <ele>554</ele>
        <time>2026-04-05T08:51:59.000Z</time>
        <extensions>
          <ns3:TrackPointExtension>
            <ns3:hr>168</ns3:hr>
            <ns3:cad>77</ns3:cad>
          </ns3:TrackPointExtension>
        </extensions>
      </trkpt>
      <trkpt lat="49.05499200336635112762451171875" lon="15.01465528272092342376708984375">
        <ele>554</ele>
        <time>2026-04-05T08:52:00.000Z</time>
        <extensions>
          <ns3:TrackPointExtension>
            <ns3:hr>169</ns3:hr>
            <ns3:cad>77</ns3:cad>
          </ns3:TrackPointExtension>
        </extensions>
      </trkpt>
      <trkpt lat="49.05502620153129100799560546875" lon="15.01464103348553180694580078125">
        <ele>554</ele>
        <time>2026-04-05T08:52:01.000Z</time>
        <extensions>
          <ns3:TrackPointExtension>
            <ns3:hr>169</ns3:hr>
            <ns3:cad>77</ns3:cad>
          </ns3:TrackPointExtension>
        </extensions>
      </trkpt>
      <trkpt lat="49.05505352653563022613525390625" lon="15.0146277062594890594482421875">
        <ele>554</ele>
        <time>2026-04-05T08:52:02.000Z</time>
        <extensions>
          <ns3:TrackPointExtension>
            <ns3:hr>168</ns3:hr>
            <ns3:cad>77</ns3:cad>
          </ns3:TrackPointExtension>
        </extensions>
      </trkpt>
      <trkpt lat="49.05508923344314098358154296875" lon="15.01461136154830455780029296875">
        <ele>554</ele>
        <time>2026-04-05T08:52:03.000Z</time>
        <extensions>
          <ns3:TrackPointExtension>
            <ns3:hr>168</ns3:hr>
            <ns3:cad>79</ns3:cad>
          </ns3:TrackPointExtension>
        </extensions>
      </trkpt>
      <trkpt lat="49.05512376688420772552490234375" lon="15.014598369598388671875">
        <ele>554</ele>
        <time>2026-04-05T08:52:04.000Z</time>
        <extensions>
          <ns3:TrackPointExtension>
            <ns3:hr>168</ns3:hr>
            <ns3:cad>79</ns3:cad>
          </ns3:TrackPointExtension>
        </extensions>
      </trkpt>
      <trkpt lat="49.055153690278530120849609375" lon="15.0145891495048999786376953125">
        <ele>553.79998779296875</ele>
        <time>2026-04-05T08:52:05.000Z</time>
        <extensions>
          <ns3:TrackPointExtension>
            <ns3:hr>168</ns3:hr>
            <ns3:cad>78</ns3:cad>
          </ns3:TrackPointExtension>
        </extensions>
      </trkpt>
      <trkpt lat="49.05518562532961368560791015625" lon="15.0145755708217620849609375">
        <ele>553.79998779296875</ele>
        <time>2026-04-05T08:52:06.000Z</time>
        <extensions>
          <ns3:TrackPointExtension>
            <ns3:hr>168</ns3:hr>
            <ns3:cad>78</ns3:cad>
          </ns3:TrackPointExtension>
        </extensions>
      </trkpt>
      <trkpt lat="49.05523113906383514404296875" lon="15.01457087695598602294921875">
        <ele>553.5999755859375</ele>
        <time>2026-04-05T08:52:07.000Z</time>
        <extensions>
          <ns3:TrackPointExtension>
            <ns3:hr>168</ns3:hr>
            <ns3:cad>76</ns3:cad>
          </ns3:TrackPointExtension>
        </extensions>
      </trkpt>
      <trkpt lat="49.0552732162177562713623046875" lon="15.01456827856600284576416015625">
        <ele>553.4000244140625</ele>
        <time>2026-04-05T08:52:08.000Z</time>
        <extensions>
          <ns3:TrackPointExtension>
            <ns3:hr>169</ns3:hr>
            <ns3:cad>76</ns3:cad>
          </ns3:TrackPointExtension>
        </extensions>
      </trkpt>
      <trkpt lat="49.05529878102242946624755859375" lon="15.01456090249121189117431640625">
        <ele>553.20001220703125</ele>
        <time>2026-04-05T08:52:09.000Z</time>
        <extensions>
          <ns3:TrackPointExtension>
            <ns3:hr>168</ns3:hr>
            <ns3:cad>76</ns3:cad>
          </ns3:TrackPointExtension>
        </extensions>
      </trkpt>
      <trkpt lat="49.05533281154930591583251953125" lon="15.01455134712159633636474609375">
        <ele>553.20001220703125</ele>
        <time>2026-04-05T08:52:10.000Z</time>
        <extensions>
          <ns3:TrackPointExtension>
            <ns3:hr>168</ns3:hr>
            <ns3:cad>76</ns3:cad>
          </ns3:TrackPointExtension>
        </extensions>
      </trkpt>
      <trkpt lat="49.0553674288094043731689453125" lon="15.01455302350223064422607421875">
        <ele>553</ele>
        <time>2026-04-05T08:52:11.000Z</time>
        <extensions>
          <ns3:TrackPointExtension>
            <ns3:hr>169</ns3:hr>
            <ns3:cad>76</ns3:cad>
          </ns3:TrackPointExtension>
        </extensions>
      </trkpt>
      <trkpt lat="49.05540523119270801544189453125" lon="15.014533661305904388427734375">
        <ele>553</ele>
        <time>2026-04-05T08:52:12.000Z</time>
        <extensions>
          <ns3:TrackPointExtension>
            <ns3:hr>168</ns3:hr>
            <ns3:cad>76</ns3:cad>
          </ns3:TrackPointExtension>
        </extensions>
      </trkpt>
      <trkpt lat="49.0554364956915378570556640625" lon="15.01452125608921051025390625">
        <ele>552.79998779296875</ele>
        <time>2026-04-05T08:52:13.000Z</time>
        <extensions>
          <ns3:TrackPointExtension>
            <ns3:hr>168</ns3:hr>
            <ns3:cad>76</ns3:cad>
          </ns3:TrackPointExtension>
        </extensions>
      </trkpt>
      <trkpt lat="49.05547379516065120697021484375" lon="15.01451211981475353240966796875">
        <ele>552.79998779296875</ele>
        <time>2026-04-05T08:52:14.000Z</time>
        <extensions>
          <ns3:TrackPointExtension>
            <ns3:hr>168</ns3:hr>
            <ns3:cad>76</ns3:cad>
          </ns3:TrackPointExtension>
        </extensions>
      </trkpt>
      <trkpt lat="49.055515788495540618896484375" lon="15.0145049951970577239990234375">
        <ele>552.5999755859375</ele>
        <time>2026-04-05T08:52:15.000Z</time>
        <extensions>
          <ns3:TrackPointExtension>
            <ns3:hr>168</ns3:hr>
            <ns3:cad>76</ns3:cad>
          </ns3:TrackPointExtension>
        </extensions>
      </trkpt>
      <trkpt lat="49.05554705299437046051025390625" lon="15.01450507901608943939208984375">
        <ele>552.4000244140625</ele>
        <time>2026-04-05T08:52:16.000Z</time>
        <extensions>
          <ns3:TrackPointExtension>
            <ns3:hr>168</ns3:hr>
            <ns3:cad>76</ns3:cad>
          </ns3:TrackPointExtension>
        </extensions>
      </trkpt>
      <trkpt lat="49.05557672493159770965576171875" lon="15.014488399028778076171875">
        <ele>552.20001220703125</ele>
        <time>2026-04-05T08:52:17.000Z</time>
        <extensions>
          <ns3:TrackPointExtension>
            <ns3:hr>168</ns3:hr>
            <ns3:cad>76</ns3:cad>
          </ns3:TrackPointExtension>
        </extensions>
      </trkpt>
      <trkpt lat="49.0556178800761699676513671875" lon="15.01447163522243499755859375">
        <ele>552</ele>
        <time>2026-04-05T08:52:18.000Z</time>
        <extensions>
          <ns3:TrackPointExtension>
            <ns3:hr>168</ns3:hr>
            <ns3:cad>76</ns3:cad>
          </ns3:TrackPointExtension>
        </extensions>
      </trkpt>
      <trkpt lat="49.055653922259807586669921875" lon="15.01446652226150035858154296875">
        <ele>551.79998779296875</ele>
        <time>2026-04-05T08:52:19.000Z</time>
        <extensions>
          <ns3:TrackPointExtension>
            <ns3:hr>168</ns3:hr>
            <ns3:cad>76</ns3:cad>
          </ns3:TrackPointExtension>
        </extensions>
      </trkpt>
      <trkpt lat="49.05568485148251056671142578125" lon="15.01446233130991458892822265625">
        <ele>551.4000244140625</ele>
        <time>2026-04-05T08:52:20.000Z</time>
        <extensions>
          <ns3:TrackPointExtension>
            <ns3:hr>168</ns3:hr>
            <ns3:cad>76</ns3:cad>
          </ns3:TrackPointExtension>
        </extensions>
      </trkpt>
      <trkpt lat="49.0557052195072174072265625" lon="15.01445244066417217254638671875">
        <ele>551.20001220703125</ele>
        <time>2026-04-05T08:52:21.000Z</time>
        <extensions>
          <ns3:TrackPointExtension>
            <ns3:hr>168</ns3:hr>
            <ns3:cad>75</ns3:cad>
          </ns3:TrackPointExtension>
        </extensions>
      </trkpt>
      <trkpt lat="49.05573329888284206390380859375" lon="15.0144248642027378082275390625">
        <ele>550.5999755859375</ele>
        <time>2026-04-05T08:52:22.000Z</time>
        <extensions>
          <ns3:TrackPointExtension>
            <ns3:hr>167</ns3:hr>
            <ns3:cad>75</ns3:cad>
          </ns3:TrackPointExtension>
        </extensions>
      </trkpt>
      <trkpt lat="49.05576280318200588226318359375" lon="15.01438907347619533538818359375">
        <ele>550.20001220703125</ele>
        <time>2026-04-05T08:52:23.000Z</time>
        <extensions>
          <ns3:TrackPointExtension>
            <ns3:hr>167</ns3:hr>
            <ns3:cad>75</ns3:cad>
          </ns3:TrackPointExtension>
        </extensions>
      </trkpt>
      <trkpt lat="49.05578769743442535400390625" lon="15.01436023972928524017333984375">
        <ele>549.79998779296875</ele>
        <time>2026-04-05T08:52:24.000Z</time>
        <extensions>
          <ns3:TrackPointExtension>
            <ns3:hr>166</ns3:hr>
            <ns3:cad>75</ns3:cad>
          </ns3:TrackPointExtension>
        </extensions>
      </trkpt>
      <trkpt lat="49.05582181178033351898193359375" lon="15.01432335935533046722412109375">
        <ele>549.4000244140625</ele>
        <time>2026-04-05T08:52:25.000Z</time>
        <extensions>
          <ns3:TrackPointExtension>
            <ns3:hr>166</ns3:hr>
            <ns3:cad>76</ns3:cad>
          </ns3:TrackPointExtension>
        </extensions>
      </trkpt>
      <trkpt lat="49.05585265718400478363037109375" lon="15.01429452560842037200927734375">
        <ele>549.20001220703125</ele>
        <time>2026-04-05T08:52:26.000Z</time>
        <extensions>
          <ns3:TrackPointExtension>
            <ns3:hr>166</ns3:hr>
            <ns3:cad>76</ns3:cad>
          </ns3:TrackPointExtension>
        </extensions>
      </trkpt>
      <trkpt lat="49.05588149093091487884521484375" lon="15.0142590701580047607421875">
        <ele>548.79998779296875</ele>
        <time>2026-04-05T08:52:27.000Z</time>
        <extensions>
          <ns3:TrackPointExtension>
            <ns3:hr>166</ns3:hr>
            <ns3:cad>76</ns3:cad>
          </ns3:TrackPointExtension>
        </extensions>
      </trkpt>
      <trkpt lat="49.055912084877490997314453125" lon="15.014223866164684295654296875">
        <ele>548.5999755859375</ele>
        <time>2026-04-05T08:52:28.000Z</time>
        <extensions>
          <ns3:TrackPointExtension>
            <ns3:hr>166</ns3:hr>
            <ns3:cad>76</ns3:cad>
          </ns3:TrackPointExtension>
        </extensions>
      </trkpt>
      <trkpt lat="49.05594686977565288543701171875" lon="15.0141920149326324462890625">
        <ele>548.20001220703125</ele>
        <time>2026-04-05T08:52:29.000Z</time>
        <extensions>
          <ns3:TrackPointExtension>
            <ns3:hr>165</ns3:hr>
            <ns3:cad>76</ns3:cad>
          </ns3:TrackPointExtension>
        </extensions>
      </trkpt>
      <trkpt lat="49.0559814870357513427734375" lon="15.014166533946990966796875">
        <ele>548</ele>
        <time>2026-04-05T08:52:30.000Z</time>
        <extensions>
          <ns3:TrackPointExtension>
            <ns3:hr>165</ns3:hr>
            <ns3:cad>76</ns3:cad>
          </ns3:TrackPointExtension>
        </extensions>
      </trkpt>
      <trkpt lat="49.05601627193391323089599609375" lon="15.0141370296478271484375">
        <ele>547.79998779296875</ele>
        <time>2026-04-05T08:52:31.000Z</time>
        <extensions>
          <ns3:TrackPointExtension>
            <ns3:hr>165</ns3:hr>
            <ns3:cad>77</ns3:cad>
          </ns3:TrackPointExtension>
        </extensions>
      </trkpt>
      <trkpt lat="49.0560619533061981201171875" lon="15.01409453339874744415283203125">
        <ele>547.4000244140625</ele>
        <time>2026-04-05T08:52:32.000Z</time>
        <extensions>
          <ns3:TrackPointExtension>
            <ns3:hr>165</ns3:hr>
            <ns3:cad>77</ns3:cad>
          </ns3:TrackPointExtension>
        </extensions>
      </trkpt>
      <trkpt lat="49.05609372071921825408935546875" lon="15.01406033523380756378173828125">
        <ele>547</ele>
        <time>2026-04-05T08:52:33.000Z</time>
        <extensions>
          <ns3:TrackPointExtension>
            <ns3:hr>165</ns3:hr>
            <ns3:cad>78</ns3:cad>
          </ns3:TrackPointExtension>
        </extensions>
      </trkpt>
      <trkpt lat="49.05612406320869922637939453125" lon="15.014027059078216552734375">
        <ele>546.79998779296875</ele>
        <time>2026-04-05T08:52:34.000Z</time>
        <extensions>
          <ns3:TrackPointExtension>
            <ns3:hr>165</ns3:hr>
            <ns3:cad>78</ns3:cad>
          </ns3:TrackPointExtension>
        </extensions>
      </trkpt>
      <trkpt lat="49.05615675263106822967529296875" lon="15.01400384120643138885498046875">
        <ele>546.5999755859375</ele>
        <time>2026-04-05T08:52:35.000Z</time>
        <extensions>
          <ns3:TrackPointExtension>
            <ns3:hr>165</ns3:hr>
            <ns3:cad>79</ns3:cad>
          </ns3:TrackPointExtension>
        </extensions>
      </trkpt>
      <trkpt lat="49.05617787502706050872802734375" lon="15.01396008767187595367431640625">
        <ele>546.4000244140625</ele>
        <time>2026-04-05T08:52:36.000Z</time>
        <extensions>
          <ns3:TrackPointExtension>
            <ns3:hr>165</ns3:hr>
            <ns3:cad>79</ns3:cad>
          </ns3:TrackPointExtension>
        </extensions>
      </trkpt>
      <trkpt lat="49.05619136989116668701171875" lon="15.01391884870827198028564453125">
        <ele>546.20001220703125</ele>
        <time>2026-04-05T08:52:37.000Z</time>
        <extensions>
          <ns3:TrackPointExtension>
            <ns3:hr>165</ns3:hr>
            <ns3:cad>79</ns3:cad>
          </ns3:TrackPointExtension>
        </extensions>
      </trkpt>
      <trkpt lat="49.05621374957263469696044921875" lon="15.0138642825186252593994140625">
        <ele>546.20001220703125</ele>
        <time>2026-04-05T08:52:38.000Z</time>
        <extensions>
          <ns3:TrackPointExtension>
            <ns3:hr>165</ns3:hr>
            <ns3:cad>79</ns3:cad>
          </ns3:TrackPointExtension>
        </extensions>
      </trkpt>
      <trkpt lat="49.0562183596193790435791015625" lon="15.01381273381412029266357421875">
        <ele>546.20001220703125</ele>
        <time>2026-04-05T08:52:39.000Z</time>
        <extensions>
          <ns3:TrackPointExtension>
            <ns3:hr>165</ns3:hr>
            <ns3:cad>79</ns3:cad>
          </ns3:TrackPointExtension>
        </extensions>
      </trkpt>
      <trkpt lat="49.05622514896094799041748046875" lon="15.01376629807054996490478515625">
        <ele>546</ele>
        <time>2026-04-05T08:52:40.000Z</time>
        <extensions>
          <ns3:TrackPointExtension>
            <ns3:hr>165</ns3:hr>
            <ns3:cad>80</ns3:cad>
          </ns3:TrackPointExtension>
        </extensions>
      </trkpt>
      <trkpt lat="49.056239314377307891845703125" lon="15.01371483318507671356201171875">
        <ele>546</ele>
        <time>2026-04-05T08:52:41.000Z</time>
        <extensions>
          <ns3:TrackPointExtension>
            <ns3:hr>165</ns3:hr>
            <ns3:cad>80</ns3:cad>
          </ns3:TrackPointExtension>
        </extensions>
      </trkpt>
      <trkpt lat="49.05625440180301666259765625" lon="15.0136649608612060546875">
        <ele>545.79998779296875</ele>
        <time>2026-04-05T08:52:42.000Z</time>
        <extensions>
          <ns3:TrackPointExtension>
            <ns3:hr>165</ns3:hr>
            <ns3:cad>78</ns3:cad>
          </ns3:TrackPointExtension>
        </extensions>
      </trkpt>
      <trkpt lat="49.0562602691352367401123046875" lon="15.01362405717372894287109375">
        <ele>545.79998779296875</ele>
        <time>2026-04-05T08:52:43.000Z</time>
        <extensions>
          <ns3:TrackPointExtension>
            <ns3:hr>166</ns3:hr>
            <ns3:cad>78</ns3:cad>
          </ns3:TrackPointExtension>
        </extensions>
      </trkpt>
      <trkpt lat="49.056275188922882080078125" lon="15.0135670602321624755859375">
        <ele>545.5999755859375</ele>
        <time>2026-04-05T08:52:44.000Z</time>
        <extensions>
          <ns3:TrackPointExtension>
            <ns3:hr>165</ns3:hr>
            <ns3:cad>78</ns3:cad>
          </ns3:TrackPointExtension>
        </extensions>
      </trkpt>
      <trkpt lat="49.05629069544374942779541015625" lon="15.01351383514702320098876953125">
        <ele>545.4000244140625</ele>
        <time>2026-04-05T08:52:45.000Z</time>
        <extensions>
          <ns3:TrackPointExtension>
            <ns3:hr>165</ns3:hr>
            <ns3:cad>79</ns3:cad>
          </ns3:TrackPointExtension>
        </extensions>
      </trkpt>
      <trkpt lat="49.056298322975635528564453125" lon="15.013465471565723419189453125">
        <ele>545.20001220703125</ele>
        <time>2026-04-05T08:52:46.000Z</time>
        <extensions>
          <ns3:TrackPointExtension>
            <ns3:hr>165</ns3:hr>
            <ns3:cad>79</ns3:cad>
          </ns3:TrackPointExtension>
        </extensions>
      </trkpt>
      <trkpt lat="49.05630536377429962158203125" lon="15.01340637914836406707763671875">
        <ele>545</ele>
        <time>2026-04-05T08:52:47.000Z</time>
        <extensions>
          <ns3:TrackPointExtension>
            <ns3:hr>165</ns3:hr>
            <ns3:cad>79</ns3:cad>
          </ns3:TrackPointExtension>
        </extensions>
      </trkpt>
      <trkpt lat="49.0563222952187061309814453125" lon="15.0133503042161464691162109375">
        <ele>545</ele>
        <time>2026-04-05T08:52:48.000Z</time>
        <extensions>
          <ns3:TrackPointExtension>
            <ns3:hr>165</ns3:hr>
            <ns3:cad>78</ns3:cad>
          </ns3:TrackPointExtension>
        </extensions>
      </trkpt>
      <trkpt lat="49.0563340298831462860107421875" lon="15.0133000127971172332763671875">
        <ele>545</ele>
        <time>2026-04-05T08:52:49.000Z</time>
        <extensions>
          <ns3:TrackPointExtension>
            <ns3:hr>165</ns3:hr>
            <ns3:cad>78</ns3:cad>
          </ns3:TrackPointExtension>
        </extensions>
      </trkpt>
      <trkpt lat="49.056344591081142425537109375" lon="15.013252235949039459228515625">
        <ele>545</ele>
        <time>2026-04-05T08:52:50.000Z</time>
        <extensions>
          <ns3:TrackPointExtension>
            <ns3:hr>165</ns3:hr>
            <ns3:cad>78</ns3:cad>
          </ns3:TrackPointExtension>
        </extensions>
      </trkpt>
      <trkpt lat="49.05635833740234375" lon="15.0132118351757526397705078125">
        <ele>545</ele>
        <time>2026-04-05T08:52:51.000Z</time>
        <extensions>
          <ns3:TrackPointExtension>
            <ns3:hr>164</ns3:hr>
            <ns3:cad>78</ns3:cad>
          </ns3:TrackPointExtension>
        </extensions>
      </trkpt>
      <trkpt lat="49.05636613257229328155517578125" lon="15.01315827481448650360107421875">
        <ele>545</ele>
        <time>2026-04-05T08:52:52.000Z</time>
        <extensions>
          <ns3:TrackPointExtension>
            <ns3:hr>164</ns3:hr>
            <ns3:cad>78</ns3:cad>
          </ns3:TrackPointExtension>
        </extensions>
      </trkpt>
      <trkpt lat="49.05634903348982334136962890625" lon="15.01309574581682682037353515625">
        <ele>544.79998779296875</ele>
        <time>2026-04-05T08:52:53.000Z</time>
        <extensions>
          <ns3:TrackPointExtension>
            <ns3:hr>164</ns3:hr>
            <ns3:cad>78</ns3:cad>
          </ns3:TrackPointExtension>
        </extensions>
      </trkpt>
      <trkpt lat="49.0563400648534297943115234375" lon="15.013040341436862945556640625">
        <ele>544.79998779296875</ele>
        <time>2026-04-05T08:52:54.000Z</time>
        <extensions>
          <ns3:TrackPointExtension>
            <ns3:hr>163</ns3:hr>
            <ns3:cad>78</ns3:cad>
          </ns3:TrackPointExtension>
        </extensions>
      </trkpt>
      <trkpt lat="49.05634023249149322509765625" lon="15.012986361980438232421875">
        <ele>544.79998779296875</ele>
        <time>2026-04-05T08:52:55.000Z</time>
        <extensions>
          <ns3:TrackPointExtension>
            <ns3:hr>163</ns3:hr>
            <ns3:cad>78</ns3:cad>
          </ns3:TrackPointExtension>
        </extensions>
      </trkpt>
      <trkpt lat="49.05633579008281230926513671875" lon="15.0129483081400394439697265625">
        <ele>544.79998779296875</ele>
        <time>2026-04-05T08:52:56.000Z</time>
        <extensions>
          <ns3:TrackPointExtension>
            <ns3:hr>163</ns3:hr>
            <ns3:cad>78</ns3:cad>
          </ns3:TrackPointExtension>
        </extensions>
      </trkpt>
      <trkpt lat="49.056336879730224609375" lon="15.01289105974137783050537109375">
        <ele>544.79998779296875</ele>
        <time>2026-04-05T08:52:57.000Z</time>
        <extensions>
          <ns3:TrackPointExtension>
            <ns3:hr>163</ns3:hr>
            <ns3:cad>78</ns3:cad>
          </ns3:TrackPointExtension>
        </extensions>
      </trkpt>
      <trkpt lat="49.05633495189249515533447265625" lon="15.01283724792301654815673828125">
        <ele>544.79998779296875</ele>
        <time>2026-04-05T08:52:58.000Z</time>
        <extensions>
          <ns3:TrackPointExtension>
            <ns3:hr>163</ns3:hr>
            <ns3:cad>79</ns3:cad>
          </ns3:TrackPointExtension>
        </extensions>
      </trkpt>
      <trkpt lat="49.05632422305643558502197265625" lon="15.0127897225320339202880859375">
        <ele>544.5999755859375</ele>
        <time>2026-04-05T08:52:59.000Z</time>
        <extensions>
          <ns3:TrackPointExtension>
            <ns3:hr>163</ns3:hr>
            <ns3:cad>79</ns3:cad>
          </ns3:TrackPointExtension>
        </extensions>
      </trkpt>
      <trkpt lat="49.056313745677471160888671875" lon="15.01272710971534252166748046875">
        <ele>544.5999755859375</ele>
        <time>2026-04-05T08:53:00.000Z</time>
        <extensions>
          <ns3:TrackPointExtension>
            <ns3:hr>163</ns3:hr>
            <ns3:cad>79</ns3:cad>
          </ns3:TrackPointExtension>
        </extensions>
      </trkpt>
      <trkpt lat="49.05631617642939090728759765625" lon="15.012661479413509368896484375">
        <ele>544.5999755859375</ele>
        <time>2026-04-05T08:53:01.000Z</time>
        <extensions>
          <ns3:TrackPointExtension>
            <ns3:hr>163</ns3:hr>
            <ns3:cad>79</ns3:cad>
          </ns3:TrackPointExtension>
        </extensions>
      </trkpt>
      <trkpt lat="49.05632271431386470794677734375" lon="15.01261009834706783294677734375">
        <ele>544.4000244140625</ele>
        <time>2026-04-05T08:53:02.000Z</time>
        <extensions>
          <ns3:TrackPointExtension>
            <ns3:hr>163</ns3:hr>
            <ns3:cad>79</ns3:cad>
          </ns3:TrackPointExtension>
        </extensions>
      </trkpt>
      <trkpt lat="49.0563390590250492095947265625" lon="15.0125583820044994354248046875">
        <ele>544.4000244140625</ele>
        <time>2026-04-05T08:53:03.000Z</time>
        <extensions>
          <ns3:TrackPointExtension>
            <ns3:hr>162</ns3:hr>
            <ns3:cad>79</ns3:cad>
          </ns3:TrackPointExtension>
        </extensions>
      </trkpt>
      <trkpt lat="49.056362695991992950439453125" lon="15.01251764595508575439453125">
        <ele>544.4000244140625</ele>
        <time>2026-04-05T08:53:04.000Z</time>
        <extensions>
          <ns3:TrackPointExtension>
            <ns3:hr>163</ns3:hr>
            <ns3:cad>79</ns3:cad>
          </ns3:TrackPointExtension>
        </extensions>
      </trkpt>
      <trkpt lat="49.05638088472187519073486328125" lon="15.01248118467628955841064453125">
        <ele>544.20001220703125</ele>
        <time>2026-04-05T08:53:05.000Z</time>
        <extensions>
          <ns3:TrackPointExtension>
            <ns3:hr>163</ns3:hr>
            <ns3:cad>79</ns3:cad>
          </ns3:TrackPointExtension>
        </extensions>
      </trkpt>
      <trkpt lat="49.0564014203846454620361328125" lon="15.012445561587810516357421875">
        <ele>544</ele>
        <time>2026-04-05T08:53:06.000Z</time>
        <extensions>
          <ns3:TrackPointExtension>
            <ns3:hr>163</ns3:hr>
            <ns3:cad>78</ns3:cad>
          </ns3:TrackPointExtension>
        </extensions>
      </trkpt>
      <trkpt lat="49.0564282424747943878173828125" lon="15.01241161487996578216552734375">
        <ele>544</ele>
        <time>2026-04-05T08:53:07.000Z</time>
        <extensions>
          <ns3:TrackPointExtension>
            <ns3:hr>163</ns3:hr>
            <ns3:cad>78</ns3:cad>
          </ns3:TrackPointExtension>
        </extensions>
      </trkpt>
      <trkpt lat="49.056445173919200897216796875" lon="15.01237213611602783203125">
        <ele>543.79998779296875</ele>
        <time>2026-04-05T08:53:08.000Z</time>
        <extensions>
          <ns3:TrackPointExtension>
            <ns3:hr>163</ns3:hr>
            <ns3:cad>78</ns3:cad>
          </ns3:TrackPointExtension>
        </extensions>
      </trkpt>
      <trkpt lat="49.0564550645649433135986328125" lon="15.01233751885592937469482421875">
        <ele>543.5999755859375</ele>
        <time>2026-04-05T08:53:09.000Z</time>
        <extensions>
          <ns3:TrackPointExtension>
            <ns3:hr>163</ns3:hr>
            <ns3:cad>78</ns3:cad>
          </ns3:TrackPointExtension>
        </extensions>
      </trkpt>
      <trkpt lat="49.05646319501101970672607421875" lon="15.01229058019816875457763671875">
        <ele>543.5999755859375</ele>
        <time>2026-04-05T08:53:10.000Z</time>
        <extensions>
          <ns3:TrackPointExtension>
            <ns3:hr>164</ns3:hr>
            <ns3:cad>78</ns3:cad>
          </ns3:TrackPointExtension>
        </extensions>
      </trkpt>
      <trkpt lat="49.0564738400280475616455078125" lon="15.01223911531269550323486328125">
        <ele>543.4000244140625</ele>
        <time>2026-04-05T08:53:11.000Z</time>
        <extensions>
          <ns3:TrackPointExtension>
            <ns3:hr>163</ns3:hr>
            <ns3:cad>78</ns3:cad>
          </ns3:TrackPointExtension>
        </extensions>
      </trkpt>
      <trkpt lat="49.05648280866444110870361328125" lon="15.01219837926328182220458984375">
        <ele>543.4000244140625</ele>
        <time>2026-04-05T08:53:12.000Z</time>
        <extensions>
          <ns3:TrackPointExtension>
            <ns3:hr>163</ns3:hr>
            <ns3:cad>77</ns3:cad>
          </ns3:TrackPointExtension>
        </extensions>
      </trkpt>
      <trkpt lat="49.05648775398731231689453125" lon="15.01215412281453609466552734375">
        <ele>543.20001220703125</ele>
        <time>2026-04-05T08:53:13.000Z</time>
        <extensions>
          <ns3:TrackPointExtension>
            <ns3:hr>164</ns3:hr>
            <ns3:cad>77</ns3:cad>
          </ns3:TrackPointExtension>
        </extensions>
      </trkpt>
      <trkpt lat="49.05650644563138484954833984375" lon="15.0120985507965087890625">
        <ele>543.20001220703125</ele>
        <time>2026-04-05T08:53:14.000Z</time>
        <extensions>
          <ns3:TrackPointExtension>
            <ns3:hr>163</ns3:hr>
            <ns3:cad>77</ns3:cad>
          </ns3:TrackPointExtension>
        </extensions>
      </trkpt>
      <trkpt lat="49.05652740038931369781494140625" lon="15.0120554678142070770263671875">
        <ele>543</ele>
        <time>2026-04-05T08:53:15.000Z</time>
        <extensions>
          <ns3:TrackPointExtension>
            <ns3:hr>164</ns3:hr>
            <ns3:cad>77</ns3:cad>
          </ns3:TrackPointExtension>
        </extensions>
      </trkpt>
      <trkpt lat="49.0565533004701137542724609375" lon="15.01202537678182125091552734375">
        <ele>543</ele>
        <time>2026-04-05T08:53:16.000Z</time>
        <extensions>
          <ns3:TrackPointExtension>
            <ns3:hr>164</ns3:hr>
            <ns3:cad>78</ns3:cad>
          </ns3:TrackPointExtension>
        </extensions>
      </trkpt>
      <trkpt lat="49.05657836236059665679931640625" lon="15.011990256607532501220703125">
        <ele>543</ele>
        <time>2026-04-05T08:53:17.000Z</time>
        <extensions>
          <ns3:TrackPointExtension>
            <ns3:hr>164</ns3:hr>
            <ns3:cad>78</ns3:cad>
          </ns3:TrackPointExtension>
        </extensions>
      </trkpt>
      <trkpt lat="49.0566025860607624053955078125" lon="15.01194876618683338165283203125">
        <ele>542.79998779296875</ele>
        <time>2026-04-05T08:53:18.000Z</time>
        <extensions>
          <ns3:TrackPointExtension>
            <ns3:hr>164</ns3:hr>
            <ns3:cad>78</ns3:cad>
          </ns3:TrackPointExtension>
        </extensions>
      </trkpt>
      <trkpt lat="49.056619517505168914794921875" lon="15.0119180046021938323974609375">
        <ele>542.79998779296875</ele>
        <time>2026-04-05T08:53:19.000Z</time>
        <extensions>
          <ns3:TrackPointExtension>
            <ns3:hr>164</ns3:hr>
            <ns3:cad>78</ns3:cad>
          </ns3:TrackPointExtension>
        </extensions>
      </trkpt>
      <trkpt lat="49.05663393437862396240234375" lon="15.011866874992847442626953125">
        <ele>542.5999755859375</ele>
        <time>2026-04-05T08:53:20.000Z</time>
        <extensions>
          <ns3:TrackPointExtension>
            <ns3:hr>164</ns3:hr>
            <ns3:cad>77</ns3:cad>
          </ns3:TrackPointExtension>
        </extensions>
      </trkpt>
      <trkpt lat="49.05664759688079357147216796875" lon="15.01180929131805896759033203125">
        <ele>542.4000244140625</ele>
        <time>2026-04-05T08:53:21.000Z</time>
        <extensions>
          <ns3:TrackPointExtension>
            <ns3:hr>165</ns3:hr>
            <ns3:cad>77</ns3:cad>
          </ns3:TrackPointExtension>
        </extensions>
      </trkpt>
      <trkpt lat="49.05665413476526737213134765625" lon="15.01175296492874622344970703125">
        <ele>542.20001220703125</ele>
        <time>2026-04-05T08:53:22.000Z</time>
        <extensions>
          <ns3:TrackPointExtension>
            <ns3:hr>165</ns3:hr>
            <ns3:cad>77</ns3:cad>
          </ns3:TrackPointExtension>
        </extensions>
      </trkpt>
      <trkpt lat="49.0566708147525787353515625" lon="15.0117024220526218414306640625">
        <ele>542.20001220703125</ele>
        <time>2026-04-05T08:53:23.000Z</time>
        <extensions>
          <ns3:TrackPointExtension>
            <ns3:hr>165</ns3:hr>
            <ns3:cad>77</ns3:cad>
          </ns3:TrackPointExtension>
        </extensions>
      </trkpt>
      <trkpt lat="49.056687243282794952392578125" lon="15.0116605125367641448974609375">
        <ele>542</ele>
        <time>2026-04-05T08:53:24.000Z</time>
        <extensions>
          <ns3:TrackPointExtension>
            <ns3:hr>165</ns3:hr>
            <ns3:cad>77</ns3:cad>
          </ns3:TrackPointExtension>
        </extensions>
      </trkpt>
      <trkpt lat="49.0567212738096714019775390625" lon="15.0116460956633090972900390625">
        <ele>541.79998779296875</ele>
        <time>2026-04-05T08:53:25.000Z</time>
        <extensions>
          <ns3:TrackPointExtension>
            <ns3:hr>165</ns3:hr>
            <ns3:cad>77</ns3:cad>
          </ns3:TrackPointExtension>
        </extensions>
      </trkpt>
      <trkpt lat="49.05674834735691547393798828125" lon="15.0116397254168987274169921875">
        <ele>541.5999755859375</ele>
        <time>2026-04-05T08:53:26.000Z</time>
        <extensions>
          <ns3:TrackPointExtension>
            <ns3:hr>166</ns3:hr>
            <ns3:cad>78</ns3:cad>
          </ns3:TrackPointExtension>
        </extensions>
      </trkpt>
      <trkpt lat="49.0567836351692676544189453125" lon="15.011639557778835296630859375">
        <ele>541.5999755859375</ele>
        <time>2026-04-05T08:53:27.000Z</time>
        <extensions>
          <ns3:TrackPointExtension>
            <ns3:hr>166</ns3:hr>
            <ns3:cad>78</ns3:cad>
          </ns3:TrackPointExtension>
        </extensions>
      </trkpt>
      <trkpt lat="49.05681305564939975738525390625" lon="15.01163846813142299652099609375">
        <ele>541.5999755859375</ele>
        <time>2026-04-05T08:53:28.000Z</time>
        <extensions>
          <ns3:TrackPointExtension>
            <ns3:hr>166</ns3:hr>
            <ns3:cad>78</ns3:cad>
          </ns3:TrackPointExtension>
        </extensions>
      </trkpt>
      <trkpt lat="49.05683954246342182159423828125" lon="15.01163058914244174957275390625">
        <ele>541.4000244140625</ele>
        <time>2026-04-05T08:53:29.000Z</time>
        <extensions>
          <ns3:TrackPointExtension>
            <ns3:hr>166</ns3:hr>
            <ns3:cad>78</ns3:cad>
          </ns3:TrackPointExtension>
        </extensions>
      </trkpt>
      <trkpt lat="49.05687893740832805633544921875" lon="15.01162371598184108734130859375">
        <ele>541.4000244140625</ele>
        <time>2026-04-05T08:53:30.000Z</time>
        <extensions>
          <ns3:TrackPointExtension>
            <ns3:hr>165</ns3:hr>
            <ns3:cad>79</ns3:cad>
          </ns3:TrackPointExtension>
        </extensions>
      </trkpt>
      <trkpt lat="49.05690726824104785919189453125" lon="15.01162757165729999542236328125">
        <ele>541.4000244140625</ele>
        <time>2026-04-05T08:53:31.000Z</time>
        <extensions>
          <ns3:TrackPointExtension>
            <ns3:hr>165</ns3:hr>
            <ns3:cad>79</ns3:cad>
          </ns3:TrackPointExtension>
        </extensions>
      </trkpt>
      <trkpt lat="49.0569395385682582855224609375" lon="15.0116310082376003265380859375">
        <ele>541.4000244140625</ele>
        <time>2026-04-05T08:53:32.000Z</time>
        <extensions>
          <ns3:TrackPointExtension>
            <ns3:hr>165</ns3:hr>
            <ns3:cad>79</ns3:cad>
          </ns3:TrackPointExtension>
        </extensions>
      </trkpt>
      <trkpt lat="49.0569739043712615966796875" lon="15.011633522808551788330078125">
        <ele>541.4000244140625</ele>
        <time>2026-04-05T08:53:33.000Z</time>
        <extensions>
          <ns3:TrackPointExtension>
            <ns3:hr>164</ns3:hr>
            <ns3:cad>80</ns3:cad>
          </ns3:TrackPointExtension>
        </extensions>
      </trkpt>
      <trkpt lat="49.057002402842044830322265625" lon="15.01162421889603137969970703125">
        <ele>541.4000244140625</ele>
        <time>2026-04-05T08:53:34.000Z</time>
        <extensions>
          <ns3:TrackPointExtension>
            <ns3:hr>163</ns3:hr>
            <ns3:cad>80</ns3:cad>
          </ns3:TrackPointExtension>
        </extensions>
      </trkpt>
      <trkpt lat="49.05703199096024036407470703125" lon="15.01161097548902034759521484375">
        <ele>541.4000244140625</ele>
        <time>2026-04-05T08:53:35.000Z</time>
        <extensions>
          <ns3:TrackPointExtension>
            <ns3:hr>162</ns3:hr>
            <ns3:cad>80</ns3:cad>
          </ns3:TrackPointExtension>
        </extensions>
      </trkpt>
      <trkpt lat="49.05705747194588184356689453125" lon="15.01158398576080799102783203125">
        <ele>541.4000244140625</ele>
        <time>2026-04-05T08:53:36.000Z</time>
        <extensions>
          <ns3:TrackPointExtension>
            <ns3:hr>161</ns3:hr>
            <ns3:cad>81</ns3:cad>
          </ns3:TrackPointExtension>
        </extensions>
      </trkpt>
      <trkpt lat="49.0570780076086521148681640625" lon="15.01154794357717037200927734375">
        <ele>541.4000244140625</ele>
        <time>2026-04-05T08:53:37.000Z</time>
        <extensions>
          <ns3:TrackPointExtension>
            <ns3:hr>161</ns3:hr>
            <ns3:cad>81</ns3:cad>
          </ns3:TrackPointExtension>
        </extensions>
      </trkpt>
      <trkpt lat="49.0571001358330249786376953125" lon="15.01151910983026027679443359375">
        <ele>541.20001220703125</ele>
        <time>2026-04-05T08:53:38.000Z</time>
        <extensions>
          <ns3:TrackPointExtension>
            <ns3:hr>161</ns3:hr>
            <ns3:cad>81</ns3:cad>
          </ns3:TrackPointExtension>
        </extensions>
      </trkpt>
      <trkpt lat="49.05711941421031951904296875" lon="15.0114834867417812347412109375">
        <ele>541</ele>
        <time>2026-04-05T08:53:39.000Z</time>
        <extensions>
          <ns3:TrackPointExtension>
            <ns3:hr>161</ns3:hr>
            <ns3:cad>81</ns3:cad>
          </ns3:TrackPointExtension>
        </extensions>
      </trkpt>
      <trkpt lat="49.0571267902851104736328125" lon="15.01144501380622386932373046875">
        <ele>541</ele>
        <time>2026-04-05T08:53:40.000Z</time>
        <extensions>
          <ns3:TrackPointExtension>
            <ns3:hr>161</ns3:hr>
            <ns3:cad>81</ns3:cad>
          </ns3:TrackPointExtension>
        </extensions>
      </trkpt>
      <trkpt lat="49.05713056214153766632080078125" lon="15.01139438711106777191162109375">
        <ele>540.79998779296875</ele>
        <time>2026-04-05T08:53:41.000Z</time>
        <extensions>
          <ns3:TrackPointExtension>
            <ns3:hr>161</ns3:hr>
            <ns3:cad>81</ns3:cad>
          </ns3:TrackPointExtension>
        </extensions>
      </trkpt>
      <trkpt lat="49.05714531429111957550048828125" lon="15.01135448925197124481201171875">
        <ele>540.5999755859375</ele>
        <time>2026-04-05T08:53:42.000Z</time>
        <extensions>
          <ns3:TrackPointExtension>
            <ns3:hr>161</ns3:hr>
            <ns3:cad>81</ns3:cad>
          </ns3:TrackPointExtension>
        </extensions>
      </trkpt>
      <trkpt lat="49.05715763568878173828125" lon="15.01131190918385982513427734375">
        <ele>540.5999755859375</ele>
        <time>2026-04-05T08:53:43.000Z</time>
        <extensions>
          <ns3:TrackPointExtension>
            <ns3:hr>161</ns3:hr>
            <ns3:cad>81</ns3:cad>
          </ns3:TrackPointExtension>
        </extensions>
      </trkpt>
      <trkpt lat="49.05715889297425746917724609375" lon="15.01127050258219242095947265625">
        <ele>540.4000244140625</ele>
        <time>2026-04-05T08:53:44.000Z</time>
        <extensions>
          <ns3:TrackPointExtension>
            <ns3:hr>161</ns3:hr>
            <ns3:cad>81</ns3:cad>
          </ns3:TrackPointExtension>
        </extensions>
      </trkpt>
      <trkpt lat="49.0571655146777629852294921875" lon="15.0112270005047321319580078125">
        <ele>540.4000244140625</ele>
        <time>2026-04-05T08:53:45.000Z</time>
        <extensions>
          <ns3:TrackPointExtension>
            <ns3:hr>160</ns3:hr>
            <ns3:cad>78</ns3:cad>
          </ns3:TrackPointExtension>
        </extensions>
      </trkpt>
      <trkpt lat="49.057168699800968170166015625" lon="15.011188946664333343505859375">
        <ele>540.4000244140625</ele>
        <time>2026-04-05T08:53:46.000Z</time>
        <extensions>
          <ns3:TrackPointExtension>
            <ns3:hr>161</ns3:hr>
            <ns3:cad>78</ns3:cad>
          </ns3:TrackPointExtension>
        </extensions>
      </trkpt>
      <trkpt lat="49.0571712143719196319580078125" lon="15.0111549161374568939208984375">
        <ele>540.4000244140625</ele>
        <time>2026-04-05T08:53:47.000Z</time>
        <extensions>
          <ns3:TrackPointExtension>
            <ns3:hr>161</ns3:hr>
            <ns3:cad>79</ns3:cad>
          </ns3:TrackPointExtension>
        </extensions>
      </trkpt>
      <trkpt lat="49.05717884190380573272705078125" lon="15.01110387034714221954345703125">
        <ele>540.20001220703125</ele>
        <time>2026-04-05T08:53:48.000Z</time>
        <extensions>
          <ns3:TrackPointExtension>
            <ns3:hr>160</ns3:hr>
            <ns3:cad>79</ns3:cad>
          </ns3:TrackPointExtension>
        </extensions>
      </trkpt>
      <trkpt lat="49.0571930073201656341552734375" lon="15.011062212288379669189453125">
        <ele>540.20001220703125</ele>
        <time>2026-04-05T08:53:49.000Z</time>
        <extensions>
          <ns3:TrackPointExtension>
            <ns3:hr>160</ns3:hr>
            <ns3:cad>78</ns3:cad>
          </ns3:TrackPointExtension>
        </extensions>
      </trkpt>
      <trkpt lat="49.05721127986907958984375" lon="15.0110208056867122650146484375">
        <ele>540.20001220703125</ele>
        <time>2026-04-05T08:53:50.000Z</time>
        <extensions>
          <ns3:TrackPointExtension>
            <ns3:hr>160</ns3:hr>
            <ns3:cad>78</ns3:cad>
          </ns3:TrackPointExtension>
        </extensions>
      </trkpt>
      <trkpt lat="49.0572241879999637603759765625" lon="15.0109867751598358154296875">
        <ele>540</ele>
        <time>2026-04-05T08:53:51.000Z</time>
        <extensions>
          <ns3:TrackPointExtension>
            <ns3:hr>160</ns3:hr>
            <ns3:cad>77</ns3:cad>
          </ns3:TrackPointExtension>
        </extensions>
      </trkpt>
      <trkpt lat="49.05723399482667446136474609375" lon="15.01096657477319240570068359375">
        <ele>540</ele>
        <time>2026-04-05T08:53:52.000Z</time>
        <extensions>
          <ns3:TrackPointExtension>
            <ns3:hr>160</ns3:hr>
            <ns3:cad>77</ns3:cad>
          </ns3:TrackPointExtension>
        </extensions>
      </trkpt>
      <trkpt lat="49.05724287964403629302978515625" lon="15.01094461418688297271728515625">
        <ele>540</ele>
        <time>2026-04-05T08:53:53.000Z</time>
        <extensions>
          <ns3:TrackPointExtension>
            <ns3:hr>159</ns3:hr>
            <ns3:cad>73</ns3:cad>
          </ns3:TrackPointExtension>
        </extensions>
      </trkpt>
      <trkpt lat="49.05725310556590557098388671875" lon="15.0109101645648479461669921875">
        <ele>540</ele>
        <time>2026-04-05T08:53:54.000Z</time>
        <extensions>
          <ns3:TrackPointExtension>
            <ns3:hr>159</ns3:hr>
            <ns3:cad>73</ns3:cad>
          </ns3:TrackPointExtension>
        </extensions>
      </trkpt>
      <trkpt lat="49.057269282639026641845703125" lon="15.01087135635316371917724609375">
        <ele>540</ele>
        <time>2026-04-05T08:53:55.000Z</time>
        <extensions>
          <ns3:TrackPointExtension>
            <ns3:hr>159</ns3:hr>
            <ns3:cad>72</ns3:cad>
          </ns3:TrackPointExtension>
        </extensions>
      </trkpt>
      <trkpt lat="49.05727925710380077362060546875" lon="15.010845623910427093505859375">
        <ele>539.79998779296875</ele>
        <time>2026-04-05T08:53:56.000Z</time>
        <extensions>
          <ns3:TrackPointExtension>
            <ns3:hr>158</ns3:hr>
            <ns3:cad>72</ns3:cad>
          </ns3:TrackPointExtension>
        </extensions>
      </trkpt>
      <trkpt lat="49.05728998593986034393310546875" lon="15.0108223222196102142333984375">
        <ele>539.5999755859375</ele>
        <time>2026-04-05T08:53:57.000Z</time>
        <extensions>
          <ns3:TrackPointExtension>
            <ns3:hr>159</ns3:hr>
            <ns3:cad>72</ns3:cad>
          </ns3:TrackPointExtension>
        </extensions>
      </trkpt>
      <trkpt lat="49.05729635618627071380615234375" lon="15.01080949790775775909423828125">
        <ele>539.5999755859375</ele>
        <time>2026-04-05T08:53:58.000Z</time>
        <extensions>
          <ns3:TrackPointExtension>
            <ns3:hr>159</ns3:hr>
            <ns3:cad>72</ns3:cad>
          </ns3:TrackPointExtension>
        </extensions>
      </trkpt>
      <trkpt lat="49.05730088241398334503173828125" lon="15.01078317873179912567138671875">
        <ele>539.5999755859375</ele>
        <time>2026-04-05T08:53:59.000Z</time>
        <extensions>
          <ns3:TrackPointExtension>
            <ns3:hr>159</ns3:hr>
            <ns3:cad>0</ns3:cad>
          </ns3:TrackPointExtension>
        </extensions>
      </trkpt>
      <trkpt lat="49.05730607919394969940185546875" lon="15.010759122669696807861328125">
        <ele>539.5999755859375</ele>
        <time>2026-04-05T08:54:00.000Z</time>
        <extensions>
          <ns3:TrackPointExtension>
            <ns3:hr>159</ns3:hr>
            <ns3:cad>0</ns3:cad>
          </ns3:TrackPointExtension>
        </extensions>
      </trkpt>
      <trkpt lat="49.05730792321264743804931640625" lon="15.01072919927537441253662109375">
        <ele>539.5999755859375</ele>
        <time>2026-04-05T08:54:01.000Z</time>
        <extensions>
          <ns3:TrackPointExtension>
            <ns3:hr>158</ns3:hr>
            <ns3:cad>0</ns3:cad>
          </ns3:TrackPointExtension>
        </extensions>
      </trkpt>
      <trkpt lat="49.05731379054486751556396484375" lon="15.010693073272705078125">
        <ele>539.5999755859375</ele>
        <time>2026-04-05T08:54:02.000Z</time>
        <extensions>
          <ns3:TrackPointExtension>
            <ns3:hr>158</ns3:hr>
            <ns3:cad>0</ns3:cad>
          </ns3:TrackPointExtension>
        </extensions>
      </trkpt>
      <trkpt lat="49.057318232953548431396484375" lon="15.01064957119524478912353515625">
        <ele>539.4000244140625</ele>
        <time>2026-04-05T08:54:03.000Z</time>
        <extensions>
          <ns3:TrackPointExtension>
            <ns3:hr>158</ns3:hr>
            <ns3:cad>0</ns3:cad>
          </ns3:TrackPointExtension>
        </extensions>
      </trkpt>
      <trkpt lat="49.05731814913451671600341796875" lon="15.010614283382892608642578125">
        <ele>539.4000244140625</ele>
        <time>2026-04-05T08:54:04.000Z</time>
        <extensions>
          <ns3:TrackPointExtension>
            <ns3:hr>158</ns3:hr>
            <ns3:cad>0</ns3:cad>
          </ns3:TrackPointExtension>
        </extensions>
      </trkpt>
      <trkpt lat="49.05731496401131153106689453125" lon="15.01057782210409641265869140625">
        <ele>539.4000244140625</ele>
        <time>2026-04-05T08:54:05.000Z</time>
        <extensions>
          <ns3:TrackPointExtension>
            <ns3:hr>157</ns3:hr>
            <ns3:cad>75</ns3:cad>
          </ns3:TrackPointExtension>
        </extensions>
      </trkpt>
      <trkpt lat="49.057313539087772369384765625" lon="15.0105302967131137847900390625">
        <ele>539.4000244140625</ele>
        <time>2026-04-05T08:54:06.000Z</time>
        <extensions>
          <ns3:TrackPointExtension>
            <ns3:hr>157</ns3:hr>
            <ns3:cad>75</ns3:cad>
          </ns3:TrackPointExtension>
        </extensions>
      </trkpt>
      <trkpt lat="49.05731848441064357757568359375" lon="15.01048528589308261871337890625">
        <ele>539.4000244140625</ele>
        <time>2026-04-05T08:54:07.000Z</time>
        <extensions>
          <ns3:TrackPointExtension>
            <ns3:hr>158</ns3:hr>
            <ns3:cad>79</ns3:cad>
          </ns3:TrackPointExtension>
        </extensions>
      </trkpt>
      <trkpt lat="49.0573207475244998931884765625" lon="15.01044471748173236846923828125">
        <ele>539.4000244140625</ele>
        <time>2026-04-05T08:54:08.000Z</time>
        <extensions>
          <ns3:TrackPointExtension>
            <ns3:hr>158</ns3:hr>
            <ns3:cad>79</ns3:cad>
          </ns3:TrackPointExtension>
        </extensions>
      </trkpt>
      <trkpt lat="49.05731798149645328521728515625" lon="15.0104038976132869720458984375">
        <ele>539.4000244140625</ele>
        <time>2026-04-05T08:54:09.000Z</time>
        <extensions>
          <ns3:TrackPointExtension>
            <ns3:hr>158</ns3:hr>
            <ns3:cad>78</ns3:cad>
          </ns3:TrackPointExtension>
        </extensions>
      </trkpt>
      <trkpt lat="49.05729099176824092864990234375" lon="15.01036374829709529876708984375">
        <ele>539.5999755859375</ele>
        <time>2026-04-05T08:54:10.000Z</time>
        <extensions>
          <ns3:TrackPointExtension>
            <ns3:hr>157</ns3:hr>
            <ns3:cad>78</ns3:cad>
          </ns3:TrackPointExtension>
        </extensions>
      </trkpt>
      <trkpt lat="49.05728495679795742034912109375" lon="15.01033608801662921905517578125">
        <ele>539.5999755859375</ele>
        <time>2026-04-05T08:54:11.000Z</time>
        <extensions>
          <ns3:TrackPointExtension>
            <ns3:hr>158</ns3:hr>
            <ns3:cad>77</ns3:cad>
          </ns3:TrackPointExtension>
        </extensions>
      </trkpt>
      <trkpt lat="49.05728411860764026641845703125" lon="15.0102969445288181304931640625">
        <ele>539.5999755859375</ele>
        <time>2026-04-05T08:54:12.000Z</time>
        <extensions>
          <ns3:TrackPointExtension>
            <ns3:hr>157</ns3:hr>
            <ns3:cad>77</ns3:cad>
          </ns3:TrackPointExtension>
        </extensions>
      </trkpt>
      <trkpt lat="49.05728948302567005157470703125" lon="15.010261237621307373046875">
        <ele>539.4000244140625</ele>
        <time>2026-04-05T08:54:13.000Z</time>
        <extensions>
          <ns3:TrackPointExtension>
            <ns3:hr>157</ns3:hr>
            <ns3:cad>76</ns3:cad>
          </ns3:TrackPointExtension>
        </extensions>
      </trkpt>
      <trkpt lat="49.0572932548820972442626953125" lon="15.01020985655486583709716796875">
        <ele>539.4000244140625</ele>
        <time>2026-04-05T08:54:14.000Z</time>
        <extensions>
          <ns3:TrackPointExtension>
            <ns3:hr>157</ns3:hr>
            <ns3:cad>76</ns3:cad>
          </ns3:TrackPointExtension>
        </extensions>
      </trkpt>
      <trkpt lat="49.0572823584079742431640625" lon="15.0101688690483570098876953125">
        <ele>539.4000244140625</ele>
        <time>2026-04-05T08:54:15.000Z</time>
        <extensions>
          <ns3:TrackPointExtension>
            <ns3:hr>157</ns3:hr>
            <ns3:cad>76</ns3:cad>
          </ns3:TrackPointExtension>
        </extensions>
      </trkpt>
      <trkpt lat="49.05726869590580463409423828125" lon="15.01012687571346759796142578125">
        <ele>539.4000244140625</ele>
        <time>2026-04-05T08:54:16.000Z</time>
        <extensions>
          <ns3:TrackPointExtension>
            <ns3:hr>158</ns3:hr>
            <ns3:cad>76</ns3:cad>
          </ns3:TrackPointExtension>
        </extensions>
      </trkpt>
      <trkpt lat="49.0572526864707469940185546875" lon="15.0100709684193134307861328125">
        <ele>539.4000244140625</ele>
        <time>2026-04-05T08:54:17.000Z</time>
        <extensions>
          <ns3:TrackPointExtension>
            <ns3:hr>157</ns3:hr>
            <ns3:cad>75</ns3:cad>
          </ns3:TrackPointExtension>
        </extensions>
      </trkpt>
      <trkpt lat="49.0572345815598964691162109375" lon="15.01002495177090167999267578125">
        <ele>539.4000244140625</ele>
        <time>2026-04-05T08:54:18.000Z</time>
        <extensions>
          <ns3:TrackPointExtension>
            <ns3:hr>157</ns3:hr>
            <ns3:cad>75</ns3:cad>
          </ns3:TrackPointExtension>
        </extensions>
      </trkpt>
      <trkpt lat="49.057214967906475067138671875" lon="15.00998103059828281402587890625">
        <ele>539.20001220703125</ele>
        <time>2026-04-05T08:54:19.000Z</time>
        <extensions>
          <ns3:TrackPointExtension>
            <ns3:hr>157</ns3:hr>
            <ns3:cad>77</ns3:cad>
          </ns3:TrackPointExtension>
        </extensions>
      </trkpt>
      <trkpt lat="49.05719476751983165740966796875" lon="15.00993199646472930908203125">
        <ele>539.20001220703125</ele>
        <time>2026-04-05T08:54:20.000Z</time>
        <extensions>
          <ns3:TrackPointExtension>
            <ns3:hr>157</ns3:hr>
            <ns3:cad>77</ns3:cad>
          </ns3:TrackPointExtension>
        </extensions>
      </trkpt>
      <trkpt lat="49.0571859665215015411376953125" lon="15.009883381426334381103515625">
        <ele>539.20001220703125</ele>
        <time>2026-04-05T08:54:21.000Z</time>
        <extensions>
          <ns3:TrackPointExtension>
            <ns3:hr>157</ns3:hr>
            <ns3:cad>78</ns3:cad>
          </ns3:TrackPointExtension>
        </extensions>
      </trkpt>
      <trkpt lat="49.05717431567609310150146484375" lon="15.00983141362667083740234375">
        <ele>539.20001220703125</ele>
        <time>2026-04-05T08:54:22.000Z</time>
        <extensions>
          <ns3:TrackPointExtension>
            <ns3:hr>157</ns3:hr>
            <ns3:cad>78</ns3:cad>
          </ns3:TrackPointExtension>
        </extensions>
      </trkpt>
      <trkpt lat="49.0571697056293487548828125" lon="15.00977081246674060821533203125">
        <ele>539.20001220703125</ele>
        <time>2026-04-05T08:54:23.000Z</time>
        <extensions>
          <ns3:TrackPointExtension>
            <ns3:hr>157</ns3:hr>
            <ns3:cad>79</ns3:cad>
          </ns3:TrackPointExtension>
        </extensions>
      </trkpt>
      <trkpt lat="49.0571655146777629852294921875" lon="15.0097189284861087799072265625">
        <ele>539.20001220703125</ele>
        <time>2026-04-05T08:54:24.000Z</time>
        <extensions>
          <ns3:TrackPointExtension>
            <ns3:hr>157</ns3:hr>
            <ns3:cad>79</ns3:cad>
          </ns3:TrackPointExtension>
        </extensions>
      </trkpt>
      <trkpt lat="49.0571521036326885223388671875" lon="15.0096743367612361907958984375">
        <ele>539.20001220703125</ele>
        <time>2026-04-05T08:54:25.000Z</time>
        <extensions>
          <ns3:TrackPointExtension>
            <ns3:hr>158</ns3:hr>
            <ns3:cad>80</ns3:cad>
          </ns3:TrackPointExtension>
        </extensions>
      </trkpt>
      <trkpt lat="49.05713911168277263641357421875" lon="15.00962614081799983978271484375">
        <ele>539.20001220703125</ele>
        <time>2026-04-05T08:54:26.000Z</time>
        <extensions>
          <ns3:TrackPointExtension>
            <ns3:hr>158</ns3:hr>
            <ns3:cad>80</ns3:cad>
          </ns3:TrackPointExtension>
        </extensions>
      </trkpt>
      <trkpt lat="49.057122431695461273193359375" lon="15.00958674587309360504150390625">
        <ele>539.20001220703125</ele>
        <time>2026-04-05T08:54:27.000Z</time>
        <extensions>
          <ns3:TrackPointExtension>
            <ns3:hr>158</ns3:hr>
            <ns3:cad>80</ns3:cad>
          </ns3:TrackPointExtension>
        </extensions>
      </trkpt>
      <trkpt lat="49.05710608698427677154541015625" lon="15.00953963957726955413818359375">
        <ele>539.20001220703125</ele>
        <time>2026-04-05T08:54:28.000Z</time>
        <extensions>
          <ns3:TrackPointExtension>
            <ns3:hr>158</ns3:hr>
            <ns3:cad>80</ns3:cad>
          </ns3:TrackPointExtension>
        </extensions>
      </trkpt>
      <trkpt lat="49.05709519051015377044677734375" lon="15.0094912759959697723388671875">
        <ele>539</ele>
        <time>2026-04-05T08:54:29.000Z</time>
        <extensions>
          <ns3:TrackPointExtension>
            <ns3:hr>159</ns3:hr>
            <ns3:cad>80</ns3:cad>
          </ns3:TrackPointExtension>
        </extensions>
      </trkpt>
      <trkpt lat="49.0570786781609058380126953125" lon="15.009450875222682952880859375">
        <ele>539.20001220703125</ele>
        <time>2026-04-05T08:54:30.000Z</time>
        <extensions>
          <ns3:TrackPointExtension>
            <ns3:hr>159</ns3:hr>
            <ns3:cad>79</ns3:cad>
          </ns3:TrackPointExtension>
        </extensions>
      </trkpt>
      <trkpt lat="49.05706174671649932861328125" lon="15.00940837897360324859619140625">
        <ele>539.20001220703125</ele>
        <time>2026-04-05T08:54:31.000Z</time>
        <extensions>
          <ns3:TrackPointExtension>
            <ns3:hr>159</ns3:hr>
            <ns3:cad>79</ns3:cad>
          </ns3:TrackPointExtension>
        </extensions>
      </trkpt>
      <trkpt lat="49.05707105062901973724365234375" lon="15.00936202704906463623046875">
        <ele>539</ele>
        <time>2026-04-05T08:54:32.000Z</time>
        <extensions>
          <ns3:TrackPointExtension>
            <ns3:hr>158</ns3:hr>
            <ns3:cad>79</ns3:cad>
          </ns3:TrackPointExtension>
        </extensions>
      </trkpt>
      <trkpt lat="49.0570766665041446685791015625" lon="15.00931483693420886993408203125">
        <ele>539</ele>
        <time>2026-04-05T08:54:33.000Z</time>
        <extensions>
          <ns3:TrackPointExtension>
            <ns3:hr>159</ns3:hr>
            <ns3:cad>79</ns3:cad>
          </ns3:TrackPointExtension>
        </extensions>
      </trkpt>
      <trkpt lat="49.05708127655088901519775390625" lon="15.0092728435993194580078125">
        <ele>539.20001220703125</ele>
        <time>2026-04-05T08:54:34.000Z</time>
        <extensions>
          <ns3:TrackPointExtension>
            <ns3:hr>159</ns3:hr>
            <ns3:cad>78</ns3:cad>
          </ns3:TrackPointExtension>
        </extensions>
      </trkpt>
      <trkpt lat="49.05709150247275829315185546875" lon="15.0092243961989879608154296875">
        <ele>539</ele>
        <time>2026-04-05T08:54:35.000Z</time>
        <extensions>
          <ns3:TrackPointExtension>
            <ns3:hr>158</ns3:hr>
            <ns3:cad>78</ns3:cad>
          </ns3:TrackPointExtension>
        </extensions>
      </trkpt>
      <trkpt lat="49.0570981241762638092041015625" lon="15.0091727636754512786865234375">
        <ele>539</ele>
        <time>2026-04-05T08:54:36.000Z</time>
        <extensions>
          <ns3:TrackPointExtension>
            <ns3:hr>159</ns3:hr>
            <ns3:cad>78</ns3:cad>
          </ns3:TrackPointExtension>
        </extensions>
      </trkpt>
      <trkpt lat="49.057104997336864471435546875" lon="15.00913278199732303619384765625">
        <ele>539</ele>
        <time>2026-04-05T08:54:37.000Z</time>
        <extensions>
          <ns3:TrackPointExtension>
            <ns3:hr>159</ns3:hr>
            <ns3:cad>78</ns3:cad>
          </ns3:TrackPointExtension>
        </extensions>
      </trkpt>
      <trkpt lat="49.057111032307147979736328125" lon="15.00909221358597278594970703125">
        <ele>539</ele>
        <time>2026-04-05T08:54:38.000Z</time>
        <extensions>
          <ns3:TrackPointExtension>
            <ns3:hr>158</ns3:hr>
            <ns3:cad>79</ns3:cad>
          </ns3:TrackPointExtension>
        </extensions>
      </trkpt>
      <trkpt lat="49.05712821520864963531494140625" lon="15.00903739593923091888427734375">
        <ele>538.79998779296875</ele>
        <time>2026-04-05T08:54:39.000Z</time>
        <extensions>
          <ns3:TrackPointExtension>
            <ns3:hr>159</ns3:hr>
            <ns3:cad>79</ns3:cad>
          </ns3:TrackPointExtension>
        </extensions>
      </trkpt>
      <trkpt lat="49.05713575892150402069091796875" lon="15.0089960731565952301025390625">
        <ele>538.5999755859375</ele>
        <time>2026-04-05T08:54:40.000Z</time>
        <extensions>
          <ns3:TrackPointExtension>
            <ns3:hr>159</ns3:hr>
            <ns3:cad>78</ns3:cad>
          </ns3:TrackPointExtension>
        </extensions>
      </trkpt>
      <trkpt lat="49.05714221298694610595703125" lon="15.00894268043339252471923828125">
        <ele>538.5999755859375</ele>
        <time>2026-04-05T08:54:41.000Z</time>
        <extensions>
          <ns3:TrackPointExtension>
            <ns3:hr>159</ns3:hr>
            <ns3:cad>78</ns3:cad>
          </ns3:TrackPointExtension>
        </extensions>
      </trkpt>
      <trkpt lat="49.05715688131749629974365234375" lon="15.0088854320347309112548828125">
        <ele>538.79998779296875</ele>
        <time>2026-04-05T08:54:42.000Z</time>
        <extensions>
          <ns3:TrackPointExtension>
            <ns3:hr>159</ns3:hr>
            <ns3:cad>76</ns3:cad>
          </ns3:TrackPointExtension>
        </extensions>
      </trkpt>
      <trkpt lat="49.05716895125806331634521484375" lon="15.00883673317730426788330078125">
        <ele>538.79998779296875</ele>
        <time>2026-04-05T08:54:43.000Z</time>
        <extensions>
          <ns3:TrackPointExtension>
            <ns3:hr>159</ns3:hr>
            <ns3:cad>76</ns3:cad>
          </ns3:TrackPointExtension>
        </extensions>
      </trkpt>
      <trkpt lat="49.05717582441866397857666015625" lon="15.00878744758665561676025390625">
        <ele>538.79998779296875</ele>
        <time>2026-04-05T08:54:44.000Z</time>
        <extensions>
          <ns3:TrackPointExtension>
            <ns3:hr>159</ns3:hr>
            <ns3:cad>78</ns3:cad>
          </ns3:TrackPointExtension>
        </extensions>
      </trkpt>
      <trkpt lat="49.05718781054019927978515625" lon="15.0087382458150386810302734375">
        <ele>538.79998779296875</ele>
        <time>2026-04-05T08:54:45.000Z</time>
        <extensions>
          <ns3:TrackPointExtension>
            <ns3:hr>160</ns3:hr>
            <ns3:cad>78</ns3:cad>
          </ns3:TrackPointExtension>
        </extensions>
      </trkpt>
      <trkpt lat="49.0571940131485462188720703125" lon="15.00869549810886383056640625">
        <ele>538.79998779296875</ele>
        <time>2026-04-05T08:54:46.000Z</time>
        <extensions>
          <ns3:TrackPointExtension>
            <ns3:hr>160</ns3:hr>
            <ns3:cad>79</ns3:cad>
          </ns3:TrackPointExtension>
        </extensions>
      </trkpt>
      <trkpt lat="49.05719275586307048797607421875" lon="15.0086564384400844573974609375">
        <ele>538.79998779296875</ele>
        <time>2026-04-05T08:54:47.000Z</time>
        <extensions>
          <ns3:TrackPointExtension>
            <ns3:hr>160</ns3:hr>
            <ns3:cad>79</ns3:cad>
          </ns3:TrackPointExtension>
        </extensions>
      </trkpt>
      <trkpt lat="49.05718437395989894866943359375" lon="15.00861209817230701446533203125">
        <ele>538.79998779296875</ele>
        <time>2026-04-05T08:54:48.000Z</time>
        <extensions>
          <ns3:TrackPointExtension>
            <ns3:hr>160</ns3:hr>
            <ns3:cad>80</ns3:cad>
          </ns3:TrackPointExtension>
        </extensions>
      </trkpt>
      <trkpt lat="49.0571725554764270782470703125" lon="15.008599944412708282470703125">
        <ele>538.79998779296875</ele>
        <time>2026-04-05T08:54:49.000Z</time>
        <extensions>
          <ns3:TrackPointExtension>
            <ns3:hr>161</ns3:hr>
            <ns3:cad>80</ns3:cad>
          </ns3:TrackPointExtension>
        </extensions>
      </trkpt>
      <trkpt lat="49.057165682315826416015625" lon="15.00859634019434452056884765625">
        <ele>538.79998779296875</ele>
        <time>2026-04-05T08:54:50.000Z</time>
        <extensions>
          <ns3:TrackPointExtension>
            <ns3:hr>161</ns3:hr>
            <ns3:cad>80</ns3:cad>
          </ns3:TrackPointExtension>
        </extensions>
      </trkpt>
      <trkpt lat="49.05716107226908206939697265625" lon="15.00859667547047138214111328125">
        <ele>538.79998779296875</ele>
        <time>2026-04-05T08:54:51.000Z</time>
        <extensions>
          <ns3:TrackPointExtension>
            <ns3:hr>161</ns3:hr>
            <ns3:cad>80</ns3:cad>
          </ns3:TrackPointExtension>
        </extensions>
      </trkpt>
      <trkpt lat="49.057154953479766845703125" lon="15.00859013758599758148193359375">
        <ele>538.79998779296875</ele>
        <time>2026-04-05T08:54:52.000Z</time>
        <extensions>
          <ns3:TrackPointExtension>
            <ns3:hr>161</ns3:hr>
            <ns3:cad>0</ns3:cad>
          </ns3:TrackPointExtension>
        </extensions>
      </trkpt>
      <trkpt lat="49.05715294182300567626953125" lon="15.008583180606365203857421875">
        <ele>538.79998779296875</ele>
        <time>2026-04-05T08:54:53.000Z</time>
        <extensions>
          <ns3:TrackPointExtension>
            <ns3:hr>161</ns3:hr>
            <ns3:cad>0</ns3:cad>
          </ns3:TrackPointExtension>
        </extensions>
      </trkpt>
      <trkpt lat="49.0571509301662445068359375" lon="15.0085727870464324951171875">
        <ele>538.79998779296875</ele>
        <time>2026-04-05T08:54:54.000Z</time>
        <extensions>
          <ns3:TrackPointExtension>
            <ns3:hr>161</ns3:hr>
            <ns3:cad>0</ns3:cad>
          </ns3:TrackPointExtension>
        </extensions>
      </trkpt>
      <trkpt lat="49.057143218815326690673828125" lon="15.00856532715260982513427734375">
        <ele>538.79998779296875</ele>
        <time>2026-04-05T08:54:55.000Z</time>
        <extensions>
          <ns3:TrackPointExtension>
            <ns3:hr>161</ns3:hr>
            <ns3:cad>0</ns3:cad>
          </ns3:TrackPointExtension>
        </extensions>
      </trkpt>
      <trkpt lat="49.05713676474988460540771484375" lon="15.0085615552961826324462890625">
        <ele>538.79998779296875</ele>
        <time>2026-04-05T08:54:56.000Z</time>
        <extensions>
          <ns3:TrackPointExtension>
            <ns3:hr>160</ns3:hr>
            <ns3:cad>52</ns3:cad>
          </ns3:TrackPointExtension>
        </extensions>
      </trkpt>
      <trkpt lat="49.05713207088410854339599609375" lon="15.00856214202940464019775390625">
        <ele>538.5999755859375</ele>
        <time>2026-04-05T08:54:57.000Z</time>
        <extensions>
          <ns3:TrackPointExtension>
            <ns3:hr>160</ns3:hr>
            <ns3:cad>52</ns3:cad>
          </ns3:TrackPointExtension>
        </extensions>
      </trkpt>
      <trkpt lat="49.0571222640573978424072265625" lon="15.0085605494678020477294921875">
        <ele>538.5999755859375</ele>
        <time>2026-04-05T08:54:58.000Z</time>
        <extensions>
          <ns3:TrackPointExtension>
            <ns3:hr>159</ns3:hr>
            <ns3:cad>0</ns3:cad>
          </ns3:TrackPointExtension>
        </extensions>
      </trkpt>
      <trkpt lat="49.05711329542100429534912109375" lon="15.0085592083632946014404296875">
        <ele>538.4000244140625</ele>
        <time>2026-04-05T08:54:59.000Z</time>
        <extensions>
          <ns3:TrackPointExtension>
            <ns3:hr>159</ns3:hr>
            <ns3:cad>0</ns3:cad>
          </ns3:TrackPointExtension>
        </extensions>
      </trkpt>
      <trkpt lat="49.05710893683135509490966796875" lon="15.0085575319826602935791015625">
        <ele>538.4000244140625</ele>
        <time>2026-04-05T08:55:00.000Z</time>
        <extensions>
          <ns3:TrackPointExtension>
            <ns3:hr>158</ns3:hr>
            <ns3:cad>0</ns3:cad>
          </ns3:TrackPointExtension>
        </extensions>
      </trkpt>
      <trkpt lat="49.05710290186107158660888671875" lon="15.0085580348968505859375">
        <ele>538.4000244140625</ele>
        <time>2026-04-05T08:55:01.000Z</time>
        <extensions>
          <ns3:TrackPointExtension>
            <ns3:hr>158</ns3:hr>
            <ns3:cad>0</ns3:cad>
          </ns3:TrackPointExtension>
        </extensions>
      </trkpt>
      <trkpt lat="49.0570857189595699310302734375" lon="15.00855443067848682403564453125">
        <ele>538.20001220703125</ele>
        <time>2026-04-05T08:55:02.000Z</time>
        <extensions>
          <ns3:TrackPointExtension>
            <ns3:hr>158</ns3:hr>
            <ns3:cad>0</ns3:cad>
          </ns3:TrackPointExtension>
        </extensions>
      </trkpt>
      <trkpt lat="49.0570756606757640838623046875" lon="15.00854873098433017730712890625">
        <ele>538.20001220703125</ele>
        <time>2026-04-05T08:55:03.000Z</time>
        <extensions>
          <ns3:TrackPointExtension>
            <ns3:hr>157</ns3:hr>
            <ns3:cad>0</ns3:cad>
          </ns3:TrackPointExtension>
        </extensions>
      </trkpt>
      <trkpt lat="49.05707591213285923004150390625" lon="15.0085434503853321075439453125">
        <ele>538.20001220703125</ele>
        <time>2026-04-05T08:55:04.000Z</time>
        <extensions>
          <ns3:TrackPointExtension>
            <ns3:hr>156</ns3:hr>
            <ns3:cad>0</ns3:cad>
          </ns3:TrackPointExtension>
        </extensions>
      </trkpt>
      <trkpt lat="49.0570780076086521148681640625" lon="15.00854085199534893035888671875">
        <ele>538.20001220703125</ele>
        <time>2026-04-05T08:55:05.000Z</time>
        <extensions>
          <ns3:TrackPointExtension>
            <ns3:hr>155</ns3:hr>
            <ns3:cad>0</ns3:cad>
          </ns3:TrackPointExtension>
        </extensions>
      </trkpt>
      <trkpt lat="49.05708345584571361541748046875" lon="15.00853699631989002227783203125">
        <ele>538.20001220703125</ele>
        <time>2026-04-05T08:55:06.000Z</time>
        <extensions>
          <ns3:TrackPointExtension>
            <ns3:hr>155</ns3:hr>
            <ns3:cad>0</ns3:cad>
          </ns3:TrackPointExtension>
        </extensions>
      </trkpt>
      <trkpt lat="49.05711094848811626434326171875" lon="15.008532889187335968017578125">
        <ele>538.20001220703125</ele>
        <time>2026-04-05T08:55:07.000Z</time>
        <extensions>
          <ns3:TrackPointExtension>
            <ns3:hr>154</ns3:hr>
            <ns3:cad>0</ns3:cad>
          </ns3:TrackPointExtension>
        </extensions>
      </trkpt>
      <trkpt lat="49.0571527741849422454833984375" lon="15.00853448174893856048583984375">
        <ele>538.4000244140625</ele>
        <time>2026-04-05T08:55:08.000Z</time>
        <extensions>
          <ns3:TrackPointExtension>
            <ns3:hr>154</ns3:hr>
            <ns3:cad>0</ns3:cad>
          </ns3:TrackPointExtension>
        </extensions>
      </trkpt>
      <trkpt lat="49.0571873076260089874267578125" lon="15.008555017411708831787109375">
        <ele>538.4000244140625</ele>
        <time>2026-04-05T08:55:09.000Z</time>
        <extensions>
          <ns3:TrackPointExtension>
            <ns3:hr>153</ns3:hr>
            <ns3:cad>0</ns3:cad>
          </ns3:TrackPointExtension>
        </extensions>
      </trkpt>
      <trkpt lat="49.0572000481188297271728515625" lon="15.0085915625095367431640625">
        <ele>538.4000244140625</ele>
        <time>2026-04-05T08:55:10.000Z</time>
        <extensions>
          <ns3:TrackPointExtension>
            <ns3:hr>151</ns3:hr>
            <ns3:cad>0</ns3:cad>
          </ns3:TrackPointExtension>
        </extensions>
      </trkpt>
      <trkpt lat="49.0572151355445384979248046875" lon="15.00864009372889995574951171875">
        <ele>538.4000244140625</ele>
        <time>2026-04-05T08:55:11.000Z</time>
        <extensions>
          <ns3:TrackPointExtension>
            <ns3:hr>151</ns3:hr>
            <ns3:cad>0</ns3:cad>
          </ns3:TrackPointExtension>
        </extensions>
      </trkpt>
      <trkpt lat="49.0572335757315158843994140625" lon="15.0086725316941738128662109375">
        <ele>538.4000244140625</ele>
        <time>2026-04-05T08:55:12.000Z</time>
        <extensions>
          <ns3:TrackPointExtension>
            <ns3:hr>151</ns3:hr>
            <ns3:cad>77</ns3:cad>
          </ns3:TrackPointExtension>
        </extensions>
      </trkpt>
      <trkpt lat="49.0572580508887767791748046875" lon="15.0086872838437557220458984375">
        <ele>538.4000244140625</ele>
        <time>2026-04-05T08:55:13.000Z</time>
        <extensions>
          <ns3:TrackPointExtension>
            <ns3:hr>151</ns3:hr>
            <ns3:cad>77</ns3:cad>
          </ns3:TrackPointExtension>
        </extensions>
      </trkpt>
      <trkpt lat="49.05728445388376712799072265625" lon="15.00870211981236934661865234375">
        <ele>538.4000244140625</ele>
        <time>2026-04-05T08:55:14.000Z</time>
        <extensions>
          <ns3:TrackPointExtension>
            <ns3:hr>152</ns3:hr>
            <ns3:cad>77</ns3:cad>
          </ns3:TrackPointExtension>
        </extensions>
      </trkpt>
      <trkpt lat="49.057314209640026092529296875" lon="15.0087141059339046478271484375">
        <ele>538.5999755859375</ele>
        <time>2026-04-05T08:55:15.000Z</time>
        <extensions>
          <ns3:TrackPointExtension>
            <ns3:hr>152</ns3:hr>
            <ns3:cad>76</ns3:cad>
          </ns3:TrackPointExtension>
        </extensions>
      </trkpt>
      <trkpt lat="49.0573365055024623870849609375" lon="15.00872257165610790252685546875">
        <ele>538.5999755859375</ele>
        <time>2026-04-05T08:55:16.000Z</time>
        <extensions>
          <ns3:TrackPointExtension>
            <ns3:hr>152</ns3:hr>
            <ns3:cad>76</ns3:cad>
          </ns3:TrackPointExtension>
        </extensions>
      </trkpt>
      <trkpt lat="49.05736207030713558197021484375" lon="15.00872097909450531005859375">
        <ele>538.79998779296875</ele>
        <time>2026-04-05T08:55:17.000Z</time>
        <extensions>
          <ns3:TrackPointExtension>
            <ns3:hr>151</ns3:hr>
            <ns3:cad>76</ns3:cad>
          </ns3:TrackPointExtension>
        </extensions>
      </trkpt>
      <trkpt lat="49.0573951788246631622314453125" lon="15.008710920810699462890625">
        <ele>538.79998779296875</ele>
        <time>2026-04-05T08:55:18.000Z</time>
        <extensions>
          <ns3:TrackPointExtension>
            <ns3:hr>152</ns3:hr>
            <ns3:cad>76</ns3:cad>
          </ns3:TrackPointExtension>
        </extensions>
      </trkpt>
      <trkpt lat="49.05741990543901920318603515625" lon="15.00872491858899593353271484375">
        <ele>538.79998779296875</ele>
        <time>2026-04-05T08:55:19.000Z</time>
        <extensions>
          <ns3:TrackPointExtension>
            <ns3:hr>152</ns3:hr>
            <ns3:cad>76</ns3:cad>
          </ns3:TrackPointExtension>
        </extensions>
      </trkpt>
      <trkpt lat="49.057444967329502105712890625" lon="15.00873397104442119598388671875">
        <ele>538.79998779296875</ele>
        <time>2026-04-05T08:55:20.000Z</time>
        <extensions>
          <ns3:TrackPointExtension>
            <ns3:hr>152</ns3:hr>
            <ns3:cad>76</ns3:cad>
          </ns3:TrackPointExtension>
        </extensions>
      </trkpt>
      <trkpt lat="49.0574674308300018310546875" lon="15.0087426044046878814697265625">
        <ele>538.5999755859375</ele>
        <time>2026-04-05T08:55:21.000Z</time>
        <extensions>
          <ns3:TrackPointExtension>
            <ns3:hr>151</ns3:hr>
            <ns3:cad>76</ns3:cad>
          </ns3:TrackPointExtension>
        </extensions>
      </trkpt>
      <trkpt lat="49.05749115161597728729248046875" lon="15.0087650679051876068115234375">
        <ele>538.5999755859375</ele>
        <time>2026-04-05T08:55:22.000Z</time>
        <extensions>
          <ns3:TrackPointExtension>
            <ns3:hr>152</ns3:hr>
            <ns3:cad>76</ns3:cad>
          </ns3:TrackPointExtension>
        </extensions>
      </trkpt>
      <trkpt lat="49.0575158782303333282470703125" lon="15.00879448838531970977783203125">
        <ele>538.5999755859375</ele>
        <time>2026-04-05T08:55:23.000Z</time>
        <extensions>
          <ns3:TrackPointExtension>
            <ns3:hr>152</ns3:hr>
            <ns3:cad>77</ns3:cad>
          </ns3:TrackPointExtension>
        </extensions>
      </trkpt>
      <trkpt lat="49.05754295177757740020751953125" lon="15.00881083309650421142578125">
        <ele>538.5999755859375</ele>
        <time>2026-04-05T08:55:24.000Z</time>
        <extensions>
          <ns3:TrackPointExtension>
            <ns3:hr>151</ns3:hr>
            <ns3:cad>77</ns3:cad>
          </ns3:TrackPointExtension>
        </extensions>
      </trkpt>
      <trkpt lat="49.0575815923511981964111328125" lon="15.00883899629116058349609375">
        <ele>538.5999755859375</ele>
        <time>2026-04-05T08:55:25.000Z</time>
        <extensions>
          <ns3:TrackPointExtension>
            <ns3:hr>151</ns3:hr>
            <ns3:cad>76</ns3:cad>
          </ns3:TrackPointExtension>
        </extensions>
      </trkpt>
      <trkpt lat="49.05761738307774066925048828125" lon="15.0088596157729625701904296875">
        <ele>538.5999755859375</ele>
        <time>2026-04-05T08:55:26.000Z</time>
        <extensions>
          <ns3:TrackPointExtension>
            <ns3:hr>151</ns3:hr>
            <ns3:cad>76</ns3:cad>
          </ns3:TrackPointExtension>
        </extensions>
      </trkpt>
      <trkpt lat="49.05765049159526824951171875" lon="15.0088731944561004638671875">
        <ele>538.79998779296875</ele>
        <time>2026-04-05T08:55:27.000Z</time>
        <extensions>
          <ns3:TrackPointExtension>
            <ns3:hr>151</ns3:hr>
            <ns3:cad>76</ns3:cad>
          </ns3:TrackPointExtension>
        </extensions>
      </trkpt>
      <trkpt lat="49.0576791577041149139404296875" lon="15.0088961608707904815673828125">
        <ele>538.79998779296875</ele>
        <time>2026-04-05T08:55:28.000Z</time>
        <extensions>
          <ns3:TrackPointExtension>
            <ns3:hr>152</ns3:hr>
            <ns3:cad>76</ns3:cad>
          </ns3:TrackPointExtension>
        </extensions>
      </trkpt>
      <trkpt lat="49.0577096678316593170166015625" lon="15.00893144868314266204833984375">
        <ele>538.79998779296875</ele>
        <time>2026-04-05T08:55:29.000Z</time>
        <extensions>
          <ns3:TrackPointExtension>
            <ns3:hr>151</ns3:hr>
            <ns3:cad>80</ns3:cad>
          </ns3:TrackPointExtension>
        </extensions>
      </trkpt>
      <trkpt lat="49.057733304798603057861328125" lon="15.0089622102677822113037109375">
        <ele>538.79998779296875</ele>
        <time>2026-04-05T08:55:30.000Z</time>
        <extensions>
          <ns3:TrackPointExtension>
            <ns3:hr>152</ns3:hr>
            <ns3:cad>80</ns3:cad>
          </ns3:TrackPointExtension>
        </extensions>
      </trkpt>
      <trkpt lat="49.0577549301087856292724609375" lon="15.00899867154657840728759765625">
        <ele>538.79998779296875</ele>
        <time>2026-04-05T08:55:31.000Z</time>
        <extensions>
          <ns3:TrackPointExtension>
            <ns3:hr>152</ns3:hr>
            <ns3:cad>80</ns3:cad>
          </ns3:TrackPointExtension>
        </extensions>
      </trkpt>
      <trkpt lat="49.05777580104768276214599609375" lon="15.0090550817549228668212890625">
        <ele>538.79998779296875</ele>
        <time>2026-04-05T08:55:32.000Z</time>
        <extensions>
          <ns3:TrackPointExtension>
            <ns3:hr>152</ns3:hr>
            <ns3:cad>80</ns3:cad>
          </ns3:TrackPointExtension>
        </extensions>
      </trkpt>
      <trkpt lat="49.05779507942497730255126953125" lon="15.00909741036593914031982421875">
        <ele>538.5999755859375</ele>
        <time>2026-04-05T08:55:33.000Z</time>
        <extensions>
          <ns3:TrackPointExtension>
            <ns3:hr>153</ns3:hr>
            <ns3:cad>78</ns3:cad>
          </ns3:TrackPointExtension>
        </extensions>
      </trkpt>
      <trkpt lat="49.05781670473515987396240234375" lon="15.00912775285542011260986328125">
        <ele>538.5999755859375</ele>
        <time>2026-04-05T08:55:34.000Z</time>
        <extensions>
          <ns3:TrackPointExtension>
            <ns3:hr>153</ns3:hr>
            <ns3:cad>78</ns3:cad>
          </ns3:TrackPointExtension>
        </extensions>
      </trkpt>
      <trkpt lat="49.05784905888140201568603515625" lon="15.00916128046810626983642578125">
        <ele>538.79998779296875</ele>
        <time>2026-04-05T08:55:35.000Z</time>
        <extensions>
          <ns3:TrackPointExtension>
            <ns3:hr>153</ns3:hr>
            <ns3:cad>78</ns3:cad>
          </ns3:TrackPointExtension>
        </extensions>
      </trkpt>
      <trkpt lat="49.05786900781095027923583984375" lon="15.00919799320399761199951171875">
        <ele>538.79998779296875</ele>
        <time>2026-04-05T08:55:36.000Z</time>
        <extensions>
          <ns3:TrackPointExtension>
            <ns3:hr>153</ns3:hr>
            <ns3:cad>78</ns3:cad>
          </ns3:TrackPointExtension>
        </extensions>
      </trkpt>
      <trkpt lat="49.05787982046604156494140625" lon="15.0092300958931446075439453125">
        <ele>538.79998779296875</ele>
        <time>2026-04-05T08:55:37.000Z</time>
        <extensions>
          <ns3:TrackPointExtension>
            <ns3:hr>154</ns3:hr>
            <ns3:cad>78</ns3:cad>
          </ns3:TrackPointExtension>
        </extensions>
      </trkpt>
      <trkpt lat="49.0578846819698810577392578125" lon="15.009258091449737548828125">
        <ele>538.79998779296875</ele>
        <time>2026-04-05T08:55:38.000Z</time>
        <extensions>
          <ns3:TrackPointExtension>
            <ns3:hr>154</ns3:hr>
            <ns3:cad>78</ns3:cad>
          </ns3:TrackPointExtension>
        </extensions>
      </trkpt>
      <trkpt lat="49.0578846819698810577392578125" lon="15.00927493907511234283447265625">
        <ele>538.5999755859375</ele>
        <time>2026-04-05T08:55:39.000Z</time>
        <extensions>
          <ns3:TrackPointExtension>
            <ns3:hr>154</ns3:hr>
            <ns3:cad>75</ns3:cad>
          </ns3:TrackPointExtension>
        </extensions>
      </trkpt>
      <trkpt lat="49.0578897111117839813232421875" lon="15.0092951394617557525634765625">
        <ele>538.5999755859375</ele>
        <time>2026-04-05T08:55:40.000Z</time>
        <extensions>
          <ns3:TrackPointExtension>
            <ns3:hr>155</ns3:hr>
            <ns3:cad>75</ns3:cad>
          </ns3:TrackPointExtension>
        </extensions>
      </trkpt>
      <trkpt lat="49.05790370889008045196533203125" lon="15.00931902788579463958740234375">
        <ele>538.5999755859375</ele>
        <time>2026-04-05T08:55:41.000Z</time>
        <extensions>
          <ns3:TrackPointExtension>
            <ns3:hr>155</ns3:hr>
            <ns3:cad>75</ns3:cad>
          </ns3:TrackPointExtension>
        </extensions>
      </trkpt>
      <trkpt lat="49.05791846103966236114501953125" lon="15.00933713279664516448974609375">
        <ele>538.4000244140625</ele>
        <time>2026-04-05T08:55:42.000Z</time>
        <extensions>
          <ns3:TrackPointExtension>
            <ns3:hr>155</ns3:hr>
            <ns3:cad>75</ns3:cad>
          </ns3:TrackPointExtension>
        </extensions>
      </trkpt>
      <trkpt lat="49.057935811579227447509765625" lon="15.0093487836420536041259765625">
        <ele>538.5999755859375</ele>
        <time>2026-04-05T08:55:43.000Z</time>
        <extensions>
          <ns3:TrackPointExtension>
            <ns3:hr>154</ns3:hr>
            <ns3:cad>75</ns3:cad>
          </ns3:TrackPointExtension>
        </extensions>
      </trkpt>
      <trkpt lat="49.057952575385570526123046875" lon="15.009362362325191497802734375">
        <ele>538.5999755859375</ele>
        <time>2026-04-05T08:55:44.000Z</time>
        <extensions>
          <ns3:TrackPointExtension>
            <ns3:hr>155</ns3:hr>
            <ns3:cad>75</ns3:cad>
          </ns3:TrackPointExtension>
        </extensions>
      </trkpt>
      <trkpt lat="49.0579695068299770355224609375" lon="15.00938558019697666168212890625">
        <ele>538.5999755859375</ele>
        <time>2026-04-05T08:55:45.000Z</time>
        <extensions>
          <ns3:TrackPointExtension>
            <ns3:hr>154</ns3:hr>
            <ns3:cad>75</ns3:cad>
          </ns3:TrackPointExtension>
        </extensions>
      </trkpt>
      <trkpt lat="49.05799054540693759918212890625" lon="15.00940485857427120208740234375">
        <ele>538.79998779296875</ele>
        <time>2026-04-05T08:55:46.000Z</time>
        <extensions>
          <ns3:TrackPointExtension>
            <ns3:hr>154</ns3:hr>
            <ns3:cad>75</ns3:cad>
          </ns3:TrackPointExtension>
        </extensions>
      </trkpt>
      <trkpt lat="49.0580040402710437774658203125" lon="15.0094279088079929351806640625">
        <ele>538.79998779296875</ele>
        <time>2026-04-05T08:55:47.000Z</time>
        <extensions>
          <ns3:TrackPointExtension>
            <ns3:hr>154</ns3:hr>
            <ns3:cad>75</ns3:cad>
          </ns3:TrackPointExtension>
        </extensions>
      </trkpt>
      <trkpt lat="49.0580181218683719635009765625" lon="15.00944006256759166717529296875">
        <ele>538.79998779296875</ele>
        <time>2026-04-05T08:55:48.000Z</time>
        <extensions>
          <ns3:TrackPointExtension>
            <ns3:hr>154</ns3:hr>
            <ns3:cad>75</ns3:cad>
          </ns3:TrackPointExtension>
        </extensions>
      </trkpt>
      <trkpt lat="49.058033041656017303466796875" lon="15.009437464177608489990234375">
        <ele>538.79998779296875</ele>
        <time>2026-04-05T08:55:49.000Z</time>
        <extensions>
          <ns3:TrackPointExtension>
            <ns3:hr>154</ns3:hr>
            <ns3:cad>75</ns3:cad>
          </ns3:TrackPointExtension>
        </extensions>
      </trkpt>
      <trkpt lat="49.05805148184299468994140625" lon="15.00945590436458587646484375">
        <ele>538.79998779296875</ele>
        <time>2026-04-05T08:55:50.000Z</time>
        <extensions>
          <ns3:TrackPointExtension>
            <ns3:hr>154</ns3:hr>
            <ns3:cad>75</ns3:cad>
          </ns3:TrackPointExtension>
        </extensions>
      </trkpt>
      <trkpt lat="49.05806246213614940643310546875" lon="15.009485743939876556396484375">
        <ele>538.5999755859375</ele>
        <time>2026-04-05T08:55:51.000Z</time>
        <extensions>
          <ns3:TrackPointExtension>
            <ns3:hr>154</ns3:hr>
            <ns3:cad>75</ns3:cad>
          </ns3:TrackPointExtension>
        </extensions>
      </trkpt>
      <trkpt lat="49.05807201750576496124267578125" lon="15.009519942104816436767578125">
        <ele>538.5999755859375</ele>
        <time>2026-04-05T08:55:52.000Z</time>
        <extensions>
          <ns3:TrackPointExtension>
            <ns3:hr>153</ns3:hr>
            <ns3:cad>72</ns3:cad>
          </ns3:TrackPointExtension>
        </extensions>
      </trkpt>
      <trkpt lat="49.0580878593027591705322265625" lon="15.00955087132751941680908203125">
        <ele>538.5999755859375</ele>
        <time>2026-04-05T08:55:53.000Z</time>
        <extensions>
          <ns3:TrackPointExtension>
            <ns3:hr>153</ns3:hr>
            <ns3:cad>72</ns3:cad>
          </ns3:TrackPointExtension>
        </extensions>
      </trkpt>
      <trkpt lat="49.05810252763330936431884765625" lon="15.0095841474831104278564453125">
        <ele>538.5999755859375</ele>
        <time>2026-04-05T08:55:54.000Z</time>
        <extensions>
          <ns3:TrackPointExtension>
            <ns3:hr>153</ns3:hr>
            <ns3:cad>72</ns3:cad>
          </ns3:TrackPointExtension>
        </extensions>
      </trkpt>
      <trkpt lat="49.0581213869154453277587890625" lon="15.009615160524845123291015625">
        <ele>538.5999755859375</ele>
        <time>2026-04-05T08:55:55.000Z</time>
        <extensions>
          <ns3:TrackPointExtension>
            <ns3:hr>153</ns3:hr>
            <ns3:cad>72</ns3:cad>
          </ns3:TrackPointExtension>
        </extensions>
      </trkpt>
      <trkpt lat="49.0581485442817211151123046875" lon="15.0096391327679157257080078125">
        <ele>538.5999755859375</ele>
        <time>2026-04-05T08:55:56.000Z</time>
        <extensions>
          <ns3:TrackPointExtension>
            <ns3:hr>154</ns3:hr>
            <ns3:cad>76</ns3:cad>
          </ns3:TrackPointExtension>
        </extensions>
      </trkpt>
      <trkpt lat="49.05817712657153606414794921875" lon="15.00964491628110408782958984375">
        <ele>538.5999755859375</ele>
        <time>2026-04-05T08:55:57.000Z</time>
        <extensions>
          <ns3:TrackPointExtension>
            <ns3:hr>153</ns3:hr>
            <ns3:cad>76</ns3:cad>
          </ns3:TrackPointExtension>
        </extensions>
      </trkpt>
      <trkpt lat="49.0582035295665264129638671875" lon="15.00964122824370861053466796875">
        <ele>538.5999755859375</ele>
        <time>2026-04-05T08:55:58.000Z</time>
        <extensions>
          <ns3:TrackPointExtension>
            <ns3:hr>153</ns3:hr>
            <ns3:cad>76</ns3:cad>
          </ns3:TrackPointExtension>
        </extensions>
      </trkpt>
      <trkpt lat="49.05822993256151676177978515625" lon="15.00963871367275714874267578125">
        <ele>538.5999755859375</ele>
        <time>2026-04-05T08:55:59.000Z</time>
        <extensions>
          <ns3:TrackPointExtension>
            <ns3:hr>153</ns3:hr>
            <ns3:cad>76</ns3:cad>
          </ns3:TrackPointExtension>
        </extensions>
      </trkpt>
      <trkpt lat="49.05825130641460418701171875" lon="15.00962479971349239349365234375">
        <ele>538.5999755859375</ele>
        <time>2026-04-05T08:56:00.000Z</time>
        <extensions>
          <ns3:TrackPointExtension>
            <ns3:hr>153</ns3:hr>
            <ns3:cad>77</ns3:cad>
          </ns3:TrackPointExtension>
        </extensions>
      </trkpt>
      <trkpt lat="49.058275781571865081787109375" lon="15.00960753299295902252197265625">
        <ele>538.5999755859375</ele>
        <time>2026-04-05T08:56:01.000Z</time>
        <extensions>
          <ns3:TrackPointExtension>
            <ns3:hr>153</ns3:hr>
            <ns3:cad>77</ns3:cad>
          </ns3:TrackPointExtension>
        </extensions>
      </trkpt>
      <trkpt lat="49.0582967363297939300537109375" lon="15.00958909280598163604736328125">
        <ele>538.5999755859375</ele>
        <time>2026-04-05T08:56:02.000Z</time>
        <extensions>
          <ns3:TrackPointExtension>
            <ns3:hr>153</ns3:hr>
            <ns3:cad>77</ns3:cad>
          </ns3:TrackPointExtension>
        </extensions>
      </trkpt>
      <trkpt lat="49.05831593088805675506591796875" lon="15.009577274322509765625">
        <ele>538.5999755859375</ele>
        <time>2026-04-05T08:56:03.000Z</time>
        <extensions>
          <ns3:TrackPointExtension>
            <ns3:hr>153</ns3:hr>
            <ns3:cad>77</ns3:cad>
          </ns3:TrackPointExtension>
        </extensions>
      </trkpt>
      <trkpt lat="49.05833537690341472625732421875" lon="15.009565539658069610595703125">
        <ele>538.79998779296875</ele>
        <time>2026-04-05T08:56:04.000Z</time>
        <extensions>
          <ns3:TrackPointExtension>
            <ns3:hr>154</ns3:hr>
            <ns3:cad>77</ns3:cad>
          </ns3:TrackPointExtension>
        </extensions>
      </trkpt>
      <trkpt lat="49.05835591256618499755859375" lon="15.00955204479396343231201171875">
        <ele>538.79998779296875</ele>
        <time>2026-04-05T08:56:05.000Z</time>
        <extensions>
          <ns3:TrackPointExtension>
            <ns3:hr>154</ns3:hr>
            <ns3:cad>77</ns3:cad>
          </ns3:TrackPointExtension>
        </extensions>
      </trkpt>
      <trkpt lat="49.05837795697152614593505859375" lon="15.00954978168010711669921875">
        <ele>538.79998779296875</ele>
        <time>2026-04-05T08:56:06.000Z</time>
        <extensions>
          <ns3:TrackPointExtension>
            <ns3:hr>155</ns3:hr>
            <ns3:cad>76</ns3:cad>
          </ns3:TrackPointExtension>
        </extensions>
      </trkpt>
      <trkpt lat="49.05839614570140838623046875" lon="15.00956109724938869476318359375">
        <ele>538.79998779296875</ele>
        <time>2026-04-05T08:56:07.000Z</time>
        <extensions>
          <ns3:TrackPointExtension>
            <ns3:hr>156</ns3:hr>
            <ns3:cad>76</ns3:cad>
          </ns3:TrackPointExtension>
        </extensions>
      </trkpt>
      <trkpt lat="49.0584174357354640960693359375" lon="15.009584315121173858642578125">
        <ele>538.79998779296875</ele>
        <time>2026-04-05T08:56:08.000Z</time>
        <extensions>
          <ns3:TrackPointExtension>
            <ns3:hr>157</ns3:hr>
            <ns3:cad>76</ns3:cad>
          </ns3:TrackPointExtension>
        </extensions>
      </trkpt>
      <trkpt lat="49.05844350345432758331298828125" lon="15.00960099510848522186279296875">
        <ele>538.79998779296875</ele>
        <time>2026-04-05T08:56:09.000Z</time>
        <extensions>
          <ns3:TrackPointExtension>
            <ns3:hr>158</ns3:hr>
            <ns3:cad>76</ns3:cad>
          </ns3:TrackPointExtension>
        </extensions>
      </trkpt>
      <trkpt lat="49.0584690682590007781982421875" lon="15.00963116995990276336669921875">
        <ele>539</ele>
        <time>2026-04-05T08:56:10.000Z</time>
        <extensions>
          <ns3:TrackPointExtension>
            <ns3:hr>159</ns3:hr>
            <ns3:cad>41</ns3:cad>
          </ns3:TrackPointExtension>
        </extensions>
      </trkpt>
      <trkpt lat="49.05849111266434192657470703125" lon="15.00964826904237270355224609375">
        <ele>539</ele>
        <time>2026-04-05T08:56:11.000Z</time>
        <extensions>
          <ns3:TrackPointExtension>
            <ns3:hr>159</ns3:hr>
            <ns3:cad>41</ns3:cad>
          </ns3:TrackPointExtension>
        </extensions>
      </trkpt>
      <trkpt lat="49.058512151241302490234375" lon="15.00965715385973453521728515625">
        <ele>539</ele>
        <time>2026-04-05T08:56:12.000Z</time>
        <extensions>
          <ns3:TrackPointExtension>
            <ns3:hr>159</ns3:hr>
            <ns3:cad>76</ns3:cad>
          </ns3:TrackPointExtension>
        </extensions>
      </trkpt>
      <trkpt lat="49.05853654257953166961669921875" lon="15.00967375002801418304443359375">
        <ele>539</ele>
        <time>2026-04-05T08:56:13.000Z</time>
        <extensions>
          <ns3:TrackPointExtension>
            <ns3:hr>159</ns3:hr>
            <ns3:cad>76</ns3:cad>
          </ns3:TrackPointExtension>
        </extensions>
      </trkpt>
      <trkpt lat="49.0585545636713504791259765625" lon="15.0096743367612361907958984375">
        <ele>539</ele>
        <time>2026-04-05T08:56:14.000Z</time>
        <extensions>
          <ns3:TrackPointExtension>
            <ns3:hr>159</ns3:hr>
            <ns3:cad>76</ns3:cad>
          </ns3:TrackPointExtension>
        </extensions>
      </trkpt>
      <trkpt lat="49.0585751831531524658203125" lon="15.0096724927425384521484375">
        <ele>538.79998779296875</ele>
        <time>2026-04-05T08:56:15.000Z</time>
        <extensions>
          <ns3:TrackPointExtension>
            <ns3:hr>159</ns3:hr>
            <ns3:cad>76</ns3:cad>
          </ns3:TrackPointExtension>
        </extensions>
      </trkpt>
      <trkpt lat="49.0585941262543201446533203125" lon="15.0096877478063106536865234375">
        <ele>538.79998779296875</ele>
        <time>2026-04-05T08:56:16.000Z</time>
        <extensions>
          <ns3:TrackPointExtension>
            <ns3:hr>158</ns3:hr>
            <ns3:cad>76</ns3:cad>
          </ns3:TrackPointExtension>
        </extensions>
      </trkpt>
      <trkpt lat="49.0586180984973907470703125" lon="15.00971138477325439453125">
        <ele>538.79998779296875</ele>
        <time>2026-04-05T08:56:17.000Z</time>
        <extensions>
          <ns3:TrackPointExtension>
            <ns3:hr>157</ns3:hr>
            <ns3:cad>76</ns3:cad>
          </ns3:TrackPointExtension>
        </extensions>
      </trkpt>
      <trkpt lat="49.05863109044730663299560546875" lon="15.00972085632383823394775390625">
        <ele>539</ele>
        <time>2026-04-05T08:56:18.000Z</time>
        <extensions>
          <ns3:TrackPointExtension>
            <ns3:hr>156</ns3:hr>
            <ns3:cad>76</ns3:cad>
          </ns3:TrackPointExtension>
        </extensions>
      </trkpt>
      <trkpt lat="49.0586481057107448577880859375" lon="15.00973342917859554290771484375">
        <ele>539</ele>
        <time>2026-04-05T08:56:19.000Z</time>
        <extensions>
          <ns3:TrackPointExtension>
            <ns3:hr>155</ns3:hr>
            <ns3:cad>76</ns3:cad>
          </ns3:TrackPointExtension>
        </extensions>
      </trkpt>
      <trkpt lat="49.0586568228900432586669921875" lon="15.00974482856690883636474609375">
        <ele>539</ele>
        <time>2026-04-05T08:56:20.000Z</time>
        <extensions>
          <ns3:TrackPointExtension>
            <ns3:hr>155</ns3:hr>
            <ns3:cad>0</ns3:cad>
          </ns3:TrackPointExtension>
        </extensions>
      </trkpt>
      <trkpt lat="49.0586621873080730438232421875" lon="15.00974700786173343658447265625">
        <ele>539</ele>
        <time>2026-04-05T08:56:21.000Z</time>
        <extensions>
          <ns3:TrackPointExtension>
            <ns3:hr>155</ns3:hr>
            <ns3:cad>0</ns3:cad>
          </ns3:TrackPointExtension>
        </extensions>
      </trkpt>
      <trkpt lat="49.058666042983531951904296875" lon="15.0097497738897800445556640625">
        <ele>539</ele>
        <time>2026-04-05T08:56:22.000Z</time>
        <extensions>
          <ns3:TrackPointExtension>
            <ns3:hr>156</ns3:hr>
            <ns3:cad>0</ns3:cad>
          </ns3:TrackPointExtension>
        </extensions>
      </trkpt>
      <trkpt lat="49.0586690604686737060546875" lon="15.0097422301769256591796875">
        <ele>539</ele>
        <time>2026-04-05T08:56:23.000Z</time>
        <extensions>
          <ns3:TrackPointExtension>
            <ns3:hr>160</ns3:hr>
            <ns3:cad>0</ns3:cad>
          </ns3:TrackPointExtension>
        </extensions>
      </trkpt>
      <trkpt lat="49.0586722455918788909912109375" lon="15.009734518826007843017578125">
        <ele>539</ele>
        <time>2026-04-05T08:56:24.000Z</time>
        <extensions>
          <ns3:TrackPointExtension>
            <ns3:hr>161</ns3:hr>
            <ns3:cad>0</ns3:cad>
          </ns3:TrackPointExtension>
        </extensions>
      </trkpt>
      <trkpt lat="49.05867534689605236053466796875" lon="15.00972789712250232696533203125">
        <ele>539</ele>
        <time>2026-04-05T08:56:25.000Z</time>
        <extensions>
          <ns3:TrackPointExtension>
            <ns3:hr>162</ns3:hr>
            <ns3:cad>0</ns3:cad>
          </ns3:TrackPointExtension>
        </extensions>
      </trkpt>
      <trkpt lat="49.05867937020957469940185546875" lon="15.00972152687609195709228515625">
        <ele>539</ele>
        <time>2026-04-05T08:56:26.000Z</time>
        <extensions>
          <ns3:TrackPointExtension>
            <ns3:hr>162</ns3:hr>
            <ns3:cad>0</ns3:cad>
          </ns3:TrackPointExtension>
        </extensions>
      </trkpt>
      <trkpt lat="49.058684818446636199951171875" lon="15.00970643945038318634033203125">
        <ele>539</ele>
        <time>2026-04-05T08:56:27.000Z</time>
        <extensions>
          <ns3:TrackPointExtension>
            <ns3:hr>162</ns3:hr>
            <ns3:cad>0</ns3:cad>
          </ns3:TrackPointExtension>
        </extensions>
      </trkpt>
      <trkpt lat="49.05868138186633586883544921875" lon="15.0096827186644077301025390625">
        <ele>539</ele>
        <time>2026-04-05T08:56:28.000Z</time>
        <extensions>
          <ns3:TrackPointExtension>
            <ns3:hr>161</ns3:hr>
            <ns3:cad>0</ns3:cad>
          </ns3:TrackPointExtension>
        </extensions>
      </trkpt>
      <trkpt lat="49.05867551453411579132080078125" lon="15.0096713192760944366455078125">
        <ele>539.20001220703125</ele>
        <time>2026-04-05T08:56:29.000Z</time>
        <extensions>
          <ns3:TrackPointExtension>
            <ns3:hr>161</ns3:hr>
            <ns3:cad>41</ns3:cad>
          </ns3:TrackPointExtension>
        </extensions>
      </trkpt>
      <trkpt lat="49.05867685563862323760986328125" lon="15.00963485799729824066162109375">
        <ele>539.20001220703125</ele>
        <time>2026-04-05T08:56:30.000Z</time>
        <extensions>
          <ns3:TrackPointExtension>
            <ns3:hr>161</ns3:hr>
            <ns3:cad>41</ns3:cad>
          </ns3:TrackPointExtension>
        </extensions>
      </trkpt>
      <trkpt lat="49.05867903493344783782958984375" lon="15.00961574725806713104248046875">
        <ele>539.20001220703125</ele>
        <time>2026-04-05T08:56:31.000Z</time>
        <extensions>
          <ns3:TrackPointExtension>
            <ns3:hr>160</ns3:hr>
            <ns3:cad>0</ns3:cad>
          </ns3:TrackPointExtension>
        </extensions>
      </trkpt>
      <trkpt lat="49.05868113040924072265625" lon="15.00960585661232471466064453125">
        <ele>539.20001220703125</ele>
        <time>2026-04-05T08:56:32.000Z</time>
        <extensions>
          <ns3:TrackPointExtension>
            <ns3:hr>160</ns3:hr>
            <ns3:cad>0</ns3:cad>
          </ns3:TrackPointExtension>
        </extensions>
      </trkpt>
      <trkpt lat="49.05868356116116046905517578125" lon="15.0095988996326923370361328125">
        <ele>539.20001220703125</ele>
        <time>2026-04-05T08:56:33.000Z</time>
        <extensions>
          <ns3:TrackPointExtension>
            <ns3:hr>160</ns3:hr>
            <ns3:cad>0</ns3:cad>
          </ns3:TrackPointExtension>
        </extensions>
      </trkpt>
      <trkpt lat="49.0586863271892070770263671875" lon="15.009598396718502044677734375">
        <ele>539.20001220703125</ele>
        <time>2026-04-05T08:56:34.000Z</time>
        <extensions>
          <ns3:TrackPointExtension>
            <ns3:hr>159</ns3:hr>
            <ns3:cad>0</ns3:cad>
          </ns3:TrackPointExtension>
        </extensions>
      </trkpt>
      <trkpt lat="49.058686830103397369384765625" lon="15.00959646888077259063720703125">
        <ele>539.20001220703125</ele>
        <time>2026-04-05T08:56:35.000Z</time>
        <extensions>
          <ns3:TrackPointExtension>
            <ns3:hr>159</ns3:hr>
            <ns3:cad>0</ns3:cad>
          </ns3:TrackPointExtension>
        </extensions>
      </trkpt>
      <trkpt lat="49.05868775211274623870849609375" lon="15.00959546305239200592041015625">
        <ele>539.20001220703125</ele>
        <time>2026-04-05T08:56:36.000Z</time>
        <extensions>
          <ns3:TrackPointExtension>
            <ns3:hr>158</ns3:hr>
            <ns3:cad>0</ns3:cad>
          </ns3:TrackPointExtension>
        </extensions>
      </trkpt>
      <trkpt lat="49.05868984758853912353515625" lon="15.009591020643711090087890625">
        <ele>539.20001220703125</ele>
        <time>2026-04-05T08:56:37.000Z</time>
        <extensions>
          <ns3:TrackPointExtension>
            <ns3:hr>158</ns3:hr>
            <ns3:cad>0</ns3:cad>
          </ns3:TrackPointExtension>
        </extensions>
      </trkpt>
      <trkpt lat="49.0586926974356174468994140625" lon="15.0095807947218418121337890625">
        <ele>539.4000244140625</ele>
        <time>2026-04-05T08:56:38.000Z</time>
        <extensions>
          <ns3:TrackPointExtension>
            <ns3:hr>157</ns3:hr>
            <ns3:cad>0</ns3:cad>
          </ns3:TrackPointExtension>
        </extensions>
      </trkpt>
      <trkpt lat="49.0586963854730129241943359375" lon="15.0095633603632450103759765625">
        <ele>539.4000244140625</ele>
        <time>2026-04-05T08:56:39.000Z</time>
        <extensions>
          <ns3:TrackPointExtension>
            <ns3:hr>157</ns3:hr>
            <ns3:cad>0</ns3:cad>
          </ns3:TrackPointExtension>
        </extensions>
      </trkpt>
      <trkpt lat="49.058702923357486724853515625" lon="15.00954307615756988525390625">
        <ele>539.4000244140625</ele>
        <time>2026-04-05T08:56:40.000Z</time>
        <extensions>
          <ns3:TrackPointExtension>
            <ns3:hr>157</ns3:hr>
            <ns3:cad>0</ns3:cad>
          </ns3:TrackPointExtension>
        </extensions>
      </trkpt>
      <trkpt lat="49.0587067790329456329345703125" lon="15.00953511334955692291259765625">
        <ele>539.20001220703125</ele>
        <time>2026-04-05T08:56:41.000Z</time>
        <extensions>
          <ns3:TrackPointExtension>
            <ns3:hr>156</ns3:hr>
            <ns3:cad>0</ns3:cad>
          </ns3:TrackPointExtension>
        </extensions>
      </trkpt>
      <trkpt lat="49.05870820395648479461669921875" lon="15.00952966511249542236328125">
        <ele>539.20001220703125</ele>
        <time>2026-04-05T08:56:42.000Z</time>
        <extensions>
          <ns3:TrackPointExtension>
            <ns3:hr>155</ns3:hr>
            <ns3:cad>0</ns3:cad>
          </ns3:TrackPointExtension>
        </extensions>
      </trkpt>
      <trkpt lat="49.05870920978486537933349609375" lon="15.00952857546508312225341796875">
        <ele>539.20001220703125</ele>
        <time>2026-04-05T08:56:43.000Z</time>
        <extensions>
          <ns3:TrackPointExtension>
            <ns3:hr>155</ns3:hr>
            <ns3:cad>0</ns3:cad>
          </ns3:TrackPointExtension>
        </extensions>
      </trkpt>
      <trkpt lat="49.05871088616549968719482421875" lon="15.00952069647610187530517578125">
        <ele>539.20001220703125</ele>
        <time>2026-04-05T08:56:44.000Z</time>
        <extensions>
          <ns3:TrackPointExtension>
            <ns3:hr>155</ns3:hr>
            <ns3:cad>0</ns3:cad>
          </ns3:TrackPointExtension>
        </extensions>
      </trkpt>
      <trkpt lat="49.0587108023464679718017578125" lon="15.0095170922577381134033203125">
        <ele>539.20001220703125</ele>
        <time>2026-04-05T08:56:45.000Z</time>
        <extensions>
          <ns3:TrackPointExtension>
            <ns3:hr>154</ns3:hr>
            <ns3:cad>0</ns3:cad>
          </ns3:TrackPointExtension>
        </extensions>
      </trkpt>
      <trkpt lat="49.0587084554135799407958984375" lon="15.0095110572874546051025390625">
        <ele>539</ele>
        <time>2026-04-05T08:56:46.000Z</time>
        <extensions>
          <ns3:TrackPointExtension>
            <ns3:hr>154</ns3:hr>
            <ns3:cad>0</ns3:cad>
          </ns3:TrackPointExtension>
        </extensions>
      </trkpt>
      <trkpt lat="49.0587087906897068023681640625" lon="15.00950686633586883544921875">
        <ele>539</ele>
        <time>2026-04-05T08:56:47.000Z</time>
        <extensions>
          <ns3:TrackPointExtension>
            <ns3:hr>154</ns3:hr>
            <ns3:cad>0</ns3:cad>
          </ns3:TrackPointExtension>
        </extensions>
      </trkpt>
      <trkpt lat="49.05870736576616764068603515625" lon="15.00950326211750507354736328125">
        <ele>539</ele>
        <time>2026-04-05T08:56:48.000Z</time>
        <extensions>
          <ns3:TrackPointExtension>
            <ns3:hr>154</ns3:hr>
            <ns3:cad>0</ns3:cad>
          </ns3:TrackPointExtension>
        </extensions>
      </trkpt>
      <trkpt lat="49.0587074495851993560791015625" lon="15.0095030106604099273681640625">
        <ele>539</ele>
        <time>2026-04-05T08:56:49.000Z</time>
        <extensions>
          <ns3:TrackPointExtension>
            <ns3:hr>154</ns3:hr>
            <ns3:cad>0</ns3:cad>
          </ns3:TrackPointExtension>
        </extensions>
      </trkpt>
      <trkpt lat="49.058706946671009063720703125" lon="15.00947610475122928619384765625">
        <ele>539.20001220703125</ele>
        <time>2026-04-05T08:56:50.000Z</time>
        <extensions>
          <ns3:TrackPointExtension>
            <ns3:hr>154</ns3:hr>
            <ns3:cad>0</ns3:cad>
          </ns3:TrackPointExtension>
        </extensions>
      </trkpt>
      <trkpt lat="49.05871625058352947235107421875" lon="15.00944115221500396728515625">
        <ele>539.20001220703125</ele>
        <time>2026-04-05T08:56:51.000Z</time>
        <extensions>
          <ns3:TrackPointExtension>
            <ns3:hr>154</ns3:hr>
            <ns3:cad>0</ns3:cad>
          </ns3:TrackPointExtension>
        </extensions>
      </trkpt>
      <trkpt lat="49.0587312541902065277099609375" lon="15.0094181858003139495849609375">
        <ele>539.20001220703125</ele>
        <time>2026-04-05T08:56:52.000Z</time>
        <extensions>
          <ns3:TrackPointExtension>
            <ns3:hr>154</ns3:hr>
            <ns3:cad>0</ns3:cad>
          </ns3:TrackPointExtension>
        </extensions>
      </trkpt>
      <trkpt lat="49.05874994583427906036376953125" lon="15.0093910284340381622314453125">
        <ele>539</ele>
        <time>2026-04-05T08:56:53.000Z</time>
        <extensions>
          <ns3:TrackPointExtension>
            <ns3:hr>154</ns3:hr>
            <ns3:cad>72</ns3:cad>
          </ns3:TrackPointExtension>
        </extensions>
      </trkpt>
      <trkpt lat="49.05878079123795032501220703125" lon="15.00936177559196949005126953125">
        <ele>539</ele>
        <time>2026-04-05T08:56:54.000Z</time>
        <extensions>
          <ns3:TrackPointExtension>
            <ns3:hr>153</ns3:hr>
            <ns3:cad>72</ns3:cad>
          </ns3:TrackPointExtension>
        </extensions>
      </trkpt>
      <trkpt lat="49.05880208127200603485107421875" lon="15.00934015028178691864013671875">
        <ele>539</ele>
        <time>2026-04-05T08:56:55.000Z</time>
        <extensions>
          <ns3:TrackPointExtension>
            <ns3:hr>153</ns3:hr>
            <ns3:cad>72</ns3:cad>
          </ns3:TrackPointExtension>
        </extensions>
      </trkpt>
      <trkpt lat="49.05882605351507663726806640625" lon="15.009326152503490447998046875">
        <ele>539</ele>
        <time>2026-04-05T08:56:56.000Z</time>
        <extensions>
          <ns3:TrackPointExtension>
            <ns3:hr>153</ns3:hr>
            <ns3:cad>72</ns3:cad>
          </ns3:TrackPointExtension>
        </extensions>
      </trkpt>
      <trkpt lat="49.058855809271335601806640625" lon="15.00932808034121990203857421875">
        <ele>539</ele>
        <time>2026-04-05T08:56:57.000Z</time>
        <extensions>
          <ns3:TrackPointExtension>
            <ns3:hr>154</ns3:hr>
            <ns3:cad>72</ns3:cad>
          </ns3:TrackPointExtension>
        </extensions>
      </trkpt>
      <trkpt lat="49.05888967216014862060546875" lon="15.00933612696826457977294921875">
        <ele>539</ele>
        <time>2026-04-05T08:56:58.000Z</time>
        <extensions>
          <ns3:TrackPointExtension>
            <ns3:hr>154</ns3:hr>
            <ns3:cad>75</ns3:cad>
          </ns3:TrackPointExtension>
        </extensions>
      </trkpt>
      <trkpt lat="49.05891456641256809234619140625" lon="15.00935272313654422760009765625">
        <ele>538.79998779296875</ele>
        <time>2026-04-05T08:56:59.000Z</time>
        <extensions>
          <ns3:TrackPointExtension>
            <ns3:hr>155</ns3:hr>
            <ns3:cad>75</ns3:cad>
          </ns3:TrackPointExtension>
        </extensions>
      </trkpt>
      <trkpt lat="49.05892495997250080108642578125" lon="15.00941391102969646453857421875">
        <ele>538.79998779296875</ele>
        <time>2026-04-05T08:57:00.000Z</time>
        <extensions>
          <ns3:TrackPointExtension>
            <ns3:hr>155</ns3:hr>
            <ns3:cad>75</ns3:cad>
          </ns3:TrackPointExtension>
        </extensions>
      </trkpt>
      <trkpt lat="49.05893451534211635589599609375" lon="15.009460933506488800048828125">
        <ele>538.79998779296875</ele>
        <time>2026-04-05T08:57:01.000Z</time>
        <extensions>
          <ns3:TrackPointExtension>
            <ns3:hr>155</ns3:hr>
            <ns3:cad>75</ns3:cad>
          </ns3:TrackPointExtension>
        </extensions>
      </trkpt>
      <trkpt lat="49.0589441545307636260986328125" lon="15.00950544141232967376708984375">
        <ele>538.79998779296875</ele>
        <time>2026-04-05T08:57:02.000Z</time>
        <extensions>
          <ns3:TrackPointExtension>
            <ns3:hr>155</ns3:hr>
            <ns3:cad>79</ns3:cad>
          </ns3:TrackPointExtension>
        </extensions>
      </trkpt>
      <trkpt lat="49.05895538628101348876953125" lon="15.00955657102167606353759765625">
        <ele>539</ele>
        <time>2026-04-05T08:57:03.000Z</time>
        <extensions>
          <ns3:TrackPointExtension>
            <ns3:hr>155</ns3:hr>
            <ns3:cad>79</ns3:cad>
          </ns3:TrackPointExtension>
        </extensions>
      </trkpt>
      <trkpt lat="49.05897080898284912109375" lon="15.0096082873642444610595703125">
        <ele>539</ele>
        <time>2026-04-05T08:57:04.000Z</time>
        <extensions>
          <ns3:TrackPointExtension>
            <ns3:hr>155</ns3:hr>
            <ns3:cad>79</ns3:cad>
          </ns3:TrackPointExtension>
        </extensions>
      </trkpt>
      <trkpt lat="49.05898447148501873016357421875" lon="15.0096579082310199737548828125">
        <ele>538.79998779296875</ele>
        <time>2026-04-05T08:57:05.000Z</time>
        <extensions>
          <ns3:TrackPointExtension>
            <ns3:hr>156</ns3:hr>
            <ns3:cad>79</ns3:cad>
          </ns3:TrackPointExtension>
        </extensions>
      </trkpt>
      <trkpt lat="49.05899922363460063934326171875" lon="15.00969923101365566253662109375">
        <ele>538.79998779296875</ele>
        <time>2026-04-05T08:57:06.000Z</time>
        <extensions>
          <ns3:TrackPointExtension>
            <ns3:hr>157</ns3:hr>
            <ns3:cad>77</ns3:cad>
          </ns3:TrackPointExtension>
        </extensions>
      </trkpt>
      <trkpt lat="49.059005677700042724609375" lon="15.00975237227976322174072265625">
        <ele>538.79998779296875</ele>
        <time>2026-04-05T08:57:07.000Z</time>
        <extensions>
          <ns3:TrackPointExtension>
            <ns3:hr>157</ns3:hr>
            <ns3:cad>77</ns3:cad>
          </ns3:TrackPointExtension>
        </extensions>
      </trkpt>
      <trkpt lat="49.05901447869837284088134765625" lon="15.0097960419952869415283203125">
        <ele>539</ele>
        <time>2026-04-05T08:57:08.000Z</time>
        <extensions>
          <ns3:TrackPointExtension>
            <ns3:hr>158</ns3:hr>
            <ns3:cad>78</ns3:cad>
          </ns3:TrackPointExtension>
        </extensions>
      </trkpt>
      <trkpt lat="49.0590239502489566802978515625" lon="15.00984054990112781524658203125">
        <ele>539.20001220703125</ele>
        <time>2026-04-05T08:57:09.000Z</time>
        <extensions>
          <ns3:TrackPointExtension>
            <ns3:hr>158</ns3:hr>
            <ns3:cad>78</ns3:cad>
          </ns3:TrackPointExtension>
        </extensions>
      </trkpt>
      <trkpt lat="49.05903778038918972015380859375" lon="15.00989151187241077423095703125">
        <ele>539.20001220703125</ele>
        <time>2026-04-05T08:57:10.000Z</time>
        <extensions>
          <ns3:TrackPointExtension>
            <ns3:hr>157</ns3:hr>
            <ns3:cad>78</ns3:cad>
          </ns3:TrackPointExtension>
        </extensions>
      </trkpt>
      <trkpt lat="49.05904792249202728271484375" lon="15.009928978979587554931640625">
        <ele>539.4000244140625</ele>
        <time>2026-04-05T08:57:11.000Z</time>
        <extensions>
          <ns3:TrackPointExtension>
            <ns3:hr>156</ns3:hr>
            <ns3:cad>78</ns3:cad>
          </ns3:TrackPointExtension>
        </extensions>
      </trkpt>
      <trkpt lat="49.0590648539364337921142578125" lon="15.00996686518192291259765625">
        <ele>539.4000244140625</ele>
        <time>2026-04-05T08:57:12.000Z</time>
        <extensions>
          <ns3:TrackPointExtension>
            <ns3:hr>155</ns3:hr>
            <ns3:cad>78</ns3:cad>
          </ns3:TrackPointExtension>
        </extensions>
      </trkpt>
      <trkpt lat="49.0590779297053813934326171875" lon="15.01001405529677867889404296875">
        <ele>539.4000244140625</ele>
        <time>2026-04-05T08:57:13.000Z</time>
        <extensions>
          <ns3:TrackPointExtension>
            <ns3:hr>156</ns3:hr>
            <ns3:cad>78</ns3:cad>
          </ns3:TrackPointExtension>
        </extensions>
      </trkpt>
      <trkpt lat="49.059090502560138702392578125" lon="15.01004808582365512847900390625">
        <ele>539.4000244140625</ele>
        <time>2026-04-05T08:57:14.000Z</time>
        <extensions>
          <ns3:TrackPointExtension>
            <ns3:hr>156</ns3:hr>
            <ns3:cad>80</ns3:cad>
          </ns3:TrackPointExtension>
        </extensions>
      </trkpt>
      <trkpt lat="49.059102572500705718994140625" lon="15.010083876550197601318359375">
        <ele>539.4000244140625</ele>
        <time>2026-04-05T08:57:15.000Z</time>
        <extensions>
          <ns3:TrackPointExtension>
            <ns3:hr>157</ns3:hr>
            <ns3:cad>80</ns3:cad>
          </ns3:TrackPointExtension>
        </extensions>
      </trkpt>
      <trkpt lat="49.0591127984225749969482421875" lon="15.0101226009428501129150390625">
        <ele>539.4000244140625</ele>
        <time>2026-04-05T08:57:16.000Z</time>
        <extensions>
          <ns3:TrackPointExtension>
            <ns3:hr>157</ns3:hr>
            <ns3:cad>79</ns3:cad>
          </ns3:TrackPointExtension>
        </extensions>
      </trkpt>
      <trkpt lat="49.059119336307048797607421875" lon="15.01015353016555309295654296875">
        <ele>539.5999755859375</ele>
        <time>2026-04-05T08:57:17.000Z</time>
        <extensions>
          <ns3:TrackPointExtension>
            <ns3:hr>158</ns3:hr>
            <ns3:cad>79</ns3:cad>
          </ns3:TrackPointExtension>
        </extensions>
      </trkpt>
      <trkpt lat="49.059129059314727783203125" lon="15.0101849623024463653564453125">
        <ele>539.5999755859375</ele>
        <time>2026-04-05T08:57:18.000Z</time>
        <extensions>
          <ns3:TrackPointExtension>
            <ns3:hr>158</ns3:hr>
            <ns3:cad>80</ns3:cad>
          </ns3:TrackPointExtension>
        </extensions>
      </trkpt>
      <trkpt lat="49.0591399557888507843017578125" lon="15.01021689735352993011474609375">
        <ele>539.5999755859375</ele>
        <time>2026-04-05T08:57:19.000Z</time>
        <extensions>
          <ns3:TrackPointExtension>
            <ns3:hr>157</ns3:hr>
            <ns3:cad>80</ns3:cad>
          </ns3:TrackPointExtension>
        </extensions>
      </trkpt>
      <trkpt lat="49.05914716422557830810546875" lon="15.01025344245135784149169921875">
        <ele>539.79998779296875</ele>
        <time>2026-04-05T08:57:20.000Z</time>
        <extensions>
          <ns3:TrackPointExtension>
            <ns3:hr>157</ns3:hr>
            <ns3:cad>80</ns3:cad>
          </ns3:TrackPointExtension>
        </extensions>
      </trkpt>
      <trkpt lat="49.05915847979485988616943359375" lon="15.010294429957866668701171875">
        <ele>539.79998779296875</ele>
        <time>2026-04-05T08:57:21.000Z</time>
        <extensions>
          <ns3:TrackPointExtension>
            <ns3:hr>157</ns3:hr>
            <ns3:cad>77</ns3:cad>
          </ns3:TrackPointExtension>
        </extensions>
      </trkpt>
      <trkpt lat="49.05916233547031879425048828125" lon="15.010327287018299102783203125">
        <ele>539.79998779296875</ele>
        <time>2026-04-05T08:57:22.000Z</time>
        <extensions>
          <ns3:TrackPointExtension>
            <ns3:hr>157</ns3:hr>
            <ns3:cad>77</ns3:cad>
          </ns3:TrackPointExtension>
        </extensions>
      </trkpt>
      <trkpt lat="49.05916149728000164031982421875" lon="15.010369531810283660888671875">
        <ele>539.79998779296875</ele>
        <time>2026-04-05T08:57:23.000Z</time>
        <extensions>
          <ns3:TrackPointExtension>
            <ns3:hr>158</ns3:hr>
            <ns3:cad>76</ns3:cad>
          </ns3:TrackPointExtension>
        </extensions>
      </trkpt>
      <trkpt lat="49.05915311537683010101318359375" lon="15.01041269861161708831787109375">
        <ele>540</ele>
        <time>2026-04-05T08:57:24.000Z</time>
        <extensions>
          <ns3:TrackPointExtension>
            <ns3:hr>158</ns3:hr>
            <ns3:cad>76</ns3:cad>
          </ns3:TrackPointExtension>
        </extensions>
      </trkpt>
      <trkpt lat="49.05914557166397571563720703125" lon="15.01044807024300098419189453125">
        <ele>540</ele>
        <time>2026-04-05T08:57:25.000Z</time>
        <extensions>
          <ns3:TrackPointExtension>
            <ns3:hr>158</ns3:hr>
            <ns3:cad>76</ns3:cad>
          </ns3:TrackPointExtension>
        </extensions>
      </trkpt>
      <trkpt lat="49.0591446496546268463134765625" lon="15.0104853697121143341064453125">
        <ele>540.20001220703125</ele>
        <time>2026-04-05T08:57:26.000Z</time>
        <extensions>
          <ns3:TrackPointExtension>
            <ns3:hr>158</ns3:hr>
            <ns3:cad>76</ns3:cad>
          </ns3:TrackPointExtension>
        </extensions>
      </trkpt>
      <trkpt lat="49.0591406263411045074462890625" lon="15.01053155399858951568603515625">
        <ele>540.20001220703125</ele>
        <time>2026-04-05T08:57:27.000Z</time>
        <extensions>
          <ns3:TrackPointExtension>
            <ns3:hr>158</ns3:hr>
            <ns3:cad>77</ns3:cad>
          </ns3:TrackPointExtension>
        </extensions>
      </trkpt>
      <trkpt lat="49.059140123426914215087890625" lon="15.0105715356767177581787109375">
        <ele>540.4000244140625</ele>
        <time>2026-04-05T08:57:28.000Z</time>
        <extensions>
          <ns3:TrackPointExtension>
            <ns3:hr>159</ns3:hr>
            <ns3:cad>77</ns3:cad>
          </ns3:TrackPointExtension>
        </extensions>
      </trkpt>
      <trkpt lat="49.05912880785763263702392578125" lon="15.01061453483998775482177734375">
        <ele>540.5999755859375</ele>
        <time>2026-04-05T08:57:29.000Z</time>
        <extensions>
          <ns3:TrackPointExtension>
            <ns3:hr>159</ns3:hr>
            <ns3:cad>78</ns3:cad>
          </ns3:TrackPointExtension>
        </extensions>
      </trkpt>
      <trkpt lat="49.059117324650287628173828125" lon="15.01064814627170562744140625">
        <ele>540.5999755859375</ele>
        <time>2026-04-05T08:57:30.000Z</time>
        <extensions>
          <ns3:TrackPointExtension>
            <ns3:hr>159</ns3:hr>
            <ns3:cad>78</ns3:cad>
          </ns3:TrackPointExtension>
        </extensions>
      </trkpt>
      <trkpt lat="49.0590940229594707489013671875" lon="15.01068477518856525421142578125">
        <ele>540.79998779296875</ele>
        <time>2026-04-05T08:57:31.000Z</time>
        <extensions>
          <ns3:TrackPointExtension>
            <ns3:hr>159</ns3:hr>
            <ns3:cad>77</ns3:cad>
          </ns3:TrackPointExtension>
        </extensions>
      </trkpt>
      <trkpt lat="49.0590796060860157012939453125" lon="15.01071562059223651885986328125">
        <ele>540.79998779296875</ele>
        <time>2026-04-05T08:57:32.000Z</time>
        <extensions>
          <ns3:TrackPointExtension>
            <ns3:hr>160</ns3:hr>
            <ns3:cad>77</ns3:cad>
          </ns3:TrackPointExtension>
        </extensions>
      </trkpt>
      <trkpt lat="49.05906577594578266143798828125" lon="15.01074462197721004486083984375">
        <ele>540.79998779296875</ele>
        <time>2026-04-05T08:57:33.000Z</time>
        <extensions>
          <ns3:TrackPointExtension>
            <ns3:hr>160</ns3:hr>
            <ns3:cad>76</ns3:cad>
          </ns3:TrackPointExtension>
        </extensions>
      </trkpt>
      <trkpt lat="49.05905035324394702911376953125" lon="15.0107804127037525177001953125">
        <ele>540.79998779296875</ele>
        <time>2026-04-05T08:57:34.000Z</time>
        <extensions>
          <ns3:TrackPointExtension>
            <ns3:hr>160</ns3:hr>
            <ns3:cad>76</ns3:cad>
          </ns3:TrackPointExtension>
        </extensions>
      </trkpt>
      <trkpt lat="49.059036858379840850830078125" lon="15.010825507342815399169921875">
        <ele>540.5999755859375</ele>
        <time>2026-04-05T08:57:35.000Z</time>
        <extensions>
          <ns3:TrackPointExtension>
            <ns3:hr>160</ns3:hr>
            <ns3:cad>74</ns3:cad>
          </ns3:TrackPointExtension>
        </extensions>
      </trkpt>
      <trkpt lat="49.05903451144695281982421875" lon="15.0108571909368038177490234375">
        <ele>540.79998779296875</ele>
        <time>2026-04-05T08:57:36.000Z</time>
        <extensions>
          <ns3:TrackPointExtension>
            <ns3:hr>160</ns3:hr>
            <ns3:cad>74</ns3:cad>
          </ns3:TrackPointExtension>
        </extensions>
      </trkpt>
      <trkpt lat="49.05903342179954051971435546875" lon="15.01089893281459808349609375">
        <ele>540.79998779296875</ele>
        <time>2026-04-05T08:57:37.000Z</time>
        <extensions>
          <ns3:TrackPointExtension>
            <ns3:hr>161</ns3:hr>
            <ns3:cad>74</ns3:cad>
          </ns3:TrackPointExtension>
        </extensions>
      </trkpt>
      <trkpt lat="49.05903811566531658172607421875" lon="15.0109398365020751953125">
        <ele>540.79998779296875</ele>
        <time>2026-04-05T08:57:38.000Z</time>
        <extensions>
          <ns3:TrackPointExtension>
            <ns3:hr>160</ns3:hr>
            <ns3:cad>74</ns3:cad>
          </ns3:TrackPointExtension>
        </extensions>
      </trkpt>
      <trkpt lat="49.05904850922524929046630859375" lon="15.01098233275115489959716796875">
        <ele>540.79998779296875</ele>
        <time>2026-04-05T08:57:39.000Z</time>
        <extensions>
          <ns3:TrackPointExtension>
            <ns3:hr>160</ns3:hr>
            <ns3:cad>74</ns3:cad>
          </ns3:TrackPointExtension>
        </extensions>
      </trkpt>
      <trkpt lat="49.05903895385563373565673828125" lon="15.0110258348286151885986328125">
        <ele>541</ele>
        <time>2026-04-05T08:57:40.000Z</time>
        <extensions>
          <ns3:TrackPointExtension>
            <ns3:hr>160</ns3:hr>
            <ns3:cad>74</ns3:cad>
          </ns3:TrackPointExtension>
        </extensions>
      </trkpt>
      <trkpt lat="49.0590232796967029571533203125" lon="15.01105056144297122955322265625">
        <ele>541</ele>
        <time>2026-04-05T08:57:41.000Z</time>
        <extensions>
          <ns3:TrackPointExtension>
            <ns3:hr>160</ns3:hr>
            <ns3:cad>74</ns3:cad>
          </ns3:TrackPointExtension>
        </extensions>
      </trkpt>
      <trkpt lat="49.05900391750037670135498046875" lon="15.0110794790089130401611328125">
        <ele>541</ele>
        <time>2026-04-05T08:57:42.000Z</time>
        <extensions>
          <ns3:TrackPointExtension>
            <ns3:hr>160</ns3:hr>
            <ns3:cad>74</ns3:cad>
          </ns3:TrackPointExtension>
        </extensions>
      </trkpt>
      <trkpt lat="49.05897608958184719085693359375" lon="15.01110546290874481201171875">
        <ele>541</ele>
        <time>2026-04-05T08:57:43.000Z</time>
        <extensions>
          <ns3:TrackPointExtension>
            <ns3:hr>160</ns3:hr>
            <ns3:cad>74</ns3:cad>
          </ns3:TrackPointExtension>
        </extensions>
      </trkpt>
      <trkpt lat="49.05895396135747432708740234375" lon="15.01112960278987884521484375">
        <ele>541</ele>
        <time>2026-04-05T08:57:44.000Z</time>
        <extensions>
          <ns3:TrackPointExtension>
            <ns3:hr>160</ns3:hr>
            <ns3:cad>74</ns3:cad>
          </ns3:TrackPointExtension>
        </extensions>
      </trkpt>
      <trkpt lat="49.0589294023811817169189453125" lon="15.01115198247134685516357421875">
        <ele>541</ele>
        <time>2026-04-05T08:57:45.000Z</time>
        <extensions>
          <ns3:TrackPointExtension>
            <ns3:hr>161</ns3:hr>
            <ns3:cad>74</ns3:cad>
          </ns3:TrackPointExtension>
        </extensions>
      </trkpt>
      <trkpt lat="49.058903418481349945068359375" lon="15.0111582688987255096435546875">
        <ele>541</ele>
        <time>2026-04-05T08:57:46.000Z</time>
        <extensions>
          <ns3:TrackPointExtension>
            <ns3:hr>161</ns3:hr>
            <ns3:cad>74</ns3:cad>
          </ns3:TrackPointExtension>
        </extensions>
      </trkpt>
      <trkpt lat="49.0588851459324359893798828125" lon="15.01113153062760829925537109375">
        <ele>541</ele>
        <time>2026-04-05T08:57:47.000Z</time>
        <extensions>
          <ns3:TrackPointExtension>
            <ns3:hr>161</ns3:hr>
            <ns3:cad>72</ns3:cad>
          </ns3:TrackPointExtension>
        </extensions>
      </trkpt>
      <trkpt lat="49.0588687174022197723388671875" lon="15.01110076904296875">
        <ele>540.79998779296875</ele>
        <time>2026-04-05T08:57:48.000Z</time>
        <extensions>
          <ns3:TrackPointExtension>
            <ns3:hr>161</ns3:hr>
            <ns3:cad>72</ns3:cad>
          </ns3:TrackPointExtension>
        </extensions>
      </trkpt>
      <trkpt lat="49.05886125750839710235595703125" lon="15.0110610388219356536865234375">
        <ele>540.79998779296875</ele>
        <time>2026-04-05T08:57:49.000Z</time>
        <extensions>
          <ns3:TrackPointExtension>
            <ns3:hr>161</ns3:hr>
            <ns3:cad>72</ns3:cad>
          </ns3:TrackPointExtension>
        </extensions>
      </trkpt>
      <trkpt lat="49.0588499419391155242919921875" lon="15.0110134296119213104248046875">
        <ele>540.79998779296875</ele>
        <time>2026-04-05T08:57:50.000Z</time>
        <extensions>
          <ns3:TrackPointExtension>
            <ns3:hr>161</ns3:hr>
            <ns3:cad>72</ns3:cad>
          </ns3:TrackPointExtension>
        </extensions>
      </trkpt>
      <trkpt lat="49.058840386569499969482421875" lon="15.01098208129405975341796875">
        <ele>540.79998779296875</ele>
        <time>2026-04-05T08:57:51.000Z</time>
        <extensions>
          <ns3:TrackPointExtension>
            <ns3:hr>161</ns3:hr>
            <ns3:cad>72</ns3:cad>
          </ns3:TrackPointExtension>
        </extensions>
      </trkpt>
      <trkpt lat="49.058826975524425506591796875" lon="15.01095735467970371246337890625">
        <ele>540.5999755859375</ele>
        <time>2026-04-05T08:57:52.000Z</time>
        <extensions>
          <ns3:TrackPointExtension>
            <ns3:hr>161</ns3:hr>
            <ns3:cad>76</ns3:cad>
          </ns3:TrackPointExtension>
        </extensions>
      </trkpt>
      <trkpt lat="49.05881859362125396728515625" lon="15.0109356455504894256591796875">
        <ele>540.5999755859375</ele>
        <time>2026-04-05T08:57:53.000Z</time>
        <extensions>
          <ns3:TrackPointExtension>
            <ns3:hr>162</ns3:hr>
            <ns3:cad>76</ns3:cad>
          </ns3:TrackPointExtension>
        </extensions>
      </trkpt>
      <trkpt lat="49.05880325473845005035400390625" lon="15.010928101837635040283203125">
        <ele>540.5999755859375</ele>
        <time>2026-04-05T08:57:54.000Z</time>
        <extensions>
          <ns3:TrackPointExtension>
            <ns3:hr>162</ns3:hr>
            <ns3:cad>78</ns3:cad>
          </ns3:TrackPointExtension>
        </extensions>
      </trkpt>
      <trkpt lat="49.05877961777150630950927734375" lon="15.01092709600925445556640625">
        <ele>540.4000244140625</ele>
        <time>2026-04-05T08:57:55.000Z</time>
        <extensions>
          <ns3:TrackPointExtension>
            <ns3:hr>162</ns3:hr>
            <ns3:cad>78</ns3:cad>
          </ns3:TrackPointExtension>
        </extensions>
      </trkpt>
      <trkpt lat="49.05875748954713344573974609375" lon="15.0109208934009075164794921875">
        <ele>540.4000244140625</ele>
        <time>2026-04-05T08:57:56.000Z</time>
        <extensions>
          <ns3:TrackPointExtension>
            <ns3:hr>162</ns3:hr>
            <ns3:cad>77</ns3:cad>
          </ns3:TrackPointExtension>
        </extensions>
      </trkpt>
      <trkpt lat="49.05874173156917095184326171875" lon="15.0109141878783702850341796875">
        <ele>540.4000244140625</ele>
        <time>2026-04-05T08:57:57.000Z</time>
        <extensions>
          <ns3:TrackPointExtension>
            <ns3:hr>161</ns3:hr>
            <ns3:cad>77</ns3:cad>
          </ns3:TrackPointExtension>
        </extensions>
      </trkpt>
      <trkpt lat="49.05872295610606670379638671875" lon="15.0109224021434783935546875">
        <ele>540.4000244140625</ele>
        <time>2026-04-05T08:57:58.000Z</time>
        <extensions>
          <ns3:TrackPointExtension>
            <ns3:hr>161</ns3:hr>
            <ns3:cad>72</ns3:cad>
          </ns3:TrackPointExtension>
        </extensions>
      </trkpt>
      <trkpt lat="49.0586963854730129241943359375" lon="15.01093690283596515655517578125">
        <ele>540.4000244140625</ele>
        <time>2026-04-05T08:57:59.000Z</time>
        <extensions>
          <ns3:TrackPointExtension>
            <ns3:hr>162</ns3:hr>
            <ns3:cad>72</ns3:cad>
          </ns3:TrackPointExtension>
        </extensions>
      </trkpt>
      <trkpt lat="49.05866595916450023651123046875" lon="15.01094360835850238800048828125">
        <ele>540.4000244140625</ele>
        <time>2026-04-05T08:58:00.000Z</time>
        <extensions>
          <ns3:TrackPointExtension>
            <ns3:hr>162</ns3:hr>
            <ns3:cad>72</ns3:cad>
          </ns3:TrackPointExtension>
        </extensions>
      </trkpt>
      <trkpt lat="49.058642573654651641845703125" lon="15.01093916594982147216796875">
        <ele>540.4000244140625</ele>
        <time>2026-04-05T08:58:01.000Z</time>
        <extensions>
          <ns3:TrackPointExtension>
            <ns3:hr>162</ns3:hr>
            <ns3:cad>72</ns3:cad>
          </ns3:TrackPointExtension>
        </extensions>
      </trkpt>
      <trkpt lat="49.058634527027606964111328125" lon="15.01094411127269268035888671875">
        <ele>540.4000244140625</ele>
        <time>2026-04-05T08:58:02.000Z</time>
        <extensions>
          <ns3:TrackPointExtension>
            <ns3:hr>162</ns3:hr>
            <ns3:cad>72</ns3:cad>
          </ns3:TrackPointExtension>
        </extensions>
      </trkpt>
      <trkpt lat="49.05861298553645610809326171875" lon="15.010936148464679718017578125">
        <ele>540.4000244140625</ele>
        <time>2026-04-05T08:58:03.000Z</time>
        <extensions>
          <ns3:TrackPointExtension>
            <ns3:hr>161</ns3:hr>
            <ns3:cad>72</ns3:cad>
          </ns3:TrackPointExtension>
        </extensions>
      </trkpt>
      <trkpt lat="49.05859119258821010589599609375" lon="15.01093522645533084869384765625">
        <ele>540.20001220703125</ele>
        <time>2026-04-05T08:58:04.000Z</time>
        <extensions>
          <ns3:TrackPointExtension>
            <ns3:hr>162</ns3:hr>
            <ns3:cad>72</ns3:cad>
          </ns3:TrackPointExtension>
        </extensions>
      </trkpt>
      <trkpt lat="49.05857157893478870391845703125" lon="15.01094612292945384979248046875">
        <ele>540.20001220703125</ele>
        <time>2026-04-05T08:58:05.000Z</time>
        <extensions>
          <ns3:TrackPointExtension>
            <ns3:hr>162</ns3:hr>
            <ns3:cad>72</ns3:cad>
          </ns3:TrackPointExtension>
        </extensions>
      </trkpt>
      <trkpt lat="49.0585488639771938323974609375" lon="15.010963641107082366943359375">
        <ele>540</ele>
        <time>2026-04-05T08:58:06.000Z</time>
        <extensions>
          <ns3:TrackPointExtension>
            <ns3:hr>161</ns3:hr>
            <ns3:cad>76</ns3:cad>
          </ns3:TrackPointExtension>
        </extensions>
      </trkpt>
      <trkpt lat="49.05852145515382289886474609375" lon="15.01097730360925197601318359375">
        <ele>540</ele>
        <time>2026-04-05T08:58:07.000Z</time>
        <extensions>
          <ns3:TrackPointExtension>
            <ns3:hr>161</ns3:hr>
            <ns3:cad>76</ns3:cad>
          </ns3:TrackPointExtension>
        </extensions>
      </trkpt>
      <trkpt lat="49.058497063815593719482421875" lon="15.01097797416150569915771484375">
        <ele>540</ele>
        <time>2026-04-05T08:58:08.000Z</time>
        <extensions>
          <ns3:TrackPointExtension>
            <ns3:hr>161</ns3:hr>
            <ns3:cad>76</ns3:cad>
          </ns3:TrackPointExtension>
        </extensions>
      </trkpt>
      <trkpt lat="49.058472253382205963134765625" lon="15.01096925698220729827880859375">
        <ele>540</ele>
        <time>2026-04-05T08:58:09.000Z</time>
        <extensions>
          <ns3:TrackPointExtension>
            <ns3:hr>160</ns3:hr>
            <ns3:cad>76</ns3:cad>
          </ns3:TrackPointExtension>
        </extensions>
      </trkpt>
      <trkpt lat="49.0584419108927249908447265625" lon="15.01096573658287525177001953125">
        <ele>540</ele>
        <time>2026-04-05T08:58:10.000Z</time>
        <extensions>
          <ns3:TrackPointExtension>
            <ns3:hr>160</ns3:hr>
            <ns3:cad>77</ns3:cad>
          </ns3:TrackPointExtension>
        </extensions>
      </trkpt>
      <trkpt lat="49.058415256440639495849609375" lon="15.0109507329761981964111328125">
        <ele>540</ele>
        <time>2026-04-05T08:58:11.000Z</time>
        <extensions>
          <ns3:TrackPointExtension>
            <ns3:hr>160</ns3:hr>
            <ns3:cad>77</ns3:cad>
          </ns3:TrackPointExtension>
        </extensions>
      </trkpt>
      <trkpt lat="49.05838005244731903076171875" lon="15.01092684455215930938720703125">
        <ele>540</ele>
        <time>2026-04-05T08:58:12.000Z</time>
        <extensions>
          <ns3:TrackPointExtension>
            <ns3:hr>159</ns3:hr>
            <ns3:cad>77</ns3:cad>
          </ns3:TrackPointExtension>
        </extensions>
      </trkpt>
      <trkpt lat="49.05835297890007495880126953125" lon="15.01090974546968936920166015625">
        <ele>540</ele>
        <time>2026-04-05T08:58:13.000Z</time>
        <extensions>
          <ns3:TrackPointExtension>
            <ns3:hr>159</ns3:hr>
            <ns3:cad>77</ns3:cad>
          </ns3:TrackPointExtension>
        </extensions>
      </trkpt>
      <trkpt lat="49.0583232231438159942626953125" lon="15.0108982622623443603515625">
        <ele>540</ele>
        <time>2026-04-05T08:58:14.000Z</time>
        <extensions>
          <ns3:TrackPointExtension>
            <ns3:hr>159</ns3:hr>
            <ns3:cad>77</ns3:cad>
          </ns3:TrackPointExtension>
        </extensions>
      </trkpt>
      <trkpt lat="49.0582947246730327606201171875" lon="15.01087655313313007354736328125">
        <ele>540</ele>
        <time>2026-04-05T08:58:15.000Z</time>
        <extensions>
          <ns3:TrackPointExtension>
            <ns3:hr>159</ns3:hr>
            <ns3:cad>76</ns3:cad>
          </ns3:TrackPointExtension>
        </extensions>
      </trkpt>
      <trkpt lat="49.05826966278254985809326171875" lon="15.01085735857486724853515625">
        <ele>540</ele>
        <time>2026-04-05T08:58:16.000Z</time>
        <extensions>
          <ns3:TrackPointExtension>
            <ns3:hr>159</ns3:hr>
            <ns3:cad>76</ns3:cad>
          </ns3:TrackPointExtension>
        </extensions>
      </trkpt>
      <trkpt lat="49.05824753455817699432373046875" lon="15.010836906731128692626953125">
        <ele>540</ele>
        <time>2026-04-05T08:58:17.000Z</time>
        <extensions>
          <ns3:TrackPointExtension>
            <ns3:hr>159</ns3:hr>
            <ns3:cad>76</ns3:cad>
          </ns3:TrackPointExtension>
        </extensions>
      </trkpt>
      <trkpt lat="49.05822423286736011505126953125" lon="15.010819472372531890869140625">
        <ele>540</ele>
        <time>2026-04-05T08:58:18.000Z</time>
        <extensions>
          <ns3:TrackPointExtension>
            <ns3:hr>159</ns3:hr>
            <ns3:cad>76</ns3:cad>
          </ns3:TrackPointExtension>
        </extensions>
      </trkpt>
      <trkpt lat="49.0582095645368099212646484375" lon="15.01081310212612152099609375">
        <ele>540</ele>
        <time>2026-04-05T08:58:19.000Z</time>
        <extensions>
          <ns3:TrackPointExtension>
            <ns3:hr>159</ns3:hr>
            <ns3:cad>75</ns3:cad>
          </ns3:TrackPointExtension>
        </extensions>
      </trkpt>
      <trkpt lat="49.05819321982562541961669921875" lon="15.01082844100892543792724609375">
        <ele>540</ele>
        <time>2026-04-05T08:58:20.000Z</time>
        <extensions>
          <ns3:TrackPointExtension>
            <ns3:hr>158</ns3:hr>
            <ns3:cad>75</ns3:cad>
          </ns3:TrackPointExtension>
        </extensions>
      </trkpt>
      <trkpt lat="49.05817863531410694122314453125" lon="15.0108313746750354766845703125">
        <ele>539.79998779296875</ele>
        <time>2026-04-05T08:58:21.000Z</time>
        <extensions>
          <ns3:TrackPointExtension>
            <ns3:hr>159</ns3:hr>
            <ns3:cad>75</ns3:cad>
          </ns3:TrackPointExtension>
        </extensions>
      </trkpt>
      <trkpt lat="49.05816321261227130889892578125" lon="15.01081385649740695953369140625">
        <ele>539.5999755859375</ele>
        <time>2026-04-05T08:58:22.000Z</time>
        <extensions>
          <ns3:TrackPointExtension>
            <ns3:hr>159</ns3:hr>
            <ns3:cad>75</ns3:cad>
          </ns3:TrackPointExtension>
        </extensions>
      </trkpt>
      <trkpt lat="49.05813689343631267547607421875" lon="15.01078426837921142578125">
        <ele>539.4000244140625</ele>
        <time>2026-04-05T08:58:23.000Z</time>
        <extensions>
          <ns3:TrackPointExtension>
            <ns3:hr>159</ns3:hr>
            <ns3:cad>76</ns3:cad>
          </ns3:TrackPointExtension>
        </extensions>
      </trkpt>
      <trkpt lat="49.0581153519451618194580078125" lon="15.01074898056685924530029296875">
        <ele>539.4000244140625</ele>
        <time>2026-04-05T08:58:24.000Z</time>
        <extensions>
          <ns3:TrackPointExtension>
            <ns3:hr>159</ns3:hr>
            <ns3:cad>76</ns3:cad>
          </ns3:TrackPointExtension>
        </extensions>
      </trkpt>
      <trkpt lat="49.05809439718723297119140625" lon="15.01071696169674396514892578125">
        <ele>539.5999755859375</ele>
        <time>2026-04-05T08:58:25.000Z</time>
        <extensions>
          <ns3:TrackPointExtension>
            <ns3:hr>159</ns3:hr>
            <ns3:cad>76</ns3:cad>
          </ns3:TrackPointExtension>
        </extensions>
      </trkpt>
      <trkpt lat="49.05806715600192546844482421875" lon="15.01069466583430767059326171875">
        <ele>539.5999755859375</ele>
        <time>2026-04-05T08:58:26.000Z</time>
        <extensions>
          <ns3:TrackPointExtension>
            <ns3:hr>159</ns3:hr>
            <ns3:cad>76</ns3:cad>
          </ns3:TrackPointExtension>
        </extensions>
      </trkpt>
      <trkpt lat="49.058039747178554534912109375" lon="15.01068863086402416229248046875">
        <ele>539.79998779296875</ele>
        <time>2026-04-05T08:58:27.000Z</time>
        <extensions>
          <ns3:TrackPointExtension>
            <ns3:hr>159</ns3:hr>
            <ns3:cad>76</ns3:cad>
          </ns3:TrackPointExtension>
        </extensions>
      </trkpt>
      <trkpt lat="49.05801233835518360137939453125" lon="15.0106821767985820770263671875">
        <ele>539.79998779296875</ele>
        <time>2026-04-05T08:58:28.000Z</time>
        <extensions>
          <ns3:TrackPointExtension>
            <ns3:hr>159</ns3:hr>
            <ns3:cad>76</ns3:cad>
          </ns3:TrackPointExtension>
        </extensions>
      </trkpt>
      <trkpt lat="49.05799222178757190704345703125" lon="15.0106828473508358001708984375">
        <ele>539.79998779296875</ele>
        <time>2026-04-05T08:58:29.000Z</time>
        <extensions>
          <ns3:TrackPointExtension>
            <ns3:hr>159</ns3:hr>
            <ns3:cad>76</ns3:cad>
          </ns3:TrackPointExtension>
        </extensions>
      </trkpt>
      <trkpt lat="49.05796187929809093475341796875" lon="15.0106838531792163848876953125">
        <ele>539.79998779296875</ele>
        <time>2026-04-05T08:58:30.000Z</time>
        <extensions>
          <ns3:TrackPointExtension>
            <ns3:hr>160</ns3:hr>
            <ns3:cad>76</ns3:cad>
          </ns3:TrackPointExtension>
        </extensions>
      </trkpt>
      <trkpt lat="49.05793338082730770111083984375" lon="15.01069148071110248565673828125">
        <ele>539.79998779296875</ele>
        <time>2026-04-05T08:58:31.000Z</time>
        <extensions>
          <ns3:TrackPointExtension>
            <ns3:hr>159</ns3:hr>
            <ns3:cad>76</ns3:cad>
          </ns3:TrackPointExtension>
        </extensions>
      </trkpt>
      <trkpt lat="49.0579081512987613677978515625" lon="15.010699443519115447998046875">
        <ele>539.5999755859375</ele>
        <time>2026-04-05T08:58:32.000Z</time>
        <extensions>
          <ns3:TrackPointExtension>
            <ns3:hr>159</ns3:hr>
            <ns3:cad>76</ns3:cad>
          </ns3:TrackPointExtension>
        </extensions>
      </trkpt>
      <trkpt lat="49.0578773058950901031494140625" lon="15.01069952733814716339111328125">
        <ele>539.5999755859375</ele>
        <time>2026-04-05T08:58:33.000Z</time>
        <extensions>
          <ns3:TrackPointExtension>
            <ns3:hr>159</ns3:hr>
            <ns3:cad>76</ns3:cad>
          </ns3:TrackPointExtension>
        </extensions>
      </trkpt>
      <trkpt lat="49.05784495174884796142578125" lon="15.01068410463631153106689453125">
        <ele>539.5999755859375</ele>
        <time>2026-04-05T08:58:34.000Z</time>
        <extensions>
          <ns3:TrackPointExtension>
            <ns3:hr>159</ns3:hr>
            <ns3:cad>76</ns3:cad>
          </ns3:TrackPointExtension>
        </extensions>
      </trkpt>
      <trkpt lat="49.05781812965869903564453125" lon="15.01066884957253932952880859375">
        <ele>539.5999755859375</ele>
        <time>2026-04-05T08:58:35.000Z</time>
        <extensions>
          <ns3:TrackPointExtension>
            <ns3:hr>160</ns3:hr>
            <ns3:cad>77</ns3:cad>
          </ns3:TrackPointExtension>
        </extensions>
      </trkpt>
      <trkpt lat="49.05779072083532810211181640625" lon="15.01065862365067005157470703125">
        <ele>539.5999755859375</ele>
        <time>2026-04-05T08:58:36.000Z</time>
        <extensions>
          <ns3:TrackPointExtension>
            <ns3:hr>161</ns3:hr>
            <ns3:cad>77</ns3:cad>
          </ns3:TrackPointExtension>
        </extensions>
      </trkpt>
      <trkpt lat="49.05777395702898502349853515625" lon="15.01063850708305835723876953125">
        <ele>539.5999755859375</ele>
        <time>2026-04-05T08:58:37.000Z</time>
        <extensions>
          <ns3:TrackPointExtension>
            <ns3:hr>161</ns3:hr>
            <ns3:cad>77</ns3:cad>
          </ns3:TrackPointExtension>
        </extensions>
      </trkpt>
      <trkpt lat="49.05775534920394420623779296875" lon="15.01062643714249134063720703125">
        <ele>539.4000244140625</ele>
        <time>2026-04-05T08:58:38.000Z</time>
        <extensions>
          <ns3:TrackPointExtension>
            <ns3:hr>162</ns3:hr>
            <ns3:cad>77</ns3:cad>
          </ns3:TrackPointExtension>
        </extensions>
      </trkpt>
      <trkpt lat="49.05774143524467945098876953125" lon="15.01061051152646541595458984375">
        <ele>539.4000244140625</ele>
        <time>2026-04-05T08:58:39.000Z</time>
        <extensions>
          <ns3:TrackPointExtension>
            <ns3:hr>162</ns3:hr>
            <ns3:cad>77</ns3:cad>
          </ns3:TrackPointExtension>
        </extensions>
      </trkpt>
      <trkpt lat="49.0577274374663829803466796875" lon="15.01059642992913722991943359375">
        <ele>539.20001220703125</ele>
        <time>2026-04-05T08:58:40.000Z</time>
        <extensions>
          <ns3:TrackPointExtension>
            <ns3:hr>162</ns3:hr>
            <ns3:cad>77</ns3:cad>
          </ns3:TrackPointExtension>
        </extensions>
      </trkpt>
      <trkpt lat="49.05770824290812015533447265625" lon="15.010581426322460174560546875">
        <ele>539.20001220703125</ele>
        <time>2026-04-05T08:58:41.000Z</time>
        <extensions>
          <ns3:TrackPointExtension>
            <ns3:hr>161</ns3:hr>
            <ns3:cad>77</ns3:cad>
          </ns3:TrackPointExtension>
        </extensions>
      </trkpt>
      <trkpt lat="49.0576900541782379150390625" lon="15.01055552624166011810302734375">
        <ele>539.20001220703125</ele>
        <time>2026-04-05T08:58:42.000Z</time>
        <extensions>
          <ns3:TrackPointExtension>
            <ns3:hr>161</ns3:hr>
            <ns3:cad>72</ns3:cad>
          </ns3:TrackPointExtension>
        </extensions>
      </trkpt>
      <trkpt lat="49.05766926705837249755859375" lon="15.01054010353982448577880859375">
        <ele>539.20001220703125</ele>
        <time>2026-04-05T08:58:43.000Z</time>
        <extensions>
          <ns3:TrackPointExtension>
            <ns3:hr>161</ns3:hr>
            <ns3:cad>72</ns3:cad>
          </ns3:TrackPointExtension>
        </extensions>
      </trkpt>
      <trkpt lat="49.05764378607273101806640625" lon="15.01051629893481731414794921875">
        <ele>539.4000244140625</ele>
        <time>2026-04-05T08:58:44.000Z</time>
        <extensions>
          <ns3:TrackPointExtension>
            <ns3:hr>161</ns3:hr>
            <ns3:cad>71</ns3:cad>
          </ns3:TrackPointExtension>
        </extensions>
      </trkpt>
      <trkpt lat="49.0576315484941005706787109375" lon="15.010480843484401702880859375">
        <ele>539.4000244140625</ele>
        <time>2026-04-05T08:58:45.000Z</time>
        <extensions>
          <ns3:TrackPointExtension>
            <ns3:hr>162</ns3:hr>
            <ns3:cad>71</ns3:cad>
          </ns3:TrackPointExtension>
        </extensions>
      </trkpt>
      <trkpt lat="49.0576127730309963226318359375" lon="15.010449998080730438232421875">
        <ele>539.4000244140625</ele>
        <time>2026-04-05T08:58:46.000Z</time>
        <extensions>
          <ns3:TrackPointExtension>
            <ns3:hr>161</ns3:hr>
            <ns3:cad>71</ns3:cad>
          </ns3:TrackPointExtension>
        </extensions>
      </trkpt>
      <trkpt lat="49.05759760178625583648681640625" lon="15.0104179792106151580810546875">
        <ele>539.20001220703125</ele>
        <time>2026-04-05T08:58:47.000Z</time>
        <extensions>
          <ns3:TrackPointExtension>
            <ns3:hr>162</ns3:hr>
            <ns3:cad>71</ns3:cad>
          </ns3:TrackPointExtension>
        </extensions>
      </trkpt>
      <trkpt lat="49.0575799159705638885498046875" lon="15.0104065798223018646240234375">
        <ele>539.4000244140625</ele>
        <time>2026-04-05T08:58:48.000Z</time>
        <extensions>
          <ns3:TrackPointExtension>
            <ns3:hr>162</ns3:hr>
            <ns3:cad>77</ns3:cad>
          </ns3:TrackPointExtension>
        </extensions>
      </trkpt>
      <trkpt lat="49.05755217187106609344482421875" lon="15.01039627008140087127685546875">
        <ele>539.4000244140625</ele>
        <time>2026-04-05T08:58:49.000Z</time>
        <extensions>
          <ns3:TrackPointExtension>
            <ns3:hr>162</ns3:hr>
            <ns3:cad>77</ns3:cad>
          </ns3:TrackPointExtension>
        </extensions>
      </trkpt>
      <trkpt lat="49.05752920545637607574462890625" lon="15.010402388870716094970703125">
        <ele>539.4000244140625</ele>
        <time>2026-04-05T08:58:50.000Z</time>
        <extensions>
          <ns3:TrackPointExtension>
            <ns3:hr>161</ns3:hr>
            <ns3:cad>77</ns3:cad>
          </ns3:TrackPointExtension>
        </extensions>
      </trkpt>
      <trkpt lat="49.05750523321330547332763671875" lon="15.0104052387177944183349609375">
        <ele>539.5999755859375</ele>
        <time>2026-04-05T08:58:51.000Z</time>
        <extensions>
          <ns3:TrackPointExtension>
            <ns3:hr>161</ns3:hr>
            <ns3:cad>77</ns3:cad>
          </ns3:TrackPointExtension>
        </extensions>
      </trkpt>
      <trkpt lat="49.05747656710445880889892578125" lon="15.01038922928273677825927734375">
        <ele>539.5999755859375</ele>
        <time>2026-04-05T08:58:52.000Z</time>
        <extensions>
          <ns3:TrackPointExtension>
            <ns3:hr>161</ns3:hr>
            <ns3:cad>77</ns3:cad>
          </ns3:TrackPointExtension>
        </extensions>
      </trkpt>
      <trkpt lat="49.05746265314519405364990234375" lon="15.0103485770523548126220703125">
        <ele>539.5999755859375</ele>
        <time>2026-04-05T08:58:53.000Z</time>
        <extensions>
          <ns3:TrackPointExtension>
            <ns3:hr>161</ns3:hr>
            <ns3:cad>77</ns3:cad>
          </ns3:TrackPointExtension>
        </extensions>
      </trkpt>
      <trkpt lat="49.057445637881755828857421875" lon="15.01032569445669651031494140625">
        <ele>539.5999755859375</ele>
        <time>2026-04-05T08:58:54.000Z</time>
        <extensions>
          <ns3:TrackPointExtension>
            <ns3:hr>161</ns3:hr>
            <ns3:cad>74</ns3:cad>
          </ns3:TrackPointExtension>
        </extensions>
      </trkpt>
      <trkpt lat="49.05742594040930271148681640625" lon="15.01030138693749904632568359375">
        <ele>539.5999755859375</ele>
        <time>2026-04-05T08:58:55.000Z</time>
        <extensions>
          <ns3:TrackPointExtension>
            <ns3:hr>160</ns3:hr>
            <ns3:cad>74</ns3:cad>
          </ns3:TrackPointExtension>
        </extensions>
      </trkpt>
      <trkpt lat="49.05740230344235897064208984375" lon="15.01028344966471195220947265625">
        <ele>539.4000244140625</ele>
        <time>2026-04-05T08:58:56.000Z</time>
        <extensions>
          <ns3:TrackPointExtension>
            <ns3:hr>160</ns3:hr>
            <ns3:cad>74</ns3:cad>
          </ns3:TrackPointExtension>
        </extensions>
      </trkpt>
      <trkpt lat="49.05738218687474727630615234375" lon="15.01026584766805171966552734375">
        <ele>539.4000244140625</ele>
        <time>2026-04-05T08:58:57.000Z</time>
        <extensions>
          <ns3:TrackPointExtension>
            <ns3:hr>160</ns3:hr>
            <ns3:cad>74</ns3:cad>
          </ns3:TrackPointExtension>
        </extensions>
      </trkpt>
      <trkpt lat="49.057354442775249481201171875" lon="15.0102436356246471405029296875">
        <ele>539.4000244140625</ele>
        <time>2026-04-05T08:58:58.000Z</time>
        <extensions>
          <ns3:TrackPointExtension>
            <ns3:hr>160</ns3:hr>
            <ns3:cad>76</ns3:cad>
          </ns3:TrackPointExtension>
        </extensions>
      </trkpt>
      <trkpt lat="49.05733005143702030181884765625" lon="15.0102077610790729522705078125">
        <ele>539.20001220703125</ele>
        <time>2026-04-05T08:58:59.000Z</time>
        <extensions>
          <ns3:TrackPointExtension>
            <ns3:hr>160</ns3:hr>
            <ns3:cad>76</ns3:cad>
          </ns3:TrackPointExtension>
        </extensions>
      </trkpt>
      <trkpt lat="49.05730892904102802276611328125" lon="15.01017934642732143402099609375">
        <ele>539.20001220703125</ele>
        <time>2026-04-05T08:59:00.000Z</time>
        <extensions>
          <ns3:TrackPointExtension>
            <ns3:hr>160</ns3:hr>
            <ns3:cad>76</ns3:cad>
          </ns3:TrackPointExtension>
        </extensions>
      </trkpt>
      <trkpt lat="49.05728378333151340484619140625" lon="15.010154284536838531494140625">
        <ele>539</ele>
        <time>2026-04-05T08:59:01.000Z</time>
        <extensions>
          <ns3:TrackPointExtension>
            <ns3:hr>160</ns3:hr>
            <ns3:cad>76</ns3:cad>
          </ns3:TrackPointExtension>
        </extensions>
      </trkpt>
      <trkpt lat="49.0572640858590602874755859375" lon="15.0101185776293277740478515625">
        <ele>539</ele>
        <time>2026-04-05T08:59:02.000Z</time>
        <extensions>
          <ns3:TrackPointExtension>
            <ns3:hr>160</ns3:hr>
            <ns3:cad>76</ns3:cad>
          </ns3:TrackPointExtension>
        </extensions>
      </trkpt>
      <trkpt lat="49.057243801653385162353515625" lon="15.010076500475406646728515625">
        <ele>539</ele>
        <time>2026-04-05T08:59:03.000Z</time>
        <extensions>
          <ns3:TrackPointExtension>
            <ns3:hr>160</ns3:hr>
            <ns3:cad>77</ns3:cad>
          </ns3:TrackPointExtension>
        </extensions>
      </trkpt>
      <trkpt lat="49.0572251938283443450927734375" lon="15.01003031618893146514892578125">
        <ele>539</ele>
        <time>2026-04-05T08:59:04.000Z</time>
        <extensions>
          <ns3:TrackPointExtension>
            <ns3:hr>160</ns3:hr>
            <ns3:cad>77</ns3:cad>
          </ns3:TrackPointExtension>
        </extensions>
      </trkpt>
      <trkpt lat="49.057209603488445281982421875" lon="15.0099878199398517608642578125">
        <ele>539</ele>
        <time>2026-04-05T08:59:05.000Z</time>
        <extensions>
          <ns3:TrackPointExtension>
            <ns3:hr>160</ns3:hr>
            <ns3:cad>77</ns3:cad>
          </ns3:TrackPointExtension>
        </extensions>
      </trkpt>
      <trkpt lat="49.05719711445271968841552734375" lon="15.0099442340433597564697265625">
        <ele>539</ele>
        <time>2026-04-05T08:59:06.000Z</time>
        <extensions>
          <ns3:TrackPointExtension>
            <ns3:hr>160</ns3:hr>
            <ns3:cad>77</ns3:cad>
          </ns3:TrackPointExtension>
        </extensions>
      </trkpt>
      <trkpt lat="49.05719141475856304168701171875" lon="15.0098922662436962127685546875">
        <ele>539</ele>
        <time>2026-04-05T08:59:07.000Z</time>
        <extensions>
          <ns3:TrackPointExtension>
            <ns3:hr>160</ns3:hr>
            <ns3:cad>78</ns3:cad>
          </ns3:TrackPointExtension>
        </extensions>
      </trkpt>
      <trkpt lat="49.057184122502803802490234375" lon="15.009842477738857269287109375">
        <ele>539</ele>
        <time>2026-04-05T08:59:08.000Z</time>
        <extensions>
          <ns3:TrackPointExtension>
            <ns3:hr>160</ns3:hr>
            <ns3:cad>78</ns3:cad>
          </ns3:TrackPointExtension>
        </extensions>
      </trkpt>
      <trkpt lat="49.05718018300831317901611328125" lon="15.009792856872081756591796875">
        <ele>539.20001220703125</ele>
        <time>2026-04-05T08:59:09.000Z</time>
        <extensions>
          <ns3:TrackPointExtension>
            <ns3:hr>161</ns3:hr>
            <ns3:cad>79</ns3:cad>
          </ns3:TrackPointExtension>
        </extensions>
      </trkpt>
      <trkpt lat="49.057172723114490509033203125" lon="15.00973108224570751190185546875">
        <ele>539.20001220703125</ele>
        <time>2026-04-05T08:59:10.000Z</time>
        <extensions>
          <ns3:TrackPointExtension>
            <ns3:hr>161</ns3:hr>
            <ns3:cad>79</ns3:cad>
          </ns3:TrackPointExtension>
        </extensions>
      </trkpt>
      <trkpt lat="49.05716098845005035400390625" lon="15.0096884183585643768310546875">
        <ele>539.20001220703125</ele>
        <time>2026-04-05T08:59:11.000Z</time>
        <extensions>
          <ns3:TrackPointExtension>
            <ns3:hr>161</ns3:hr>
            <ns3:cad>79</ns3:cad>
          </ns3:TrackPointExtension>
        </extensions>
      </trkpt>
      <trkpt lat="49.05714548192918300628662109375" lon="15.009636618196964263916015625">
        <ele>539.20001220703125</ele>
        <time>2026-04-05T08:59:12.000Z</time>
        <extensions>
          <ns3:TrackPointExtension>
            <ns3:hr>161</ns3:hr>
            <ns3:cad>79</ns3:cad>
          </ns3:TrackPointExtension>
        </extensions>
      </trkpt>
      <trkpt lat="49.057125113904476165771484375" lon="15.0095898471772670745849609375">
        <ele>539.20001220703125</ele>
        <time>2026-04-05T08:59:13.000Z</time>
        <extensions>
          <ns3:TrackPointExtension>
            <ns3:hr>161</ns3:hr>
            <ns3:cad>80</ns3:cad>
          </ns3:TrackPointExtension>
        </extensions>
      </trkpt>
      <trkpt lat="49.057114385068416595458984375" lon="15.009580291807651519775390625">
        <ele>539.20001220703125</ele>
        <time>2026-04-05T08:59:14.000Z</time>
        <extensions>
          <ns3:TrackPointExtension>
            <ns3:hr>162</ns3:hr>
            <ns3:cad>80</ns3:cad>
          </ns3:TrackPointExtension>
        </extensions>
      </trkpt>
      <trkpt lat="49.05708630569279193878173828125" lon="15.00956595875322818756103515625">
        <ele>539.20001220703125</ele>
        <time>2026-04-05T08:59:15.000Z</time>
        <extensions>
          <ns3:TrackPointExtension>
            <ns3:hr>162</ns3:hr>
            <ns3:cad>80</ns3:cad>
          </ns3:TrackPointExtension>
        </extensions>
      </trkpt>
      <trkpt lat="49.0570582263171672821044921875" lon="15.00956855714321136474609375">
        <ele>539.20001220703125</ele>
        <time>2026-04-05T08:59:16.000Z</time>
        <extensions>
          <ns3:TrackPointExtension>
            <ns3:hr>162</ns3:hr>
            <ns3:cad>80</ns3:cad>
          </ns3:TrackPointExtension>
        </extensions>
      </trkpt>
      <trkpt lat="49.0570340864360332489013671875" lon="15.00957048498094081878662109375">
        <ele>539.4000244140625</ele>
        <time>2026-04-05T08:59:17.000Z</time>
        <extensions>
          <ns3:TrackPointExtension>
            <ns3:hr>163</ns3:hr>
            <ns3:cad>76</ns3:cad>
          </ns3:TrackPointExtension>
        </extensions>
      </trkpt>
      <trkpt lat="49.0570086054503917694091796875" lon="15.009570233523845672607421875">
        <ele>539.4000244140625</ele>
        <time>2026-04-05T08:59:18.000Z</time>
        <extensions>
          <ns3:TrackPointExtension>
            <ns3:hr>163</ns3:hr>
            <ns3:cad>76</ns3:cad>
          </ns3:TrackPointExtension>
        </extensions>
      </trkpt>
      <trkpt lat="49.05698035843670368194580078125" lon="15.00957651995122432708740234375">
        <ele>539.20001220703125</ele>
        <time>2026-04-05T08:59:19.000Z</time>
        <extensions>
          <ns3:TrackPointExtension>
            <ns3:hr>163</ns3:hr>
            <ns3:cad>74</ns3:cad>
          </ns3:TrackPointExtension>
        </extensions>
      </trkpt>
      <trkpt lat="49.056964851915836334228515625" lon="15.00958154909312725067138671875">
        <ele>539.20001220703125</ele>
        <time>2026-04-05T08:59:20.000Z</time>
        <extensions>
          <ns3:TrackPointExtension>
            <ns3:hr>162</ns3:hr>
            <ns3:cad>74</ns3:cad>
          </ns3:TrackPointExtension>
        </extensions>
      </trkpt>
      <trkpt lat="49.05694968067109584808349609375" lon="15.0095958821475505828857421875">
        <ele>539.20001220703125</ele>
        <time>2026-04-05T08:59:21.000Z</time>
        <extensions>
          <ns3:TrackPointExtension>
            <ns3:hr>163</ns3:hr>
            <ns3:cad>75</ns3:cad>
          </ns3:TrackPointExtension>
        </extensions>
      </trkpt>
      <trkpt lat="49.0569417178630828857421875" lon="15.00961625017225742340087890625">
        <ele>539.20001220703125</ele>
        <time>2026-04-05T08:59:22.000Z</time>
        <extensions>
          <ns3:TrackPointExtension>
            <ns3:hr>163</ns3:hr>
            <ns3:cad>75</ns3:cad>
          </ns3:TrackPointExtension>
        </extensions>
      </trkpt>
      <trkpt lat="49.05693274922668933868408203125" lon="15.00963854603469371795654296875">
        <ele>539</ele>
        <time>2026-04-05T08:59:23.000Z</time>
        <extensions>
          <ns3:TrackPointExtension>
            <ns3:hr>163</ns3:hr>
            <ns3:cad>75</ns3:cad>
          </ns3:TrackPointExtension>
        </extensions>
      </trkpt>
      <trkpt lat="49.056919924914836883544921875" lon="15.009659416973590850830078125">
        <ele>539</ele>
        <time>2026-04-05T08:59:24.000Z</time>
        <extensions>
          <ns3:TrackPointExtension>
            <ns3:hr>162</ns3:hr>
            <ns3:cad>75</ns3:cad>
          </ns3:TrackPointExtension>
        </extensions>
      </trkpt>
      <trkpt lat="49.0569068491458892822265625" lon="15.00967777334153652191162109375">
        <ele>538.79998779296875</ele>
        <time>2026-04-05T08:59:25.000Z</time>
        <extensions>
          <ns3:TrackPointExtension>
            <ns3:hr>163</ns3:hr>
            <ns3:cad>70</ns3:cad>
          </ns3:TrackPointExtension>
        </extensions>
      </trkpt>
      <trkpt lat="49.0568912588059902191162109375" lon="15.00968749634921550750732421875">
        <ele>538.79998779296875</ele>
        <time>2026-04-05T08:59:26.000Z</time>
        <extensions>
          <ns3:TrackPointExtension>
            <ns3:hr>163</ns3:hr>
            <ns3:cad>70</ns3:cad>
          </ns3:TrackPointExtension>
        </extensions>
      </trkpt>
      <trkpt lat="49.0568765066564083099365234375" lon="15.00968095846474170684814453125">
        <ele>538.79998779296875</ele>
        <time>2026-04-05T08:59:27.000Z</time>
        <extensions>
          <ns3:TrackPointExtension>
            <ns3:hr>163</ns3:hr>
            <ns3:cad>68</ns3:cad>
          </ns3:TrackPointExtension>
        </extensions>
      </trkpt>
      <trkpt lat="49.0568597428500652313232421875" lon="15.00967659987509250640869140625">
        <ele>538.79998779296875</ele>
        <time>2026-04-05T08:59:28.000Z</time>
        <extensions>
          <ns3:TrackPointExtension>
            <ns3:hr>163</ns3:hr>
            <ns3:cad>68</ns3:cad>
          </ns3:TrackPointExtension>
        </extensions>
      </trkpt>
      <trkpt lat="49.05684691853821277618408203125" lon="15.00968129374086856842041015625">
        <ele>538.79998779296875</ele>
        <time>2026-04-05T08:59:29.000Z</time>
        <extensions>
          <ns3:TrackPointExtension>
            <ns3:hr>162</ns3:hr>
            <ns3:cad>62</ns3:cad>
          </ns3:TrackPointExtension>
        </extensions>
      </trkpt>
      <trkpt lat="49.05683384276926517486572265625" lon="15.009686239063739776611328125">
        <ele>538.79998779296875</ele>
        <time>2026-04-05T08:59:30.000Z</time>
        <extensions>
          <ns3:TrackPointExtension>
            <ns3:hr>161</ns3:hr>
            <ns3:cad>62</ns3:cad>
          </ns3:TrackPointExtension>
        </extensions>
      </trkpt>
      <trkpt lat="49.0568124689161777496337890625" lon="15.00967995263636112213134765625">
        <ele>538.5999755859375</ele>
        <time>2026-04-05T08:59:31.000Z</time>
        <extensions>
          <ns3:TrackPointExtension>
            <ns3:hr>161</ns3:hr>
            <ns3:cad>62</ns3:cad>
          </ns3:TrackPointExtension>
        </extensions>
      </trkpt>
      <trkpt lat="49.05679260380566120147705078125" lon="15.00967743806540966033935546875">
        <ele>538.5999755859375</ele>
        <time>2026-04-05T08:59:32.000Z</time>
        <extensions>
          <ns3:TrackPointExtension>
            <ns3:hr>161</ns3:hr>
            <ns3:cad>0</ns3:cad>
          </ns3:TrackPointExtension>
        </extensions>
      </trkpt>
      <trkpt lat="49.05677248723804950714111328125" lon="15.00967140309512615203857421875">
        <ele>538.79998779296875</ele>
        <time>2026-04-05T08:59:33.000Z</time>
        <extensions>
          <ns3:TrackPointExtension>
            <ns3:hr>161</ns3:hr>
            <ns3:cad>0</ns3:cad>
          </ns3:TrackPointExtension>
        </extensions>
      </trkpt>
      <trkpt lat="49.05675354413688182830810546875" lon="15.00966134481132030487060546875">
        <ele>538.79998779296875</ele>
        <time>2026-04-05T08:59:34.000Z</time>
        <extensions>
          <ns3:TrackPointExtension>
            <ns3:hr>160</ns3:hr>
            <ns3:cad>75</ns3:cad>
          </ns3:TrackPointExtension>
        </extensions>
      </trkpt>
      <trkpt lat="49.05672873370349407196044921875" lon="15.0096481852233409881591796875">
        <ele>539</ele>
        <time>2026-04-05T08:59:35.000Z</time>
        <extensions>
          <ns3:TrackPointExtension>
            <ns3:hr>159</ns3:hr>
            <ns3:cad>75</ns3:cad>
          </ns3:TrackPointExtension>
        </extensions>
      </trkpt>
      <trkpt lat="49.05670895241200923919677734375" lon="15.009628571569919586181640625">
        <ele>539</ele>
        <time>2026-04-05T08:59:36.000Z</time>
        <extensions>
          <ns3:TrackPointExtension>
            <ns3:hr>158</ns3:hr>
            <ns3:cad>75</ns3:cad>
          </ns3:TrackPointExtension>
        </extensions>
      </trkpt>
      <trkpt lat="49.0566894225776195526123046875" lon="15.00960887409746646881103515625">
        <ele>539</ele>
        <time>2026-04-05T08:59:37.000Z</time>
        <extensions>
          <ns3:TrackPointExtension>
            <ns3:hr>158</ns3:hr>
            <ns3:cad>75</ns3:cad>
          </ns3:TrackPointExtension>
        </extensions>
      </trkpt>
      <trkpt lat="49.056666791439056396484375" lon="15.0095928646624088287353515625">
        <ele>538.79998779296875</ele>
        <time>2026-04-05T08:59:38.000Z</time>
        <extensions>
          <ns3:TrackPointExtension>
            <ns3:hr>158</ns3:hr>
            <ns3:cad>75</ns3:cad>
          </ns3:TrackPointExtension>
        </extensions>
      </trkpt>
      <trkpt lat="49.0566451661288738250732421875" lon="15.00956512056291103363037109375">
        <ele>538.79998779296875</ele>
        <time>2026-04-05T08:59:39.000Z</time>
        <extensions>
          <ns3:TrackPointExtension>
            <ns3:hr>159</ns3:hr>
            <ns3:cad>75</ns3:cad>
          </ns3:TrackPointExtension>
        </extensions>
      </trkpt>
      <trkpt lat="49.0566307492554187774658203125" lon="15.00953427515923976898193359375">
        <ele>538.79998779296875</ele>
        <time>2026-04-05T08:59:40.000Z</time>
        <extensions>
          <ns3:TrackPointExtension>
            <ns3:hr>158</ns3:hr>
            <ns3:cad>74</ns3:cad>
          </ns3:TrackPointExtension>
        </extensions>
      </trkpt>
      <trkpt lat="49.05661608092486858367919921875" lon="15.00950150191783905029296875">
        <ele>538.79998779296875</ele>
        <time>2026-04-05T08:59:41.000Z</time>
        <extensions>
          <ns3:TrackPointExtension>
            <ns3:hr>158</ns3:hr>
            <ns3:cad>74</ns3:cad>
          </ns3:TrackPointExtension>
        </extensions>
      </trkpt>
      <trkpt lat="49.05662043951451778411865234375" lon="15.009445510804653167724609375">
        <ele>538.5999755859375</ele>
        <time>2026-04-05T08:59:42.000Z</time>
        <extensions>
          <ns3:TrackPointExtension>
            <ns3:hr>159</ns3:hr>
            <ns3:cad>76</ns3:cad>
          </ns3:TrackPointExtension>
        </extensions>
      </trkpt>
      <trkpt lat="49.05662043951451778411865234375" lon="15.0094114802777767181396484375">
        <ele>538.5999755859375</ele>
        <time>2026-04-05T08:59:43.000Z</time>
        <extensions>
          <ns3:TrackPointExtension>
            <ns3:hr>158</ns3:hr>
            <ns3:cad>76</ns3:cad>
          </ns3:TrackPointExtension>
        </extensions>
      </trkpt>
      <trkpt lat="49.0566196851432323455810546875" lon="15.0094087980687618255615234375">
        <ele>538.4000244140625</ele>
        <time>2026-04-05T08:59:44.000Z</time>
        <extensions>
          <ns3:TrackPointExtension>
            <ns3:hr>158</ns3:hr>
            <ns3:cad>76</ns3:cad>
          </ns3:TrackPointExtension>
        </extensions>
      </trkpt>
      <trkpt lat="49.0566092915832996368408203125" lon="15.00942899845540523529052734375">
        <ele>538.4000244140625</ele>
        <time>2026-04-05T08:59:45.000Z</time>
        <extensions>
          <ns3:TrackPointExtension>
            <ns3:hr>158</ns3:hr>
            <ns3:cad>76</ns3:cad>
          </ns3:TrackPointExtension>
        </extensions>
      </trkpt>
      <trkpt lat="49.05658758245408535003662109375" lon="15.00944978557527065277099609375">
        <ele>538.20001220703125</ele>
        <time>2026-04-05T08:59:46.000Z</time>
        <extensions>
          <ns3:TrackPointExtension>
            <ns3:hr>159</ns3:hr>
            <ns3:cad>75</ns3:cad>
          </ns3:TrackPointExtension>
        </extensions>
      </trkpt>
      <trkpt lat="49.05656981281936168670654296875" lon="15.00947057269513607025146484375">
        <ele>538.20001220703125</ele>
        <time>2026-04-05T08:59:47.000Z</time>
        <extensions>
          <ns3:TrackPointExtension>
            <ns3:hr>158</ns3:hr>
            <ns3:cad>75</ns3:cad>
          </ns3:TrackPointExtension>
        </extensions>
      </trkpt>
      <trkpt lat="49.0565516240894794464111328125" lon="15.009493120014667510986328125">
        <ele>538.20001220703125</ele>
        <time>2026-04-05T08:59:48.000Z</time>
        <extensions>
          <ns3:TrackPointExtension>
            <ns3:hr>158</ns3:hr>
            <ns3:cad>75</ns3:cad>
          </ns3:TrackPointExtension>
        </extensions>
      </trkpt>
      <trkpt lat="49.056528322398662567138671875" lon="15.009519942104816436767578125">
        <ele>538.20001220703125</ele>
        <time>2026-04-05T08:59:49.000Z</time>
        <extensions>
          <ns3:TrackPointExtension>
            <ns3:hr>158</ns3:hr>
            <ns3:cad>75</ns3:cad>
          </ns3:TrackPointExtension>
        </extensions>
      </trkpt>
      <trkpt lat="49.05650795437395572662353515625" lon="15.00954349525272846221923828125">
        <ele>538.20001220703125</ele>
        <time>2026-04-05T08:59:50.000Z</time>
        <extensions>
          <ns3:TrackPointExtension>
            <ns3:hr>159</ns3:hr>
            <ns3:cad>75</ns3:cad>
          </ns3:TrackPointExtension>
        </extensions>
      </trkpt>
      <trkpt lat="49.05649269931018352508544921875" lon="15.0095727480947971343994140625">
        <ele>538.4000244140625</ele>
        <time>2026-04-05T08:59:51.000Z</time>
        <extensions>
          <ns3:TrackPointExtension>
            <ns3:hr>158</ns3:hr>
            <ns3:cad>75</ns3:cad>
          </ns3:TrackPointExtension>
        </extensions>
      </trkpt>
      <trkpt lat="49.0564751811325550079345703125" lon="15.0095955468714237213134765625">
        <ele>538.4000244140625</ele>
        <time>2026-04-05T08:59:52.000Z</time>
        <extensions>
          <ns3:TrackPointExtension>
            <ns3:hr>158</ns3:hr>
            <ns3:cad>77</ns3:cad>
          </ns3:TrackPointExtension>
        </extensions>
      </trkpt>
      <trkpt lat="49.056459255516529083251953125" lon="15.009615831077098846435546875">
        <ele>538.4000244140625</ele>
        <time>2026-04-05T08:59:53.000Z</time>
        <extensions>
          <ns3:TrackPointExtension>
            <ns3:hr>158</ns3:hr>
            <ns3:cad>77</ns3:cad>
          </ns3:TrackPointExtension>
        </extensions>
      </trkpt>
      <trkpt lat="49.05643452890217304229736328125" lon="15.00964256934821605682373046875">
        <ele>538.5999755859375</ele>
        <time>2026-04-05T08:59:54.000Z</time>
        <extensions>
          <ns3:TrackPointExtension>
            <ns3:hr>159</ns3:hr>
            <ns3:cad>77</ns3:cad>
          </ns3:TrackPointExtension>
        </extensions>
      </trkpt>
      <trkpt lat="49.05640862882137298583984375" lon="15.00966419465839862823486328125">
        <ele>538.5999755859375</ele>
        <time>2026-04-05T08:59:55.000Z</time>
        <extensions>
          <ns3:TrackPointExtension>
            <ns3:hr>158</ns3:hr>
            <ns3:cad>77</ns3:cad>
          </ns3:TrackPointExtension>
        </extensions>
      </trkpt>
      <trkpt lat="49.0563796274363994598388671875" lon="15.00966737978160381317138671875">
        <ele>538.5999755859375</ele>
        <time>2026-04-05T08:59:56.000Z</time>
        <extensions>
          <ns3:TrackPointExtension>
            <ns3:hr>158</ns3:hr>
            <ns3:cad>77</ns3:cad>
          </ns3:TrackPointExtension>
        </extensions>
      </trkpt>
      <trkpt lat="49.0563514642417430877685546875" lon="15.0096726603806018829345703125">
        <ele>538.4000244140625</ele>
        <time>2026-04-05T08:59:57.000Z</time>
        <extensions>
          <ns3:TrackPointExtension>
            <ns3:hr>159</ns3:hr>
            <ns3:cad>76</ns3:cad>
          </ns3:TrackPointExtension>
        </extensions>
      </trkpt>
      <trkpt lat="49.05632707290351390838623046875" lon="15.009676180779933929443359375">
        <ele>538.4000244140625</ele>
        <time>2026-04-05T08:59:58.000Z</time>
        <extensions>
          <ns3:TrackPointExtension>
            <ns3:hr>158</ns3:hr>
            <ns3:cad>75</ns3:cad>
          </ns3:TrackPointExtension>
        </extensions>
      </trkpt>
      <trkpt lat="49.05630268156528472900390625" lon="15.009695626795291900634765625">
        <ele>538.4000244140625</ele>
        <time>2026-04-05T08:59:59.000Z</time>
        <extensions>
          <ns3:TrackPointExtension>
            <ns3:hr>158</ns3:hr>
            <ns3:cad>75</ns3:cad>
          </ns3:TrackPointExtension>
        </extensions>
      </trkpt>
      <trkpt lat="49.05627845786511898040771484375" lon="15.00972135923802852630615234375">
        <ele>538.20001220703125</ele>
        <time>2026-04-05T09:00:00.000Z</time>
        <extensions>
          <ns3:TrackPointExtension>
            <ns3:hr>159</ns3:hr>
            <ns3:cad>75</ns3:cad>
          </ns3:TrackPointExtension>
        </extensions>
      </trkpt>
      <trkpt lat="49.056253395974636077880859375" lon="15.009739883244037628173828125">
        <ele>538.20001220703125</ele>
        <time>2026-04-05T09:00:01.000Z</time>
        <extensions>
          <ns3:TrackPointExtension>
            <ns3:hr>159</ns3:hr>
            <ns3:cad>75</ns3:cad>
          </ns3:TrackPointExtension>
        </extensions>
      </trkpt>
      <trkpt lat="49.0562290884554386138916015625" lon="15.0097480975091457366943359375">
        <ele>538.20001220703125</ele>
        <time>2026-04-05T09:00:02.000Z</time>
        <extensions>
          <ns3:TrackPointExtension>
            <ns3:hr>159</ns3:hr>
            <ns3:cad>75</ns3:cad>
          </ns3:TrackPointExtension>
        </extensions>
      </trkpt>
      <trkpt lat="49.0562009252607822418212890625" lon="15.00976243056356906890869140625">
        <ele>538.20001220703125</ele>
        <time>2026-04-05T09:00:03.000Z</time>
        <extensions>
          <ns3:TrackPointExtension>
            <ns3:hr>159</ns3:hr>
            <ns3:cad>75</ns3:cad>
          </ns3:TrackPointExtension>
        </extensions>
      </trkpt>
      <trkpt lat="49.0561754442751407623291015625" lon="15.00977701507508754730224609375">
        <ele>538.20001220703125</ele>
        <time>2026-04-05T09:00:04.000Z</time>
        <extensions>
          <ns3:TrackPointExtension>
            <ns3:hr>159</ns3:hr>
            <ns3:cad>75</ns3:cad>
          </ns3:TrackPointExtension>
        </extensions>
      </trkpt>
      <trkpt lat="49.05615524388849735260009765625" lon="15.009802915155887603759765625">
        <ele>538.20001220703125</ele>
        <time>2026-04-05T09:00:05.000Z</time>
        <extensions>
          <ns3:TrackPointExtension>
            <ns3:hr>159</ns3:hr>
            <ns3:cad>77</ns3:cad>
          </ns3:TrackPointExtension>
        </extensions>
      </trkpt>
      <trkpt lat="49.0561358816921710968017578125" lon="15.0098280608654022216796875">
        <ele>538.20001220703125</ele>
        <time>2026-04-05T09:00:06.000Z</time>
        <extensions>
          <ns3:TrackPointExtension>
            <ns3:hr>161</ns3:hr>
            <ns3:cad>79</ns3:cad>
          </ns3:TrackPointExtension>
        </extensions>
      </trkpt>
      <trkpt lat="49.05610813759267330169677734375" lon="15.00984926708042621612548828125">
        <ele>538.20001220703125</ele>
        <time>2026-04-05T09:00:07.000Z</time>
        <extensions>
          <ns3:TrackPointExtension>
            <ns3:hr>161</ns3:hr>
            <ns3:cad>79</ns3:cad>
          </ns3:TrackPointExtension>
        </extensions>
      </trkpt>
      <trkpt lat="49.05608282424509525299072265625" lon="15.0098748318850994110107421875">
        <ele>538.20001220703125</ele>
        <time>2026-04-05T09:00:08.000Z</time>
        <extensions>
          <ns3:TrackPointExtension>
            <ns3:hr>162</ns3:hr>
            <ns3:cad>79</ns3:cad>
          </ns3:TrackPointExtension>
        </extensions>
      </trkpt>
      <trkpt lat="49.05606689862906932830810546875" lon="15.0099013186991214752197265625">
        <ele>538.20001220703125</ele>
        <time>2026-04-05T09:00:09.000Z</time>
        <extensions>
          <ns3:TrackPointExtension>
            <ns3:hr>162</ns3:hr>
            <ns3:cad>79</ns3:cad>
          </ns3:TrackPointExtension>
        </extensions>
      </trkpt>
      <trkpt lat="49.0560513921082019805908203125" lon="15.00993643887341022491455078125">
        <ele>538.20001220703125</ele>
        <time>2026-04-05T09:00:10.000Z</time>
        <extensions>
          <ns3:TrackPointExtension>
            <ns3:hr>162</ns3:hr>
            <ns3:cad>79</ns3:cad>
          </ns3:TrackPointExtension>
        </extensions>
      </trkpt>
      <trkpt lat="49.05601576901972293853759765625" lon="15.0099620036780834197998046875">
        <ele>538.4000244140625</ele>
        <time>2026-04-05T09:00:11.000Z</time>
        <extensions>
          <ns3:TrackPointExtension>
            <ns3:hr>162</ns3:hr>
            <ns3:cad>79</ns3:cad>
          </ns3:TrackPointExtension>
        </extensions>
      </trkpt>
      <trkpt lat="49.0559954009950160980224609375" lon="15.00998421572148799896240234375">
        <ele>538.20001220703125</ele>
        <time>2026-04-05T09:00:12.000Z</time>
        <extensions>
          <ns3:TrackPointExtension>
            <ns3:hr>163</ns3:hr>
            <ns3:cad>79</ns3:cad>
          </ns3:TrackPointExtension>
        </extensions>
      </trkpt>
      <trkpt lat="49.05597100965678691864013671875" lon="15.0100136362016201019287109375">
        <ele>538.20001220703125</ele>
        <time>2026-04-05T09:00:13.000Z</time>
        <extensions>
          <ns3:TrackPointExtension>
            <ns3:hr>163</ns3:hr>
            <ns3:cad>77</ns3:cad>
          </ns3:TrackPointExtension>
        </extensions>
      </trkpt>
      <trkpt lat="49.05594519339501857757568359375" lon="15.01003417186439037322998046875">
        <ele>538.20001220703125</ele>
        <time>2026-04-05T09:00:14.000Z</time>
        <extensions>
          <ns3:TrackPointExtension>
            <ns3:hr>163</ns3:hr>
            <ns3:cad>77</ns3:cad>
          </ns3:TrackPointExtension>
        </extensions>
      </trkpt>
      <trkpt lat="49.05592272989451885223388671875" lon="15.0100582279264926910400390625">
        <ele>538.20001220703125</ele>
        <time>2026-04-05T09:00:15.000Z</time>
        <extensions>
          <ns3:TrackPointExtension>
            <ns3:hr>163</ns3:hr>
            <ns3:cad>77</ns3:cad>
          </ns3:TrackPointExtension>
        </extensions>
      </trkpt>
      <trkpt lat="49.05590412206947803497314453125" lon="15.01008479855954647064208984375">
        <ele>538.20001220703125</ele>
        <time>2026-04-05T09:00:16.000Z</time>
        <extensions>
          <ns3:TrackPointExtension>
            <ns3:hr>163</ns3:hr>
            <ns3:cad>77</ns3:cad>
          </ns3:TrackPointExtension>
        </extensions>
      </trkpt>
      <trkpt lat="49.05587545596063137054443359375" lon="15.01010558567941188812255859375">
        <ele>538.4000244140625</ele>
        <time>2026-04-05T09:00:17.000Z</time>
        <extensions>
          <ns3:TrackPointExtension>
            <ns3:hr>163</ns3:hr>
            <ns3:cad>78</ns3:cad>
          </ns3:TrackPointExtension>
        </extensions>
      </trkpt>
      <trkpt lat="49.05584461055696010589599609375" lon="15.0101182423532009124755859375">
        <ele>538.4000244140625</ele>
        <time>2026-04-05T09:00:18.000Z</time>
        <extensions>
          <ns3:TrackPointExtension>
            <ns3:hr>164</ns3:hr>
            <ns3:cad>78</ns3:cad>
          </ns3:TrackPointExtension>
        </extensions>
      </trkpt>
      <trkpt lat="49.05581762082874774932861328125" lon="15.01012704335153102874755859375">
        <ele>538.4000244140625</ele>
        <time>2026-04-05T09:00:19.000Z</time>
        <extensions>
          <ns3:TrackPointExtension>
            <ns3:hr>163</ns3:hr>
            <ns3:cad>79</ns3:cad>
          </ns3:TrackPointExtension>
        </extensions>
      </trkpt>
      <trkpt lat="49.0557835064828395843505859375" lon="15.010136179625988006591796875">
        <ele>538.4000244140625</ele>
        <time>2026-04-05T09:00:20.000Z</time>
        <extensions>
          <ns3:TrackPointExtension>
            <ns3:hr>164</ns3:hr>
            <ns3:cad>79</ns3:cad>
          </ns3:TrackPointExtension>
        </extensions>
      </trkpt>
      <trkpt lat="49.05574771575629711151123046875" lon="15.010124780237674713134765625">
        <ele>538.4000244140625</ele>
        <time>2026-04-05T09:00:21.000Z</time>
        <extensions>
          <ns3:TrackPointExtension>
            <ns3:hr>164</ns3:hr>
            <ns3:cad>79</ns3:cad>
          </ns3:TrackPointExtension>
        </extensions>
      </trkpt>
      <trkpt lat="49.055715613067150115966796875" lon="15.0101172365248203277587890625">
        <ele>538.4000244140625</ele>
        <time>2026-04-05T09:00:22.000Z</time>
        <extensions>
          <ns3:TrackPointExtension>
            <ns3:hr>164</ns3:hr>
            <ns3:cad>79</ns3:cad>
          </ns3:TrackPointExtension>
        </extensions>
      </trkpt>
      <trkpt lat="49.05568686313927173614501953125" lon="15.01012033782899379730224609375">
        <ele>538.4000244140625</ele>
        <time>2026-04-05T09:00:23.000Z</time>
        <extensions>
          <ns3:TrackPointExtension>
            <ns3:hr>163</ns3:hr>
            <ns3:cad>78</ns3:cad>
          </ns3:TrackPointExtension>
        </extensions>
      </trkpt>
      <trkpt lat="49.05565551482141017913818359375" lon="15.0101105310022830963134765625">
        <ele>538.5999755859375</ele>
        <time>2026-04-05T09:00:24.000Z</time>
        <extensions>
          <ns3:TrackPointExtension>
            <ns3:hr>164</ns3:hr>
            <ns3:cad>78</ns3:cad>
          </ns3:TrackPointExtension>
        </extensions>
      </trkpt>
      <trkpt lat="49.0556276030838489532470703125" lon="15.01009292900562286376953125">
        <ele>538.5999755859375</ele>
        <time>2026-04-05T09:00:25.000Z</time>
        <extensions>
          <ns3:TrackPointExtension>
            <ns3:hr>165</ns3:hr>
            <ns3:cad>78</ns3:cad>
          </ns3:TrackPointExtension>
        </extensions>
      </trkpt>
      <trkpt lat="49.05560304410755634307861328125" lon="15.0100753270089626312255859375">
        <ele>538.5999755859375</ele>
        <time>2026-04-05T09:00:26.000Z</time>
        <extensions>
          <ns3:TrackPointExtension>
            <ns3:hr>165</ns3:hr>
            <ns3:cad>78</ns3:cad>
          </ns3:TrackPointExtension>
        </extensions>
      </trkpt>
      <trkpt lat="49.0555846877396106719970703125" lon="15.0100434757769107818603515625">
        <ele>538.5999755859375</ele>
        <time>2026-04-05T09:00:27.000Z</time>
        <extensions>
          <ns3:TrackPointExtension>
            <ns3:hr>164</ns3:hr>
            <ns3:cad>78</ns3:cad>
          </ns3:TrackPointExtension>
        </extensions>
      </trkpt>
      <trkpt lat="49.05555292032659053802490234375" lon="15.0100280530750751495361328125">
        <ele>538.5999755859375</ele>
        <time>2026-04-05T09:00:28.000Z</time>
        <extensions>
          <ns3:TrackPointExtension>
            <ns3:hr>164</ns3:hr>
            <ns3:cad>77</ns3:cad>
          </ns3:TrackPointExtension>
        </extensions>
      </trkpt>
      <trkpt lat="49.05552576296031475067138671875" lon="15.01002830453217029571533203125">
        <ele>538.5999755859375</ele>
        <time>2026-04-05T09:00:29.000Z</time>
        <extensions>
          <ns3:TrackPointExtension>
            <ns3:hr>164</ns3:hr>
            <ns3:cad>77</ns3:cad>
          </ns3:TrackPointExtension>
        </extensions>
      </trkpt>
      <trkpt lat="49.055498354136943817138671875" lon="15.01003417186439037322998046875">
        <ele>538.4000244140625</ele>
        <time>2026-04-05T09:00:30.000Z</time>
        <extensions>
          <ns3:TrackPointExtension>
            <ns3:hr>164</ns3:hr>
            <ns3:cad>81</ns3:cad>
          </ns3:TrackPointExtension>
        </extensions>
      </trkpt>
      <trkpt lat="49.0554680116474628448486328125" lon="15.01003450714051723480224609375">
        <ele>538.4000244140625</ele>
        <time>2026-04-05T09:00:31.000Z</time>
        <extensions>
          <ns3:TrackPointExtension>
            <ns3:hr>165</ns3:hr>
            <ns3:cad>81</ns3:cad>
          </ns3:TrackPointExtension>
        </extensions>
      </trkpt>
      <trkpt lat="49.05544093810021877288818359375" lon="15.01003702171146869659423828125">
        <ele>538.4000244140625</ele>
        <time>2026-04-05T09:00:32.000Z</time>
        <extensions>
          <ns3:TrackPointExtension>
            <ns3:hr>165</ns3:hr>
            <ns3:cad>80</ns3:cad>
          </ns3:TrackPointExtension>
        </extensions>
      </trkpt>
      <trkpt lat="49.0554123558104038238525390625" lon="15.0100371055305004119873046875">
        <ele>538.4000244140625</ele>
        <time>2026-04-05T09:00:33.000Z</time>
        <extensions>
          <ns3:TrackPointExtension>
            <ns3:hr>165</ns3:hr>
            <ns3:cad>80</ns3:cad>
          </ns3:TrackPointExtension>
        </extensions>
      </trkpt>
      <trkpt lat="49.0553828515112400054931640625" lon="15.01002998091280460357666015625">
        <ele>538.5999755859375</ele>
        <time>2026-04-05T09:00:34.000Z</time>
        <extensions>
          <ns3:TrackPointExtension>
            <ns3:hr>165</ns3:hr>
            <ns3:cad>77</ns3:cad>
          </ns3:TrackPointExtension>
        </extensions>
      </trkpt>
      <trkpt lat="49.05535493977367877960205078125" lon="15.01001673750579357147216796875">
        <ele>538.5999755859375</ele>
        <time>2026-04-05T09:00:35.000Z</time>
        <extensions>
          <ns3:TrackPointExtension>
            <ns3:hr>165</ns3:hr>
            <ns3:cad>77</ns3:cad>
          </ns3:TrackPointExtension>
        </extensions>
      </trkpt>
      <trkpt lat="49.0553208254277706146240234375" lon="15.0100089423358440399169921875">
        <ele>538.5999755859375</ele>
        <time>2026-04-05T09:00:36.000Z</time>
        <extensions>
          <ns3:TrackPointExtension>
            <ns3:hr>165</ns3:hr>
            <ns3:cad>77</ns3:cad>
          </ns3:TrackPointExtension>
        </extensions>
      </trkpt>
      <trkpt lat="49.0552936680614948272705078125" lon="15.00999913550913333892822265625">
        <ele>538.79998779296875</ele>
        <time>2026-04-05T09:00:37.000Z</time>
        <extensions>
          <ns3:TrackPointExtension>
            <ns3:hr>165</ns3:hr>
            <ns3:cad>77</ns3:cad>
          </ns3:TrackPointExtension>
        </extensions>
      </trkpt>
      <trkpt lat="49.055262319743633270263671875" lon="15.00999662093818187713623046875">
        <ele>538.79998779296875</ele>
        <time>2026-04-05T09:00:38.000Z</time>
        <extensions>
          <ns3:TrackPointExtension>
            <ns3:hr>165</ns3:hr>
            <ns3:cad>78</ns3:cad>
          </ns3:TrackPointExtension>
        </extensions>
      </trkpt>
      <trkpt lat="49.05523591674864292144775390625" lon="15.010004751384258270263671875">
        <ele>538.79998779296875</ele>
        <time>2026-04-05T09:00:39.000Z</time>
        <extensions>
          <ns3:TrackPointExtension>
            <ns3:hr>166</ns3:hr>
            <ns3:cad>78</ns3:cad>
          </ns3:TrackPointExtension>
        </extensions>
      </trkpt>
      <trkpt lat="49.05520238913595676422119140625" lon="15.01000449992716312408447265625">
        <ele>538.79998779296875</ele>
        <time>2026-04-05T09:00:40.000Z</time>
        <extensions>
          <ns3:TrackPointExtension>
            <ns3:hr>166</ns3:hr>
            <ns3:cad>78</ns3:cad>
          </ns3:TrackPointExtension>
        </extensions>
      </trkpt>
      <trkpt lat="49.0551662631332874298095703125" lon="15.01000584103167057037353515625">
        <ele>538.79998779296875</ele>
        <time>2026-04-05T09:00:41.000Z</time>
        <extensions>
          <ns3:TrackPointExtension>
            <ns3:hr>166</ns3:hr>
            <ns3:cad>78</ns3:cad>
          </ns3:TrackPointExtension>
        </extensions>
      </trkpt>
      <trkpt lat="49.0551407821476459503173828125" lon="15.0100002251565456390380859375">
        <ele>538.79998779296875</ele>
        <time>2026-04-05T09:00:42.000Z</time>
        <extensions>
          <ns3:TrackPointExtension>
            <ns3:hr>166</ns3:hr>
            <ns3:cad>78</ns3:cad>
          </ns3:TrackPointExtension>
        </extensions>
      </trkpt>
      <trkpt lat="49.05511236749589443206787109375" lon="15.00999796204268932342529296875">
        <ele>538.79998779296875</ele>
        <time>2026-04-05T09:00:43.000Z</time>
        <extensions>
          <ns3:TrackPointExtension>
            <ns3:hr>166</ns3:hr>
            <ns3:cad>78</ns3:cad>
          </ns3:TrackPointExtension>
        </extensions>
      </trkpt>
      <trkpt lat="49.05507850460708141326904296875" lon="15.00999963842332363128662109375">
        <ele>538.79998779296875</ele>
        <time>2026-04-05T09:00:44.000Z</time>
        <extensions>
          <ns3:TrackPointExtension>
            <ns3:hr>165</ns3:hr>
            <ns3:cad>78</ns3:cad>
          </ns3:TrackPointExtension>
        </extensions>
      </trkpt>
      <trkpt lat="49.0550442226231098175048828125" lon="15.00999125652015209197998046875">
        <ele>538.79998779296875</ele>
        <time>2026-04-05T09:00:45.000Z</time>
        <extensions>
          <ns3:TrackPointExtension>
            <ns3:hr>166</ns3:hr>
            <ns3:cad>78</ns3:cad>
          </ns3:TrackPointExtension>
        </extensions>
      </trkpt>
      <trkpt lat="49.055015556514263153076171875" lon="15.0099945254623889923095703125">
        <ele>538.79998779296875</ele>
        <time>2026-04-05T09:00:46.000Z</time>
        <extensions>
          <ns3:TrackPointExtension>
            <ns3:hr>166</ns3:hr>
            <ns3:cad>76</ns3:cad>
          </ns3:TrackPointExtension>
        </extensions>
      </trkpt>
      <trkpt lat="49.05498328618705272674560546875" lon="15.009987987577915191650390625">
        <ele>538.79998779296875</ele>
        <time>2026-04-05T09:00:47.000Z</time>
        <extensions>
          <ns3:TrackPointExtension>
            <ns3:hr>165</ns3:hr>
            <ns3:cad>76</ns3:cad>
          </ns3:TrackPointExtension>
        </extensions>
      </trkpt>
      <trkpt lat="49.05495227314531803131103515625" lon="15.0099680386483669281005859375">
        <ele>538.79998779296875</ele>
        <time>2026-04-05T09:00:48.000Z</time>
        <extensions>
          <ns3:TrackPointExtension>
            <ns3:hr>166</ns3:hr>
            <ns3:cad>76</ns3:cad>
          </ns3:TrackPointExtension>
        </extensions>
      </trkpt>
      <trkpt lat="49.05492670834064483642578125" lon="15.009961836040019989013671875">
        <ele>539</ele>
        <time>2026-04-05T09:00:49.000Z</time>
        <extensions>
          <ns3:TrackPointExtension>
            <ns3:hr>166</ns3:hr>
            <ns3:cad>78</ns3:cad>
          </ns3:TrackPointExtension>
        </extensions>
      </trkpt>
      <trkpt lat="49.054901562631130218505859375" lon="15.00995907001197338104248046875">
        <ele>539</ele>
        <time>2026-04-05T09:00:50.000Z</time>
        <extensions>
          <ns3:TrackPointExtension>
            <ns3:hr>167</ns3:hr>
            <ns3:cad>78</ns3:cad>
          </ns3:TrackPointExtension>
        </extensions>
      </trkpt>
      <trkpt lat="49.05487264506518840789794921875" lon="15.00994431786239147186279296875">
        <ele>539</ele>
        <time>2026-04-05T09:00:51.000Z</time>
        <extensions>
          <ns3:TrackPointExtension>
            <ns3:hr>167</ns3:hr>
            <ns3:cad>78</ns3:cad>
          </ns3:TrackPointExtension>
        </extensions>
      </trkpt>
      <trkpt lat="49.05484096147119998931884765625" lon="15.009932331740856170654296875">
        <ele>539</ele>
        <time>2026-04-05T09:00:52.000Z</time>
        <extensions>
          <ns3:TrackPointExtension>
            <ns3:hr>167</ns3:hr>
            <ns3:cad>78</ns3:cad>
          </ns3:TrackPointExtension>
        </extensions>
      </trkpt>
      <trkpt lat="49.054811708629131317138671875" lon="15.00993040390312671661376953125">
        <ele>539</ele>
        <time>2026-04-05T09:00:53.000Z</time>
        <extensions>
          <ns3:TrackPointExtension>
            <ns3:hr>168</ns3:hr>
            <ns3:cad>78</ns3:cad>
          </ns3:TrackPointExtension>
        </extensions>
      </trkpt>
      <trkpt lat="49.05477876774966716766357421875" lon="15.0099221058189868927001953125">
        <ele>538.79998779296875</ele>
        <time>2026-04-05T09:00:54.000Z</time>
        <extensions>
          <ns3:TrackPointExtension>
            <ns3:hr>168</ns3:hr>
            <ns3:cad>78</ns3:cad>
          </ns3:TrackPointExtension>
        </extensions>
      </trkpt>
      <trkpt lat="49.0547441504895687103271484375" lon="15.00991095788776874542236328125">
        <ele>538.79998779296875</ele>
        <time>2026-04-05T09:00:55.000Z</time>
        <extensions>
          <ns3:TrackPointExtension>
            <ns3:hr>167</ns3:hr>
            <ns3:cad>78</ns3:cad>
          </ns3:TrackPointExtension>
        </extensions>
      </trkpt>
      <trkpt lat="49.0547153167426586151123046875" lon="15.0098936073482036590576171875">
        <ele>538.79998779296875</ele>
        <time>2026-04-05T09:00:56.000Z</time>
        <extensions>
          <ns3:TrackPointExtension>
            <ns3:hr>167</ns3:hr>
            <ns3:cad>78</ns3:cad>
          </ns3:TrackPointExtension>
        </extensions>
      </trkpt>
      <trkpt lat="49.05468774028122425079345703125" lon="15.00987759791314601898193359375">
        <ele>538.79998779296875</ele>
        <time>2026-04-05T09:00:57.000Z</time>
        <extensions>
          <ns3:TrackPointExtension>
            <ns3:hr>168</ns3:hr>
            <ns3:cad>77</ns3:cad>
          </ns3:TrackPointExtension>
        </extensions>
      </trkpt>
      <trkpt lat="49.0546616725623607635498046875" lon="15.00986033119261264801025390625">
        <ele>538.79998779296875</ele>
        <time>2026-04-05T09:00:58.000Z</time>
        <extensions>
          <ns3:TrackPointExtension>
            <ns3:hr>168</ns3:hr>
            <ns3:cad>77</ns3:cad>
          </ns3:TrackPointExtension>
        </extensions>
      </trkpt>
      <trkpt lat="49.054625295102596282958984375" lon="15.00984993763267993927001953125">
        <ele>538.79998779296875</ele>
        <time>2026-04-05T09:00:59.000Z</time>
        <extensions>
          <ns3:TrackPointExtension>
            <ns3:hr>168</ns3:hr>
            <ns3:cad>76</ns3:cad>
          </ns3:TrackPointExtension>
        </extensions>
      </trkpt>
      <trkpt lat="49.05459654517471790313720703125" lon="15.00983870588243007659912109375">
        <ele>538.79998779296875</ele>
        <time>2026-04-05T09:01:00.000Z</time>
        <extensions>
          <ns3:TrackPointExtension>
            <ns3:hr>168</ns3:hr>
            <ns3:cad>76</ns3:cad>
          </ns3:TrackPointExtension>
        </extensions>
      </trkpt>
      <trkpt lat="49.0545671246945858001708984375" lon="15.009830407798290252685546875">
        <ele>539</ele>
        <time>2026-04-05T09:01:01.000Z</time>
        <extensions>
          <ns3:TrackPointExtension>
            <ns3:hr>169</ns3:hr>
            <ns3:cad>76</ns3:cad>
          </ns3:TrackPointExtension>
        </extensions>
      </trkpt>
      <trkpt lat="49.05454357154667377471923828125" lon="15.0098361074924468994140625">
        <ele>539</ele>
        <time>2026-04-05T09:01:02.000Z</time>
        <extensions>
          <ns3:TrackPointExtension>
            <ns3:hr>168</ns3:hr>
            <ns3:cad>76</ns3:cad>
          </ns3:TrackPointExtension>
        </extensions>
      </trkpt>
      <trkpt lat="49.05451088212430477142333984375" lon="15.0098443217575550079345703125">
        <ele>539.20001220703125</ele>
        <time>2026-04-05T09:01:03.000Z</time>
        <extensions>
          <ns3:TrackPointExtension>
            <ns3:hr>168</ns3:hr>
            <ns3:cad>76</ns3:cad>
          </ns3:TrackPointExtension>
        </extensions>
      </trkpt>
      <trkpt lat="49.054483473300933837890625" lon="15.00985949300229549407958984375">
        <ele>539.20001220703125</ele>
        <time>2026-04-05T09:01:04.000Z</time>
        <extensions>
          <ns3:TrackPointExtension>
            <ns3:hr>167</ns3:hr>
            <ns3:cad>76</ns3:cad>
          </ns3:TrackPointExtension>
        </extensions>
      </trkpt>
      <trkpt lat="49.05446092598140239715576171875" lon="15.00987256877124309539794921875">
        <ele>539.20001220703125</ele>
        <time>2026-04-05T09:01:05.000Z</time>
        <extensions>
          <ns3:TrackPointExtension>
            <ns3:hr>167</ns3:hr>
            <ns3:cad>77</ns3:cad>
          </ns3:TrackPointExtension>
        </extensions>
      </trkpt>
      <trkpt lat="49.05443376861512660980224609375" lon="15.00986150465905666351318359375">
        <ele>539</ele>
        <time>2026-04-05T09:01:06.000Z</time>
        <extensions>
          <ns3:TrackPointExtension>
            <ns3:hr>168</ns3:hr>
            <ns3:cad>77</ns3:cad>
          </ns3:TrackPointExtension>
        </extensions>
      </trkpt>
      <trkpt lat="49.0544075332581996917724609375" lon="15.00984105281531810760498046875">
        <ele>539</ele>
        <time>2026-04-05T09:01:07.000Z</time>
        <extensions>
          <ns3:TrackPointExtension>
            <ns3:hr>168</ns3:hr>
            <ns3:cad>77</ns3:cad>
          </ns3:TrackPointExtension>
        </extensions>
      </trkpt>
      <trkpt lat="49.054377861320972442626953125" lon="15.00982043333351612091064453125">
        <ele>539</ele>
        <time>2026-04-05T09:01:08.000Z</time>
        <extensions>
          <ns3:TrackPointExtension>
            <ns3:hr>167</ns3:hr>
            <ns3:cad>77</ns3:cad>
          </ns3:TrackPointExtension>
        </extensions>
      </trkpt>
      <trkpt lat="49.05434944666922092437744140625" lon="15.00980434007942676544189453125">
        <ele>539</ele>
        <time>2026-04-05T09:01:09.000Z</time>
        <extensions>
          <ns3:TrackPointExtension>
            <ns3:hr>168</ns3:hr>
            <ns3:cad>76</ns3:cad>
          </ns3:TrackPointExtension>
        </extensions>
      </trkpt>
      <trkpt lat="49.05431021936237812042236328125" lon="15.0097886659204959869384765625">
        <ele>539</ele>
        <time>2026-04-05T09:01:10.000Z</time>
        <extensions>
          <ns3:TrackPointExtension>
            <ns3:hr>168</ns3:hr>
            <ns3:cad>76</ns3:cad>
          </ns3:TrackPointExtension>
        </extensions>
      </trkpt>
      <trkpt lat="49.054279960691928863525390625" lon="15.0097851455211639404296875">
        <ele>539</ele>
        <time>2026-04-05T09:01:11.000Z</time>
        <extensions>
          <ns3:TrackPointExtension>
            <ns3:hr>168</ns3:hr>
            <ns3:cad>77</ns3:cad>
          </ns3:TrackPointExtension>
        </extensions>
      </trkpt>
      <trkpt lat="49.054251126945018768310546875" lon="15.00979076139628887176513671875">
        <ele>539</ele>
        <time>2026-04-05T09:01:12.000Z</time>
        <extensions>
          <ns3:TrackPointExtension>
            <ns3:hr>168</ns3:hr>
            <ns3:cad>77</ns3:cad>
          </ns3:TrackPointExtension>
        </extensions>
      </trkpt>
      <trkpt lat="49.05422396957874298095703125" lon="15.00978321768343448638916015625">
        <ele>539</ele>
        <time>2026-04-05T09:01:13.000Z</time>
        <extensions>
          <ns3:TrackPointExtension>
            <ns3:hr>168</ns3:hr>
            <ns3:cad>77</ns3:cad>
          </ns3:TrackPointExtension>
        </extensions>
      </trkpt>
      <trkpt lat="49.054190106689929962158203125" lon="15.009780116379261016845703125">
        <ele>539</ele>
        <time>2026-04-05T09:01:14.000Z</time>
        <extensions>
          <ns3:TrackPointExtension>
            <ns3:hr>168</ns3:hr>
            <ns3:cad>76</ns3:cad>
          </ns3:TrackPointExtension>
        </extensions>
      </trkpt>
      <trkpt lat="49.0541634522378444671630859375" lon="15.00978589989244937896728515625">
        <ele>539</ele>
        <time>2026-04-05T09:01:15.000Z</time>
        <extensions>
          <ns3:TrackPointExtension>
            <ns3:hr>168</ns3:hr>
            <ns3:cad>75</ns3:cad>
          </ns3:TrackPointExtension>
        </extensions>
      </trkpt>
      <trkpt lat="49.054143168032169342041015625" lon="15.009789168834686279296875">
        <ele>539.20001220703125</ele>
        <time>2026-04-05T09:01:16.000Z</time>
        <extensions>
          <ns3:TrackPointExtension>
            <ns3:hr>168</ns3:hr>
            <ns3:cad>75</ns3:cad>
          </ns3:TrackPointExtension>
        </extensions>
      </trkpt>
      <trkpt lat="49.05412472784519195556640625" lon="15.009790845215320587158203125">
        <ele>539.20001220703125</ele>
        <time>2026-04-05T09:01:17.000Z</time>
        <extensions>
          <ns3:TrackPointExtension>
            <ns3:hr>168</ns3:hr>
            <ns3:cad>75</ns3:cad>
          </ns3:TrackPointExtension>
        </extensions>
      </trkpt>
      <trkpt lat="49.05410486273467540740966796875" lon="15.00978657044470310211181640625">
        <ele>539.20001220703125</ele>
        <time>2026-04-05T09:01:18.000Z</time>
        <extensions>
          <ns3:TrackPointExtension>
            <ns3:hr>167</ns3:hr>
            <ns3:cad>78</ns3:cad>
          </ns3:TrackPointExtension>
        </extensions>
      </trkpt>
      <trkpt lat="49.05408742837607860565185546875" lon="15.0097926892340183258056640625">
        <ele>539.4000244140625</ele>
        <time>2026-04-05T09:01:19.000Z</time>
        <extensions>
          <ns3:TrackPointExtension>
            <ns3:hr>167</ns3:hr>
            <ns3:cad>78</ns3:cad>
          </ns3:TrackPointExtension>
        </extensions>
      </trkpt>
      <trkpt lat="49.05406379140913486480712890625" lon="15.0098004005849361419677734375">
        <ele>539.4000244140625</ele>
        <time>2026-04-05T09:01:20.000Z</time>
        <extensions>
          <ns3:TrackPointExtension>
            <ns3:hr>167</ns3:hr>
            <ns3:cad>78</ns3:cad>
          </ns3:TrackPointExtension>
        </extensions>
      </trkpt>
      <trkpt lat="49.0540383942425251007080078125" lon="15.0098077766597270965576171875">
        <ele>539.4000244140625</ele>
        <time>2026-04-05T09:01:21.000Z</time>
        <extensions>
          <ns3:TrackPointExtension>
            <ns3:hr>167</ns3:hr>
            <ns3:cad>78</ns3:cad>
          </ns3:TrackPointExtension>
        </extensions>
      </trkpt>
      <trkpt lat="49.05402037315070629119873046875" lon="15.00982110388576984405517578125">
        <ele>539.5999755859375</ele>
        <time>2026-04-05T09:01:22.000Z</time>
        <extensions>
          <ns3:TrackPointExtension>
            <ns3:hr>167</ns3:hr>
            <ns3:cad>75</ns3:cad>
          </ns3:TrackPointExtension>
        </extensions>
      </trkpt>
      <trkpt lat="49.05399740673601627349853515625" lon="15.0098245404660701751708984375">
        <ele>539.5999755859375</ele>
        <time>2026-04-05T09:01:23.000Z</time>
        <extensions>
          <ns3:TrackPointExtension>
            <ns3:hr>167</ns3:hr>
            <ns3:cad>75</ns3:cad>
          </ns3:TrackPointExtension>
        </extensions>
      </trkpt>
      <trkpt lat="49.05396538786590099334716796875" lon="15.00982646830379962921142578125">
        <ele>539.5999755859375</ele>
        <time>2026-04-05T09:01:24.000Z</time>
        <extensions>
          <ns3:TrackPointExtension>
            <ns3:hr>166</ns3:hr>
            <ns3:cad>75</ns3:cad>
          </ns3:TrackPointExtension>
        </extensions>
      </trkpt>
      <trkpt lat="49.05394275672733783721923828125" lon="15.00983853824436664581298828125">
        <ele>539.79998779296875</ele>
        <time>2026-04-05T09:01:25.000Z</time>
        <extensions>
          <ns3:TrackPointExtension>
            <ns3:hr>166</ns3:hr>
            <ns3:cad>75</ns3:cad>
          </ns3:TrackPointExtension>
        </extensions>
      </trkpt>
      <trkpt lat="49.0539290942251682281494140625" lon="15.00985044054687023162841796875">
        <ele>539.79998779296875</ele>
        <time>2026-04-05T09:01:26.000Z</time>
        <extensions>
          <ns3:TrackPointExtension>
            <ns3:hr>166</ns3:hr>
            <ns3:cad>78</ns3:cad>
          </ns3:TrackPointExtension>
        </extensions>
      </trkpt>
      <trkpt lat="49.05391191132366657257080078125" lon="15.0098832137882709503173828125">
        <ele>539.79998779296875</ele>
        <time>2026-04-05T09:01:27.000Z</time>
        <extensions>
          <ns3:TrackPointExtension>
            <ns3:hr>167</ns3:hr>
            <ns3:cad>78</ns3:cad>
          </ns3:TrackPointExtension>
        </extensions>
      </trkpt>
      <trkpt lat="49.05389548279345035552978515625" lon="15.009913556277751922607421875">
        <ele>540</ele>
        <time>2026-04-05T09:01:28.000Z</time>
        <extensions>
          <ns3:TrackPointExtension>
            <ns3:hr>167</ns3:hr>
            <ns3:cad>77</ns3:cad>
          </ns3:TrackPointExtension>
        </extensions>
      </trkpt>
      <trkpt lat="49.0538808144629001617431640625" lon="15.0099563039839267730712890625">
        <ele>540</ele>
        <time>2026-04-05T09:01:29.000Z</time>
        <extensions>
          <ns3:TrackPointExtension>
            <ns3:hr>167</ns3:hr>
            <ns3:cad>77</ns3:cad>
          </ns3:TrackPointExtension>
        </extensions>
      </trkpt>
      <trkpt lat="49.0538613684475421905517578125" lon="15.00999636948108673095703125">
        <ele>540</ele>
        <time>2026-04-05T09:01:30.000Z</time>
        <extensions>
          <ns3:TrackPointExtension>
            <ns3:hr>166</ns3:hr>
            <ns3:cad>77</ns3:cad>
          </ns3:TrackPointExtension>
        </extensions>
      </trkpt>
      <trkpt lat="49.05383882112801074981689453125" lon="15.01003450714051723480224609375">
        <ele>540</ele>
        <time>2026-04-05T09:01:31.000Z</time>
        <extensions>
          <ns3:TrackPointExtension>
            <ns3:hr>166</ns3:hr>
            <ns3:cad>77</ns3:cad>
          </ns3:TrackPointExtension>
        </extensions>
      </trkpt>
      <trkpt lat="49.053821302950382232666015625" lon="15.01007121987640857696533203125">
        <ele>540</ele>
        <time>2026-04-05T09:01:32.000Z</time>
        <extensions>
          <ns3:TrackPointExtension>
            <ns3:hr>166</ns3:hr>
            <ns3:cad>76</ns3:cad>
          </ns3:TrackPointExtension>
        </extensions>
      </trkpt>
      <trkpt lat="49.05380160547792911529541015625" lon="15.01010835170745849609375">
        <ele>540</ele>
        <time>2026-04-05T09:01:33.000Z</time>
        <extensions>
          <ns3:TrackPointExtension>
            <ns3:hr>166</ns3:hr>
            <ns3:cad>76</ns3:cad>
          </ns3:TrackPointExtension>
        </extensions>
      </trkpt>
      <trkpt lat="49.0537839196622371673583984375" lon="15.01014531590044498443603515625">
        <ele>539.79998779296875</ele>
        <time>2026-04-05T09:01:34.000Z</time>
        <extensions>
          <ns3:TrackPointExtension>
            <ns3:hr>166</ns3:hr>
            <ns3:cad>76</ns3:cad>
          </ns3:TrackPointExtension>
        </extensions>
      </trkpt>
      <trkpt lat="49.05376690439879894256591796875" lon="15.0101802684366703033447265625">
        <ele>540</ele>
        <time>2026-04-05T09:01:35.000Z</time>
        <extensions>
          <ns3:TrackPointExtension>
            <ns3:hr>166</ns3:hr>
            <ns3:cad>76</ns3:cad>
          </ns3:TrackPointExtension>
        </extensions>
      </trkpt>
      <trkpt lat="49.0537544153630733489990234375" lon="15.010216645896434783935546875">
        <ele>540</ele>
        <time>2026-04-05T09:01:36.000Z</time>
        <extensions>
          <ns3:TrackPointExtension>
            <ns3:hr>167</ns3:hr>
            <ns3:cad>77</ns3:cad>
          </ns3:TrackPointExtension>
        </extensions>
      </trkpt>
      <trkpt lat="49.0537363104522228240966796875" lon="15.01025998033583164215087890625">
        <ele>540</ele>
        <time>2026-04-05T09:01:37.000Z</time>
        <extensions>
          <ns3:TrackPointExtension>
            <ns3:hr>167</ns3:hr>
            <ns3:cad>77</ns3:cad>
          </ns3:TrackPointExtension>
        </extensions>
      </trkpt>
      <trkpt lat="49.05371393077075481414794921875" lon="15.01029904000461101531982421875">
        <ele>540</ele>
        <time>2026-04-05T09:01:38.000Z</time>
        <extensions>
          <ns3:TrackPointExtension>
            <ns3:hr>167</ns3:hr>
            <ns3:cad>78</ns3:cad>
          </ns3:TrackPointExtension>
        </extensions>
      </trkpt>
      <trkpt lat="49.05369423329830169677734375" lon="15.010334663093090057373046875">
        <ele>540.20001220703125</ele>
        <time>2026-04-05T09:01:39.000Z</time>
        <extensions>
          <ns3:TrackPointExtension>
            <ns3:hr>168</ns3:hr>
            <ns3:cad>78</ns3:cad>
          </ns3:TrackPointExtension>
        </extensions>
      </trkpt>
      <trkpt lat="49.05367269180715084075927734375" lon="15.010368861258029937744140625">
        <ele>540.20001220703125</ele>
        <time>2026-04-05T09:01:40.000Z</time>
        <extensions>
          <ns3:TrackPointExtension>
            <ns3:hr>169</ns3:hr>
            <ns3:cad>78</ns3:cad>
          </ns3:TrackPointExtension>
        </extensions>
      </trkpt>
      <trkpt lat="49.05364804901182651519775390625" lon="15.01040230505168437957763671875">
        <ele>540.20001220703125</ele>
        <time>2026-04-05T09:01:41.000Z</time>
        <extensions>
          <ns3:TrackPointExtension>
            <ns3:hr>169</ns3:hr>
            <ns3:cad>77</ns3:cad>
          </ns3:TrackPointExtension>
        </extensions>
      </trkpt>
      <trkpt lat="49.05362893827259540557861328125" lon="15.01043247990310192108154296875">
        <ele>540.20001220703125</ele>
        <time>2026-04-05T09:01:42.000Z</time>
        <extensions>
          <ns3:TrackPointExtension>
            <ns3:hr>170</ns3:hr>
            <ns3:cad>77</ns3:cad>
          </ns3:TrackPointExtension>
        </extensions>
      </trkpt>
      <trkpt lat="49.05361301265656948089599609375" lon="15.010461397469043731689453125">
        <ele>540.4000244140625</ele>
        <time>2026-04-05T09:01:43.000Z</time>
        <extensions>
          <ns3:TrackPointExtension>
            <ns3:hr>170</ns3:hr>
            <ns3:cad>77</ns3:cad>
          </ns3:TrackPointExtension>
        </extensions>
      </trkpt>
      <trkpt lat="49.05360077507793903350830078125" lon="15.0104852020740509033203125">
        <ele>540.4000244140625</ele>
        <time>2026-04-05T09:01:44.000Z</time>
        <extensions>
          <ns3:TrackPointExtension>
            <ns3:hr>170</ns3:hr>
            <ns3:cad>77</ns3:cad>
          </ns3:TrackPointExtension>
        </extensions>
      </trkpt>
      <trkpt lat="49.05359230935573577880859375" lon="15.01049132086336612701416015625">
        <ele>540.5999755859375</ele>
        <time>2026-04-05T09:01:45.000Z</time>
        <extensions>
          <ns3:TrackPointExtension>
            <ns3:hr>170</ns3:hr>
            <ns3:cad>78</ns3:cad>
          </ns3:TrackPointExtension>
        </extensions>
      </trkpt>
      <trkpt lat="49.05357898212969303131103515625" lon="15.0105038098990917205810546875">
        <ele>540.79998779296875</ele>
        <time>2026-04-05T09:01:46.000Z</time>
        <extensions>
          <ns3:TrackPointExtension>
            <ns3:hr>169</ns3:hr>
            <ns3:cad>78</ns3:cad>
          </ns3:TrackPointExtension>
        </extensions>
      </trkpt>
      <trkpt lat="49.0535626374185085296630859375" lon="15.01051646657288074493408203125">
        <ele>540.79998779296875</ele>
        <time>2026-04-05T09:01:47.000Z</time>
        <extensions>
          <ns3:TrackPointExtension>
            <ns3:hr>169</ns3:hr>
            <ns3:cad>78</ns3:cad>
          </ns3:TrackPointExtension>
        </extensions>
      </trkpt>
      <trkpt lat="49.053546376526355743408203125" lon="15.0105316378176212310791015625">
        <ele>540.79998779296875</ele>
        <time>2026-04-05T09:01:48.000Z</time>
        <extensions>
          <ns3:TrackPointExtension>
            <ns3:hr>169</ns3:hr>
            <ns3:cad>78</ns3:cad>
          </ns3:TrackPointExtension>
        </extensions>
      </trkpt>
      <trkpt lat="49.05352952890098094940185546875" lon="15.0105598010122776031494140625">
        <ele>540.79998779296875</ele>
        <time>2026-04-05T09:01:49.000Z</time>
        <extensions>
          <ns3:TrackPointExtension>
            <ns3:hr>169</ns3:hr>
            <ns3:cad>75</ns3:cad>
          </ns3:TrackPointExtension>
        </extensions>
      </trkpt>
      <trkpt lat="49.05351997353136539459228515625" lon="15.010588131844997406005859375">
        <ele>540.79998779296875</ele>
        <time>2026-04-05T09:01:50.000Z</time>
        <extensions>
          <ns3:TrackPointExtension>
            <ns3:hr>169</ns3:hr>
            <ns3:cad>75</ns3:cad>
          </ns3:TrackPointExtension>
        </extensions>
      </trkpt>
      <trkpt lat="49.05350656248629093170166015625" lon="15.0106295384466648101806640625">
        <ele>540.79998779296875</ele>
        <time>2026-04-05T09:01:51.000Z</time>
        <extensions>
          <ns3:TrackPointExtension>
            <ns3:hr>168</ns3:hr>
            <ns3:cad>72</ns3:cad>
          </ns3:TrackPointExtension>
        </extensions>
      </trkpt>
      <trkpt lat="49.05349038541316986083984375" lon="15.0106667540967464447021484375">
        <ele>541</ele>
        <time>2026-04-05T09:01:52.000Z</time>
        <extensions>
          <ns3:TrackPointExtension>
            <ns3:hr>168</ns3:hr>
            <ns3:cad>72</ns3:cad>
          </ns3:TrackPointExtension>
        </extensions>
      </trkpt>
      <trkpt lat="49.0534791536629199981689453125" lon="15.0107026286423206329345703125">
        <ele>541.20001220703125</ele>
        <time>2026-04-05T09:01:53.000Z</time>
        <extensions>
          <ns3:TrackPointExtension>
            <ns3:hr>168</ns3:hr>
            <ns3:cad>76</ns3:cad>
          </ns3:TrackPointExtension>
        </extensions>
      </trkpt>
      <trkpt lat="49.05346733517944812774658203125" lon="15.01074227504432201385498046875">
        <ele>541.20001220703125</ele>
        <time>2026-04-05T09:01:54.000Z</time>
        <extensions>
          <ns3:TrackPointExtension>
            <ns3:hr>167</ns3:hr>
            <ns3:cad>76</ns3:cad>
          </ns3:TrackPointExtension>
        </extensions>
      </trkpt>
      <trkpt lat="49.05345593579113483428955078125" lon="15.0107857771217823028564453125">
        <ele>541.20001220703125</ele>
        <time>2026-04-05T09:01:55.000Z</time>
        <extensions>
          <ns3:TrackPointExtension>
            <ns3:hr>167</ns3:hr>
            <ns3:cad>77</ns3:cad>
          </ns3:TrackPointExtension>
        </extensions>
      </trkpt>
      <trkpt lat="49.05344403348863124847412109375" lon="15.01083179377019405364990234375">
        <ele>541.4000244140625</ele>
        <time>2026-04-05T09:01:56.000Z</time>
        <extensions>
          <ns3:TrackPointExtension>
            <ns3:hr>167</ns3:hr>
            <ns3:cad>77</ns3:cad>
          </ns3:TrackPointExtension>
        </extensions>
      </trkpt>
      <trkpt lat="49.053427688777446746826171875" lon="15.01086515374481678009033203125">
        <ele>541.20001220703125</ele>
        <time>2026-04-05T09:01:57.000Z</time>
        <extensions>
          <ns3:TrackPointExtension>
            <ns3:hr>166</ns3:hr>
            <ns3:cad>78</ns3:cad>
          </ns3:TrackPointExtension>
        </extensions>
      </trkpt>
      <trkpt lat="49.0534047223627567291259765625" lon="15.0109014473855495452880859375">
        <ele>541.4000244140625</ele>
        <time>2026-04-05T09:01:58.000Z</time>
        <extensions>
          <ns3:TrackPointExtension>
            <ns3:hr>165</ns3:hr>
            <ns3:cad>78</ns3:cad>
          </ns3:TrackPointExtension>
        </extensions>
      </trkpt>
      <trkpt lat="49.0533839352428913116455078125" lon="15.01091913320124149322509765625">
        <ele>541.4000244140625</ele>
        <time>2026-04-05T09:01:59.000Z</time>
        <extensions>
          <ns3:TrackPointExtension>
            <ns3:hr>165</ns3:hr>
            <ns3:cad>78</ns3:cad>
          </ns3:TrackPointExtension>
        </extensions>
      </trkpt>
      <trkpt lat="49.05335627496242523193359375" lon="15.01094411127269268035888671875">
        <ele>541.4000244140625</ele>
        <time>2026-04-05T09:02:00.000Z</time>
        <extensions>
          <ns3:TrackPointExtension>
            <ns3:hr>165</ns3:hr>
            <ns3:cad>78</ns3:cad>
          </ns3:TrackPointExtension>
        </extensions>
      </trkpt>
      <trkpt lat="49.0533339790999889373779296875" lon="15.0109664909541606903076171875">
        <ele>541.4000244140625</ele>
        <time>2026-04-05T09:02:01.000Z</time>
        <extensions>
          <ns3:TrackPointExtension>
            <ns3:hr>165</ns3:hr>
            <ns3:cad>79</ns3:cad>
          </ns3:TrackPointExtension>
        </extensions>
      </trkpt>
      <trkpt lat="49.0533121861517429351806640625" lon="15.01098786480724811553955078125">
        <ele>541.4000244140625</ele>
        <time>2026-04-05T09:02:02.000Z</time>
        <extensions>
          <ns3:TrackPointExtension>
            <ns3:hr>165</ns3:hr>
            <ns3:cad>77</ns3:cad>
          </ns3:TrackPointExtension>
        </extensions>
      </trkpt>
      <trkpt lat="49.05328846536576747894287109375" lon="15.01101871021091938018798828125">
        <ele>541.5999755859375</ele>
        <time>2026-04-05T09:02:03.000Z</time>
        <extensions>
          <ns3:TrackPointExtension>
            <ns3:hr>166</ns3:hr>
            <ns3:cad>77</ns3:cad>
          </ns3:TrackPointExtension>
        </extensions>
      </trkpt>
      <trkpt lat="49.0532649122178554534912109375" lon="15.011050142347812652587890625">
        <ele>541.5999755859375</ele>
        <time>2026-04-05T09:02:04.000Z</time>
        <extensions>
          <ns3:TrackPointExtension>
            <ns3:hr>166</ns3:hr>
            <ns3:cad>75</ns3:cad>
          </ns3:TrackPointExtension>
        </extensions>
      </trkpt>
      <trkpt lat="49.05324940569698810577392578125" lon="15.01108509488403797149658203125">
        <ele>542</ele>
        <time>2026-04-05T09:02:05.000Z</time>
        <extensions>
          <ns3:TrackPointExtension>
            <ns3:hr>166</ns3:hr>
            <ns3:cad>75</ns3:cad>
          </ns3:TrackPointExtension>
        </extensions>
      </trkpt>
      <trkpt lat="49.05323557555675506591796875" lon="15.01111996360123157501220703125">
        <ele>542.20001220703125</ele>
        <time>2026-04-05T09:02:06.000Z</time>
        <extensions>
          <ns3:TrackPointExtension>
            <ns3:hr>166</ns3:hr>
            <ns3:cad>75</ns3:cad>
          </ns3:TrackPointExtension>
        </extensions>
      </trkpt>
      <trkpt lat="49.053226523101329803466796875" lon="15.0111518986523151397705078125">
        <ele>542.20001220703125</ele>
        <time>2026-04-05T09:02:07.000Z</time>
        <extensions>
          <ns3:TrackPointExtension>
            <ns3:hr>166</ns3:hr>
            <ns3:cad>75</ns3:cad>
          </ns3:TrackPointExtension>
        </extensions>
      </trkpt>
      <trkpt lat="49.053223840892314910888671875" lon="15.01119992695748805999755859375">
        <ele>542.4000244140625</ele>
        <time>2026-04-05T09:02:08.000Z</time>
        <extensions>
          <ns3:TrackPointExtension>
            <ns3:hr>166</ns3:hr>
            <ns3:cad>75</ns3:cad>
          </ns3:TrackPointExtension>
        </extensions>
      </trkpt>
      <trkpt lat="49.05321805737912654876708984375" lon="15.0112394057214260101318359375">
        <ele>542.4000244140625</ele>
        <time>2026-04-05T09:02:09.000Z</time>
        <extensions>
          <ns3:TrackPointExtension>
            <ns3:hr>167</ns3:hr>
            <ns3:cad>75</ns3:cad>
          </ns3:TrackPointExtension>
        </extensions>
      </trkpt>
      <trkpt lat="49.053215794265270233154296875" lon="15.0112729333341121673583984375">
        <ele>542.4000244140625</ele>
        <time>2026-04-05T09:02:10.000Z</time>
        <extensions>
          <ns3:TrackPointExtension>
            <ns3:hr>167</ns3:hr>
            <ns3:cad>76</ns3:cad>
          </ns3:TrackPointExtension>
        </extensions>
      </trkpt>
      <trkpt lat="49.05320607125759124755859375" lon="15.01132196746766567230224609375">
        <ele>542.4000244140625</ele>
        <time>2026-04-05T09:02:11.000Z</time>
        <extensions>
          <ns3:TrackPointExtension>
            <ns3:hr>167</ns3:hr>
            <ns3:cad>76</ns3:cad>
          </ns3:TrackPointExtension>
        </extensions>
      </trkpt>
      <trkpt lat="49.05318955890834331512451171875" lon="15.0113664753735065460205078125">
        <ele>542.5999755859375</ele>
        <time>2026-04-05T09:02:12.000Z</time>
        <extensions>
          <ns3:TrackPointExtension>
            <ns3:hr>167</ns3:hr>
            <ns3:cad>76</ns3:cad>
          </ns3:TrackPointExtension>
        </extensions>
      </trkpt>
      <trkpt lat="49.05317723751068115234375" lon="15.01140327192842960357666015625">
        <ele>542.5999755859375</ele>
        <time>2026-04-05T09:02:13.000Z</time>
        <extensions>
          <ns3:TrackPointExtension>
            <ns3:hr>168</ns3:hr>
            <ns3:cad>76</ns3:cad>
          </ns3:TrackPointExtension>
        </extensions>
      </trkpt>
      <trkpt lat="49.053160138428211212158203125" lon="15.011443756520748138427734375">
        <ele>542.5999755859375</ele>
        <time>2026-04-05T09:02:14.000Z</time>
        <extensions>
          <ns3:TrackPointExtension>
            <ns3:hr>168</ns3:hr>
            <ns3:cad>76</ns3:cad>
          </ns3:TrackPointExtension>
        </extensions>
      </trkpt>
      <trkpt lat="49.05313893221318721771240234375" lon="15.0114858336746692657470703125">
        <ele>542.5999755859375</ele>
        <time>2026-04-05T09:02:15.000Z</time>
        <extensions>
          <ns3:TrackPointExtension>
            <ns3:hr>168</ns3:hr>
            <ns3:cad>76</ns3:cad>
          </ns3:TrackPointExtension>
        </extensions>
      </trkpt>
      <trkpt lat="49.05311621725559234619140625" lon="15.01152782700955867767333984375">
        <ele>542.5999755859375</ele>
        <time>2026-04-05T09:02:16.000Z</time>
        <extensions>
          <ns3:TrackPointExtension>
            <ns3:hr>168</ns3:hr>
            <ns3:cad>76</ns3:cad>
          </ns3:TrackPointExtension>
        </extensions>
      </trkpt>
      <trkpt lat="49.0531033091247081756591796875" lon="15.0115688145160675048828125">
        <ele>542.5999755859375</ele>
        <time>2026-04-05T09:02:17.000Z</time>
        <extensions>
          <ns3:TrackPointExtension>
            <ns3:hr>168</ns3:hr>
            <ns3:cad>76</ns3:cad>
          </ns3:TrackPointExtension>
        </extensions>
      </trkpt>
      <trkpt lat="49.05308939516544342041015625" lon="15.01161332242190837860107421875">
        <ele>542.5999755859375</ele>
        <time>2026-04-05T09:02:18.000Z</time>
        <extensions>
          <ns3:TrackPointExtension>
            <ns3:hr>168</ns3:hr>
            <ns3:cad>78</ns3:cad>
          </ns3:TrackPointExtension>
        </extensions>
      </trkpt>
      <trkpt lat="49.05307891778647899627685546875" lon="15.0116615183651447296142578125">
        <ele>542.5999755859375</ele>
        <time>2026-04-05T09:02:19.000Z</time>
        <extensions>
          <ns3:TrackPointExtension>
            <ns3:hr>168</ns3:hr>
            <ns3:cad>78</ns3:cad>
          </ns3:TrackPointExtension>
        </extensions>
      </trkpt>
      <trkpt lat="49.0530744753777980804443359375" lon="15.01169714145362377166748046875">
        <ele>542.5999755859375</ele>
        <time>2026-04-05T09:02:20.000Z</time>
        <extensions>
          <ns3:TrackPointExtension>
            <ns3:hr>168</ns3:hr>
            <ns3:cad>77</ns3:cad>
          </ns3:TrackPointExtension>
        </extensions>
      </trkpt>
      <trkpt lat="49.0530734695494174957275390625" lon="15.01175028271973133087158203125">
        <ele>542.5999755859375</ele>
        <time>2026-04-05T09:02:21.000Z</time>
        <extensions>
          <ns3:TrackPointExtension>
            <ns3:hr>169</ns3:hr>
            <ns3:cad>77</ns3:cad>
          </ns3:TrackPointExtension>
        </extensions>
      </trkpt>
      <trkpt lat="49.05307204462587833404541015625" lon="15.01179386861622333526611328125">
        <ele>542.79998779296875</ele>
        <time>2026-04-05T09:02:22.000Z</time>
        <extensions>
          <ns3:TrackPointExtension>
            <ns3:hr>168</ns3:hr>
            <ns3:cad>77</ns3:cad>
          </ns3:TrackPointExtension>
        </extensions>
      </trkpt>
      <trkpt lat="49.05307061970233917236328125" lon="15.01183410175144672393798828125">
        <ele>542.79998779296875</ele>
        <time>2026-04-05T09:02:23.000Z</time>
        <extensions>
          <ns3:TrackPointExtension>
            <ns3:hr>168</ns3:hr>
            <ns3:cad>77</ns3:cad>
          </ns3:TrackPointExtension>
        </extensions>
      </trkpt>
      <trkpt lat="49.05307254754006862640380859375" lon="15.011879615485668182373046875">
        <ele>542.79998779296875</ele>
        <time>2026-04-05T09:02:24.000Z</time>
        <extensions>
          <ns3:TrackPointExtension>
            <ns3:hr>168</ns3:hr>
            <ns3:cad>79</ns3:cad>
          </ns3:TrackPointExtension>
        </extensions>
      </trkpt>
      <trkpt lat="49.05306793749332427978515625" lon="15.01193149946630001068115234375">
        <ele>542.79998779296875</ele>
        <time>2026-04-05T09:02:25.000Z</time>
        <extensions>
          <ns3:TrackPointExtension>
            <ns3:hr>168</ns3:hr>
            <ns3:cad>79</ns3:cad>
          </ns3:TrackPointExtension>
        </extensions>
      </trkpt>
      <trkpt lat="49.05307053588330745697021484375" lon="15.011976845562458038330078125">
        <ele>542.79998779296875</ele>
        <time>2026-04-05T09:02:26.000Z</time>
        <extensions>
          <ns3:TrackPointExtension>
            <ns3:hr>168</ns3:hr>
            <ns3:cad>78</ns3:cad>
          </ns3:TrackPointExtension>
        </extensions>
      </trkpt>
      <trkpt lat="49.05307774432003498077392578125" lon="15.0120205990970134735107421875">
        <ele>542.79998779296875</ele>
        <time>2026-04-05T09:02:27.000Z</time>
        <extensions>
          <ns3:TrackPointExtension>
            <ns3:hr>168</ns3:hr>
            <ns3:cad>77</ns3:cad>
          </ns3:TrackPointExtension>
        </extensions>
      </trkpt>
      <trkpt lat="49.05307807959616184234619140625" lon="15.01205991022288799285888671875">
        <ele>542.79998779296875</ele>
        <time>2026-04-05T09:02:28.000Z</time>
        <extensions>
          <ns3:TrackPointExtension>
            <ns3:hr>168</ns3:hr>
            <ns3:cad>77</ns3:cad>
          </ns3:TrackPointExtension>
        </extensions>
      </trkpt>
      <trkpt lat="49.0530761517584323883056640625" lon="15.012104921042919158935546875">
        <ele>542.79998779296875</ele>
        <time>2026-04-05T09:02:29.000Z</time>
        <extensions>
          <ns3:TrackPointExtension>
            <ns3:hr>168</ns3:hr>
            <ns3:cad>76</ns3:cad>
          </ns3:TrackPointExtension>
        </extensions>
      </trkpt>
      <trkpt lat="49.0530697815120220184326171875" lon="15.012137107551097869873046875">
        <ele>542.79998779296875</ele>
        <time>2026-04-05T09:02:30.000Z</time>
        <extensions>
          <ns3:TrackPointExtension>
            <ns3:hr>168</ns3:hr>
            <ns3:cad>76</ns3:cad>
          </ns3:TrackPointExtension>
        </extensions>
      </trkpt>
      <trkpt lat="49.05306701548397541046142578125" lon="15.01216820441186428070068359375">
        <ele>542.79998779296875</ele>
        <time>2026-04-05T09:02:31.000Z</time>
        <extensions>
          <ns3:TrackPointExtension>
            <ns3:hr>168</ns3:hr>
            <ns3:cad>76</ns3:cad>
          </ns3:TrackPointExtension>
        </extensions>
      </trkpt>
      <trkpt lat="49.0530560351908206939697265625" lon="15.0121986307203769683837890625">
        <ele>543</ele>
        <time>2026-04-05T09:02:32.000Z</time>
        <extensions>
          <ns3:TrackPointExtension>
            <ns3:hr>168</ns3:hr>
            <ns3:cad>76</ns3:cad>
          </ns3:TrackPointExtension>
        </extensions>
      </trkpt>
      <trkpt lat="49.05304002575576305389404296875" lon="15.01222528517246246337890625">
        <ele>543</ele>
        <time>2026-04-05T09:02:33.000Z</time>
        <extensions>
          <ns3:TrackPointExtension>
            <ns3:hr>168</ns3:hr>
            <ns3:cad>71</ns3:cad>
          </ns3:TrackPointExtension>
        </extensions>
      </trkpt>
      <trkpt lat="49.053023345768451690673828125" lon="15.01224816776812076568603515625">
        <ele>543</ele>
        <time>2026-04-05T09:02:34.000Z</time>
        <extensions>
          <ns3:TrackPointExtension>
            <ns3:hr>168</ns3:hr>
            <ns3:cad>71</ns3:cad>
          </ns3:TrackPointExtension>
        </extensions>
      </trkpt>
      <trkpt lat="49.053005240857601165771484375" lon="15.012269876897335052490234375">
        <ele>543.20001220703125</ele>
        <time>2026-04-05T09:02:35.000Z</time>
        <extensions>
          <ns3:TrackPointExtension>
            <ns3:hr>168</ns3:hr>
            <ns3:cad>73</ns3:cad>
          </ns3:TrackPointExtension>
        </extensions>
      </trkpt>
      <trkpt lat="49.05298520810902118682861328125" lon="15.01229443587362766265869140625">
        <ele>543</ele>
        <time>2026-04-05T09:02:36.000Z</time>
        <extensions>
          <ns3:TrackPointExtension>
            <ns3:hr>169</ns3:hr>
            <ns3:cad>73</ns3:cad>
          </ns3:TrackPointExtension>
        </extensions>
      </trkpt>
      <trkpt lat="49.0529678575694561004638671875" lon="15.0123176537454128265380859375">
        <ele>543.20001220703125</ele>
        <time>2026-04-05T09:02:37.000Z</time>
        <extensions>
          <ns3:TrackPointExtension>
            <ns3:hr>169</ns3:hr>
            <ns3:cad>73</ns3:cad>
          </ns3:TrackPointExtension>
        </extensions>
      </trkpt>
      <trkpt lat="49.05294430442154407501220703125" lon="15.01234204508364200592041015625">
        <ele>543.20001220703125</ele>
        <time>2026-04-05T09:02:38.000Z</time>
        <extensions>
          <ns3:TrackPointExtension>
            <ns3:hr>169</ns3:hr>
            <ns3:cad>73</ns3:cad>
          </ns3:TrackPointExtension>
        </extensions>
      </trkpt>
      <trkpt lat="49.05292787589132785797119140625" lon="15.01236610114574432373046875">
        <ele>543.20001220703125</ele>
        <time>2026-04-05T09:02:39.000Z</time>
        <extensions>
          <ns3:TrackPointExtension>
            <ns3:hr>168</ns3:hr>
            <ns3:cad>77</ns3:cad>
          </ns3:TrackPointExtension>
        </extensions>
      </trkpt>
      <trkpt lat="49.05291195027530193328857421875" lon="15.0123954378068447113037109375">
        <ele>543.4000244140625</ele>
        <time>2026-04-05T09:02:40.000Z</time>
        <extensions>
          <ns3:TrackPointExtension>
            <ns3:hr>168</ns3:hr>
            <ns3:cad>77</ns3:cad>
          </ns3:TrackPointExtension>
        </extensions>
      </trkpt>
      <trkpt lat="49.05288915149867534637451171875" lon="15.0124346651136875152587890625">
        <ele>543.4000244140625</ele>
        <time>2026-04-05T09:02:41.000Z</time>
        <extensions>
          <ns3:TrackPointExtension>
            <ns3:hr>167</ns3:hr>
            <ns3:cad>78</ns3:cad>
          </ns3:TrackPointExtension>
        </extensions>
      </trkpt>
      <trkpt lat="49.05286149121820926666259765625" lon="15.0124832801520824432373046875">
        <ele>543.5999755859375</ele>
        <time>2026-04-05T09:02:42.000Z</time>
        <extensions>
          <ns3:TrackPointExtension>
            <ns3:hr>167</ns3:hr>
            <ns3:cad>78</ns3:cad>
          </ns3:TrackPointExtension>
        </extensions>
      </trkpt>
      <trkpt lat="49.05285009182989597320556640625" lon="15.01251923851668834686279296875">
        <ele>543.5999755859375</ele>
        <time>2026-04-05T09:02:43.000Z</time>
        <extensions>
          <ns3:TrackPointExtension>
            <ns3:hr>167</ns3:hr>
            <ns3:cad>76</ns3:cad>
          </ns3:TrackPointExtension>
        </extensions>
      </trkpt>
      <trkpt lat="49.05283064581453800201416015625" lon="15.01256567426025867462158203125">
        <ele>543.5999755859375</ele>
        <time>2026-04-05T09:02:44.000Z</time>
        <extensions>
          <ns3:TrackPointExtension>
            <ns3:hr>167</ns3:hr>
            <ns3:cad>76</ns3:cad>
          </ns3:TrackPointExtension>
        </extensions>
      </trkpt>
      <trkpt lat="49.0527992136776447296142578125" lon="15.0125912390649318695068359375">
        <ele>543.5999755859375</ele>
        <time>2026-04-05T09:02:45.000Z</time>
        <extensions>
          <ns3:TrackPointExtension>
            <ns3:hr>167</ns3:hr>
            <ns3:cad>76</ns3:cad>
          </ns3:TrackPointExtension>
        </extensions>
      </trkpt>
      <trkpt lat="49.0527733974158763885498046875" lon="15.012616217136383056640625">
        <ele>543.5999755859375</ele>
        <time>2026-04-05T09:02:46.000Z</time>
        <extensions>
          <ns3:TrackPointExtension>
            <ns3:hr>167</ns3:hr>
            <ns3:cad>76</ns3:cad>
          </ns3:TrackPointExtension>
        </extensions>
      </trkpt>
      <trkpt lat="49.052758477628231048583984375" lon="15.01264044083654880523681640625">
        <ele>543.79998779296875</ele>
        <time>2026-04-05T09:02:47.000Z</time>
        <extensions>
          <ns3:TrackPointExtension>
            <ns3:hr>167</ns3:hr>
            <ns3:cad>77</ns3:cad>
          </ns3:TrackPointExtension>
        </extensions>
      </trkpt>
      <trkpt lat="49.05273425392806529998779296875" lon="15.01267447136342525482177734375">
        <ele>544</ele>
        <time>2026-04-05T09:02:48.000Z</time>
        <extensions>
          <ns3:TrackPointExtension>
            <ns3:hr>167</ns3:hr>
            <ns3:cad>77</ns3:cad>
          </ns3:TrackPointExtension>
        </extensions>
      </trkpt>
      <trkpt lat="49.052708856761455535888671875" lon="15.01269659958779811859130859375">
        <ele>544.20001220703125</ele>
        <time>2026-04-05T09:02:49.000Z</time>
        <extensions>
          <ns3:TrackPointExtension>
            <ns3:hr>166</ns3:hr>
            <ns3:cad>77</ns3:cad>
          </ns3:TrackPointExtension>
        </extensions>
      </trkpt>
      <trkpt lat="49.0526865608990192413330078125" lon="15.012722499668598175048828125">
        <ele>544.20001220703125</ele>
        <time>2026-04-05T09:02:50.000Z</time>
        <extensions>
          <ns3:TrackPointExtension>
            <ns3:hr>166</ns3:hr>
            <ns3:cad>77</ns3:cad>
          </ns3:TrackPointExtension>
        </extensions>
      </trkpt>
      <trkpt lat="49.05267859809100627899169921875" lon="15.0127521716058254241943359375">
        <ele>544.20001220703125</ele>
        <time>2026-04-05T09:02:51.000Z</time>
        <extensions>
          <ns3:TrackPointExtension>
            <ns3:hr>166</ns3:hr>
            <ns3:cad>76</ns3:cad>
          </ns3:TrackPointExtension>
        </extensions>
      </trkpt>
      <trkpt lat="49.05265579931437969207763671875" lon="15.01279265619814395904541015625">
        <ele>544.4000244140625</ele>
        <time>2026-04-05T09:02:52.000Z</time>
        <extensions>
          <ns3:TrackPointExtension>
            <ns3:hr>166</ns3:hr>
            <ns3:cad>76</ns3:cad>
          </ns3:TrackPointExtension>
        </extensions>
      </trkpt>
      <trkpt lat="49.052636437118053436279296875" lon="15.01282517798244953155517578125">
        <ele>544.4000244140625</ele>
        <time>2026-04-05T09:02:53.000Z</time>
        <extensions>
          <ns3:TrackPointExtension>
            <ns3:hr>167</ns3:hr>
            <ns3:cad>76</ns3:cad>
          </ns3:TrackPointExtension>
        </extensions>
      </trkpt>
      <trkpt lat="49.05262461863458156585693359375" lon="15.01284847967326641082763671875">
        <ele>544.5999755859375</ele>
        <time>2026-04-05T09:02:54.000Z</time>
        <extensions>
          <ns3:TrackPointExtension>
            <ns3:hr>166</ns3:hr>
            <ns3:cad>76</ns3:cad>
          </ns3:TrackPointExtension>
        </extensions>
      </trkpt>
      <trkpt lat="49.05260450206696987152099609375" lon="15.012881420552730560302734375">
        <ele>544.5999755859375</ele>
        <time>2026-04-05T09:02:55.000Z</time>
        <extensions>
          <ns3:TrackPointExtension>
            <ns3:hr>166</ns3:hr>
            <ns3:cad>76</ns3:cad>
          </ns3:TrackPointExtension>
        </extensions>
      </trkpt>
      <trkpt lat="49.05258773826062679290771484375" lon="15.0129057280719280242919921875">
        <ele>544.5999755859375</ele>
        <time>2026-04-05T09:02:56.000Z</time>
        <extensions>
          <ns3:TrackPointExtension>
            <ns3:hr>167</ns3:hr>
            <ns3:cad>76</ns3:cad>
          </ns3:TrackPointExtension>
        </extensions>
      </trkpt>
      <trkpt lat="49.05256829224526882171630859375" lon="15.01292374916374683380126953125">
        <ele>544.79998779296875</ele>
        <time>2026-04-05T09:02:57.000Z</time>
        <extensions>
          <ns3:TrackPointExtension>
            <ns3:hr>166</ns3:hr>
            <ns3:cad>76</ns3:cad>
          </ns3:TrackPointExtension>
        </extensions>
      </trkpt>
      <trkpt lat="49.05255035497248172760009765625" lon="15.0129421055316925048828125">
        <ele>544.79998779296875</ele>
        <time>2026-04-05T09:02:58.000Z</time>
        <extensions>
          <ns3:TrackPointExtension>
            <ns3:hr>167</ns3:hr>
            <ns3:cad>76</ns3:cad>
          </ns3:TrackPointExtension>
        </extensions>
      </trkpt>
      <trkpt lat="49.05252638272941112518310546875" lon="15.0129338912665843963623046875">
        <ele>544.5999755859375</ele>
        <time>2026-04-05T09:02:59.000Z</time>
        <extensions>
          <ns3:TrackPointExtension>
            <ns3:hr>167</ns3:hr>
            <ns3:cad>76</ns3:cad>
          </ns3:TrackPointExtension>
        </extensions>
      </trkpt>
      <trkpt lat="49.05250257812440395355224609375" lon="15.012933053076267242431640625">
        <ele>544.5999755859375</ele>
        <time>2026-04-05T09:03:00.000Z</time>
        <extensions>
          <ns3:TrackPointExtension>
            <ns3:hr>167</ns3:hr>
            <ns3:cad>76</ns3:cad>
          </ns3:TrackPointExtension>
        </extensions>
      </trkpt>
      <trkpt lat="49.05248061753809452056884765625" lon="15.0129328854382038116455078125">
        <ele>544.79998779296875</ele>
        <time>2026-04-05T09:03:01.000Z</time>
        <extensions>
          <ns3:TrackPointExtension>
            <ns3:hr>167</ns3:hr>
            <ns3:cad>76</ns3:cad>
          </ns3:TrackPointExtension>
        </extensions>
      </trkpt>
      <trkpt lat="49.052455723285675048828125" lon="15.01293204724788665771484375">
        <ele>544.79998779296875</ele>
        <time>2026-04-05T09:03:02.000Z</time>
        <extensions>
          <ns3:TrackPointExtension>
            <ns3:hr>167</ns3:hr>
            <ns3:cad>74</ns3:cad>
          </ns3:TrackPointExtension>
        </extensions>
      </trkpt>
      <trkpt lat="49.05243066139519214630126953125" lon="15.01291804946959018707275390625">
        <ele>544.79998779296875</ele>
        <time>2026-04-05T09:03:03.000Z</time>
        <extensions>
          <ns3:TrackPointExtension>
            <ns3:hr>167</ns3:hr>
            <ns3:cad>74</ns3:cad>
          </ns3:TrackPointExtension>
        </extensions>
      </trkpt>
      <trkpt lat="49.05240870080888271331787109375" lon="15.0129104219377040863037109375">
        <ele>545</ele>
        <time>2026-04-05T09:03:04.000Z</time>
        <extensions>
          <ns3:TrackPointExtension>
            <ns3:hr>167</ns3:hr>
            <ns3:cad>74</ns3:cad>
          </ns3:TrackPointExtension>
        </extensions>
      </trkpt>
      <trkpt lat="49.0523861534893512725830078125" lon="15.01291687600314617156982421875">
        <ele>545</ele>
        <time>2026-04-05T09:03:05.000Z</time>
        <extensions>
          <ns3:TrackPointExtension>
            <ns3:hr>167</ns3:hr>
            <ns3:cad>74</ns3:cad>
          </ns3:TrackPointExtension>
        </extensions>
      </trkpt>
      <trkpt lat="49.0523532964289188385009765625" lon="15.0129164569079875946044921875">
        <ele>545</ele>
        <time>2026-04-05T09:03:06.000Z</time>
        <extensions>
          <ns3:TrackPointExtension>
            <ns3:hr>167</ns3:hr>
            <ns3:cad>76</ns3:cad>
          </ns3:TrackPointExtension>
        </extensions>
      </trkpt>
      <trkpt lat="49.0523157455027103424072265625" lon="15.01291285268962383270263671875">
        <ele>545</ele>
        <time>2026-04-05T09:03:07.000Z</time>
        <extensions>
          <ns3:TrackPointExtension>
            <ns3:hr>167</ns3:hr>
            <ns3:cad>76</ns3:cad>
          </ns3:TrackPointExtension>
        </extensions>
      </trkpt>
      <trkpt lat="49.05228682793676853179931640625" lon="15.01291167922317981719970703125">
        <ele>545</ele>
        <time>2026-04-05T09:03:08.000Z</time>
        <extensions>
          <ns3:TrackPointExtension>
            <ns3:hr>168</ns3:hr>
            <ns3:cad>76</ns3:cad>
          </ns3:TrackPointExtension>
        </extensions>
      </trkpt>
      <trkpt lat="49.0522513724863529205322265625" lon="15.01291863620281219482421875">
        <ele>545.20001220703125</ele>
        <time>2026-04-05T09:03:09.000Z</time>
        <extensions>
          <ns3:TrackPointExtension>
            <ns3:hr>168</ns3:hr>
            <ns3:cad>76</ns3:cad>
          </ns3:TrackPointExtension>
        </extensions>
      </trkpt>
      <trkpt lat="49.0522215329110622406005859375" lon="15.0129338912665843963623046875">
        <ele>545.20001220703125</ele>
        <time>2026-04-05T09:03:10.000Z</time>
        <extensions>
          <ns3:TrackPointExtension>
            <ns3:hr>168</ns3:hr>
            <ns3:cad>76</ns3:cad>
          </ns3:TrackPointExtension>
        </extensions>
      </trkpt>
      <trkpt lat="49.05219613574445247650146484375" lon="15.01295291818678379058837890625">
        <ele>545.20001220703125</ele>
        <time>2026-04-05T09:03:11.000Z</time>
        <extensions>
          <ns3:TrackPointExtension>
            <ns3:hr>168</ns3:hr>
            <ns3:cad>76</ns3:cad>
          </ns3:TrackPointExtension>
        </extensions>
      </trkpt>
      <trkpt lat="49.0521645359694957733154296875" lon="15.0129717774689197540283203125">
        <ele>545.4000244140625</ele>
        <time>2026-04-05T09:03:12.000Z</time>
        <extensions>
          <ns3:TrackPointExtension>
            <ns3:hr>168</ns3:hr>
            <ns3:cad>77</ns3:cad>
          </ns3:TrackPointExtension>
        </extensions>
      </trkpt>
      <trkpt lat="49.05213276855647563934326171875" lon="15.0129915587604045867919921875">
        <ele>545.4000244140625</ele>
        <time>2026-04-05T09:03:13.000Z</time>
        <extensions>
          <ns3:TrackPointExtension>
            <ns3:hr>169</ns3:hr>
            <ns3:cad>77</ns3:cad>
          </ns3:TrackPointExtension>
        </extensions>
      </trkpt>
      <trkpt lat="49.0521011687815189361572265625" lon="15.01301175914704799652099609375">
        <ele>545.5999755859375</ele>
        <time>2026-04-05T09:03:14.000Z</time>
        <extensions>
          <ns3:TrackPointExtension>
            <ns3:hr>168</ns3:hr>
            <ns3:cad>77</ns3:cad>
          </ns3:TrackPointExtension>
        </extensions>
      </trkpt>
      <trkpt lat="49.05207476578652858734130859375" lon="15.01303195953369140625">
        <ele>545.5999755859375</ele>
        <time>2026-04-05T09:03:15.000Z</time>
        <extensions>
          <ns3:TrackPointExtension>
            <ns3:hr>168</ns3:hr>
            <ns3:cad>77</ns3:cad>
          </ns3:TrackPointExtension>
        </extensions>
      </trkpt>
      <trkpt lat="49.052055068314075469970703125" lon="15.01305408775806427001953125">
        <ele>545.79998779296875</ele>
        <time>2026-04-05T09:03:16.000Z</time>
        <extensions>
          <ns3:TrackPointExtension>
            <ns3:hr>168</ns3:hr>
            <ns3:cad>77</ns3:cad>
          </ns3:TrackPointExtension>
        </extensions>
      </trkpt>
      <trkpt lat="49.05202187597751617431640625" lon="15.013081245124340057373046875">
        <ele>545.79998779296875</ele>
        <time>2026-04-05T09:03:17.000Z</time>
        <extensions>
          <ns3:TrackPointExtension>
            <ns3:hr>168</ns3:hr>
            <ns3:cad>77</ns3:cad>
          </ns3:TrackPointExtension>
        </extensions>
      </trkpt>
      <trkpt lat="49.05200033448636531829833984375" lon="15.0130995176732540130615234375">
        <ele>546</ele>
        <time>2026-04-05T09:03:18.000Z</time>
        <extensions>
          <ns3:TrackPointExtension>
            <ns3:hr>169</ns3:hr>
            <ns3:cad>78</ns3:cad>
          </ns3:TrackPointExtension>
        </extensions>
      </trkpt>
      <trkpt lat="49.05197552405297756195068359375" lon="15.0131239928305149078369140625">
        <ele>546</ele>
        <time>2026-04-05T09:03:19.000Z</time>
        <extensions>
          <ns3:TrackPointExtension>
            <ns3:hr>168</ns3:hr>
            <ns3:cad>78</ns3:cad>
          </ns3:TrackPointExtension>
        </extensions>
      </trkpt>
      <trkpt lat="49.051959179341793060302734375" lon="15.01315358094871044158935546875">
        <ele>546.20001220703125</ele>
        <time>2026-04-05T09:03:20.000Z</time>
        <extensions>
          <ns3:TrackPointExtension>
            <ns3:hr>168</ns3:hr>
            <ns3:cad>78</ns3:cad>
          </ns3:TrackPointExtension>
        </extensions>
      </trkpt>
      <trkpt lat="49.05194249935448169708251953125" lon="15.01319414936006069183349609375">
        <ele>546.20001220703125</ele>
        <time>2026-04-05T09:03:21.000Z</time>
        <extensions>
          <ns3:TrackPointExtension>
            <ns3:hr>168</ns3:hr>
            <ns3:cad>76</ns3:cad>
          </ns3:TrackPointExtension>
        </extensions>
      </trkpt>
      <trkpt lat="49.05192623846232891082763671875" lon="15.013228766620159149169921875">
        <ele>546.20001220703125</ele>
        <time>2026-04-05T09:03:22.000Z</time>
        <extensions>
          <ns3:TrackPointExtension>
            <ns3:hr>168</ns3:hr>
            <ns3:cad>76</ns3:cad>
          </ns3:TrackPointExtension>
        </extensions>
      </trkpt>
      <trkpt lat="49.05191400088369846343994140625" lon="15.01326103694736957550048828125">
        <ele>546.4000244140625</ele>
        <time>2026-04-05T09:03:23.000Z</time>
        <extensions>
          <ns3:TrackPointExtension>
            <ns3:hr>168</ns3:hr>
            <ns3:cad>77</ns3:cad>
          </ns3:TrackPointExtension>
        </extensions>
      </trkpt>
      <trkpt lat="49.05188952572643756866455078125" lon="15.01329288817942142486572265625">
        <ele>546.4000244140625</ele>
        <time>2026-04-05T09:03:24.000Z</time>
        <extensions>
          <ns3:TrackPointExtension>
            <ns3:hr>168</ns3:hr>
            <ns3:cad>77</ns3:cad>
          </ns3:TrackPointExtension>
        </extensions>
      </trkpt>
      <trkpt lat="49.05187259428203105926513671875" lon="15.01331987790763378143310546875">
        <ele>546.5999755859375</ele>
        <time>2026-04-05T09:03:25.000Z</time>
        <extensions>
          <ns3:TrackPointExtension>
            <ns3:hr>168</ns3:hr>
            <ns3:cad>79</ns3:cad>
          </ns3:TrackPointExtension>
        </extensions>
      </trkpt>
      <trkpt lat="49.05184811912477016448974609375" lon="15.01334778964519500732421875">
        <ele>546.5999755859375</ele>
        <time>2026-04-05T09:03:26.000Z</time>
        <extensions>
          <ns3:TrackPointExtension>
            <ns3:hr>168</ns3:hr>
            <ns3:cad>79</ns3:cad>
          </ns3:TrackPointExtension>
        </extensions>
      </trkpt>
      <trkpt lat="49.05182230286300182342529296875" lon="15.01337888650596141815185546875">
        <ele>546.79998779296875</ele>
        <time>2026-04-05T09:03:27.000Z</time>
        <extensions>
          <ns3:TrackPointExtension>
            <ns3:hr>167</ns3:hr>
            <ns3:cad>77</ns3:cad>
          </ns3:TrackPointExtension>
        </extensions>
      </trkpt>
      <trkpt lat="49.0517977438867092132568359375" lon="15.0133925490081310272216796875">
        <ele>547</ele>
        <time>2026-04-05T09:03:28.000Z</time>
        <extensions>
          <ns3:TrackPointExtension>
            <ns3:hr>168</ns3:hr>
            <ns3:cad>77</ns3:cad>
          </ns3:TrackPointExtension>
        </extensions>
      </trkpt>
      <trkpt lat="49.05177687294781208038330078125" lon="15.0134114921092987060546875">
        <ele>547.4000244140625</ele>
        <time>2026-04-05T09:03:29.000Z</time>
        <extensions>
          <ns3:TrackPointExtension>
            <ns3:hr>168</ns3:hr>
            <ns3:cad>77</ns3:cad>
          </ns3:TrackPointExtension>
        </extensions>
      </trkpt>
      <trkpt lat="49.05175927095115184783935546875" lon="15.013431608676910400390625">
        <ele>547.5999755859375</ele>
        <time>2026-04-05T09:03:30.000Z</time>
        <extensions>
          <ns3:TrackPointExtension>
            <ns3:hr>168</ns3:hr>
            <ns3:cad>77</ns3:cad>
          </ns3:TrackPointExtension>
        </extensions>
      </trkpt>
      <trkpt lat="49.05173429287970066070556640625" lon="15.0134569220244884490966796875">
        <ele>548</ele>
        <time>2026-04-05T09:03:31.000Z</time>
        <extensions>
          <ns3:TrackPointExtension>
            <ns3:hr>168</ns3:hr>
            <ns3:cad>77</ns3:cad>
          </ns3:TrackPointExtension>
        </extensions>
      </trkpt>
      <trkpt lat="49.05172456987202167510986328125" lon="15.01348114572465419769287109375">
        <ele>548.20001220703125</ele>
        <time>2026-04-05T09:03:32.000Z</time>
        <extensions>
          <ns3:TrackPointExtension>
            <ns3:hr>169</ns3:hr>
            <ns3:cad>77</ns3:cad>
          </ns3:TrackPointExtension>
        </extensions>
      </trkpt>
      <trkpt lat="49.05170939862728118896484375" lon="15.01351810991764068603515625">
        <ele>548.4000244140625</ele>
        <time>2026-04-05T09:03:33.000Z</time>
        <extensions>
          <ns3:TrackPointExtension>
            <ns3:hr>168</ns3:hr>
            <ns3:cad>78</ns3:cad>
          </ns3:TrackPointExtension>
        </extensions>
      </trkpt>
      <trkpt lat="49.051695652306079864501953125" lon="15.013553313910961151123046875">
        <ele>548.79998779296875</ele>
        <time>2026-04-05T09:03:34.000Z</time>
        <extensions>
          <ns3:TrackPointExtension>
            <ns3:hr>168</ns3:hr>
            <ns3:cad>78</ns3:cad>
          </ns3:TrackPointExtension>
        </extensions>
      </trkpt>
      <trkpt lat="49.0516850911080837249755859375" lon="15.0135858356952667236328125">
        <ele>549</ele>
        <time>2026-04-05T09:03:35.000Z</time>
        <extensions>
          <ns3:TrackPointExtension>
            <ns3:hr>169</ns3:hr>
            <ns3:cad>78</ns3:cad>
          </ns3:TrackPointExtension>
        </extensions>
      </trkpt>
      <trkpt lat="49.05167394317686557769775390625" lon="15.0136238895356655120849609375">
        <ele>549.20001220703125</ele>
        <time>2026-04-05T09:03:36.000Z</time>
        <extensions>
          <ns3:TrackPointExtension>
            <ns3:hr>169</ns3:hr>
            <ns3:cad>78</ns3:cad>
          </ns3:TrackPointExtension>
        </extensions>
      </trkpt>
      <trkpt lat="49.051660113036632537841796875" lon="15.01366068609058856964111328125">
        <ele>549.4000244140625</ele>
        <time>2026-04-05T09:03:37.000Z</time>
        <extensions>
          <ns3:TrackPointExtension>
            <ns3:hr>169</ns3:hr>
            <ns3:cad>78</ns3:cad>
          </ns3:TrackPointExtension>
        </extensions>
      </trkpt>
      <trkpt lat="49.051641337573528289794921875" lon="15.0136902742087841033935546875">
        <ele>549.5999755859375</ele>
        <time>2026-04-05T09:03:38.000Z</time>
        <extensions>
          <ns3:TrackPointExtension>
            <ns3:hr>169</ns3:hr>
            <ns3:cad>78</ns3:cad>
          </ns3:TrackPointExtension>
        </extensions>
      </trkpt>
      <trkpt lat="49.05162884853780269622802734375" lon="15.01371382735669612884521484375">
        <ele>549.5999755859375</ele>
        <time>2026-04-05T09:03:39.000Z</time>
        <extensions>
          <ns3:TrackPointExtension>
            <ns3:hr>169</ns3:hr>
            <ns3:cad>76</ns3:cad>
          </ns3:TrackPointExtension>
        </extensions>
      </trkpt>
      <trkpt lat="49.05161476694047451019287109375" lon="15.01374232582747936248779296875">
        <ele>549.79998779296875</ele>
        <time>2026-04-05T09:03:40.000Z</time>
        <extensions>
          <ns3:TrackPointExtension>
            <ns3:hr>170</ns3:hr>
            <ns3:cad>76</ns3:cad>
          </ns3:TrackPointExtension>
        </extensions>
      </trkpt>
      <trkpt lat="49.05159850604832172393798828125" lon="15.01377350650727748870849609375">
        <ele>549.79998779296875</ele>
        <time>2026-04-05T09:03:41.000Z</time>
        <extensions>
          <ns3:TrackPointExtension>
            <ns3:hr>170</ns3:hr>
            <ns3:cad>76</ns3:cad>
          </ns3:TrackPointExtension>
        </extensions>
      </trkpt>
      <trkpt lat="49.05159247107803821563720703125" lon="15.013809464871883392333984375">
        <ele>550</ele>
        <time>2026-04-05T09:03:42.000Z</time>
        <extensions>
          <ns3:TrackPointExtension>
            <ns3:hr>170</ns3:hr>
            <ns3:cad>76</ns3:cad>
          </ns3:TrackPointExtension>
        </extensions>
      </trkpt>
      <trkpt lat="49.051586687564849853515625" lon="15.013848356902599334716796875">
        <ele>550.20001220703125</ele>
        <time>2026-04-05T09:03:43.000Z</time>
        <extensions>
          <ns3:TrackPointExtension>
            <ns3:hr>170</ns3:hr>
            <ns3:cad>76</ns3:cad>
          </ns3:TrackPointExtension>
        </extensions>
      </trkpt>
      <trkpt lat="49.051578305661678314208984375" lon="15.01389051787555217742919921875">
        <ele>550.20001220703125</ele>
        <time>2026-04-05T09:03:44.000Z</time>
        <extensions>
          <ns3:TrackPointExtension>
            <ns3:hr>170</ns3:hr>
            <ns3:cad>76</ns3:cad>
          </ns3:TrackPointExtension>
        </extensions>
      </trkpt>
      <trkpt lat="49.05156229622662067413330078125" lon="15.0139206089079380035400390625">
        <ele>550.4000244140625</ele>
        <time>2026-04-05T09:03:45.000Z</time>
        <extensions>
          <ns3:TrackPointExtension>
            <ns3:hr>170</ns3:hr>
            <ns3:cad>76</ns3:cad>
          </ns3:TrackPointExtension>
        </extensions>
      </trkpt>
      <trkpt lat="49.05154402367770671844482421875" lon="15.01395254395902156829833984375">
        <ele>550.5999755859375</ele>
        <time>2026-04-05T09:03:46.000Z</time>
        <extensions>
          <ns3:TrackPointExtension>
            <ns3:hr>171</ns3:hr>
            <ns3:cad>76</ns3:cad>
          </ns3:TrackPointExtension>
        </extensions>
      </trkpt>
      <trkpt lat="49.05153580941259860992431640625" lon="15.01398221589624881744384765625">
        <ele>550.79998779296875</ele>
        <time>2026-04-05T09:03:47.000Z</time>
        <extensions>
          <ns3:TrackPointExtension>
            <ns3:hr>171</ns3:hr>
            <ns3:cad>76</ns3:cad>
          </ns3:TrackPointExtension>
        </extensions>
      </trkpt>
      <trkpt lat="49.05152642168104648590087890625" lon="15.01402731053531169891357421875">
        <ele>551</ele>
        <time>2026-04-05T09:03:48.000Z</time>
        <extensions>
          <ns3:TrackPointExtension>
            <ns3:hr>171</ns3:hr>
            <ns3:cad>75</ns3:cad>
          </ns3:TrackPointExtension>
        </extensions>
      </trkpt>
      <trkpt lat="49.051510579884052276611328125" lon="15.014064610004425048828125">
        <ele>551.20001220703125</ele>
        <time>2026-04-05T09:03:49.000Z</time>
        <extensions>
          <ns3:TrackPointExtension>
            <ns3:hr>171</ns3:hr>
            <ns3:cad>75</ns3:cad>
          </ns3:TrackPointExtension>
        </extensions>
      </trkpt>
      <trkpt lat="49.0514926426112651824951171875" lon="15.0140902586281299591064453125">
        <ele>551.4000244140625</ele>
        <time>2026-04-05T09:03:50.000Z</time>
        <extensions>
          <ns3:TrackPointExtension>
            <ns3:hr>171</ns3:hr>
            <ns3:cad>75</ns3:cad>
          </ns3:TrackPointExtension>
        </extensions>
      </trkpt>
      <trkpt lat="49.05147478915750980377197265625" lon="15.014119260013103485107421875">
        <ele>551.5999755859375</ele>
        <time>2026-04-05T09:03:51.000Z</time>
        <extensions>
          <ns3:TrackPointExtension>
            <ns3:hr>171</ns3:hr>
            <ns3:cad>75</ns3:cad>
          </ns3:TrackPointExtension>
        </extensions>
      </trkpt>
      <trkpt lat="49.05145936645567417144775390625" lon="15.0141502730548381805419921875">
        <ele>551.79998779296875</ele>
        <time>2026-04-05T09:03:52.000Z</time>
        <extensions>
          <ns3:TrackPointExtension>
            <ns3:hr>172</ns3:hr>
            <ns3:cad>76</ns3:cad>
          </ns3:TrackPointExtension>
        </extensions>
      </trkpt>
      <trkpt lat="49.051442854106426239013671875" lon="15.01418338157236576080322265625">
        <ele>552</ele>
        <time>2026-04-05T09:03:53.000Z</time>
        <extensions>
          <ns3:TrackPointExtension>
            <ns3:hr>171</ns3:hr>
            <ns3:cad>76</ns3:cad>
          </ns3:TrackPointExtension>
        </extensions>
      </trkpt>
      <trkpt lat="49.05142533592879772186279296875" lon="15.01421892084181308746337890625">
        <ele>552.20001220703125</ele>
        <time>2026-04-05T09:03:54.000Z</time>
        <extensions>
          <ns3:TrackPointExtension>
            <ns3:hr>171</ns3:hr>
            <ns3:cad>77</ns3:cad>
          </ns3:TrackPointExtension>
        </extensions>
      </trkpt>
      <trkpt lat="49.051414020359516143798828125" lon="15.01425043679773807525634765625">
        <ele>552.4000244140625</ele>
        <time>2026-04-05T09:03:55.000Z</time>
        <extensions>
          <ns3:TrackPointExtension>
            <ns3:hr>172</ns3:hr>
            <ns3:cad>77</ns3:cad>
          </ns3:TrackPointExtension>
        </extensions>
      </trkpt>
      <trkpt lat="49.0513964183628559112548828125" lon="15.01430257223546504974365234375">
        <ele>552.5999755859375</ele>
        <time>2026-04-05T09:03:56.000Z</time>
        <extensions>
          <ns3:TrackPointExtension>
            <ns3:hr>172</ns3:hr>
            <ns3:cad>77</ns3:cad>
          </ns3:TrackPointExtension>
        </extensions>
      </trkpt>
      <trkpt lat="49.051382504403591156005859375" lon="15.01434020698070526123046875">
        <ele>552.79998779296875</ele>
        <time>2026-04-05T09:03:57.000Z</time>
        <extensions>
          <ns3:TrackPointExtension>
            <ns3:hr>172</ns3:hr>
            <ns3:cad>77</ns3:cad>
          </ns3:TrackPointExtension>
        </extensions>
      </trkpt>
      <trkpt lat="49.051365070044994354248046875" lon="15.01437767408788204193115234375">
        <ele>553.20001220703125</ele>
        <time>2026-04-05T09:03:58.000Z</time>
        <extensions>
          <ns3:TrackPointExtension>
            <ns3:hr>172</ns3:hr>
            <ns3:cad>77</ns3:cad>
          </ns3:TrackPointExtension>
        </extensions>
      </trkpt>
      <trkpt lat="49.05133699066936969757080078125" lon="15.014409609138965606689453125">
        <ele>553.4000244140625</ele>
        <time>2026-04-05T09:03:59.000Z</time>
        <extensions>
          <ns3:TrackPointExtension>
            <ns3:hr>171</ns3:hr>
            <ns3:cad>77</ns3:cad>
          </ns3:TrackPointExtension>
        </extensions>
      </trkpt>
      <trkpt lat="49.051312096416950225830078125" lon="15.01444389112293720245361328125">
        <ele>553.5999755859375</ele>
        <time>2026-04-05T09:04:00.000Z</time>
        <extensions>
          <ns3:TrackPointExtension>
            <ns3:hr>171</ns3:hr>
            <ns3:cad>79</ns3:cad>
          </ns3:TrackPointExtension>
        </extensions>
      </trkpt>
      <trkpt lat="49.0512934885919094085693359375" lon="15.01446937210857868194580078125">
        <ele>553.79998779296875</ele>
        <time>2026-04-05T09:04:01.000Z</time>
        <extensions>
          <ns3:TrackPointExtension>
            <ns3:hr>171</ns3:hr>
            <ns3:cad>79</ns3:cad>
          </ns3:TrackPointExtension>
        </extensions>
      </trkpt>
      <trkpt lat="49.0512742102146148681640625" lon="15.01449845731258392333984375">
        <ele>554</ele>
        <time>2026-04-05T09:04:02.000Z</time>
        <extensions>
          <ns3:TrackPointExtension>
            <ns3:hr>171</ns3:hr>
            <ns3:cad>78</ns3:cad>
          </ns3:TrackPointExtension>
        </extensions>
      </trkpt>
      <trkpt lat="49.05125400982797145843505859375" lon="15.0145287998020648956298828125">
        <ele>554.20001220703125</ele>
        <time>2026-04-05T09:04:03.000Z</time>
        <extensions>
          <ns3:TrackPointExtension>
            <ns3:hr>172</ns3:hr>
            <ns3:cad>78</ns3:cad>
          </ns3:TrackPointExtension>
        </extensions>
      </trkpt>
      <trkpt lat="49.0512418560683727264404296875" lon="15.01456492580473423004150390625">
        <ele>554.4000244140625</ele>
        <time>2026-04-05T09:04:04.000Z</time>
        <extensions>
          <ns3:TrackPointExtension>
            <ns3:hr>172</ns3:hr>
            <ns3:cad>77</ns3:cad>
          </ns3:TrackPointExtension>
        </extensions>
      </trkpt>
      <trkpt lat="49.05123372562229633331298828125" lon="15.01460172235965728759765625">
        <ele>554.5999755859375</ele>
        <time>2026-04-05T09:04:05.000Z</time>
        <extensions>
          <ns3:TrackPointExtension>
            <ns3:hr>173</ns3:hr>
            <ns3:cad>77</ns3:cad>
          </ns3:TrackPointExtension>
        </extensions>
      </trkpt>
      <trkpt lat="49.0512210689485073089599609375" lon="15.0146345794200897216796875">
        <ele>554.5999755859375</ele>
        <time>2026-04-05T09:04:06.000Z</time>
        <extensions>
          <ns3:TrackPointExtension>
            <ns3:hr>173</ns3:hr>
            <ns3:cad>76</ns3:cad>
          </ns3:TrackPointExtension>
        </extensions>
      </trkpt>
      <trkpt lat="49.05120288021862506866455078125" lon="15.01468009315431118011474609375">
        <ele>554.79998779296875</ele>
        <time>2026-04-05T09:04:07.000Z</time>
        <extensions>
          <ns3:TrackPointExtension>
            <ns3:hr>173</ns3:hr>
            <ns3:cad>76</ns3:cad>
          </ns3:TrackPointExtension>
        </extensions>
      </trkpt>
      <trkpt lat="49.05118905007839202880859375" lon="15.0147098489105701446533203125">
        <ele>555</ele>
        <time>2026-04-05T09:04:08.000Z</time>
        <extensions>
          <ns3:TrackPointExtension>
            <ns3:hr>173</ns3:hr>
            <ns3:cad>76</ns3:cad>
          </ns3:TrackPointExtension>
        </extensions>
      </trkpt>
      <trkpt lat="49.05117823742330074310302734375" lon="15.0147376768290996551513671875">
        <ele>555.20001220703125</ele>
        <time>2026-04-05T09:04:09.000Z</time>
        <extensions>
          <ns3:TrackPointExtension>
            <ns3:hr>174</ns3:hr>
            <ns3:cad>76</ns3:cad>
          </ns3:TrackPointExtension>
        </extensions>
      </trkpt>
      <trkpt lat="49.051166586577892303466796875" lon="15.01476910896599292755126953125">
        <ele>555.4000244140625</ele>
        <time>2026-04-05T09:04:10.000Z</time>
        <extensions>
          <ns3:TrackPointExtension>
            <ns3:hr>174</ns3:hr>
            <ns3:cad>77</ns3:cad>
          </ns3:TrackPointExtension>
        </extensions>
      </trkpt>
      <trkpt lat="49.05115610919892787933349609375" lon="15.01480154693126678466796875">
        <ele>555.5999755859375</ele>
        <time>2026-04-05T09:04:11.000Z</time>
        <extensions>
          <ns3:TrackPointExtension>
            <ns3:hr>174</ns3:hr>
            <ns3:cad>77</ns3:cad>
          </ns3:TrackPointExtension>
        </extensions>
      </trkpt>
      <trkpt lat="49.05114035122096538543701171875" lon="15.01482166349887847900390625">
        <ele>556</ele>
        <time>2026-04-05T09:04:12.000Z</time>
        <extensions>
          <ns3:TrackPointExtension>
            <ns3:hr>174</ns3:hr>
            <ns3:cad>76</ns3:cad>
          </ns3:TrackPointExtension>
        </extensions>
      </trkpt>
      <trkpt lat="49.05112761072814464569091796875" lon="15.01484337262809276580810546875">
        <ele>556.20001220703125</ele>
        <time>2026-04-05T09:04:13.000Z</time>
        <extensions>
          <ns3:TrackPointExtension>
            <ns3:hr>174</ns3:hr>
            <ns3:cad>76</ns3:cad>
          </ns3:TrackPointExtension>
        </extensions>
      </trkpt>
      <trkpt lat="49.05110514722764492034912109375" lon="15.01486516557633876800537109375">
        <ele>556.4000244140625</ele>
        <time>2026-04-05T09:04:14.000Z</time>
        <extensions>
          <ns3:TrackPointExtension>
            <ns3:hr>174</ns3:hr>
            <ns3:cad>76</ns3:cad>
          </ns3:TrackPointExtension>
        </extensions>
      </trkpt>
      <trkpt lat="49.05107296071946620941162109375" lon="15.0148784928023815155029296875">
        <ele>556.5999755859375</ele>
        <time>2026-04-05T09:04:15.000Z</time>
        <extensions>
          <ns3:TrackPointExtension>
            <ns3:hr>173</ns3:hr>
            <ns3:cad>76</ns3:cad>
          </ns3:TrackPointExtension>
        </extensions>
      </trkpt>
      <trkpt lat="49.051053263247013092041015625" lon="15.0149012915790081024169921875">
        <ele>556.79998779296875</ele>
        <time>2026-04-05T09:04:16.000Z</time>
        <extensions>
          <ns3:TrackPointExtension>
            <ns3:hr>173</ns3:hr>
            <ns3:cad>75</ns3:cad>
          </ns3:TrackPointExtension>
        </extensions>
      </trkpt>
      <trkpt lat="49.0510323084890842437744140625" lon="15.01492015086114406585693359375">
        <ele>556.79998779296875</ele>
        <time>2026-04-05T09:04:17.000Z</time>
        <extensions>
          <ns3:TrackPointExtension>
            <ns3:hr>172</ns3:hr>
            <ns3:cad>76</ns3:cad>
          </ns3:TrackPointExtension>
        </extensions>
      </trkpt>
      <trkpt lat="49.05100456438958644866943359375" lon="15.014938674867153167724609375">
        <ele>557</ele>
        <time>2026-04-05T09:04:18.000Z</time>
        <extensions>
          <ns3:TrackPointExtension>
            <ns3:hr>172</ns3:hr>
            <ns3:cad>76</ns3:cad>
          </ns3:TrackPointExtension>
        </extensions>
      </trkpt>
      <trkpt lat="49.05098109506070613861083984375" lon="15.0149502418935298919677734375">
        <ele>557.20001220703125</ele>
        <time>2026-04-05T09:04:19.000Z</time>
        <extensions>
          <ns3:TrackPointExtension>
            <ns3:hr>172</ns3:hr>
            <ns3:cad>76</ns3:cad>
          </ns3:TrackPointExtension>
        </extensions>
      </trkpt>
      <trkpt lat="49.0509582124650478363037109375" lon="15.01496256329119205474853515625">
        <ele>557.4000244140625</ele>
        <time>2026-04-05T09:04:20.000Z</time>
        <extensions>
          <ns3:TrackPointExtension>
            <ns3:hr>172</ns3:hr>
            <ns3:cad>76</ns3:cad>
          </ns3:TrackPointExtension>
        </extensions>
      </trkpt>
      <trkpt lat="49.0509362518787384033203125" lon="15.01497723162174224853515625">
        <ele>557.4000244140625</ele>
        <time>2026-04-05T09:04:21.000Z</time>
        <extensions>
          <ns3:TrackPointExtension>
            <ns3:hr>172</ns3:hr>
            <ns3:cad>77</ns3:cad>
          </ns3:TrackPointExtension>
        </extensions>
      </trkpt>
      <trkpt lat="49.05090331099927425384521484375" lon="15.01499659381806850433349609375">
        <ele>557.5999755859375</ele>
        <time>2026-04-05T09:04:22.000Z</time>
        <extensions>
          <ns3:TrackPointExtension>
            <ns3:hr>172</ns3:hr>
            <ns3:cad>77</ns3:cad>
          </ns3:TrackPointExtension>
        </extensions>
      </trkpt>
      <trkpt lat="49.05088202096521854400634765625" lon="15.01500966958701610565185546875">
        <ele>557.79998779296875</ele>
        <time>2026-04-05T09:04:23.000Z</time>
        <extensions>
          <ns3:TrackPointExtension>
            <ns3:hr>172</ns3:hr>
            <ns3:cad>77</ns3:cad>
          </ns3:TrackPointExtension>
        </extensions>
      </trkpt>
      <trkpt lat="49.05086106620728969573974609375" lon="15.01502928324043750762939453125">
        <ele>558</ele>
        <time>2026-04-05T09:04:24.000Z</time>
        <extensions>
          <ns3:TrackPointExtension>
            <ns3:hr>172</ns3:hr>
            <ns3:cad>77</ns3:cad>
          </ns3:TrackPointExtension>
        </extensions>
      </trkpt>
      <trkpt lat="49.0508343279361724853515625" lon="15.01505057327449321746826171875">
        <ele>558.20001220703125</ele>
        <time>2026-04-05T09:04:25.000Z</time>
        <extensions>
          <ns3:TrackPointExtension>
            <ns3:hr>172</ns3:hr>
            <ns3:cad>77</ns3:cad>
          </ns3:TrackPointExtension>
        </extensions>
      </trkpt>
      <trkpt lat="49.0508075058460235595703125" lon="15.015067756175994873046875">
        <ele>558.4000244140625</ele>
        <time>2026-04-05T09:04:26.000Z</time>
        <extensions>
          <ns3:TrackPointExtension>
            <ns3:hr>172</ns3:hr>
            <ns3:cad>77</ns3:cad>
          </ns3:TrackPointExtension>
        </extensions>
      </trkpt>
      <trkpt lat="49.05078780837357044219970703125" lon="15.01508317887783050537109375">
        <ele>558.5999755859375</ele>
        <time>2026-04-05T09:04:27.000Z</time>
        <extensions>
          <ns3:TrackPointExtension>
            <ns3:hr>172</ns3:hr>
            <ns3:cad>77</ns3:cad>
          </ns3:TrackPointExtension>
        </extensions>
      </trkpt>
      <trkpt lat="49.0507617406547069549560546875" lon="15.01510187052190303802490234375">
        <ele>558.79998779296875</ele>
        <time>2026-04-05T09:04:28.000Z</time>
        <extensions>
          <ns3:TrackPointExtension>
            <ns3:hr>172</ns3:hr>
            <ns3:cad>77</ns3:cad>
          </ns3:TrackPointExtension>
        </extensions>
      </trkpt>
      <trkpt lat="49.05073299072682857513427734375" lon="15.0151175446808338165283203125">
        <ele>559</ele>
        <time>2026-04-05T09:04:29.000Z</time>
        <extensions>
          <ns3:TrackPointExtension>
            <ns3:hr>171</ns3:hr>
            <ns3:cad>78</ns3:cad>
          </ns3:TrackPointExtension>
        </extensions>
      </trkpt>
      <trkpt lat="49.050711281597614288330078125" lon="15.0151269324123859405517578125">
        <ele>559.20001220703125</ele>
        <time>2026-04-05T09:04:30.000Z</time>
        <extensions>
          <ns3:TrackPointExtension>
            <ns3:hr>171</ns3:hr>
            <ns3:cad>78</ns3:cad>
          </ns3:TrackPointExtension>
        </extensions>
      </trkpt>
      <trkpt lat="49.0506921708583831787109375" lon="15.01514210365712642669677734375">
        <ele>559.4000244140625</ele>
        <time>2026-04-05T09:04:31.000Z</time>
        <extensions>
          <ns3:TrackPointExtension>
            <ns3:hr>171</ns3:hr>
            <ns3:cad>76</ns3:cad>
          </ns3:TrackPointExtension>
        </extensions>
      </trkpt>
      <trkpt lat="49.050667025148868560791015625" lon="15.01515920273959636688232421875">
        <ele>559.4000244140625</ele>
        <time>2026-04-05T09:04:32.000Z</time>
        <extensions>
          <ns3:TrackPointExtension>
            <ns3:hr>171</ns3:hr>
            <ns3:cad>76</ns3:cad>
          </ns3:TrackPointExtension>
        </extensions>
      </trkpt>
      <trkpt lat="49.0506433881819248199462890625" lon="15.0151715241372585296630859375">
        <ele>559.5999755859375</ele>
        <time>2026-04-05T09:04:33.000Z</time>
        <extensions>
          <ns3:TrackPointExtension>
            <ns3:hr>171</ns3:hr>
            <ns3:cad>75</ns3:cad>
          </ns3:TrackPointExtension>
        </extensions>
      </trkpt>
      <trkpt lat="49.050621427595615386962890625" lon="15.01518669538199901580810546875">
        <ele>559.79998779296875</ele>
        <time>2026-04-05T09:04:34.000Z</time>
        <extensions>
          <ns3:TrackPointExtension>
            <ns3:hr>171</ns3:hr>
            <ns3:cad>75</ns3:cad>
          </ns3:TrackPointExtension>
        </extensions>
      </trkpt>
      <trkpt lat="49.05060642398893833160400390625" lon="15.0152073986828327178955078125">
        <ele>560</ele>
        <time>2026-04-05T09:04:35.000Z</time>
        <extensions>
          <ns3:TrackPointExtension>
            <ns3:hr>170</ns3:hr>
            <ns3:cad>75</ns3:cad>
          </ns3:TrackPointExtension>
        </extensions>
      </trkpt>
      <trkpt lat="49.05058580450713634490966796875" lon="15.01522877253592014312744140625">
        <ele>560.20001220703125</ele>
        <time>2026-04-05T09:04:36.000Z</time>
        <extensions>
          <ns3:TrackPointExtension>
            <ns3:hr>170</ns3:hr>
            <ns3:cad>75</ns3:cad>
          </ns3:TrackPointExtension>
        </extensions>
      </trkpt>
      <trkpt lat="49.0505580604076385498046875" lon="15.01523849554359912872314453125">
        <ele>560.4000244140625</ele>
        <time>2026-04-05T09:04:37.000Z</time>
        <extensions>
          <ns3:TrackPointExtension>
            <ns3:hr>169</ns3:hr>
            <ns3:cad>76</ns3:cad>
          </ns3:TrackPointExtension>
        </extensions>
      </trkpt>
      <trkpt lat="49.05053593218326568603515625" lon="15.01524168066680431365966796875">
        <ele>560.79998779296875</ele>
        <time>2026-04-05T09:04:38.000Z</time>
        <extensions>
          <ns3:TrackPointExtension>
            <ns3:hr>169</ns3:hr>
            <ns3:cad>76</ns3:cad>
          </ns3:TrackPointExtension>
        </extensions>
      </trkpt>
      <trkpt lat="49.050526209175586700439453125" lon="15.0152536667883396148681640625">
        <ele>561</ele>
        <time>2026-04-05T09:04:39.000Z</time>
        <extensions>
          <ns3:TrackPointExtension>
            <ns3:hr>169</ns3:hr>
            <ns3:cad>76</ns3:cad>
          </ns3:TrackPointExtension>
        </extensions>
      </trkpt>
      <trkpt lat="49.050526209175586700439453125" lon="15.01528928987681865692138671875">
        <ele>561</ele>
        <time>2026-04-05T09:04:40.000Z</time>
        <extensions>
          <ns3:TrackPointExtension>
            <ns3:hr>169</ns3:hr>
            <ns3:cad>76</ns3:cad>
          </ns3:TrackPointExtension>
        </extensions>
      </trkpt>
      <trkpt lat="49.05053014867007732391357421875" lon="15.0153244100511074066162109375">
        <ele>561</ele>
        <time>2026-04-05T09:04:41.000Z</time>
        <extensions>
          <ns3:TrackPointExtension>
            <ns3:hr>169</ns3:hr>
            <ns3:cad>76</ns3:cad>
          </ns3:TrackPointExtension>
        </extensions>
      </trkpt>
      <trkpt lat="49.050536267459392547607421875" lon="15.01535634510219097137451171875">
        <ele>561.20001220703125</ele>
        <time>2026-04-05T09:04:42.000Z</time>
        <extensions>
          <ns3:TrackPointExtension>
            <ns3:hr>169</ns3:hr>
            <ns3:cad>76</ns3:cad>
          </ns3:TrackPointExtension>
        </extensions>
      </trkpt>
      <trkpt lat="49.05054842121899127960205078125" lon="15.0153924711048603057861328125">
        <ele>561.20001220703125</ele>
        <time>2026-04-05T09:04:43.000Z</time>
        <extensions>
          <ns3:TrackPointExtension>
            <ns3:hr>169</ns3:hr>
            <ns3:cad>76</ns3:cad>
          </ns3:TrackPointExtension>
        </extensions>
      </trkpt>
      <trkpt lat="49.0505609102547168731689453125" lon="15.0154233165085315704345703125">
        <ele>561.20001220703125</ele>
        <time>2026-04-05T09:04:44.000Z</time>
        <extensions>
          <ns3:TrackPointExtension>
            <ns3:hr>169</ns3:hr>
            <ns3:cad>76</ns3:cad>
          </ns3:TrackPointExtension>
        </extensions>
      </trkpt>
      <trkpt lat="49.0505714714527130126953125" lon="15.01545206643640995025634765625">
        <ele>561.4000244140625</ele>
        <time>2026-04-05T09:04:45.000Z</time>
        <extensions>
          <ns3:TrackPointExtension>
            <ns3:hr>169</ns3:hr>
            <ns3:cad>77</ns3:cad>
          </ns3:TrackPointExtension>
        </extensions>
      </trkpt>
      <trkpt lat="49.0505822002887725830078125" lon="15.01548073254525661468505859375">
        <ele>561.4000244140625</ele>
        <time>2026-04-05T09:04:46.000Z</time>
        <extensions>
          <ns3:TrackPointExtension>
            <ns3:hr>169</ns3:hr>
            <ns3:cad>77</ns3:cad>
          </ns3:TrackPointExtension>
        </extensions>
      </trkpt>
      <trkpt lat="49.050587899982929229736328125" lon="15.01552599482238292694091796875">
        <ele>561.4000244140625</ele>
        <time>2026-04-05T09:04:47.000Z</time>
        <extensions>
          <ns3:TrackPointExtension>
            <ns3:hr>168</ns3:hr>
            <ns3:cad>77</ns3:cad>
          </ns3:TrackPointExtension>
        </extensions>
      </trkpt>
      <trkpt lat="49.05059066601097583770751953125" lon="15.01556656323373317718505859375">
        <ele>561.5999755859375</ele>
        <time>2026-04-05T09:04:48.000Z</time>
        <extensions>
          <ns3:TrackPointExtension>
            <ns3:hr>168</ns3:hr>
            <ns3:cad>77</ns3:cad>
          </ns3:TrackPointExtension>
        </extensions>
      </trkpt>
      <trkpt lat="49.05058815144002437591552734375" lon="15.0156028568744659423828125">
        <ele>561.5999755859375</ele>
        <time>2026-04-05T09:04:49.000Z</time>
        <extensions>
          <ns3:TrackPointExtension>
            <ns3:hr>168</ns3:hr>
            <ns3:cad>77</ns3:cad>
          </ns3:TrackPointExtension>
        </extensions>
      </trkpt>
      <trkpt lat="49.05058731324970722198486328125" lon="15.01564267091453075408935546875">
        <ele>561.79998779296875</ele>
        <time>2026-04-05T09:04:50.000Z</time>
        <extensions>
          <ns3:TrackPointExtension>
            <ns3:hr>168</ns3:hr>
            <ns3:cad>78</ns3:cad>
          </ns3:TrackPointExtension>
        </extensions>
      </trkpt>
      <trkpt lat="49.05058555305004119873046875" lon="15.0156908668577671051025390625">
        <ele>562</ele>
        <time>2026-04-05T09:04:51.000Z</time>
        <extensions>
          <ns3:TrackPointExtension>
            <ns3:hr>168</ns3:hr>
            <ns3:cad>78</ns3:cad>
          </ns3:TrackPointExtension>
        </extensions>
      </trkpt>
      <trkpt lat="49.05058580450713634490966796875" lon="15.01572950743138790130615234375">
        <ele>562</ele>
        <time>2026-04-05T09:04:52.000Z</time>
        <extensions>
          <ns3:TrackPointExtension>
            <ns3:hr>168</ns3:hr>
            <ns3:cad>77</ns3:cad>
          </ns3:TrackPointExtension>
        </extensions>
      </trkpt>
      <trkpt lat="49.05057524330914020538330078125" lon="15.01577854156494140625">
        <ele>562.4000244140625</ele>
        <time>2026-04-05T09:04:53.000Z</time>
        <extensions>
          <ns3:TrackPointExtension>
            <ns3:hr>167</ns3:hr>
            <ns3:cad>77</ns3:cad>
          </ns3:TrackPointExtension>
        </extensions>
      </trkpt>
      <trkpt lat="49.05056015588343143463134765625" lon="15.01582908444106578826904296875">
        <ele>562.4000244140625</ele>
        <time>2026-04-05T09:04:54.000Z</time>
        <extensions>
          <ns3:TrackPointExtension>
            <ns3:hr>168</ns3:hr>
            <ns3:cad>78</ns3:cad>
          </ns3:TrackPointExtension>
        </extensions>
      </trkpt>
      <trkpt lat="49.05055873095989227294921875" lon="15.01586495898663997650146484375">
        <ele>562.5999755859375</ele>
        <time>2026-04-05T09:04:55.000Z</time>
        <extensions>
          <ns3:TrackPointExtension>
            <ns3:hr>168</ns3:hr>
            <ns3:cad>78</ns3:cad>
          </ns3:TrackPointExtension>
        </extensions>
      </trkpt>
      <trkpt lat="49.05054406262934207916259765625" lon="15.0159158371388912200927734375">
        <ele>562.79998779296875</ele>
        <time>2026-04-05T09:04:56.000Z</time>
        <extensions>
          <ns3:TrackPointExtension>
            <ns3:hr>168</ns3:hr>
            <ns3:cad>79</ns3:cad>
          </ns3:TrackPointExtension>
        </extensions>
      </trkpt>
      <trkpt lat="49.0505213476717472076416015625" lon="15.01595749519765377044677734375">
        <ele>563</ele>
        <time>2026-04-05T09:04:57.000Z</time>
        <extensions>
          <ns3:TrackPointExtension>
            <ns3:hr>167</ns3:hr>
            <ns3:cad>79</ns3:cad>
          </ns3:TrackPointExtension>
        </extensions>
      </trkpt>
      <trkpt lat="49.050512127578258514404296875" lon="15.01599068753421306610107421875">
        <ele>563.20001220703125</ele>
        <time>2026-04-05T09:04:58.000Z</time>
        <extensions>
          <ns3:TrackPointExtension>
            <ns3:hr>167</ns3:hr>
            <ns3:cad>79</ns3:cad>
          </ns3:TrackPointExtension>
        </extensions>
      </trkpt>
      <trkpt lat="49.05049502849578857421875" lon="15.01603930257260799407958984375">
        <ele>563.4000244140625</ele>
        <time>2026-04-05T09:04:59.000Z</time>
        <extensions>
          <ns3:TrackPointExtension>
            <ns3:hr>167</ns3:hr>
            <ns3:cad>79</ns3:cad>
          </ns3:TrackPointExtension>
        </extensions>
      </trkpt>
      <trkpt lat="49.050478599965572357177734375" lon="15.01608724705874919891357421875">
        <ele>563.5999755859375</ele>
        <time>2026-04-05T09:05:00.000Z</time>
        <extensions>
          <ns3:TrackPointExtension>
            <ns3:hr>167</ns3:hr>
            <ns3:cad>81</ns3:cad>
          </ns3:TrackPointExtension>
        </extensions>
      </trkpt>
      <trkpt lat="49.05046409927308559417724609375" lon="15.01612077467143535614013671875">
        <ele>563.79998779296875</ele>
        <time>2026-04-05T09:05:01.000Z</time>
        <extensions>
          <ns3:TrackPointExtension>
            <ns3:hr>168</ns3:hr>
            <ns3:cad>81</ns3:cad>
          </ns3:TrackPointExtension>
        </extensions>
      </trkpt>
      <trkpt lat="49.05045269988477230072021484375" lon="15.016157738864421844482421875">
        <ele>564</ele>
        <time>2026-04-05T09:05:02.000Z</time>
        <extensions>
          <ns3:TrackPointExtension>
            <ns3:hr>167</ns3:hr>
            <ns3:cad>81</ns3:cad>
          </ns3:TrackPointExtension>
        </extensions>
      </trkpt>
      <trkpt lat="49.05043895356357097625732421875" lon="15.0161969661712646484375">
        <ele>564.20001220703125</ele>
        <time>2026-04-05T09:05:03.000Z</time>
        <extensions>
          <ns3:TrackPointExtension>
            <ns3:hr>167</ns3:hr>
            <ns3:cad>81</ns3:cad>
          </ns3:TrackPointExtension>
        </extensions>
      </trkpt>
      <trkpt lat="49.0504348464310169219970703125" lon="15.01622906886041164398193359375">
        <ele>564.4000244140625</ele>
        <time>2026-04-05T09:05:04.000Z</time>
        <extensions>
          <ns3:TrackPointExtension>
            <ns3:hr>168</ns3:hr>
            <ns3:cad>80</ns3:cad>
          </ns3:TrackPointExtension>
        </extensions>
      </trkpt>
      <trkpt lat="49.0504159033298492431640625" lon="15.01626762561500072479248046875">
        <ele>564.5999755859375</ele>
        <time>2026-04-05T09:05:05.000Z</time>
        <extensions>
          <ns3:TrackPointExtension>
            <ns3:hr>168</ns3:hr>
            <ns3:cad>80</ns3:cad>
          </ns3:TrackPointExtension>
        </extensions>
      </trkpt>
      <trkpt lat="49.05040190555155277252197265625" lon="15.0162940286099910736083984375">
        <ele>564.79998779296875</ele>
        <time>2026-04-05T09:05:06.000Z</time>
        <extensions>
          <ns3:TrackPointExtension>
            <ns3:hr>170</ns3:hr>
            <ns3:cad>80</ns3:cad>
          </ns3:TrackPointExtension>
        </extensions>
      </trkpt>
      <trkpt lat="49.05039000324904918670654296875" lon="15.0163258798420429229736328125">
        <ele>565</ele>
        <time>2026-04-05T09:05:07.000Z</time>
        <extensions>
          <ns3:TrackPointExtension>
            <ns3:hr>170</ns3:hr>
            <ns3:cad>80</ns3:cad>
          </ns3:TrackPointExtension>
        </extensions>
      </trkpt>
      <trkpt lat="49.050376676023006439208984375" lon="15.01636217348277568817138671875">
        <ele>565.4000244140625</ele>
        <time>2026-04-05T09:05:08.000Z</time>
        <extensions>
          <ns3:TrackPointExtension>
            <ns3:hr>171</ns3:hr>
            <ns3:cad>77</ns3:cad>
          </ns3:TrackPointExtension>
        </extensions>
      </trkpt>
      <trkpt lat="49.050366617739200592041015625" lon="15.01640542410314083099365234375">
        <ele>565.5999755859375</ele>
        <time>2026-04-05T09:05:09.000Z</time>
        <extensions>
          <ns3:TrackPointExtension>
            <ns3:hr>171</ns3:hr>
            <ns3:cad>77</ns3:cad>
          </ns3:TrackPointExtension>
        </extensions>
      </trkpt>
      <trkpt lat="49.05035748146474361419677734375" lon="15.0164542905986309051513671875">
        <ele>565.79998779296875</ele>
        <time>2026-04-05T09:05:10.000Z</time>
        <extensions>
          <ns3:TrackPointExtension>
            <ns3:hr>171</ns3:hr>
            <ns3:cad>77</ns3:cad>
          </ns3:TrackPointExtension>
        </extensions>
      </trkpt>
      <trkpt lat="49.050349183380603790283203125" lon="15.016486644744873046875">
        <ele>566.20001220703125</ele>
        <time>2026-04-05T09:05:11.000Z</time>
        <extensions>
          <ns3:TrackPointExtension>
            <ns3:hr>171</ns3:hr>
            <ns3:cad>77</ns3:cad>
          </ns3:TrackPointExtension>
        </extensions>
      </trkpt>
      <trkpt lat="49.05033987946808338165283203125" lon="15.01652092672884464263916015625">
        <ele>566.4000244140625</ele>
        <time>2026-04-05T09:05:12.000Z</time>
        <extensions>
          <ns3:TrackPointExtension>
            <ns3:hr>171</ns3:hr>
            <ns3:cad>77</ns3:cad>
          </ns3:TrackPointExtension>
        </extensions>
      </trkpt>
      <trkpt lat="49.05031590722501277923583984375" lon="15.0165491737425327301025390625">
        <ele>566.79998779296875</ele>
        <time>2026-04-05T09:05:13.000Z</time>
        <extensions>
          <ns3:TrackPointExtension>
            <ns3:hr>172</ns3:hr>
            <ns3:cad>78</ns3:cad>
          </ns3:TrackPointExtension>
        </extensions>
      </trkpt>
      <trkpt lat="49.05030190944671630859375" lon="15.0165743194520473480224609375">
        <ele>567.20001220703125</ele>
        <time>2026-04-05T09:05:14.000Z</time>
        <extensions>
          <ns3:TrackPointExtension>
            <ns3:hr>172</ns3:hr>
            <ns3:cad>78</ns3:cad>
          </ns3:TrackPointExtension>
        </extensions>
      </trkpt>
      <trkpt lat="49.0502843074500560760498046875" lon="15.01660290174186229705810546875">
        <ele>567.5999755859375</ele>
        <time>2026-04-05T09:05:15.000Z</time>
        <extensions>
          <ns3:TrackPointExtension>
            <ns3:hr>172</ns3:hr>
            <ns3:cad>78</ns3:cad>
          </ns3:TrackPointExtension>
        </extensions>
      </trkpt>
      <trkpt lat="49.050269387662410736083984375" lon="15.0166261196136474609375">
        <ele>568</ele>
        <time>2026-04-05T09:05:16.000Z</time>
        <extensions>
          <ns3:TrackPointExtension>
            <ns3:hr>172</ns3:hr>
            <ns3:cad>78</ns3:cad>
          </ns3:TrackPointExtension>
        </extensions>
      </trkpt>
      <trkpt lat="49.05025170184671878814697265625" lon="15.01664950512349605560302734375">
        <ele>568.4000244140625</ele>
        <time>2026-04-05T09:05:17.000Z</time>
        <extensions>
          <ns3:TrackPointExtension>
            <ns3:hr>173</ns3:hr>
            <ns3:cad>76</ns3:cad>
          </ns3:TrackPointExtension>
        </extensions>
      </trkpt>
      <trkpt lat="49.05023711733520030975341796875" lon="15.016671381890773773193359375">
        <ele>568.5999755859375</ele>
        <time>2026-04-05T09:05:18.000Z</time>
        <extensions>
          <ns3:TrackPointExtension>
            <ns3:hr>173</ns3:hr>
            <ns3:cad>76</ns3:cad>
          </ns3:TrackPointExtension>
        </extensions>
      </trkpt>
      <trkpt lat="49.05022337101399898529052734375" lon="15.01669979654252529144287109375">
        <ele>569</ele>
        <time>2026-04-05T09:05:19.000Z</time>
        <extensions>
          <ns3:TrackPointExtension>
            <ns3:hr>173</ns3:hr>
            <ns3:cad>76</ns3:cad>
          </ns3:TrackPointExtension>
        </extensions>
      </trkpt>
      <trkpt lat="49.05021549202501773834228515625" lon="15.01673399470746517181396484375">
        <ele>569.20001220703125</ele>
        <time>2026-04-05T09:05:20.000Z</time>
        <extensions>
          <ns3:TrackPointExtension>
            <ns3:hr>174</ns3:hr>
            <ns3:cad>76</ns3:cad>
          </ns3:TrackPointExtension>
        </extensions>
      </trkpt>
      <trkpt lat="49.05020794831216335296630859375" lon="15.01676584593951702117919921875">
        <ele>569.4000244140625</ele>
        <time>2026-04-05T09:05:21.000Z</time>
        <extensions>
          <ns3:TrackPointExtension>
            <ns3:hr>174</ns3:hr>
            <ns3:cad>77</ns3:cad>
          </ns3:TrackPointExtension>
        </extensions>
      </trkpt>
      <trkpt lat="49.05020224861800670623779296875" lon="15.01679870299994945526123046875">
        <ele>569.79998779296875</ele>
        <time>2026-04-05T09:05:22.000Z</time>
        <extensions>
          <ns3:TrackPointExtension>
            <ns3:hr>174</ns3:hr>
            <ns3:cad>77</ns3:cad>
          </ns3:TrackPointExtension>
        </extensions>
      </trkpt>
      <trkpt lat="49.05019126832485198974609375" lon="15.01683524809777736663818359375">
        <ele>570.20001220703125</ele>
        <time>2026-04-05T09:05:23.000Z</time>
        <extensions>
          <ns3:TrackPointExtension>
            <ns3:hr>174</ns3:hr>
            <ns3:cad>77</ns3:cad>
          </ns3:TrackPointExtension>
        </extensions>
      </trkpt>
      <trkpt lat="49.05017475597560405731201171875" lon="15.0168737210333347320556640625">
        <ele>570.4000244140625</ele>
        <time>2026-04-05T09:05:24.000Z</time>
        <extensions>
          <ns3:TrackPointExtension>
            <ns3:hr>174</ns3:hr>
            <ns3:cad>77</ns3:cad>
          </ns3:TrackPointExtension>
        </extensions>
      </trkpt>
      <trkpt lat="49.05016838572919368743896484375" lon="15.01690213568508625030517578125">
        <ele>570.79998779296875</ele>
        <time>2026-04-05T09:05:25.000Z</time>
        <extensions>
          <ns3:TrackPointExtension>
            <ns3:hr>174</ns3:hr>
            <ns3:cad>77</ns3:cad>
          </ns3:TrackPointExtension>
        </extensions>
      </trkpt>
      <trkpt lat="49.050162769854068756103515625" lon="15.016937591135501861572265625">
        <ele>571.20001220703125</ele>
        <time>2026-04-05T09:05:26.000Z</time>
        <extensions>
          <ns3:TrackPointExtension>
            <ns3:hr>174</ns3:hr>
            <ns3:cad>77</ns3:cad>
          </ns3:TrackPointExtension>
        </extensions>
      </trkpt>
      <trkpt lat="49.05015363357961177825927734375" lon="15.01698561944067478179931640625">
        <ele>571.4000244140625</ele>
        <time>2026-04-05T09:05:27.000Z</time>
        <extensions>
          <ns3:TrackPointExtension>
            <ns3:hr>174</ns3:hr>
            <ns3:cad>77</ns3:cad>
          </ns3:TrackPointExtension>
        </extensions>
      </trkpt>
      <trkpt lat="49.05015430413186550140380859375" lon="15.01702484674751758575439453125">
        <ele>571.5999755859375</ele>
        <time>2026-04-05T09:05:28.000Z</time>
        <extensions>
          <ns3:TrackPointExtension>
            <ns3:hr>174</ns3:hr>
            <ns3:cad>77</ns3:cad>
          </ns3:TrackPointExtension>
        </extensions>
      </trkpt>
      <trkpt lat="49.0501525439321994781494140625" lon="15.01706139184534549713134765625">
        <ele>572</ele>
        <time>2026-04-05T09:05:29.000Z</time>
        <extensions>
          <ns3:TrackPointExtension>
            <ns3:hr>174</ns3:hr>
            <ns3:cad>79</ns3:cad>
          </ns3:TrackPointExtension>
        </extensions>
      </trkpt>
      <trkpt lat="49.05015212483704090118408203125" lon="15.01710464246571063995361328125">
        <ele>572.20001220703125</ele>
        <time>2026-04-05T09:05:30.000Z</time>
        <extensions>
          <ns3:TrackPointExtension>
            <ns3:hr>175</ns3:hr>
            <ns3:cad>79</ns3:cad>
          </ns3:TrackPointExtension>
        </extensions>
      </trkpt>
      <trkpt lat="49.0501605905592441558837890625" lon="15.01714034937322139739990234375">
        <ele>572.4000244140625</ele>
        <time>2026-04-05T09:05:31.000Z</time>
        <extensions>
          <ns3:TrackPointExtension>
            <ns3:hr>174</ns3:hr>
            <ns3:cad>77</ns3:cad>
          </ns3:TrackPointExtension>
        </extensions>
      </trkpt>
      <trkpt lat="49.05015631578862667083740234375" lon="15.0171483121812343597412109375">
        <ele>572.79998779296875</ele>
        <time>2026-04-05T09:05:32.000Z</time>
        <extensions>
          <ns3:TrackPointExtension>
            <ns3:hr>175</ns3:hr>
            <ns3:cad>77</ns3:cad>
          </ns3:TrackPointExtension>
        </extensions>
      </trkpt>
      <trkpt lat="49.0501414798200130462646484375" lon="15.01714789308607578277587890625">
        <ele>573</ele>
        <time>2026-04-05T09:05:33.000Z</time>
        <extensions>
          <ns3:TrackPointExtension>
            <ns3:hr>175</ns3:hr>
            <ns3:cad>76</ns3:cad>
          </ns3:TrackPointExtension>
        </extensions>
      </trkpt>
    </trkseg>
  </trk>
</gpx>
