Time,X,Y,Dist_m,TimeDiff_s
2026-04-05 08:14:53+00:00,219.86317313833337,205.0164519879076,0.0,0.0
2026-04-05 08:14:54+00:00,219.6403686254323,205.24446652985364,3.1892806521613744,1.0
2026-04-05 08:14:55+00:00,219.5100632434069,205.41278915792185,2.129605969050526,1.0
2026-04-05 08:14:56+00:00,219.39778933601303,205.53788810508362,1.681633979995696,1.0
2026-04-05 08:14:57+00:00,219.23665091034542,205.7261080378293,2.478807600569334,1.0
2026-04-05 08:14:58+00:00,219.08104161823957,205.93708283479896,2.6227193208701425,1.0
2026-04-05 08:14:59+00:00,218.99262754693513,206.1310178867134,2.132459617215028,1.0
2026-04-05 08:15:00+00:00,218.85622060830318,206.37698224798362,2.8139369045620564,1.0
2026-04-05 08:15:01+00:00,218.73958844620904,206.55753957605071,2.150519293819621,1.0
2026-04-05 08:15:02+00:00,218.61015471511095,206.7147705279686,2.037415492087287,1.0
2026-04-05 08:15:03+00:00,218.46647534104977,206.96016337731456,2.8449812573647786,1.0
2026-04-05 08:15:04+00:00,218.36613135170066,207.11968037685267,1.885420774182734,1.0
2026-04-05 08:15:05+00:00,218.18957640422138,207.3178489618982,2.6552147542937106,1.0
2026-04-05 08:15:06+00:00,218.06305685385837,207.53110980656686,2.480852722566936,1.0
2026-04-05 08:15:07+00:00,217.92839321710682,207.7548908155384,2.6129935160796522,1.0
2026-04-05 08:15:08+00:00,217.81758941645083,208.04750792918384,3.130557747838609,1.0
2026-04-05 08:15:09+00:00,217.75913673782938,208.23263735264794,1.9424074867383607,1.0
2026-04-05 08:15:10+00:00,217.67916598078358,208.50535716169276,2.8435417759421484,1.0
2026-04-05 08:15:11+00:00,217.64631644011897,208.73713933760988,2.3422594355561257,1.0
2026-04-05 08:15:12+00:00,217.63237002504522,208.91460615639338,1.7811118521503648,1.0
2026-04-05 08:15:13+00:00,217.62163701858339,209.23740778944068,3.2315616728622376,1.0
2026-04-05 08:15:14+00:00,217.59227408169187,209.42482326060284,1.8980492069961372,1.0
2026-04-05 08:15:15+00:00,217.58502767900933,209.70325818881633,2.7868104578694175,1.0
2026-04-05 08:15:16+00:00,217.63683241073352,209.9751735363564,2.7695067947843115,1.0
2026-04-05 08:15:17+00:00,217.6394733963137,210.22090494804718,2.4587912334934265,1.0
2026-04-05 08:15:18+00:00,217.61593882087323,210.5203802047887,3.005626250948663,1.0
2026-04-05 08:15:19+00:00,217.63691050896807,210.8121928570072,2.927227419235928,1.0
2026-04-05 08:15:20+00:00,217.65120821743128,211.28204383993452,4.7032323099536635,1.0
2026-04-05 08:15:21+00:00,217.6861523533657,211.67539611342943,3.9511319942567242,1.0
2026-04-05 08:15:22+00:00,217.7554161366964,212.00448437756978,3.3647254017861585,1.0
2026-04-05 08:15:23+00:00,217.8747153171112,212.34866490141002,3.6444814750593664,1.0
2026-04-05 08:15:24+00:00,217.95678066941386,212.70107954177638,3.620295111252976,1.0
2026-04-05 08:15:25+00:00,218.06619246157274,213.07796358221924,3.9264125651686843,1.0
2026-04-05 08:15:26+00:00,218.17007512018895,213.43209275836034,3.692365480585745,1.0
2026-04-05 08:15:27+00:00,218.2358522997398,213.80554772717582,3.794020908378257,1.0
2026-04-05 08:15:28+00:00,218.35370740617032,214.26121652475,4.70902496112105,1.0
2026-04-05 08:15:29+00:00,218.412212150292,214.63409998164127,3.77644070233484,1.0
2026-04-05 08:15:30+00:00,218.45878697636272,214.97256538623498,3.4183586640527355,1.0
2026-04-05 08:15:31+00:00,218.5678995406323,215.26014450532242,3.0773088084586475,1.0
2026-04-05 08:15:32+00:00,218.67701210490193,215.54772362440985,3.0773085266499653,1.0
2026-04-05 08:15:33+00:00,218.81085615619443,215.89304717202083,3.7053192838336555,1.0
2026-04-05 08:15:34+00:00,218.90803880241936,216.14620823873193,2.7130336486399464,1.0
2026-04-05 08:15:35+00:00,219.0197663195028,216.40051232929153,2.778946982711772,1.0
2026-04-05 08:15:36+00:00,219.10967653029851,216.65310188407835,2.682446969231928,1.0
2026-04-05 08:15:37+00:00,219.036405785644,217.02678980255317,3.8100958176641444,1.0
2026-04-05 08:15:38+00:00,219.10335384403726,217.4784580165757,4.5684399191196094,1.0
2026-04-05 08:15:39+00:00,219.1580727564903,217.80640325694534,3.326534718217626,1.0
2026-04-05 08:15:40+00:00,219.18923106074948,218.1548173138389,3.4999199939334567,1.0
2026-04-05 08:15:41+00:00,219.31027354305706,218.47681448522286,3.4416164096343707,1.0
2026-04-05 08:15:42+00:00,219.407456189282,218.72997555193396,2.713031345290473,1.0
2026-04-05 08:15:43+00:00,219.50202388268022,219.01641164717185,3.0179155004196057,1.0
2026-04-05 08:15:44+00:00,219.5936773953496,219.2468178495802,2.480842633784463,1.0
2026-04-05 08:15:45+00:00,219.62075064005708,219.4609887685179,2.159899371872867,1.0
2026-04-05 08:15:46+00:00,219.72084746699807,219.77017972805754,3.251500257837106,1.0
2026-04-05 08:15:47+00:00,219.85264898851472,220.0483817066906,3.079842344716916,1.0
2026-04-05 08:15:48+00:00,219.93994424647073,220.33424629000328,2.9904485232646256,1.0
2026-04-05 08:15:49+00:00,220.10927882398892,220.69351907346564,3.973599386858239,1.0
2026-04-05 08:15:50+00:00,220.22653547462798,220.970578028328,3.009908728293267,1.0
2026-04-05 08:15:51+00:00,220.36212282781372,221.29371822364135,3.5059758134010885,1.0
2026-04-05 08:15:52+00:00,220.509340871129,221.56197154997355,3.061282068432614,1.0
2026-04-05 08:15:53+00:00,220.56376055569905,221.80061186890896,2.4489225491534286,1.0
2026-04-05 08:15:54+00:00,220.68393138706023,222.13370071652105,3.542744983447822,1.0
2026-04-05 08:15:55+00:00,220.81456202972836,222.33368945002582,2.3896944387299643,1.0
2026-04-05 08:15:56+00:00,220.868110063352,222.58342144518937,2.5554016255445067,1.0
2026-04-05 08:15:57+00:00,220.99903993390936,222.8727151000496,3.1768876675680704,1.0
2026-04-05 08:15:58+00:00,221.09069344659162,223.10312130245893,2.480839380964172,1.0
2026-04-05 08:15:59+00:00,221.18264618716313,223.4228324262237,3.328381852053897,1.0
2026-04-05 08:16:00+00:00,221.27372727677533,223.75363522621558,3.4328515662585968,1.0
2026-04-05 08:16:01+00:00,221.307201305972,223.97946933322692,2.2842186114172924,1.0
2026-04-05 08:16:02+00:00,221.41457056836128,224.289231804613,3.280022243654059,1.0
2026-04-05 08:16:03+00:00,221.46084616654275,224.53839228785128,2.535533626829477,1.0
2026-04-05 08:16:04+00:00,221.43788401414025,224.73747094708705,2.0050787309892626,1.0
2026-04-05 08:16:05+00:00,221.4553690984811,225.07365030398276,3.368154576711204,1.0
2026-04-05 08:16:06+00:00,221.49990139476313,225.34499413959753,2.75118087929738,1.0
2026-04-05 08:16:07+00:00,221.56799429926434,225.59586915853177,2.600826191065365,1.0
2026-04-05 08:16:08+00:00,221.63521555280013,225.857835853772,2.705907890236439,1.0
2026-04-05 08:16:09+00:00,221.64308644402695,226.03701720832925,1.794510802393113,1.0
2026-04-05 08:16:10+00:00,221.705350987058,226.17583244176194,1.5220974402568421,1.0
2026-04-05 08:16:11+00:00,221.87204457900899,226.2893738135346,2.0174153416912426,1.0
2026-04-05 08:16:12+00:00,222.0634696579894,226.46065961391062,2.5694919927737914,1.0
2026-04-05 08:16:13+00:00,222.18391368451233,226.60404694266254,1.8732842506049676,1.0
2026-04-05 08:16:14+00:00,222.21621683486035,226.75166780454558,1.5119162614131185,1.0
2026-04-05 08:16:15+00:00,222.26423573492838,226.9786449354064,2.321205851307404,1.0
2026-04-05 08:16:16+00:00,222.32505620396833,227.22894844249316,2.5771801228917313,1.0
2026-04-05 08:16:17+00:00,222.37598928477144,227.51195546610478,2.877037433187187,1.0
2026-04-05 08:16:18+00:00,222.4394247066381,227.72898394466472,2.2622193964054906,1.0
2026-04-05 08:16:19+00:00,222.5147900465624,227.98043047560205,2.626284795037423,1.0
2026-04-05 08:16:20+00:00,222.56193729569026,228.2184992826122,2.4281820195141317,1.0
2026-04-05 08:16:21+00:00,222.5735940185671,228.44261885392754,2.2454361530639253,1.0
2026-04-05 08:16:22+00:00,222.59339482783867,228.65621826086112,2.146299948191212,1.0
2026-04-05 08:16:23+00:00,222.61902399854898,228.98187745353175,3.268414747165308,1.0
2026-04-05 08:16:24+00:00,222.68711690303726,229.232752472465,2.6008243059990717,1.0
2026-04-05 08:16:25+00:00,222.75520980751944,229.48362749147708,2.600824176333566,1.0
2026-04-05 08:16:26+00:00,222.88701132902986,229.7618294701889,3.0798293300088724,1.0
2026-04-05 08:16:27+00:00,222.94783179808275,230.01213297727674,2.57717889140294,1.0
2026-04-05 08:16:28+00:00,222.95395938742308,230.21349768421152,2.015670185101286,1.0
2026-04-05 08:16:29+00:00,223.00663577009362,230.47432135552341,2.6622742113729876,1.0
2026-04-05 08:16:30+00:00,223.1427955463174,230.6970649533309,2.611714809072742,1.0
2026-04-05 08:16:31+00:00,223.20710261914334,230.90300175566378,2.158500467200523,1.0
2026-04-05 08:16:32+00:00,223.22311759674636,231.07166294607575,1.6951040166656466,1.0
2026-04-05 08:16:33+00:00,223.2437900569581,231.27417067686008,2.0366877910381977,1.0
2026-04-05 08:16:34+00:00,223.22605781020908,231.40669927904216,1.3378248637730499,1.0
2026-04-05 08:16:35+00:00,223.25691688657275,231.66580841465904,2.6107890306732964,1.0
2026-04-05 08:16:36+00:00,223.30406413570063,231.9038772216692,2.428180858801048,1.0
2026-04-05 08:16:37+00:00,223.43469477836874,232.10386595517397,2.3896790806119856,1.0
2026-04-05 08:16:38+00:00,223.50801758851722,232.2881909171334,1.984665212948805,1.0
2026-04-05 08:16:39+00:00,223.55777979045885,232.4929846956157,2.1085999976721332,1.0
2026-04-05 08:16:40+00:00,223.60462781169124,232.6417485813492,1.5604279423349519,1.0
2026-04-05 08:16:41+00:00,223.65991914718853,232.8692972241343,2.3428887449198528,1.0
2026-04-05 08:16:42+00:00,223.70706639631635,233.1073660311444,2.4281804838017176,1.0
2026-04-05 08:16:43+00:00,223.7995915599259,233.32668055740345,2.3814347857672034,1.0
2026-04-05 08:16:44+00:00,223.8630269818055,233.5437090359644,2.2622164702154453,1.0
2026-04-05 08:16:45+00:00,223.95293719258825,233.79629859075027,2.682433480763151,1.0
2026-04-05 08:16:46+00:00,224.07659462772256,234.0850207336074,3.1423357119421937,1.0
2026-04-05 08:16:47+00:00,224.19006544669924,234.3171414718693,2.5848610999768664,1.0
2026-04-05 08:16:48+00:00,224.23895599771365,234.53302692650192,2.2146548158380703,1.0
2026-04-05 08:16:49+00:00,224.3242087258939,234.75176994083665,2.348798635960441,1.0
2026-04-05 08:16:50+00:00,224.40684650124746,235.00378798369826,2.653502177408827,1.0
2026-04-05 08:16:51+00:00,224.47115357406054,235.20972478603005,2.158498204531069,1.0
2026-04-05 08:16:52+00:00,224.60091256579517,235.42080519576396,2.4787622838064483,1.0
2026-04-05 08:16:53+00:00,224.68063616041974,235.616793345796,2.1168140618648636,1.0
2026-04-05 08:16:54+00:00,224.71672514244315,235.80935242428046,1.9601348273247476,1.0
2026-04-05 08:16:55+00:00,224.78481804692524,236.06022744329252,2.600820767884929,1.0
2026-04-05 08:16:56+00:00,224.83458024887983,236.2650212217758,2.1085986446318916,1.0
2026-04-05 08:16:57+00:00,224.87154088184334,236.4464886241109,1.8528872027849466,1.0
2026-04-05 08:16:58+00:00,224.9093731657532,236.6168643502179,1.7461494542757718,1.0
2026-04-05 08:16:59+00:00,224.95447788509233,236.7878115882491,1.7688651880793727,1.0
2026-04-05 08:20:41+00:00,224.84100706612236,236.55569085006704,2.584857932167172,222.0
2026-04-05 08:20:42+00:00,224.91168889067777,236.49428440033464,0.9366339312519733,1.0
2026-04-05 08:20:43+00:00,224.83575112771547,236.34323446690308,1.6913833605040016,1.0
2026-04-05 08:20:44+00:00,224.85144084467578,236.1435842957421,2.0037508339657752,1.0
2026-04-05 08:20:45+00:00,224.84997073793798,235.97606612925838,1.6761559927795637,1.0
2026-04-05 08:20:46+00:00,224.76006052715513,235.72347657447258,2.6824315859217336,1.0
2026-04-05 08:20:47+00:00,224.66374953187037,235.45922383161218,2.813911472956254,1.0
2026-04-05 08:20:48+00:00,224.58111175651686,235.20720578875054,2.6535016950134516,1.0
2026-04-05 08:20:49+00:00,224.47665667486265,234.95347321011522,2.7451997492131266,1.0
2026-04-05 08:20:50+00:00,224.36492915777924,234.69916911955565,2.77892643636432,1.0
2026-04-05 08:20:51+00:00,224.35501573676365,234.45286619601941,2.4663560172532666,1.0
2026-04-05 08:20:52+00:00,224.23514413329787,234.2090822696839,2.717817808931224,1.0
2026-04-05 08:20:53+00:00,224.18072444874082,233.97044195074952,2.4489177094977257,1.0
2026-04-05 08:20:54+00:00,224.1562661568599,233.72299600328498,2.487845442623334,1.0
2026-04-05 08:20:55+00:00,224.1091189077512,233.48492719619708,2.4281802238144334,1.0
2026-04-05 08:20:56+00:00,224.0776874083304,233.32621465816368,1.6187868656573932,1.0
2026-04-05 08:20:57+00:00,224.02326772377333,233.08757433922923,2.4489180504999974,1.0
2026-04-05 08:20:58+00:00,223.9278283794349,232.8122299201407,2.9155678361581048,1.0
2026-04-05 08:20:59+00:00,223.83355991393887,232.61509874625915,2.186093981671556,1.0
2026-04-05 08:21:00+00:00,223.74830718575237,232.39635573200326,2.3488001450980907,1.0
2026-04-05 08:21:01+00:00,223.56995687091174,232.05869478891427,3.820347914036866,1.0
2026-04-05 08:21:02+00:00,223.45910100475558,231.7932990222043,2.877514725638419,1.0
2026-04-05 08:21:03+00:00,223.41021045376033,231.57741356749386,2.2146556819377055,1.0
2026-04-05 08:21:04+00:00,223.39389624826183,231.31944745580523,2.5862062706655418,1.0
2026-04-05 08:21:05+00:00,223.26179549884296,230.95194055581575,3.9071549211531393,1.0
2026-04-05 08:21:06+00:00,223.28533007428962,230.65246529899545,3.0056262517396353,1.0
2026-04-05 08:21:07+00:00,223.3027630931365,230.43063177545696,2.2263898157811854,1.0
2026-04-05 08:21:08+00:00,223.29633627590687,230.13996214716676,2.90898313237459,1.0
2026-04-05 08:21:09+00:00,223.16366310345006,229.8728518446831,2.9837758195366124,1.0
2026-04-05 08:21:10+00:00,223.02633244838395,229.57189500166845,3.3095991821270556,1.0
2026-04-05 08:21:11+00:00,222.9445663239835,229.3087852826586,2.7565801649638795,1.0
2026-04-05 08:21:12+00:00,222.8453411479699,228.98850264696853,3.3546627796441117,1.0
2026-04-05 08:21:13+00:00,222.80982458899743,228.69554697097934,2.9525748617252057,1.0
2026-04-05 08:21:14+00:00,222.8007828189282,228.43815237121498,2.5769274569109495,1.0
2026-04-05 08:21:15+00:00,222.76352295807544,228.1673800475244,2.734683909637185,1.0
2026-04-05 08:21:16+00:00,222.68815761815785,227.91593351666697,2.626284539344349,1.0
2026-04-05 08:21:17+00:00,222.63199463170747,227.69947655003023,2.237375129319275,1.0
2026-04-05 08:21:18+00:00,222.57466076643442,227.40480633826726,3.0035188282263974,1.0
2026-04-05 08:21:19+00:00,222.53187177202602,227.11127915027396,2.967860449742128,1.0
2026-04-05 08:21:20+00:00,222.42915999225218,226.83536321933994,2.9455444877196797,1.0
2026-04-05 08:21:21+00:00,222.1961428304462,226.72776991639432,2.5671250716148144,1.0
2026-04-05 08:21:22+00:00,222.02566340682625,226.56929032794142,2.3283680698134397,1.0
2026-04-05 08:21:23+00:00,221.8260942414702,226.4085246918693,2.5634209458358614,1.0
2026-04-05 08:21:24+00:00,221.5989054411153,226.41299117450305,2.2727159519932467,1.0
2026-04-05 08:21:25+00:00,221.3909189942282,226.45244722151622,2.1173686392513438,1.0
2026-04-05 08:21:26+00:00,221.18788925784577,226.61505473033685,2.6020941591461733,1.0
2026-04-05 08:21:27+00:00,221.0421673540088,226.793326010705,2.303483602187432,1.0
2026-04-05 08:21:28+00:00,220.94269501559984,226.94175133409368,1.7875649407576484,1.0
2026-04-05 08:21:29+00:00,220.78534242160748,227.1749094834409,2.814150148217727,1.0
2026-04-05 08:21:30+00:00,220.52007417493445,227.47770819904537,4.02724817891172,1.0
2026-04-05 08:21:31+00:00,220.29639801108704,227.71681441721955,3.2754870315565485,1.0
2026-04-05 08:21:32+00:00,220.1180997617342,227.93716635464355,2.8357252778424598,1.0
2026-04-05 08:21:33+00:00,219.7591615053437,228.22144373907747,4.5803207804288295,1.0
2026-04-05 08:21:34+00:00,219.52064124273556,228.37010201204666,2.8113768497799407,1.0
2026-04-05 08:21:35+00:00,219.2032950691835,228.5906868990512,3.8660189379126213,1.0
2026-04-05 08:21:36+00:00,218.94674333193717,228.78256885284708,3.2047654796857254,1.0
2026-04-05 08:21:37+00:00,218.72451124208075,228.91018679736715,2.5634132188108225,1.0
2026-04-05 08:21:38+00:00,218.395235150484,229.0963536319953,3.7836708620482487,1.0
2026-04-05 08:21:39+00:00,218.12762514613308,229.24272585726547,3.0510902911482294,1.0
2026-04-05 08:21:40+00:00,217.8861907027899,229.33535423748395,2.58653777772269,1.0
2026-04-05 08:21:41+00:00,217.5577862621395,229.51042939588393,3.7225854853490925,1.0
2026-04-05 08:21:42+00:00,217.2692306024281,229.64399540923102,3.180496058016467,1.0
2026-04-05 08:21:43+00:00,217.05135676728497,229.71615497284674,2.2956280740728037,1.0
2026-04-05 08:21:44+00:00,216.75465702120417,229.86024115041897,3.2992126546127536,1.0
2026-04-05 08:21:45+00:00,216.47977458141784,230.0060418638437,3.1124071778474014,1.0
2026-04-05 08:21:46+00:00,216.18220318438384,230.16121971756422,3.356925270162068,1.0
2026-04-05 08:21:47+00:00,215.9081923955439,230.29592875476087,3.054128516358882,1.0
2026-04-05 08:21:48+00:00,215.62603752031535,230.44115795626035,3.1742178745460023,1.0
2026-04-05 08:21:49+00:00,215.33922516249044,230.55254061722997,3.07752167706156,1.0
2026-04-05 08:21:50+00:00,215.020708110109,230.69491225902843,3.489743621223031,1.0
2026-04-05 08:21:51+00:00,214.7868453300972,230.8774170725275,2.967470962097909,1.0
2026-04-05 08:21:52+00:00,214.56286993836048,231.02721836934626,2.695366742607167,1.0
2026-04-05 08:21:53+00:00,214.2772284593651,231.21681427552198,3.429424598531204,1.0
2026-04-05 08:21:54+00:00,214.05703889929066,231.41155378894112,2.940559605020147,1.0
2026-04-05 08:21:55+00:00,213.83132020566742,231.58353843813734,2.8386761336338315,1.0
2026-04-05 08:21:56+00:00,213.6029865592113,231.78879811593924,3.071415692473002,1.0
2026-04-05 08:21:57+00:00,213.34643482196486,231.9806800697352,3.2047536196090896,1.0
2026-04-05 08:21:58+00:00,213.1387476029799,232.10944103810476,2.444347550953616,1.0
2026-04-05 08:21:59+00:00,212.90401317202793,232.3030375277532,3.04374144831665,1.0
2026-04-05 08:22:00+00:00,212.64106065029245,232.48325629347548,3.188821084840515,1.0
2026-04-05 08:22:01+00:00,212.39265299941542,232.66461808304632,3.0766735346027696,1.0
2026-04-05 08:22:02+00:00,212.1259146460047,232.79989863216716,2.9916029432516567,1.0
2026-04-05 08:22:03+00:00,211.8184558607215,232.9877800025701,3.604240125461818,1.0
2026-04-05 08:22:04+00:00,211.60728203795676,233.16090767561485,2.731641020930968,1.0
2026-04-05 08:22:05+00:00,211.29952402477142,233.25948412466136,3.23227803829139,1.0
2026-04-05 08:22:06+00:00,211.0284274166474,233.45022305468655,3.3157739609928747,1.0
2026-04-05 08:22:07+00:00,210.85478664990325,233.70442153248283,3.0798226146670165,1.0
2026-04-05 08:22:08+00:00,210.7026639615643,233.8710296247763,2.256990497638538,1.0
2026-04-05 08:22:09+00:00,210.54822554830076,234.160217666953,3.2800120811383486,1.0
2026-04-05 08:22:10+00:00,210.40628947612618,234.38342716392148,2.6463680966454945,1.0
2026-04-05 08:22:11+00:00,210.24602270140488,234.560555420439,2.3896734714751973,1.0
2026-04-05 08:22:12+00:00,210.08575592669646,234.7376836769576,2.3896731667420315,1.0
2026-04-05 08:22:13+00:00,209.91851594443523,235.00354534290628,3.142333232337541,1.0
2026-04-05 08:22:14+00:00,209.78646726052327,235.194051323352,2.3189932376062297,1.0
2026-04-05 08:22:15+00:00,209.60089657573448,235.41383174877194,2.87763789033543,1.0
2026-04-05 08:22:16+00:00,209.45285894696,235.71468297902226,3.354656867460015,1.0
2026-04-05 08:22:17+00:00,209.28997721941198,235.92508626406664,2.661962383378985,1.0
2026-04-05 08:22:18+00:00,209.12069470737495,236.1238263610374,2.6117042334375005,1.0
2026-04-05 08:22:19+00:00,208.90720515969855,236.41953398396643,3.6488008159873693,1.0
2026-04-05 08:22:20+00:00,208.77079822106663,236.66549834523664,2.8139097781687643,1.0
2026-04-05 08:22:21+00:00,208.57678422199996,236.8064940136041,2.3991145931164137,1.0
2026-04-05 08:22:22+00:00,208.39034188627767,237.03736611525318,2.968777483678506,1.0
2026-04-05 08:22:23+00:00,208.24491921031705,237.30494231697563,3.0468640523192705,1.0
2026-04-05 08:22:24+00:00,208.12188626372708,237.47383645688933,2.0904653122107795,1.0
2026-04-05 08:22:25+00:00,208.04365880858083,237.7243729135576,2.626034692604676,1.0
2026-04-05 08:22:26+00:00,208.01838093124763,238.0460315227554,3.228265233555046,1.0
2026-04-05 08:22:27+00:00,207.99833295957404,238.30114007482075,2.560348288108815,1.0
2026-04-05 08:22:28+00:00,207.86802757753577,238.46946270288797,2.1295667923715285,1.0
2026-04-05 08:22:29+00:00,207.6568537547839,238.64259037593374,2.731626191944398,1.0
2026-04-05 08:22:30+00:00,207.48204210919118,238.81857560860175,2.4814589969250265,1.0
2026-04-05 08:22:31+00:00,207.32351863636936,238.97352051274282,2.2175242139823883,1.0
2026-04-05 08:22:32+00:00,207.19961403883303,239.15350632888462,2.1860866098147436,1.0
2026-04-05 08:22:33+00:00,207.17839518831093,239.33040163582166,1.7826055210334764,1.0
2026-04-05 08:22:34+00:00,207.30698330120322,239.46326880034854,1.8496056926243867,1.0
2026-04-05 08:22:35+00:00,207.3739053268559,239.63593057415454,1.8526440977244585,1.0
2026-04-05 08:23:28+00:00,207.7884081138924,239.38950031364456,4.823576656716657,53.0
2026-04-05 08:23:29+00:00,207.64701843200905,239.23330677296948,2.1075338942015494,1.0
2026-04-05 08:23:30+00:00,207.58562553990515,239.08339986338643,1.6206646517762988,1.0
2026-04-05 08:23:31+00:00,207.61150187302985,238.94035109690043,1.4544913057203055,1.0
2026-04-05 08:23:32+00:00,207.6114758402893,238.66134465668384,2.7915811443018392,1.0
2026-04-05 08:23:33+00:00,207.59981911739334,238.43722508544633,2.245435358138542,1.0
2026-04-05 08:23:34+00:00,207.63179700711163,238.2165345857574,2.2311664467012005,1.0
2026-04-05 08:23:35+00:00,207.76994724763006,237.94838687210964,3.0178988898110415,1.0
2026-04-05 08:23:36+00:00,208.02126907922306,237.82305497536743,2.809099128356053,1.0
2026-04-05 08:23:37+00:00,208.1707768147353,237.6897219116008,2.0039634506349144,1.0
2026-04-05 08:23:38+00:00,208.33540184415696,237.45713527417792,2.850782039886076,1.0
2026-04-05 08:23:39+00:00,208.47850879518012,237.31213902233767,2.0380148008403003,1.0
2026-04-05 08:23:40+00:00,208.6387755698885,237.13501076581915,2.3896685252466967,1.0
2026-04-05 08:23:41+00:00,208.79438486199436,236.9240359688495,2.622676746760521,1.0
2026-04-05 08:23:42+00:00,208.91014537316124,236.75457031693276,2.053211734904507,1.0
2026-04-05 08:23:43+00:00,209.0648830143207,236.55468719619125,2.5288627812579225,1.0
2026-04-05 08:23:44+00:00,209.1730718621562,236.29534511099388,2.811464010288553,1.0
2026-04-05 08:23:45+00:00,209.26148593346065,236.10141005907943,2.1324456096064144,1.0
2026-04-05 08:23:46+00:00,209.42466688890414,235.98031169531166,2.032714242879127,1.0
2026-04-05 08:23:47+00:00,209.56747461201888,235.7460105221938,2.745197764820489,1.0
2026-04-05 08:23:48+00:00,209.73675712405594,235.54727042522308,2.6117045588418417,1.0
2026-04-05 08:23:49+00:00,209.88626485956823,235.41393736145645,2.0039676165153506,1.0
2026-04-05 08:23:50+00:00,210.0546757206589,235.2262889407138,2.5223993831637896,1.0
2026-04-05 08:23:51+00:00,210.19051023623996,235.08072117694832,1.9917858484108681,1.0
2026-04-05 08:23:52+00:00,210.31179988096247,234.93401038933433,1.9043460147561988,1.0
2026-04-05 08:23:53+00:00,210.40952891748486,234.80776841832306,1.597178163466448,1.0
2026-04-05 08:23:54+00:00,210.50783037705145,234.5811298497272,2.4716350459036263,1.0
2026-04-05 08:23:55+00:00,210.58287045633304,234.46426501909156,1.3894628125286883,1.0
2026-04-05 08:23:56+00:00,210.71783332096763,234.3297889315542,1.9059461000066018,1.0
2026-04-05 08:23:57+00:00,210.83708043590147,234.1159565749613,2.4495185101773127,1.0
2026-04-05 08:23:58+00:00,210.94382520975262,233.96810276349785,1.8244023122233572,1.0
2026-04-05 08:23:59+00:00,211.1078778161362,233.8359127235807,2.107545275279337,1.0
2026-04-05 08:24:00+00:00,211.27541702627383,233.6593559789864,2.4349110450272042,1.0
2026-04-05 08:24:01+00:00,211.42143815801302,233.57038961997478,1.7103805325102959,1.0
2026-04-05 08:24:02+00:00,211.58113250968339,233.49365796096203,1.7721703420474753,1.0
2026-04-05 08:24:03+00:00,211.74257016324026,233.39474294957174,1.893858897153265,1.0
2026-04-05 08:24:04+00:00,211.91302355410684,233.27421609780703,2.0882639338997677,1.0
2026-04-05 08:24:05+00:00,212.11896747121818,233.1676384818159,2.3194822456721975,1.0
2026-04-05 08:24:06+00:00,212.33392712563906,233.03944902545044,2.5035153927800966,1.0
2026-04-05 08:24:07+00:00,212.53521356012206,232.89902486900627,2.455051446377538,1.0
2026-04-05 08:24:08+00:00,212.74202912817975,232.78135557678704,2.3801303512100476,1.0
2026-04-05 08:24:09+00:00,212.96338956708976,232.66482930849511,2.5022418371094424,1.0
2026-04-05 08:24:10+00:00,213.17107678607474,232.53606834012552,2.4443455074202567,1.0
2026-04-05 08:24:11+00:00,213.33891522412742,232.44881651688866,1.8921303987124283,1.0
2026-04-05 08:24:12+00:00,213.5239134858654,232.32943268897347,2.2024045717948915,1.0
2026-04-05 08:24:13+00:00,213.7025109631204,232.1983856729059,2.215897107301339,1.0
2026-04-05 08:24:14+00:00,213.89391000934742,232.09066503306428,2.196908479747306,1.0
2026-04-05 08:24:15+00:00,214.06436340021392,231.97013818129957,2.0882672093460566,1.0
2026-04-05 08:24:16+00:00,214.2673931365902,231.8075306725577,2.6020789721894255,1.0
2026-04-05 08:24:17+00:00,214.4614071356568,231.66653500419028,2.399127813461132,1.0
2026-04-05 08:24:18+00:00,214.69526991565564,231.4840301906901,2.9674680071560564,1.0
2026-04-05 08:24:19+00:00,214.8901555656625,231.3319428461734,2.4728904926765725,1.0
2026-04-05 08:24:20+00:00,215.0725388745737,231.24583404678503,2.0173997520259714,1.0
2026-04-05 08:24:21+00:00,215.2982575681969,231.0738493975888,2.83867683144834,1.0
2026-04-05 08:24:22+00:00,215.46056687269407,230.9638427100492,1.961366125335863,1.0
2026-04-05 08:24:23+00:00,215.64935096610722,230.8893970987354,2.029797446795482,1.0
2026-04-05 08:24:24+00:00,215.88874287966178,230.729647149538,2.878877827502789,1.0
2026-04-05 08:24:25+00:00,216.0664687059575,230.60969180969758,2.1448583603706646,1.0
2026-04-05 08:24:26+00:00,216.32680627487917,230.46274807250313,2.9902862919916724,1.0
2026-04-05 08:24:27+00:00,216.5932454003878,230.23816260202585,3.485878847698277,1.0
2026-04-05 08:24:28+00:00,216.80733340387474,230.1210648217308,2.4408682787129545,1.0
2026-04-05 08:24:29+00:00,217.0796008908282,230.00853913691174,2.946746969843181,1.0
2026-04-05 08:24:30+00:00,217.30823376518032,229.8925843805451,2.564241277471376,1.0
2026-04-05 08:24:31+00:00,217.5060335959093,229.79652692877812,2.1994746427057614,1.0
2026-04-05 08:24:32+00:00,217.7829585654653,229.71784778441003,2.879448445032326,1.0
2026-04-05 08:24:33+00:00,218.01594969453072,229.54643464713905,2.893472569946493,1.0
2026-04-05 08:24:34+00:00,218.2090920426381,229.41653065499878,2.3283599649080484,1.0
2026-04-05 08:24:35+00:00,218.43685326605006,229.31166757478147,2.508052714276506,1.0
2026-04-05 08:24:36+00:00,218.71173570583642,229.16586686135673,3.1124098972645955,1.0
2026-04-05 08:24:37+00:00,218.90139145018983,229.08032957389364,2.081049444963254,1.0
2026-04-05 08:24:38+00:00,219.13991171279793,228.93167130092436,2.8113738122507654,1.0
2026-04-05 08:24:39+00:00,219.4101366699818,228.7520240470485,3.245915600814193,1.0
2026-04-05 08:24:40+00:00,219.63789789338082,228.64716096683023,2.5080553266390524,1.0
2026-04-05 08:24:41+00:00,219.87611892809966,228.40919777250556,3.368425668683638,1.0
2026-04-05 08:24:42+00:00,220.0744911818605,228.21274372331163,2.792945593667868,1.0
2026-04-05 08:24:43+00:00,220.27373508658673,228.0051979978117,2.8781655216904456,1.0
2026-04-05 08:24:44+00:00,220.45756246948903,227.80760092476925,2.6999108937143883,1.0
2026-04-05 08:24:45+00:00,220.616658365368,227.55225942304466,3.0099005743654663,1.0
2026-04-05 08:24:46+00:00,220.8031007010903,227.32138732139552,2.9687949202059882,1.0
2026-04-05 08:24:47+00:00,220.95200998080486,227.00944441499584,3.4583403685204375,1.0
2026-04-05 08:24:48+00:00,221.14572475198227,226.77914382527302,3.0106382205021642,1.0
2026-04-05 08:24:49+00:00,221.39355997979544,226.698178633206,2.607833333045195,1.0
2026-04-05 08:24:50+00:00,221.62685033676303,226.61607041729144,2.4737457563081002,1.0
2026-04-05 08:24:51+00:00,221.89331549501213,226.6704913870307,2.7201267071316075,1.0
2026-04-05 08:24:52+00:00,222.12894760964483,226.7448096614495,2.471203060476449,1.0
2026-04-05 08:24:53+00:00,222.18568301913933,226.86087003050164,1.2924348704683684,1.0
2026-04-05 08:24:54+00:00,222.2546475745617,227.10065337336437,2.4962843574976463,1.0
2026-04-05 08:24:55+00:00,222.35735935433553,227.3765693042984,2.9455444772153,1.0
2026-04-05 08:24:56+00:00,222.46530103975658,227.58593517825756,2.3565736717842114,1.0
2026-04-05 08:24:57+00:00,222.5112774100488,227.74579074014048,1.6641893120569036,1.0
2026-04-05 08:24:58+00:00,222.52933491743386,227.98157349945157,2.3660021392093324,1.0
2026-04-05 08:24:59+00:00,222.56659477828657,228.2523458231421,2.734684007355368,1.0
2026-04-05 08:25:00+00:00,222.63730263560166,228.46994581354852,2.289119810056265,1.0
2026-04-05 08:25:01+00:00,222.7362285837131,228.7009235278821,2.5138736724770943,1.0
2026-04-05 08:25:02+00:00,222.79064826826402,228.93956384689534,2.448919821845131,1.0
2026-04-05 08:25:03+00:00,222.8523403882633,229.17877567775497,2.471638258106125,1.0
2026-04-05 08:25:04+00:00,222.88668606840008,229.39351810861695,2.1758585776641675,1.0
2026-04-05 08:25:05+00:00,222.9166734938236,229.6637189203832,2.7200453292838893,1.0
2026-04-05 08:25:06+00:00,223.05574745076947,229.94249241094047,3.1167684545016674,1.0
2026-04-05 08:25:07+00:00,223.1555450498212,230.1623784491248,2.4158362193912453,1.0
2026-04-05 08:25:08+00:00,223.16254429010166,230.35265147991018,1.905047310973571,1.0
2026-04-05 08:25:09+00:00,223.2434387635749,230.62685287507043,2.8602721327190395,1.0
2026-04-05 08:25:10+00:00,223.3397497588405,230.89110561800868,2.8139158177346753,1.0
2026-04-05 08:25:11+00:00,223.3778812706526,231.15078626547202,2.6260365112822233,1.0
2026-04-05 08:25:12+00:00,223.38809391955746,231.48639411036368,3.3594502296309066,1.0
2026-04-05 08:25:13+00:00,223.4265246592588,231.83537967918247,3.5128218963348425,1.0
2026-04-05 08:25:14+00:00,223.49287426185435,232.10843805057203,2.8114668836993406,1.0
2026-04-05 08:25:15+00:00,223.58016951981043,232.39430263388468,2.9904400248560985,1.0
2026-04-05 08:25:16+00:00,223.68636790335117,232.62585186014255,2.548569478068016,1.0
2026-04-05 08:25:17+00:00,223.7378734071861,232.80846228632717,1.8982980470525082,1.0
2026-04-05 08:25:18+00:00,223.76494665189978,233.02263320518603,2.1598972547252013,1.0
2026-04-05 08:25:19+00:00,223.78940494376772,233.27007915264957,2.487845569637429,1.0
2026-04-05 08:25:20+00:00,223.8156065375351,233.49534174773663,2.269018503504974,1.0
2026-04-05 08:25:21+00:00,223.90115849360458,233.80338968342681,3.1986710811085963,1.0
2026-04-05 08:25:22+00:00,224.00474192431864,234.0682139382115,2.8449552642827958,1.0
2026-04-05 08:25:23+00:00,224.10396710031935,234.38849657390045,3.3546589150319677,1.0
2026-04-05 08:25:24+00:00,224.18834817755948,234.61833126438455,2.4495192726107944,1.0
2026-04-05 08:25:25+00:00,224.2064056849383,234.85411402377446,2.366001456709985,1.0
2026-04-05 08:25:26+00:00,224.33733555550856,235.14340767863567,3.1768716761771234,1.0
2026-04-05 08:25:27+00:00,224.4054284599969,235.39428269756894,2.6008211050208803,1.0
2026-04-05 08:25:28+00:00,224.46159144643437,235.61073966420466,2.237371980624862,1.0
2026-04-05 08:25:29+00:00,224.54248591990134,235.88494105944372,2.8602687440175627,1.0
2026-04-05 08:25:30+00:00,224.59690560447135,236.12358137837913,2.448917062506618,1.0
2026-04-05 08:25:31+00:00,224.62572215105246,236.31556894493832,1.9424025895482369,1.0
2026-04-05 08:25:32+00:00,224.7101032282926,236.54540363542242,2.4495178248439307,1.0
2026-04-05 08:25:33+00:00,224.80815752545772,236.78747302598413,2.6129667371144945,1.0
2026-04-05 08:25:34+00:00,224.8614063311792,236.94790009979127,1.6911556410321467,1.0
2026-04-05 08:25:35+00:00,224.91465513688772,237.1083271735974,1.6911555691915219,1.0
2026-04-05 08:25:36+00:00,224.89517958826505,237.26303912815797,1.5601797226274177,1.0
2026-04-05 08:25:37+00:00,224.92195360507037,237.38790512573928,1.277698070620282,1.0
2026-04-05 08:25:38+00:00,224.9769457126784,237.52614884716888,1.4884962118707477,1.0
2026-04-05 08:25:39+00:00,225.04735434208507,237.6544439162977,1.4640788419332715,1.0
2026-04-05 08:25:40+00:00,225.12416375599375,237.7944021735011,1.5971768120983791,1.0
2026-04-05 08:25:41+00:00,225.1651834157812,237.83110627357647,0.5505983709683234,1.0
2026-04-05 08:25:42+00:00,225.16635429461067,237.9093195187826,0.7826445467117652,1.0
2026-04-05 08:25:43+00:00,225.1622952678058,238.05408282096448,1.4489913618185737,1.0
2026-04-05 08:25:44+00:00,225.1820960770712,238.26768222797696,2.1462988977006967,1.0
2026-04-05 08:25:45+00:00,225.25163305555057,238.4070689732561,1.5583779511025584,1.0
2026-04-05 08:25:46+00:00,225.28946533946043,238.57744469936304,1.746148934522737,1.0
2026-04-05 08:25:47+00:00,225.3307842271243,238.70345372079285,1.3267497600905744,1.0
2026-04-05 08:25:48+00:00,225.39944955465734,238.85393214230012,1.654793516161523,1.0
2026-04-05 08:25:49+00:00,225.44338339516082,238.94666613520414,1.0266055812873207,1.0
2026-04-05 08:25:50+00:00,225.49197471826685,239.07324666855914,1.3565066259205714,1.0
2026-04-05 08:25:51+00:00,225.49140229522885,239.1736432660649,1.0045284422087968,1.0
2026-04-05 08:25:52+00:00,225.46086847950164,239.28284549209982,1.13450881302998,1.0
2026-04-05 08:25:53+00:00,225.48385666463795,239.3627732730008,0.8320925413681853,1.0
2026-04-05 08:25:54+00:00,225.49317162985594,239.43046635390397,0.6836703758815793,1.0
2026-04-05 08:25:55+00:00,225.53070468587038,239.51153715873434,0.893777722914591,1.0
2026-04-05 08:25:56+00:00,225.59558418173432,239.61707736356146,1.2393778762407903,1.0
2026-04-05 08:25:57+00:00,225.63311723774203,239.69814816831195,0.8937776531647363,1.0
2026-04-05 08:25:58+00:00,225.6988683845591,239.7925966969907,1.151257002029911,1.0
2026-04-05 08:25:59+00:00,225.7611329275963,239.9314119303446,1.5220889707546195,1.0
2026-04-05 08:26:00+00:00,225.81321085446922,240.01362575902345,0.9735928090775547,1.0
2026-04-05 08:26:01+00:00,225.82892660417627,240.09298202800022,0.8093927502897162,1.0
2026-04-05 08:26:02+00:00,225.83009748301862,240.1711952732073,0.7826445196383663,1.0
2026-04-05 08:26:03+00:00,225.83766914635007,240.261071706488,0.9024311254149536,1.0
2026-04-05 08:26:04+00:00,225.8533848960571,240.3404279754648,0.80939272409935,1.0
2026-04-05 08:26:05+00:00,225.87084394764446,240.39760089214283,0.5980868435278776,1.0
2026-04-05 08:26:06+00:00,225.88830299924476,240.45477380882195,0.598086835519966,1.0
2026-04-05 08:26:07+00:00,225.89761796444984,240.52246688972414,0.6836703163462979,1.0
2026-04-05 08:26:08+00:00,225.9022754470653,240.5563134301762,0.34183515632162254,1.0
2026-04-05 08:26:09+00:00,225.93950927517747,240.54807931365013,0.38140180135328294,1.0
2026-04-05 08:26:10+00:00,225.97587145234957,240.55093687327343,0.3647948882053205,1.0
2026-04-05 08:26:11+00:00,225.98401553872517,240.54041670896953,0.1330978645766571,1.0
2026-04-05 08:26:12+00:00,225.9857588406055,240.51823335667086,0.22263898102443777,1.0
2026-04-05 08:26:13+00:00,226.00030371147696,240.51937638052036,0.14591796411261757,1.0
2026-04-05 08:26:14+00:00,225.97034231880687,240.52818200897173,0.3123463428557153,1.0
2026-04-05 08:26:15+00:00,225.9939029269941,240.50771319236796,0.31221023659155356,1.0
2026-04-05 08:26:16+00:00,225.9549257969953,240.53813066127154,0.49457415330013865,1.0
2026-04-05 08:26:17+00:00,225.9348517925621,240.51423277319805,0.31221023303211487,1.0
2026-04-05 08:26:18+00:00,225.93398014162193,240.5253244493474,0.11131949051221889,1.0
2026-04-05 08:26:19+00:00,225.93398014162193,240.5253244493474,0.0,1.0
2026-04-05 08:26:20+00:00,225.9348517925621,240.51423277319805,0.11131949051221889,1.0
2026-04-05 08:26:21+00:00,225.8912171799608,240.51080370165053,0.43775389220825156,1.0
2026-04-05 08:26:22+00:00,225.93398014162193,240.5253244493474,0.45168628395311444,1.0
2026-04-05 08:26:23+00:00,225.93398014162193,240.5253244493474,0.0,1.0
2026-04-05 08:26:24+00:00,225.93398014162193,240.5253244493474,0.0,1.0
2026-04-05 08:26:25+00:00,225.93398014162193,240.5253244493474,0.0,1.0
2026-04-05 08:26:26+00:00,225.93398014162193,240.5253244493474,0.0,1.0
2026-04-05 08:26:27+00:00,225.93398014162193,240.5253244493474,0.0,1.0
2026-04-05 08:26:28+00:00,225.93398014162193,240.5253244493474,0.0,1.0
2026-04-05 08:26:29+00:00,225.93398014162193,240.5253244493474,0.0,1.0
2026-04-05 08:26:30+00:00,225.93398014162193,240.5253244493474,0.0,1.0
2026-04-05 08:26:31+00:00,225.93398014162193,240.5253244493474,0.0,1.0
2026-04-05 08:26:32+00:00,225.93398014162193,240.5253244493474,0.0,1.0
2026-04-05 08:26:33+00:00,225.93398014162193,240.5253244493474,0.0,1.0
2026-04-05 08:26:34+00:00,225.93398014162193,240.5253244493474,0.0,1.0
2026-04-05 08:26:35+00:00,225.93398014162193,240.5253244493474,0.0,1.0
2026-04-05 08:26:36+00:00,225.93398014162193,240.5253244493474,0.0,1.0
2026-04-05 08:26:37+00:00,225.93398014162193,240.5253244493474,0.0,1.0
2026-04-05 08:26:38+00:00,225.93398014162193,240.5253244493474,0.0,1.0
2026-04-05 08:26:39+00:00,225.93398014162193,240.5253244493474,0.0,1.0
2026-04-05 08:26:40+00:00,225.93398014162193,240.5253244493474,0.0,1.0
2026-04-05 08:26:41+00:00,225.93398014162193,240.5253244493474,0.0,1.0
2026-04-05 08:26:42+00:00,225.93398014162193,240.5253244493474,0.0,1.0
2026-04-05 08:26:43+00:00,225.93398014162193,240.5253244493474,0.0,1.0
2026-04-05 08:26:44+00:00,225.93398014162193,240.5253244493474,0.0,1.0
2026-04-05 08:26:45+00:00,225.93398014162193,240.5253244493474,0.0,1.0
2026-04-05 08:26:46+00:00,225.93398014162193,240.5253244493474,0.0,1.0
2026-04-05 08:26:47+00:00,225.93398014162193,240.5253244493474,0.0,1.0
2026-04-05 08:26:48+00:00,225.93398014162193,240.5253244493474,0.0,1.0
2026-04-05 08:26:49+00:00,225.93398014162193,240.5253244493474,0.0,1.0
2026-04-05 08:26:50+00:00,225.93398014162193,240.5253244493474,0.0,1.0
2026-04-05 08:26:51+00:00,225.93398014162193,240.5253244493474,0.0,1.0
2026-04-05 08:26:52+00:00,225.93398014162193,240.5253244493474,0.0,1.0
2026-04-05 08:26:53+00:00,225.93398014162193,240.5253244493474,0.0,1.0
2026-04-05 08:26:54+00:00,225.93398014162193,240.5253244493474,0.0,1.0
2026-04-05 08:26:55+00:00,225.93398014162193,240.5253244493474,0.0,1.0
2026-04-05 08:26:56+00:00,225.93398014162193,240.5253244493474,0.0,1.0
2026-04-05 08:26:57+00:00,225.93398014162193,240.5253244493474,0.0,1.0
2026-04-05 08:26:58+00:00,225.93398014162193,240.5253244493474,0.0,1.0
2026-04-05 08:26:59+00:00,225.93398014162193,240.5253244493474,0.0,1.0
2026-04-05 08:27:00+00:00,225.93398014162193,240.5253244493474,0.0,1.0
2026-04-05 08:27:01+00:00,225.93398014162193,240.5253244493474,0.0,1.0
2026-04-05 08:27:02+00:00,225.93398014162193,240.5253244493474,0.0,1.0
2026-04-05 08:27:03+00:00,225.93398014162193,240.5253244493474,0.0,1.0
2026-04-05 08:27:04+00:00,225.93398014162193,240.5253244493474,0.0,1.0
2026-04-05 08:27:05+00:00,225.93398014162193,240.5253244493474,0.0,1.0
2026-04-05 08:27:06+00:00,225.93398014162193,240.5253244493474,0.0,1.0
2026-04-05 08:27:07+00:00,225.93398014162193,240.5253244493474,0.0,1.0
2026-04-05 08:27:08+00:00,225.93398014162193,240.5253244493474,0.0,1.0
2026-04-05 08:27:09+00:00,225.93398014162193,240.5253244493474,0.0,1.0
2026-04-05 08:27:10+00:00,225.93398014162193,240.5253244493474,0.0,1.0
2026-04-05 08:27:11+00:00,225.93398014162193,240.5253244493474,0.0,1.0
2026-04-05 08:27:12+00:00,225.93398014162193,240.5253244493474,0.0,1.0
2026-04-05 08:27:13+00:00,225.93398014162193,240.5253244493474,0.0,1.0
2026-04-05 08:27:14+00:00,225.93398014162193,240.5253244493474,0.0,1.0
2026-04-05 08:27:15+00:00,225.93398014162193,240.5253244493474,0.0,1.0
2026-04-05 08:27:16+00:00,225.93398014162193,240.5253244493474,0.0,1.0
2026-04-05 08:27:17+00:00,225.93398014162193,240.5253244493474,0.0,1.0
2026-04-05 08:27:18+00:00,225.93398014162193,240.5253244493474,0.0,1.0
2026-04-05 08:27:19+00:00,225.93398014162193,240.5253244493474,0.0,1.0
2026-04-05 08:27:20+00:00,225.84902664134384,240.3958863563691,1.5488785245795402,1.0
2026-04-05 08:27:21+00:00,225.8426258568548,240.38422316829548,0.13309787437212722,1.0
2026-04-05 08:27:22+00:00,225.8426258568548,240.38422316829548,0.0,1.0
2026-04-05 08:27:23+00:00,225.8426258568548,240.38422316829548,0.0,1.0
2026-04-05 08:27:24+00:00,225.8426258568548,240.38422316829548,0.0,1.0
2026-04-05 08:27:25+00:00,225.8426258568548,240.38422316829548,0.0,1.0
2026-04-05 08:27:26+00:00,225.8426258568548,240.38422316829548,0.0,1.0
2026-04-05 08:27:27+00:00,225.8426258568548,240.38422316829548,0.0,1.0
2026-04-05 08:27:28+00:00,225.8426258568548,240.38422316829548,0.0,1.0
2026-04-05 08:27:29+00:00,225.8426258568548,240.38422316829548,0.0,1.0
2026-04-05 08:27:30+00:00,225.80073454612707,240.35861074436946,0.4911177773955048,1.0
2026-04-05 08:27:31+00:00,225.7178235756248,240.29629422036905,1.0374560268270288,1.0
2026-04-05 08:27:32+00:00,225.65847321330355,240.21350887984377,1.0190062767611046,1.0
2026-04-05 08:27:33+00:00,225.6328700753338,240.16685612738974,0.5323915472168508,1.0
2026-04-05 08:27:34+00:00,225.62734094178495,240.14410126316682,0.2342885723513577,1.0
2026-04-05 08:27:35+00:00,225.61541102374645,240.10968321071164,0.36444525044219345,1.0
2026-04-05 08:27:36+00:00,225.5953370193261,240.0857853226392,0.3122103440462175,1.0
2026-04-05 08:27:37+00:00,225.5834071012814,240.05136727026283,0.364445255592733,1.0
2026-04-05 08:27:38+00:00,225.57147718323674,240.0169492178865,0.3644452591179401,1.0
2026-04-05 08:27:39+00:00,225.5496598769361,240.01523468211272,0.21887713100001513,1.0
2026-04-05 08:27:40+00:00,225.5351150060647,240.0140916582632,0.14591808737654385,1.0
2026-04-05 08:27:41+00:00,225.51882683331294,240.03513198671237,0.2661958002960014,1.0
2026-04-05 08:27:42+00:00,225.52988510041126,240.0806417153169,0.4685771562996277,1.0
2026-04-05 08:27:43+00:00,225.54355832034247,240.09287641531574,0.18353231882300342,1.0
2026-04-05 08:27:44+00:00,225.54908745388516,240.1156312796175,0.23428857584480084,1.0
2026-04-05 08:27:45+00:00,225.56741815643187,240.16171252006842,0.496164937675244,1.0
2026-04-05 08:27:46+00:00,225.57934807447654,240.1961305724448,0.36444524736724976,1.0
2026-04-05 08:27:47+00:00,225.57294728997454,240.18446738437015,0.13309788731334576,1.0
2026-04-05 08:27:48+00:00,225.57207563903435,240.1955590605195,0.11131949051221889,1.0
2026-04-05 08:27:49+00:00,225.60029372983087,240.20893678444673,0.31234648584981656,1.0
2026-04-05 08:27:50+00:00,225.61309529882186,240.23226316059493,0.2661957729468772,1.0
2026-04-05 08:27:51+00:00,225.62764016968038,240.23340618444342,0.14591803148469998,1.0
2026-04-05 08:27:52+00:00,225.63404095417619,240.24506937259682,0.1330978855617359,1.0
2026-04-05 08:27:53+00:00,225.64218504055177,240.23454920829292,0.1330978846863076,1.0
2026-04-05 08:27:54+00:00,225.64218504055177,240.23454920829292,0.0,1.0
2026-04-05 08:27:55+00:00,225.64945747599396,240.2351207202182,0.07295901587195124,1.0
2026-04-05 08:27:56+00:00,225.65760156236337,240.2246005559931,0.13309788482914545,1.0
2026-04-05 08:27:57+00:00,225.65672991142318,240.23569223214244,0.11131949051221889,1.0
2026-04-05 08:27:58+00:00,225.65760156236337,240.2246005559931,0.11131949051221889,1.0
2026-04-05 08:27:59+00:00,225.66574564874574,240.21408039176904,0.13309788570457376,1.0
2026-04-05 08:28:00+00:00,225.67301808417497,240.2146519036933,0.07295901867720524,1.0
2026-04-05 08:28:01+00:00,225.68116217055055,240.20413173938937,0.13309788709946563,1.0
2026-04-05 08:28:02+00:00,225.68203382149073,240.19304006324,0.11131949051221889,1.0
2026-04-05 08:28:03+00:00,225.68203382149073,240.19304006324,0.0,1.0
2026-04-05 08:28:04+00:00,225.68203382149073,240.19304006324,0.0,1.0
2026-04-05 08:28:05+00:00,225.68203382149073,240.19304006324,0.0,1.0
2026-04-05 08:28:06+00:00,225.68203382149073,240.19304006324,0.0,1.0
2026-04-05 08:28:07+00:00,225.68203382149073,240.19304006324,0.0,1.0
2026-04-05 08:28:08+00:00,225.68203382149073,240.19304006324,0.0,1.0
2026-04-05 08:28:09+00:00,225.68203382149073,240.19304006324,0.0,1.0
2026-04-05 08:28:10+00:00,225.68203382149073,240.19304006324,0.0,1.0
2026-04-05 08:28:11+00:00,225.68203382149073,240.19304006324,0.0,1.0
2026-04-05 08:28:12+00:00,225.68203382149073,240.19304006324,0.0,1.0
2026-04-05 08:28:13+00:00,225.68203382149073,240.19304006324,0.0,1.0
2026-04-05 08:28:14+00:00,225.68203382149073,240.19304006324,0.0,1.0
2026-04-05 08:28:15+00:00,225.68203382149073,240.19304006324,0.0,1.0
2026-04-05 08:28:16+00:00,225.68203382149073,240.19304006324,0.0,1.0
2026-04-05 08:28:17+00:00,225.68203382149073,240.19304006324,0.0,1.0
2026-04-05 08:28:18+00:00,225.68203382149073,240.19304006324,0.0,1.0
2026-04-05 08:28:19+00:00,225.68203382149073,240.19304006324,0.0,1.0
2026-04-05 08:28:20+00:00,225.68203382149073,240.19304006324,0.0,1.0
2026-04-05 08:28:21+00:00,225.68203382149073,240.19304006324,0.0,1.0
2026-04-05 08:28:22+00:00,225.68203382149073,240.19304006324,0.0,1.0
2026-04-05 08:28:23+00:00,225.68203382149073,240.19304006324,0.0,1.0
2026-04-05 08:28:24+00:00,225.68203382149073,240.19304006324,0.0,1.0
2026-04-05 08:28:25+00:00,225.68203382149073,240.19304006324,0.0,1.0
2026-04-05 08:28:26+00:00,225.68203382149073,240.19304006324,0.0,1.0
2026-04-05 08:28:27+00:00,225.68203382149073,240.19304006324,0.0,1.0
2026-04-05 08:28:28+00:00,225.68203382149073,240.19304006324,0.0,1.0
2026-04-05 08:32:58+00:00,225.9351510204704,240.60353769447568,4.8245774135760495,270.0
2026-04-05 08:32:59+00:00,225.97238484858266,240.5953035779496,0.3814017732826066,1.0
2026-04-05 08:33:00+00:00,225.96889824481576,240.6396702826258,0.4452779628398481,1.0
2026-04-05 08:33:01+00:00,225.9747266062607,240.751730068284,1.1227176611523315,1.0
2026-04-05 08:33:02+00:00,226.12368795147546,240.99780004223965,2.877630332676178,1.0
2026-04-05 08:33:03+00:00,226.17462103225947,241.28080706592908,2.8770329423416774,1.0
2026-04-05 08:33:04+00:00,226.31660916991518,241.61561044939378,3.6383461542378077,1.0
2026-04-05 08:33:05+00:00,226.4676130449187,241.92880199232843,3.478481399094129,1.0
2026-04-05 08:33:06+00:00,226.59039882910662,242.22861581141373,3.2413278626089057,1.0
2026-04-05 08:33:07+00:00,226.69136730698773,242.52671509480402,3.1488653801531417,1.0
2026-04-05 08:33:08+00:00,226.77866256494374,242.81257967811672,2.9904326864363178,1.0
2026-04-05 08:33:09+00:00,226.888946008049,243.17837204233138,3.822437701317827,1.0
2026-04-05 08:33:10+00:00,226.88112718232236,243.5572035681295,3.7911861243209106,1.0
2026-04-05 08:33:11+00:00,226.90473985599058,244.09474763195897,5.383529913546281,1.0
2026-04-05 08:33:12+00:00,226.98506190641962,244.46934562470378,3.833090453783383,1.0
2026-04-05 08:33:13+00:00,227.00807612430935,244.82827984582238,3.598647207545299,1.0
2026-04-05 08:33:14+00:00,227.09596983805685,245.2927542718469,4.729622408265826,1.0
2026-04-05 08:33:15+00:00,227.13644310753398,245.70886140964362,4.182939164587017,1.0
2026-04-05 08:33:16+00:00,227.20047698521125,246.10449973083757,4.009963619496076,1.0
2026-04-05 08:33:17+00:00,227.32617695011515,246.46034344275145,3.7757306841157607,1.0
2026-04-05 08:33:18+00:00,227.4597217735122,246.71636206908585,2.888795843485965,1.0
2026-04-05 08:33:19+00:00,227.69712322277192,247.04750343134373,4.076005943003391,1.0
2026-04-05 08:33:20+00:00,228.01975136747137,247.31838136771972,4.213787711205302,1.0
2026-04-05 08:33:21+00:00,228.24783785152607,247.58182964907544,3.485828147227456,1.0
2026-04-05 08:33:22+00:00,228.6111864281109,247.80010676417044,4.239618670349366,1.0
2026-04-05 08:33:23+00:00,228.89919569751194,248.04594378854466,3.7876598554142653,1.0
2026-04-05 08:33:24+00:00,229.20319391178165,248.1814355630355,3.3288429106551938,1.0
2026-04-05 08:33:25+00:00,229.5799164804022,248.32264245685278,4.023822463143882,1.0
2026-04-05 08:33:26+00:00,229.90747530285293,248.43766541481872,3.4722154477298792,1.0
2026-04-05 08:33:27+00:00,230.26673881987318,248.52169939195684,3.6901176536644242,1.0
2026-04-05 08:33:28+00:00,230.54687719806645,248.588355061696,2.8799915949530437,1.0
2026-04-05 08:33:29+00:00,230.87296591377938,248.53585985317824,3.303373466368514,1.0
2026-04-05 08:33:30+00:00,231.11674211478763,248.59965796329314,2.520219485325963,1.0
2026-04-05 08:33:31+00:00,231.4032812774638,248.67797682118467,2.9709234114259213,1.0
2026-04-05 08:33:32+00:00,231.64474175354758,248.8643548811828,3.0510188062539463,1.0
2026-04-05 08:33:33+00:00,231.8605990916554,249.00408018880577,2.5719069534908265,1.0
2026-04-05 08:33:34+00:00,232.0729698259963,249.18817220110486,2.8113118169347664,1.0
2026-04-05 08:33:35+00:00,232.30075708214878,249.3623155611041,2.868000655347875,1.0
2026-04-05 08:33:36+00:00,232.4849097256871,249.53302984955485,2.51181158758059,1.0
2026-04-05 08:33:37+00:00,232.6981521109682,249.70603018570463,2.746651860514652,1.0
2026-04-05 08:33:38+00:00,232.9657881480597,249.83866440065103,2.9875397619379784,1.0
2026-04-05 08:33:39+00:00,233.22702340066826,249.95963542744502,2.8793625731814316,1.0
2026-04-05 08:33:40+00:00,233.51909169688716,250.06070914963828,3.0911014582098457,1.0
2026-04-05 08:33:41+00:00,233.79487182036712,250.1828232002818,3.016586816350628,1.0
2026-04-05 08:33:42+00:00,234.07152359477436,250.29384557477493,2.981464169787529,1.0
2026-04-05 08:33:43+00:00,234.29203841549761,250.46741742284996,2.8070310808578363,1.0
2026-04-05 08:33:44+00:00,234.5864484694007,250.72491763529885,3.9123913600075326,1.0
2026-04-05 08:33:45+00:00,234.836924682794,250.88968385492257,2.9987732234317535,1.0
2026-04-05 08:33:46+00:00,235.15838194865114,251.08234854609142,3.7485076154220085,1.0
2026-04-05 08:33:47+00:00,235.5636218359636,251.3262380851125,4.730697951060294,1.0
2026-04-05 08:33:48+00:00,235.82777126928818,251.50323900473506,3.180407201305753,1.0
2026-04-05 08:33:49+00:00,236.0517726937716,251.63244414805408,2.5864585152610826,1.0
2026-04-05 08:33:50+00:00,236.26850168281962,251.76107777952762,2.5207991026183927,1.0
2026-04-05 08:33:51+00:00,236.51810624527278,251.93693567530067,3.054047011882814,1.0
2026-04-05 08:33:52+00:00,236.7394927169424,252.09941584714758,2.7467817895711795,1.0
2026-04-05 08:33:53+00:00,237.00917128380974,252.29917163107189,3.3568361581043202,1.0
2026-04-05 08:33:54+00:00,237.32014270562615,252.3459299962114,3.1450647151809545,1.0
2026-04-05 08:33:55+00:00,237.53308586300506,252.4296254110047,2.288369712842882,1.0
2026-04-05 08:33:56+00:00,237.7343983302415,252.56820769477815,2.4445678432715607,1.0
2026-04-05 08:33:57+00:00,237.94006905220402,252.65133159764827,2.218690490389875,1.0
2026-04-05 08:33:58+00:00,238.24085385784946,252.64148855803293,3.0098425532445976,1.0
2026-04-05 08:33:59+00:00,238.45379701524132,252.72518397282727,2.2883688708354146,1.0
2026-04-05 08:34:00+00:00,238.73219209153507,252.81402299494295,2.9226851138384506,1.0
2026-04-05 08:34:01+00:00,239.04577846616533,252.82750633155462,3.1391467811407328,1.0
2026-04-05 08:34:02+00:00,239.32853179717236,252.86088697276594,2.847519206301744,1.0
2026-04-05 08:34:03+00:00,239.6540480898473,252.90878836175392,3.2906277154553027,1.0
2026-04-05 08:34:04+00:00,240.0400856236858,253.11768833647434,4.390195571008078,1.0
2026-04-05 08:34:05+00:00,240.34874132055808,253.28702665141628,3.5212468262286656,1.0
2026-04-05 08:34:06+00:00,240.59834588301123,253.46288454718933,3.0540421052126057,1.0
2026-04-05 08:34:07+00:00,240.70715921937867,253.66115874492036,2.2626492780262986,1.0
2026-04-05 08:34:08+00:00,240.84244734466222,253.89499401887724,2.702620756907744,1.0
2026-04-05 08:34:09+00:00,241.03417165154488,254.15558474060964,3.2363867245947127,1.0
2026-04-05 08:34:10+00:00,241.1633582202157,254.4670617478473,3.373593416909956,1.0
2026-04-05 08:34:11+00:00,241.18141572761365,254.70284450715945,2.365999579198135,1.0
2026-04-05 08:34:12+00:00,241.18784254484325,254.9935141354496,2.908981925794536,1.0
2026-04-05 08:34:13+00:00,241.2812393594059,255.20173698556027,2.2831202366906096,1.0
2026-04-05 08:34:14+00:00,241.34554643221892,255.40767378789207,2.1584880557673904,1.0
2026-04-05 08:34:15+00:00,241.36068975888182,255.58742665445345,1.8048610587646559,1.0
2026-04-05 08:34:16+00:00,241.33249770082588,255.85305537074288,2.6726637398768758,1.0
2026-04-05 08:34:17+00:00,241.2353671200949,256.15790718446596,3.2011911780136755,1.0
2026-04-05 08:34:18+00:00,241.11990583683018,256.41667775773914,2.83502224064922,1.0
2026-04-05 08:34:19+00:00,241.01288786783036,256.7542330880638,3.542991720383795,1.0
2026-04-05 08:34:20+00:00,240.89132502797202,257.09064539454,3.5788657825293155,1.0
2026-04-05 08:34:21+00:00,240.85033140092509,257.3329477346812,2.45878964322641,1.0
2026-04-05 08:34:22+00:00,240.7249827293977,257.6244218244771,3.174435521635596,1.0
2026-04-05 08:34:23+00:00,240.58247423417885,257.94802791903015,3.5377166564325266,1.0
2026-04-05 08:34:24+00:00,240.42890747184885,258.22612428497774,3.1782961844272775,1.0
2026-04-05 08:34:25+00:00,240.29192811017268,258.57248524383255,3.7265324532964983,1.0
2026-04-05 08:34:26+00:00,240.07320865683,258.9347429238142,4.2335945491254,1.0
2026-04-05 08:34:27+00:00,240.01505520609777,259.20917726863377,2.806792683553454,1.0
2026-04-05 08:34:28+00:00,239.8969789699996,259.5012228703539,3.1517172045426256,1.0
2026-04-05 08:34:29+00:00,239.6619713438989,259.88452087886355,4.498115468176585,1.0
2026-04-05 08:34:30+00:00,239.4391668310046,260.1125354208894,3.1891549269003603,1.0
2026-04-05 08:34:31+00:00,239.19163083106773,260.28280553431085,3.005278284976582,1.0
2026-04-05 08:34:32+00:00,238.89697361476274,260.49401328086094,3.6264027401335555,1.0
2026-04-05 08:34:33+00:00,238.5979581437444,260.7606794083154,4.007856929005805,1.0
2026-04-05 08:34:34+00:00,238.33326232011623,260.963081526494,3.3331348203730293,1.0
2026-04-05 08:34:35+00:00,238.10841527743938,261.12397449946207,2.765628170739983,1.0
2026-04-05 08:34:36+00:00,237.94961860944963,261.46862092254213,3.79657369107188,1.0
2026-04-05 08:34:37+00:00,237.8341573261911,261.72739149573647,2.8350190552421,1.0
2026-04-05 08:34:38+00:00,237.74574325486756,261.9213265477287,2.1324351825738828,1.0
2026-04-05 08:34:39+00:00,237.62271030827765,262.0902206876424,2.0904422887164107,1.0
2026-04-05 08:34:40+00:00,237.49501987906606,262.22526828718276,1.8592586660364083,1.0
2026-04-05 08:34:41+00:00,237.39001840711438,262.35093874626983,1.638283838302245,1.0
2026-04-05 08:34:42+00:00,237.3077058924036,262.4672320649812,1.4253759677520283,1.0
2026-04-05 08:34:43+00:00,237.22452172673962,262.59461705984097,1.522075254731478,1.0
2026-04-05 08:34:44+00:00,237.04069434384405,262.7922141329633,2.6998483824160027,1.0
2026-04-05 08:34:45+00:00,236.80538748984122,263.08620722011653,3.767181885220298,1.0
2026-04-05 08:34:46+00:00,236.63087507216363,263.3514973741419,3.1768353981239117,1.0
2026-04-05 08:34:47+00:00,236.5573050996198,263.63588037126135,2.939016601470773,1.0
2026-04-05 08:34:48+00:00,236.46017451887596,263.94073218498346,3.20118873327311,1.0
2026-04-05 08:34:49+00:00,236.33016836473982,264.19835973440706,2.8871073936403766,1.0
2026-04-05 08:34:50+00:00,236.1573992489359,264.441466536054,2.9837289811522534,1.0
2026-04-05 08:34:51+00:00,235.96019787400456,264.71613383045405,3.382722512544253,1.0
2026-04-05 08:34:52+00:00,235.7039453646541,264.9973207056852,3.805797489084785,1.0
2026-04-05 08:34:53+00:00,235.34005039775892,265.15844662831154,3.9805112909276414,1.0
2026-04-05 08:34:54+00:00,235.08319943261705,265.26102366083086,2.76628060947151,1.0
2026-04-05 08:34:55+00:00,234.79085794124947,265.3496514574987,3.0552912425049183,1.0
2026-04-05 08:34:56+00:00,234.7166895129081,265.4554246119851,1.2924122588550389,1.0
2026-04-05 08:34:57+00:00,234.63089039443037,265.61608463537266,1.822213299299261,1.0
2026-04-05 08:34:58+00:00,234.56342197848022,265.822825899289,2.1758509058039195,1.0
2026-04-05 08:34:59+00:00,234.51137008434785,266.0196185108267,2.0366838038597233,1.0
2026-04-05 08:35:00+00:00,234.71559673230024,266.2142306874287,2.821815445100969,1.0
2026-04-05 08:35:01+00:00,234.89509189323599,266.35109843542836,2.2577572863346926,1.0
2026-04-05 08:35:02+00:00,235.1973468056192,266.50877356229677,3.4096644604932234,1.0
2026-04-05 08:35:03+00:00,235.45392457562528,266.59589804863964,2.7100017906543075,1.0
2026-04-05 08:35:04+00:00,235.689556690245,266.6702163230574,2.4710387756487884,1.0
2026-04-05 08:35:05+00:00,235.97843761059914,266.90496167128333,3.72323222809872,1.0
2026-04-05 08:35:06+00:00,236.27720591921542,267.10700350282787,3.6074509497603358,1.0
2026-04-05 08:35:07+00:00,236.62775292680914,267.30195424177464,4.01179543681188,1.0
2026-04-05 08:35:08+00:00,236.85671106181022,267.5543108469022,3.408476551455035,1.0
2026-04-05 08:35:09+00:00,237.00945823868116,267.84531903753714,3.2879757183364693,1.0
2026-04-05 08:35:10+00:00,237.02868662489564,268.15931504205435,3.1475325182774356,1.0
2026-04-05 08:35:11+00:00,237.02492682598,268.3933832655917,2.342258482375218,1.0
2026-04-05 08:35:12+00:00,237.0659725185081,268.70909380588364,3.1853528604811503,1.0
2026-04-05 08:35:13+00:00,237.23792204885297,269.03509156081924,3.687200178954743,1.0
2026-04-05 08:35:14+00:00,237.3316180913048,269.3326193322853,3.1208279748816854,1.0
2026-04-05 08:35:15+00:00,237.402625176522,269.6395242440482,3.151711888578643,1.0
2026-04-05 08:35:16+00:00,237.40324966505403,270.09714052697655,4.578652923289688,1.0
2026-04-05 08:35:17+00:00,237.38320169338047,270.3522490790419,2.560348288108815,1.0
2026-04-05 08:35:18+00:00,237.40272930749705,270.7555500049155,4.039909659760388,1.0
2026-04-05 08:35:19+00:00,237.51331197849166,271.2106472904856,4.685747165619747,1.0
2026-04-05 08:35:20+00:00,237.54912776536622,271.59290788783125,3.8413934093972006,1.0
2026-04-05 08:35:21+00:00,237.73826315214973,272.16578007830606,6.035747285002945,1.0
2026-04-05 08:35:22+00:00,238.07660704655623,272.5160142836589,4.871114386542469,1.0
2026-04-05 08:35:23+00:00,238.43385406654122,272.8119331320357,4.640002726023884,1.0
2026-04-05 08:35:24+00:00,238.79894594501255,273.0080268947532,4.1448774661429155,1.0
2026-04-05 08:35:25+00:00,239.1721819098533,273.1936004932456,4.168870905946737,1.0
2026-04-05 08:35:26+00:00,239.55704856484954,273.32428722275887,4.064958833266103,1.0
2026-04-05 08:35:27+00:00,239.94278687078588,273.4438822761229,4.038962763355358,1.0
2026-04-05 08:35:28+00:00,240.2985637840393,273.57228295793715,3.78282438263771,1.0
2026-04-05 08:35:29+00:00,240.63979582642116,273.699540615902,3.6423296120140325,1.0
2026-04-05 08:35:30+00:00,240.9699696017116,273.7812885453421,3.401763662362491,1.0
2026-04-05 08:35:31+00:00,241.2693103333596,273.8829337794597,3.161632258782142,1.0
2026-04-05 08:35:32+00:00,241.57941010422303,273.94078382074747,3.1547802444808193,1.0
2026-04-05 08:35:33+00:00,241.84413196060464,274.0173881427865,2.7561131898107982,1.0
2026-04-05 08:35:34+00:00,242.11904043312535,274.1505938696571,3.0552519622891143,1.0
2026-04-05 08:35:35+00:00,242.3756182031314,274.237718356,2.7099692275956873,1.0
2026-04-05 08:35:36+00:00,242.59526137290158,274.4223818802234,2.8702499423175047,1.0
2026-04-05 08:35:37+00:00,242.83410689615243,274.64203496882715,3.245757574000115,1.0
2026-04-05 08:35:38+00:00,243.1366610364249,274.8890150170509,3.9065261500486668,1.0
2026-04-05 08:35:39+00:00,243.395580564096,275.13256599372716,3.5556050919904543,1.0
2026-04-05 08:35:40+00:00,243.6108654791659,275.3726878988558,3.2259764113884857,1.0
2026-04-05 08:35:41+00:00,243.9721715259619,275.5238434449719,3.9170042434732197,1.0
2026-04-05 08:35:42+00:00,244.31836027884862,275.7742525647442,4.273491896884644,1.0
2026-04-05 08:35:43+00:00,244.67443642000416,275.9919581679149,4.174298247177433,1.0
2026-04-05 08:35:44+00:00,244.92578428434382,276.14563271131044,2.946562667939429,1.0
2026-04-05 08:35:45+00:00,245.14164162245166,276.2853580189334,2.571812903175684,1.0
2026-04-05 08:35:46+00:00,245.4441957627309,276.53233806723705,3.9065192001158366,1.0
2026-04-05 08:35:47+00:00,245.7266758985892,276.75542022730946,3.6002625107074007,1.0
2026-04-05 08:35:48+00:00,245.93904663293014,276.9395122396086,2.8112243852679306,1.0
2026-04-05 08:35:49+00:00,246.14240162995532,277.14521609236095,2.8933382641773937,1.0
2026-04-05 08:35:50+00:00,246.45280062870793,277.29237105500414,3.4356203428079146,1.0
2026-04-05 08:35:51+00:00,246.6471398884043,277.51968674820876,2.9915897182957742,1.0
2026-04-05 08:35:52+00:00,246.93223497710227,277.70949387975537,3.4256459942880766,1.0
2026-04-05 08:35:53+00:00,247.27025361085992,277.6914167236141,3.3853101825065273,1.0
2026-04-05 08:35:54+00:00,247.58296833454995,277.7159917363751,3.137035503906727,1.0
2026-04-05 08:35:55+00:00,247.89568305824002,277.7405667491361,3.137035503906727,1.0
2026-04-05 08:35:56+00:00,248.22817255845487,277.6997347286929,3.3501992804756022,1.0
2026-04-05 08:35:57+00:00,248.4955093676633,277.74306402220503,2.7084760101765784,1.0
2026-04-05 08:35:58+00:00,248.71746826236472,277.80514759662503,2.305002013035997,1.0
2026-04-05 08:35:59+00:00,249.0130231623567,277.8618546140633,3.0097123198661695,1.0
2026-04-05 08:36:00+00:00,249.27570248894338,277.87133736720216,2.6287132570238523,1.0
2026-04-05 08:36:01+00:00,249.53023772916075,277.8913402845661,2.5534008888722726,1.0
2026-04-05 08:36:02+00:00,249.70594705844036,277.98326981588656,1.9833473259983436,1.0
2026-04-05 08:36:03+00:00,249.80021552393637,278.18040098976803,2.18605138137005,1.0
2026-04-05 08:36:04+00:00,249.82641711770384,278.4056635848551,2.2690119790801204,1.0
2026-04-05 08:36:05+00:00,249.84534627602898,278.6303546680169,2.256073949144525,1.0
2026-04-05 08:36:06+00:00,249.89570693376209,279.01375828921095,3.869003232501535,1.0
2026-04-05 08:36:07+00:00,250.07550132260005,279.23993095856713,2.8902399302411355,1.0
2026-04-05 08:36:08+00:00,250.1145044853393,279.48851992988006,2.5176118971503745,1.0
2026-04-05 08:36:09+00:00,250.26229495170563,279.65637665870753,2.2371481254791425,1.0
2026-04-05 08:36:10+00:00,250.42956096670738,279.66952143297544,1.6779439914285423,1.0
2026-04-05 08:36:11+00:00,250.60497106807867,279.67214604301824,1.7544332727003555,1.0
2026-04-05 08:36:12+00:00,250.73761820779495,279.6602499052854,1.3319132781176204,1.0
2026-04-05 08:36:13+00:00,250.85310552380014,279.6804857722288,1.1725615859901704,1.0
2026-04-05 08:36:14+00:00,251.07942267321485,279.6871109657444,2.264314805474071,1.0
2026-04-05 08:36:15+00:00,251.19578164017318,279.69625515653956,1.1672654557873379,1.0
2026-04-05 08:36:16+00:00,251.36013347444606,279.6533700379778,1.6987623822300304,1.0
2026-04-05 08:36:17+00:00,251.46164834264374,279.572066283568,1.3009837187211561,1.0
2026-04-05 08:36:18+00:00,251.59516713330027,279.54907846968575,1.3549738617654907,1.0
2026-04-05 08:36:19+00:00,251.7679622818448,279.5849781082554,1.764997036527177,1.0
2026-04-05 08:36:20+00:00,251.94977316770508,279.59926590637184,1.8238527881719493,1.0
2026-04-05 08:36:21+00:00,252.19529267059372,279.640880664188,2.490411547875288,1.0
2026-04-05 08:36:22+00:00,252.32096660277008,279.71771793588624,1.4732748828412252,1.0
2026-04-05 08:36:23+00:00,252.4277374093616,279.8488705646394,1.6917282541909617,1.0
2026-04-05 08:36:24+00:00,252.25090926673988,280.23674066846723,4.264855090973939,1.0
2026-04-05 08:36:25+00:00,252.14272041890442,280.4960827536647,2.8114442145858285,1.0
2026-04-05 08:36:26+00:00,252.01097096288794,280.775893655387,3.094273073755347,1.0
2026-04-05 08:36:27+00:00,251.87486325215818,281.11116293801365,3.620255913199615,1.0
2026-04-05 08:36:28+00:00,251.79432007207447,281.48427934456424,3.819159193973741,1.0
2026-04-05 08:36:29+00:00,251.7227926293003,281.83578391074025,3.589016481767032,1.0
2026-04-05 08:36:30+00:00,252.00061528255614,282.02501953036176,3.362115576520367,1.0
2026-04-05 08:36:31+00:00,252.22374505610617,282.16531634990986,2.6361763181378315,1.0
2026-04-05 08:36:32+00:00,252.4032402170418,282.30218409790956,2.257715421824381,1.0
2026-04-05 08:36:33+00:00,252.53910076536343,282.43562277436064,1.9048191511053874,1.0
2026-04-05 08:36:34+00:00,252.65401565833065,282.55625523880985,1.6665331746656507,1.0
2026-04-05 08:36:35+00:00,252.71162271876545,282.66122393171264,1.1978548890949199,1.0
2026-04-05 08:36:36+00:00,252.7334660578066,282.94194490770303,2.8172005532025537,1.0
2026-04-05 08:36:37+00:00,252.83296442896898,283.07252602453184,1.6422360934204734,1.0
2026-04-05 08:36:38+00:00,252.9336336789479,283.28132038656577,2.318945902914697,1.0
2026-04-05 08:36:39+00:00,253.02790214445687,283.4784515604483,2.186046400747078,1.0
2026-04-05 08:36:40+00:00,253.10209660553878,283.6516848461785,1.8853666995214073,1.0
2026-04-05 08:36:41+00:00,253.2824894501615,284.05646735816657,4.433534475113216,1.0
2026-04-05 08:36:42+00:00,253.41982010521468,284.3574242011802,3.3095264868141445,1.0
2026-04-05 08:36:43+00:00,253.5452208422423,284.6239629917397,2.9469083261343187,1.0
2026-04-05 08:36:44+00:00,253.78842462021254,284.78815769936034,2.9349545452943104,1.0
2026-04-05 08:36:45+00:00,254.09795196801872,284.9464043382317,3.476814955677746,1.0
2026-04-05 08:36:46+00:00,254.36297305228973,285.11231358162615,3.1272214648941477,1.0
2026-04-05 08:36:47+00:00,254.53170917402315,285.2929765224565,2.4727680223576276,1.0
2026-04-05 08:36:48+00:00,254.75688147733598,285.5003949109816,3.062216348941161,1.0
2026-04-05 08:36:49+00:00,254.93929081900686,285.69329255173204,2.6556050949125534,1.0
2026-04-05 08:36:50+00:00,255.10977024261396,285.8517721401839,2.328222850526746,1.0
2026-04-05 08:36:51+00:00,255.23312844985279,286.0511893617645,2.345763407959682,1.0
2026-04-05 08:36:52+00:00,255.4385259766538,286.3240147834947,3.41613842666796,1.0
2026-04-05 08:36:53+00:00,255.66252740114393,286.45321992689355,2.586332116871355,1.0
2026-04-05 08:36:54+00:00,255.8583107348376,286.5690473463653,2.2751572949055716,1.0
2026-04-05 08:36:55+00:00,256.0061012012039,286.73690407519274,2.2371343671338413,1.0
2026-04-05 08:36:56+00:00,256.022116178813,286.90556526552587,1.6950991935560544,1.0
2026-04-05 08:36:57+00:00,256.0064264618465,287.1052154367658,2.003750834756748,1.0
2026-04-05 08:36:58+00:00,255.93051473162478,287.2331719435508,1.4884715328189277,1.0
2026-04-05 08:36:59+00:00,255.8100967378554,287.36879105501635,1.8143151160493467,1.0
2026-04-05 08:37:00+00:00,255.66671659168344,287.7034888257178,3.642967559393854,1.0
2026-04-05 08:37:01+00:00,255.81306298407156,287.98283382820034,3.1548735940699952,1.0
2026-04-05 08:37:02+00:00,255.92217554832825,288.2704129472868,3.0772380296233828,1.0
2026-04-05 08:37:03+00:00,256.04408968158276,288.5813184426013,3.341054619515144,1.0
2026-04-05 08:37:04+00:00,256.2963352296094,289.00290774998524,4.91477759687539,1.0
2026-04-05 08:37:05+00:00,256.51336344654663,289.22084630281427,3.0765040249552253,1.0
2026-04-05 08:37:06+00:00,256.80398766878733,289.4334082986626,3.601322577423556,1.0
2026-04-05 08:37:07+00:00,257.1175740434237,289.4468916351955,3.138947883009925,1.0
2026-04-05 08:37:08+00:00,257.4989540946469,289.6219450694638,4.196851016313444,1.0
2026-04-05 08:37:09+00:00,257.8538593569539,289.7614374275063,3.8137250888689467,1.0
2026-04-05 08:37:10+00:00,258.14099697542764,290.0183661280309,3.853971715922108,1.0
2026-04-05 08:37:11+00:00,258.4595400605625,290.15500092645004,3.4664793874709448,1.0
2026-04-05 08:37:12+00:00,258.6844131359862,290.2731143936197,2.540392620084306,1.0
2026-04-05 08:37:13+00:00,258.87728228896395,290.3329119202629,2.0194278935133236,1.0
2026-04-05 08:37:14+00:00,259.02068846787637,290.277220589778,1.5386336909490406,1.0
2026-04-05 08:37:15+00:00,259.1518655008419,290.09780628556047,2.2234558875965638,1.0
2026-04-05 08:37:16+00:00,259.32607869064316,289.74321121018056,3.952690772734916,1.0
2026-04-05 08:37:17+00:00,259.40052031412716,289.4477365369119,3.0487002125358633,1.0
2026-04-05 08:37:18+00:00,259.49677924391796,289.15397639933815,3.092895347735053,1.0
2026-04-05 08:37:19+00:00,259.62735782110497,288.79595225240973,3.812880431395703,1.0
2026-04-05 08:37:20+00:00,259.84986310610384,288.47863278910734,3.8771980054289763,1.0
2026-04-05 08:37:21+00:00,260.00604482126056,288.1672613946329,3.485121382364836,1.0
2026-04-05 08:37:22+00:00,260.18347141967325,287.9580011333582,2.744582352131627,1.0
2026-04-05 08:37:23+00:00,260.26286975366196,287.785677921897,1.8982765707077462,1.0
2026-04-05 08:37:24+00:00,260.2009044385201,287.73616760981974,0.7933266990477624,1.0
2026-04-05 08:37:25+00:00,260.0563273807721,287.71364569517726,1.4633029469545367,1.0
2026-04-05 08:37:26+00:00,259.88818971483005,287.7115925970587,1.6816105679640847,1.0
2026-04-05 08:37:27+00:00,259.56994585757826,287.66426272007374,3.217649357423883,1.0
2026-04-05 08:37:28+00:00,259.44691291098826,287.83315685998747,2.090417479087201,1.0
2026-04-05 08:37:29+00:00,259.290431967936,288.0552233331852,2.7177533034039167,1.0
2026-04-05 08:37:30+00:00,259.1278494682902,288.354931539586,3.411253046995093,1.0
2026-04-05 08:37:31+00:00,259.17442429436716,288.6933969441009,3.418338872374244,1.0
2026-04-05 08:37:32+00:00,259.29255259594635,288.9593642228139,2.9114730752185785,1.0
2026-04-05 08:37:33+00:00,259.3661746339903,289.2329941060499,2.835004293573228,1.0
2026-04-05 08:37:34+00:00,259.4235084992634,289.52766431781293,3.003496162912269,1.0
2026-04-05 08:37:35+00:00,259.3426660912842,289.8114758030868,2.9525628716326184,1.0
2026-04-05 08:37:36+00:00,259.1728111562153,290.11061249748457,3.4415400326612327,1.0
2026-04-05 08:37:37+00:00,258.9383759531526,290.39351390848844,3.6755523432464736,1.0
2026-04-05 08:37:38+00:00,258.69288248300455,290.6309055908888,3.4161274941019624,1.0
2026-04-05 08:37:39+00:00,258.48228108330363,290.7036366664298,2.228366434178105,1.0
2026-04-05 08:37:40+00:00,258.16839548076496,290.6008484085406,3.3031490206160528,1.0
2026-04-05 08:37:41+00:00,257.8707980509905,290.47701982204444,3.2236532019624726,1.0
2026-04-05 08:37:42+00:00,257.6081187243975,290.4675370689845,2.62865688481827,1.0
2026-04-05 08:37:43+00:00,257.29104574599415,290.4984204371277,3.185964228477436,1.0
2026-04-05 08:37:44+00:00,257.10373175931875,290.74038421492514,3.06117215463114,1.0
2026-04-05 08:37:45+00:00,256.9801263896718,291.0096749524224,2.9644812429962077,1.0
2026-04-05 08:37:46+00:00,256.79921318749837,291.2633019182945,3.116681053404864,1.0
2026-04-05 08:37:47+00:00,256.57553702365095,291.50240813646866,3.275347113340722,1.0
2026-04-05 08:37:48+00:00,256.2817254255394,291.4235177667316,3.0424034688534127,1.0
2026-04-05 08:37:49+00:00,255.9096603395342,291.31615741336645,3.872740542849832,1.0
2026-04-05 08:37:50+00:00,255.5152055241714,291.3074791218112,3.9457272805817487,1.0
2026-04-05 08:37:51+00:00,255.17748611830308,291.41486119930795,3.544244703517191,1.0
2026-04-05 08:37:52+00:00,254.86972810511764,291.5134376483545,3.2320044763595064,1.0
2026-04-05 08:37:53+00:00,254.5485960999095,291.68908431867976,3.66103309987588,1.0
2026-04-05 08:37:54+00:00,254.3039742806887,291.9153843249298,3.3335049877802567,1.0
2026-04-05 08:37:55+00:00,254.10851620763765,292.1678682670311,3.194263739344945,1.0
2026-04-05 08:37:56+00:00,254.05327693764053,292.4983325046014,3.352309525672801,1.0
2026-04-05 08:37:57+00:00,254.08356359095336,292.8578382377231,3.609715978813202,1.0
2026-04-05 08:37:58+00:00,254.0527565800836,293.1567419825404,3.006511468730844,1.0
2026-04-05 08:37:59+00:00,253.94835356391056,293.4610222843382,3.218589482844706,1.0
2026-04-05 08:38:00+00:00,253.8532655129554,293.8329956670392,3.84138916984598,1.0
2026-04-05 08:38:01+00:00,253.80704198026785,294.14184806423515,3.124619824819427,1.0
2026-04-05 08:38:02+00:00,253.71514130519037,294.3801498209046,2.555375641438366,1.0
2026-04-05 08:38:03+00:00,253.64854454018652,294.5757994085928,2.0677999072323376,1.0
2026-04-05 08:38:04+00:00,253.56740290430517,294.7703059725103,2.1085779175082653,1.0
2026-04-05 08:38:05+00:00,253.3757306629165,295.0677281312121,3.5398723192971353,1.0
2026-04-05 08:38:06+00:00,253.3318228551665,295.25400057852573,1.9147972513548066,1.0
2026-04-05 08:38:07+00:00,253.25795365472058,295.44907865428866,2.087013576477503,1.0
2026-04-05 08:38:08+00:00,253.04269477240416,295.4879631893775,2.187602100365733,1.0
2026-04-05 08:38:09+00:00,252.82016345464564,295.5262762125412,2.2582293953461297,1.0
2026-04-05 08:38:10+00:00,252.5694140461036,295.55121151177866,2.5200202967899736,1.0
2026-04-05 08:38:11+00:00,252.33116697863798,295.51016826596555,2.417689628781976,1.0
2026-04-05 08:38:12+00:00,252.08651912669572,295.4574618319212,2.5027500072454316,1.0
2026-04-05 08:38:13+00:00,251.67869031930385,295.52585376172345,4.13555308607506,1.0
2026-04-05 08:38:14+00:00,251.395364565252,295.592869717938,2.9117095795154193,1.0
2026-04-05 08:38:15+00:00,251.09662228937623,295.6698343266101,3.0852788968030986,1.0
2026-04-05 08:38:16+00:00,250.774618633215,295.8565726730837,3.723105924789009,1.0
2026-04-05 08:38:17+00:00,250.52795428423127,296.01575111035686,2.9363371510825833,1.0
2026-04-05 08:38:18+00:00,250.26761671530954,296.1626948475513,2.990053764127509,1.0
2026-04-05 08:38:19+00:00,250.25279864928942,296.351253342563,1.8924313434535565,1.0
2026-04-05 08:38:20+00:00,250.37062772297932,296.5279156999206,2.1242710617382166,1.0
2026-04-05 08:38:21+00:00,250.47478357674436,296.6923433572005,1.9471166747040007,1.0
2026-04-05 08:38:22+00:00,250.54519220615094,296.82063842632925,1.4640335211035302,1.0
2026-04-05 08:38:23+00:00,250.51640169231038,296.9076572999867,0.9170537535535934,1.0
2026-04-05 08:38:24+00:00,250.47916786419813,296.91589141651275,0.3813675820791701,1.0
2026-04-05 08:38:25+00:00,250.47306630760454,296.99353314971574,0.7792364351674773,1.0
2026-04-05 08:38:26+00:00,250.52950248919063,297.02028859749026,0.6246390701987589,1.0
2026-04-05 08:38:27+00:00,250.55889145882273,297.1118795665447,0.9623611631478647,1.0
2026-04-05 08:38:28+00:00,250.59468121295683,297.2151337236738,1.0933183734811995,1.0
2026-04-05 08:38:29+00:00,250.61505444527313,297.3283365331814,1.150805935737411,1.0
2026-04-05 08:38:30+00:00,250.6546300310566,297.47652890690995,1.5346103595594538,1.0
2026-04-05 08:38:31+00:00,250.58599073627084,297.605056925699,1.4577576815736661,1.0
2026-04-05 08:38:32+00:00,250.52462387692046,297.7341564563336,1.430114669738763,1.0
2026-04-05 08:38:33+00:00,250.52783728554485,297.87949127043976,1.4544898466306388,1.0
2026-04-05 08:38:34+00:00,250.57468530676425,298.0282551561723,1.5604030492893717,1.0
2026-04-05 08:38:35+00:00,250.62327662988318,298.15483568952834,1.356480779104013,1.0
2026-04-05 08:38:36+00:00,250.64277821124645,298.2791301751843,1.2588036474793767,1.0
2026-04-05 08:38:37+00:00,250.64860657269747,298.3911899607637,1.1227157566283084,1.0
2026-04-05 08:38:38+00:00,250.63989006327097,298.5021067225723,1.113194908286079,1.0
2026-04-05 08:38:39+00:00,250.6401892911732,298.5914116439287,0.8935389168504179,1.0
2026-04-05 08:38:40+00:00,250.64223182094895,298.6585332129067,0.6718891136042798,1.0
2026-04-05 08:38:41+00:00,250.61692791088143,298.7011853818091,0.49615509358070337,1.0
2026-04-05 08:38:42+00:00,250.59192322869694,298.8331424721457,1.343778224822109,1.0
2026-04-05 08:38:43+00:00,250.59222245659242,298.9224473934223,0.8935389124570552,1.0
2026-04-05 08:38:44+00:00,250.67979090971014,299.01861045787484,1.3009596311332383,1.0
2026-04-05 08:38:45+00:00,250.6955066594109,299.0979667269304,0.8093866654166586,1.0
2026-04-05 08:38:46+00:00,250.593692563324,299.0899655599848,1.0213214838812283,1.0
2026-04-05 08:38:47+00:00,250.45960134962957,299.2133499713728,1.8227695707135376,1.0
2026-04-05 08:38:48+00:00,250.28944718665227,299.4231817444929,2.702550650576591,1.0
2026-04-05 08:38:49+00:00,250.13500877338888,299.7123697866697,3.2799529107792464,1.0
2026-04-05 08:38:50+00:00,249.95788140287158,300.01093496922095,3.473084325095152,1.0
2026-04-05 08:38:51+00:00,249.81450125669966,300.34563273992234,3.642958726987866,1.0
2026-04-05 08:38:52+00:00,249.74528953886914,300.57455735613735,2.392834711394836,1.0
2026-04-05 08:38:53+00:00,249.72872817096246,300.7852992035265,2.1150703252689667,1.0
2026-04-05 08:38:54+00:00,249.6365282679957,300.9342960388406,1.752936590459683,1.0
2026-04-05 08:38:55+00:00,249.44455679870487,301.1424132761859,2.8323523796568426,1.0
2026-04-05 08:38:56+00:00,249.18887671239867,301.32320355383246,3.1321798286729403,1.0
2026-04-05 08:38:57+00:00,248.9806170703757,301.55236111970777,3.097633596424333,1.0
2026-04-05 08:38:58+00:00,248.84042430006852,301.7533872643766,2.4518451935265757,1.0
2026-04-05 08:38:59+00:00,248.71594727948124,302.0337696780232,3.0692179237009385,1.0
2026-04-05 08:39:00+00:00,248.81342915360838,302.3762356660907,3.5624213278048535,1.0
2026-04-05 08:39:01+00:00,248.93621493779636,302.67604948517595,3.241258380254148,1.0
2026-04-05 08:39:02+00:00,249.06975976119335,302.9320681115103,2.8887160033031947,1.0
2026-04-05 08:39:03+00:00,249.2803871936477,303.13834347618695,2.9488293622364736,1.0
2026-04-05 08:39:04+00:00,249.54279332508574,303.33752774818703,3.2950123109585405,1.0
2026-04-05 08:39:05+00:00,249.8098569391325,303.57055856055933,3.545144025603668,1.0
2026-04-05 08:39:06+00:00,250.15108898152118,303.6978162186039,3.6421521086425477,1.0
2026-04-05 08:39:07+00:00,250.5184965849171,303.77133003143814,3.7470483500136362,1.0
2026-04-05 08:39:08+00:00,250.78321844129255,303.84793435355596,2.755974391585879,1.0
2026-04-05 08:39:09+00:00,251.06422847041307,303.9034983471448,2.864618630130382,1.0
2026-04-05 08:39:10+00:00,251.34902433120885,304.004000557335,3.0202888977012496,1.0
2026-04-05 08:39:11+00:00,251.4895423621458,304.1712857742382,2.1853526385569513,1.0
2026-04-05 08:39:12+00:00,251.60737143582287,304.3479481315948,2.124259761962024,1.0
2026-04-05 08:39:13+00:00,251.6897099832872,304.5106612531009,1.8243427475658212,1.0
2026-04-05 08:39:14+00:00,251.71939818081466,304.691557143432,1.8341060753070364,1.0
2026-04-05 08:39:15+00:00,251.83199734885125,304.9347695578433,2.6812599063854012,1.0
2026-04-05 08:39:16+00:00,252.00160512153107,305.1043408224455,2.3989524313173956,1.0
2026-04-05 08:39:17+00:00,252.00160512153107,305.1043408224455,0.0,1.0
2026-04-05 08:39:18+00:00,252.30331364360387,305.64141898703525,6.1625821390839475,1.0
2026-04-05 08:39:19+00:00,252.358604979114,305.8689676298212,2.342859778059464,1.0
2026-04-05 08:39:20+00:00,252.4365852718521,306.08713913223073,2.317953086407504,1.0
2026-04-05 08:39:21+00:00,252.4427128611925,306.2885038391655,2.0156670258105254,1.0
2026-04-05 08:39:22+00:00,252.52069315394348,306.50667534157606,2.3179527976539003,1.0
2026-04-05 08:39:23+00:00,252.55038135146484,306.6875712319858,1.834105712538977,1.0
2026-04-05 08:39:24+00:00,252.54079319109812,306.80957966994384,1.224514398798298,1.0
2026-04-05 08:39:25+00:00,252.5224885213111,307.04250486963167,2.3377093062934047,1.0
2026-04-05 08:39:26+00:00,252.52891533855365,307.33317449792287,2.9089792111927233,1.0
2026-04-05 08:39:27+00:00,252.52136970796272,307.5223045048588,1.893836888656629,1.0
2026-04-05 08:39:28+00:00,252.52924059919633,307.7014858594959,1.7945069909036886,1.0
2026-04-05 08:39:29+00:00,252.55339966317501,307.859626885604,1.6005879520841575,1.0
2026-04-05 08:39:30+00:00,252.6165358571524,307.9873504428086,1.425346141253115,1.0
2026-04-05 08:39:31+00:00,252.712547624535,308.16229826431254,1.996397317035131,1.0
2026-04-05 08:39:32+00:00,252.81496017641336,308.34890927397,2.1294902789339423,1.0
2026-04-05 08:39:33+00:00,252.86093654669267,308.5087648358518,1.6641603962808618,1.0
2026-04-05 08:39:34+00:00,252.86706413604597,308.7101295427876,2.0156669235281353,1.0
2026-04-05 08:39:35+00:00,252.8697051216132,308.9558609544774,2.458787863704483,1.0
2026-04-05 08:39:36+00:00,252.85371617675747,309.0662062043618,1.1155826479317357,1.0
2026-04-05 08:39:37+00:00,252.811551670881,309.2302952992969,1.6950971492498008,1.0
2026-04-05 08:39:38+00:00,252.75571394507335,309.38214969423325,1.6187711873003308,1.0
2026-04-05 08:39:39+00:00,252.52359446696107,309.5424711553559,2.821687155419331,1.0
2026-04-05 08:39:40+00:00,252.42760873232518,309.64652977398964,1.4161680140613122,1.0
2026-04-05 08:39:41+00:00,252.15591366840968,309.65865886130297,2.71973748878893,1.0
2026-04-05 08:39:42+00:00,251.90952251457466,309.62813577971497,2.4828023002190305,1.0
2026-04-05 08:39:43+00:00,251.6605164079001,309.63088772665276,2.490277815303291,1.0
2026-04-05 08:39:44+00:00,251.43332760754524,309.6353542092865,2.2723878579868986,1.0
2026-04-05 08:39:45+00:00,251.17966401828093,309.6042596157742,2.555681037892882,1.0
2026-04-05 08:39:46+00:00,250.88615164806487,309.6146741673137,2.9370545014752554,1.0
2026-04-05 08:39:47+00:00,250.55627710067662,309.6222311592301,3.2997001687148417,1.0
2026-04-05 08:39:48+00:00,250.22670178117772,309.71909307250183,3.435446651431569,1.0
2026-04-05 08:39:49+00:00,249.91981541893253,309.806577845399,3.1913974114455166,1.0
2026-04-05 08:39:50+00:00,249.59576923299548,309.9261946228946,3.4545785214676203,1.0
2026-04-05 08:39:51+00:00,249.2379758227068,310.009678812319,3.6742943325860984,1.0
2026-04-05 08:39:52+00:00,248.9107162281453,309.9839607757085,3.2827538079370515,1.0
2026-04-05 08:39:53+00:00,248.5677408838701,309.87888647004144,3.5872608532697545,1.0
2026-04-05 08:39:54+00:00,248.21779233206166,309.8625455738852,3.5033735866736846,1.0
2026-04-05 08:39:55+00:00,248.0295806617055,309.8365945876155,1.8999663506592648,1.0
2026-04-05 08:39:56+00:00,247.69766358454157,309.7770300105538,3.372281134026542,1.0
2026-04-05 08:39:57+00:00,247.2997221654118,309.81271842367465,3.9955274721004845,1.0
2026-04-05 08:39:58+00:00,247.00503891636006,309.744919730087,3.023917419526264,1.0
2026-04-05 08:39:59+00:00,246.73160055055797,309.77923216977786,2.7559446104135104,1.0
2026-04-05 08:40:00+00:00,246.4884228053474,309.894043902296,2.6895889722752204,1.0
2026-04-05 08:40:01+00:00,246.10823966570715,310.0762101534514,4.216373415453614,1.0
2026-04-05 08:40:02+00:00,245.87933359620627,310.3818664286792,3.8201984440949888,1.0
2026-04-05 08:40:03+00:00,245.66758735040355,310.6553906992297,3.460416536944532,1.0
2026-04-05 08:40:04+00:00,245.36478604772287,310.8771186100837,3.7539370401365337,1.0
2026-04-05 08:40:05+00:00,244.98081707640745,311.0143466446376,4.077980918593424,1.0
2026-04-05 08:40:06+00:00,244.63203940344073,311.07621899352995,3.5424145993698004,1.0
2026-04-05 08:40:07+00:00,244.36674512402107,311.1000112689967,2.6636777931787456,1.0
2026-04-05 08:40:08+00:00,244.1968641561926,311.12014152325565,1.7107602004936038,1.0
2026-04-05 08:40:09+00:00,244.00720841185216,311.2056788107198,2.0808190847800914,1.0
2026-04-05 08:40:10+00:00,243.8152369425742,311.4137960480661,2.832331478373656,1.0
2026-04-05 08:40:11+00:00,243.63868199509494,311.6119646331116,2.655035869980887,1.0
2026-04-05 08:40:12+00:00,243.46008451785278,311.74301164918023,2.2157209509015594,1.0
2026-04-05 08:40:13+00:00,243.04934152973811,311.75537368607405,4.109384213425972,1.0
2026-04-05 08:40:14+00:00,242.74594177126608,311.79849175421623,3.0646115112404173,1.0
2026-04-05 08:40:15+00:00,242.3997790511199,311.82708907466053,3.473524346577308,1.0
2026-04-05 08:40:16+00:00,242.11645329706192,311.89410503095394,2.911628557669417,1.0
2026-04-05 08:40:17+00:00,241.87880468539407,312.03167162777385,2.746445083048296,1.0
2026-04-05 08:40:18+00:00,241.65600017249295,312.2596861697198,3.1890323569705665,1.0
2026-04-05 08:40:19+00:00,241.47800115102933,312.5693430284993,3.573310591987905,1.0
2026-04-05 08:40:20+00:00,241.307846988065,312.77917480162046,2.702528638461137,1.0
2026-04-05 08:40:21+00:00,241.05943933718797,312.9605365911912,3.0764243454833373,1.0
2026-04-05 08:40:22+00:00,240.7554671556588,313.10405125691693,3.3619696569524695,1.0
2026-04-05 08:40:23+00:00,240.472141401607,313.1710672131316,2.911621867457046,1.0
2026-04-05 08:40:24+00:00,240.12714956030322,313.27787777878297,3.6117924201223564,1.0
2026-04-05 08:40:25+00:00,239.72659318834678,313.34684122043063,4.064683498621212,1.0
2026-04-05 08:40:26+00:00,239.37373045580938,313.2744704314449,3.6021551397750873,1.0
2026-04-05 08:40:27+00:00,239.04529998241847,313.17053914962827,3.4449664766159023,1.0
2026-04-05 08:40:28+00:00,238.6668341119243,313.0515156081896,3.9675651656704023,1.0
2026-04-05 08:40:29+00:00,238.36923668214365,312.9276870217724,3.223527303592808,1.0
2026-04-05 08:40:30+00:00,238.1978856075902,312.7802991095486,2.2606367965935585,1.0
2026-04-05 08:40:31+00:00,237.99976051621854,312.5080451997426,3.36821375451478,1.0
2026-04-05 08:40:32+00:00,237.7556850873142,312.35494216819245,2.881574811383429,1.0
2026-04-05 08:40:33+00:00,237.48077661478732,312.22173644140065,3.0550673334653276,1.0
2026-04-05 08:40:34+00:00,237.1628319854438,312.26371148569336,3.207156458079186,1.0
2026-04-05 08:40:35+00:00,236.8952219810929,312.41008371096353,3.0507756291378008,1.0
2026-04-05 08:40:36+00:00,236.6075379723216,312.53255804816126,3.1270938218740145,1.0
2026-04-05 08:40:37+00:00,236.1898217766671,312.6336534944862,4.298038904431328,1.0
2026-04-05 08:40:38+00:00,235.86547636283444,312.6639653507053,3.2576840110572203,1.0
2026-04-05 08:40:39+00:00,235.65108913145156,312.691758209565,2.16189150191953,1.0
2026-04-05 08:40:40+00:00,235.33140120022148,312.75591660623525,3.2607986115597316,1.0
2026-04-05 08:40:41+00:00,234.97826527254836,312.87324733611166,3.721526339349057,1.0
2026-04-05 08:40:42+00:00,234.64868995304934,312.9701092493834,3.435422458403355,1.0
2026-04-05 08:40:43+00:00,234.3883523841406,313.1170529865789,2.989986255095175,1.0
2026-04-05 08:40:44+00:00,234.14138880725474,313.1869265024956,2.56677775042866,1.0
2026-04-05 08:40:45+00:00,233.77196470681682,313.3252975608202,3.9453064349189795,1.0
2026-04-05 08:40:46+00:00,233.41795712819052,313.453719966845,3.7662068123374914,1.0
2026-04-05 08:40:47+00:00,233.09914084790066,313.50678668736583,3.232165511582713,1.0
2026-04-05 08:40:48+00:00,232.76839464957234,313.52543535543145,3.312787328777944,1.0
2026-04-05 08:40:49+00:00,232.39284295979414,313.46244170682127,3.8080435485637425,1.0
2026-04-05 08:40:50+00:00,232.10456049524436,313.40630620130827,2.937026623446858,1.0
2026-04-05 08:40:51+00:00,231.7563552453095,313.3677819527736,3.5033431706640203,1.0
2026-04-05 08:40:52+00:00,231.41193582704992,313.3741959208404,3.4448506224177264,1.0
2026-04-05 08:40:53+00:00,230.99683458423488,313.4420163386396,4.206229355305073,1.0
2026-04-05 08:40:54+00:00,230.602379768872,313.4333380470842,3.945556536678428,1.0
2026-04-05 08:40:55+00:00,230.18057851366578,313.4001903554534,4.231067625852874,1.0
2026-04-05 08:40:56+00:00,229.85827562961526,313.49762378057153,3.3673599237113767,1.0
2026-04-05 08:40:57+00:00,229.5737789967087,313.4864264917368,2.847204608660654,1.0
2026-04-05 08:40:58+00:00,229.37393663621012,313.51536237444697,2.019339581554057,1.0
2026-04-05 08:40:59+00:00,229.28958159171057,313.56453412417954,0.9765840773296386,1.0
2026-04-05 08:41:00+00:00,229.26457690953228,313.6964912144373,1.3437777517511897,1.0
2026-04-05 08:41:01+00:00,229.44581537235456,313.8111756100595,2.1450327300662146,1.0
2026-04-05 08:41:02+00:00,229.7416695002487,313.9571875488543,3.2995089338029278,1.0
2026-04-05 08:41:03+00:00,229.96392762283944,314.1085760446296,2.6895688370663398,1.0
2026-04-05 08:41:04+00:00,230.1390645290681,314.30090217345474,2.60187737220432,1.0
2026-04-05 08:41:05+00:00,230.27173770152493,314.5680124759385,2.983657251874993,1.0
2026-04-05 08:41:06+00:00,230.28892355796356,314.81488691147774,2.4760416033077814,1.0
2026-04-05 08:41:07+00:00,230.2956496030953,315.19486146112433,3.802397324166804,1.0
2026-04-05 08:41:08+00:00,230.3876023436669,315.5145725848891,3.328314435572669,1.0
2026-04-05 08:41:09+00:00,230.47868343329202,315.845375384882,3.432786201511658,1.0
2026-04-05 08:41:10+00:00,230.48336694864798,316.15822836555077,3.130574380805362,1.0
2026-04-05 08:41:11+00:00,230.5689189047237,316.46627630116205,3.1986156530929155,1.0
2026-04-05 08:41:12+00:00,230.6823897237066,316.69839703934514,2.584762651883397,1.0
2026-04-05 08:41:13+00:00,230.7240078392726,316.91371098213136,2.1941062479680573,1.0
2026-04-05 08:41:14+00:00,230.79618580331933,317.29882913910023,3.920230890565622,1.0
2026-04-05 08:41:15+00:00,230.74734731780512,317.640956564823,3.4578365812916414,1.0
2026-04-05 08:41:16+00:00,230.774147367351,318.0448290026208,4.0497713787645715,1.0
2026-04-05 08:41:17+00:00,230.93068037588424,318.3807754098563,3.7077829550692396,1.0
2026-04-05 08:41:18+00:00,231.10960311378201,318.6180397553616,2.972575403687892,1.0
2026-04-05 08:41:19+00:00,231.19049758724907,318.89224115060074,2.860214520821407,1.0
2026-04-05 08:41:20+00:00,231.43721400172674,319.2910755937618,4.691423709136649,1.0
2026-04-05 08:41:21+00:00,231.71329335309605,319.50249456576074,3.4778890562325198,1.0
2026-04-05 08:41:22+00:00,231.9736569547453,319.6345572687818,2.919648099125167,1.0
2026-04-05 08:41:23+00:00,232.2415922197452,319.8564964050058,3.4798024691967178,1.0
2026-04-05 08:41:24+00:00,232.46850782494462,320.04173144115344,2.929730424114853,1.0
2026-04-05 08:41:25+00:00,232.69803838297744,320.19369144885405,2.753100527037109,1.0
2026-04-05 08:41:26+00:00,232.89237764269302,320.4210071419808,2.9914711044796802,1.0
2026-04-05 08:41:27+00:00,233.03292170637053,320.8672987991006,4.681180904034783,1.0
2026-04-05 08:41:28+00:00,233.18043897758804,321.2248570467892,3.8696141394538595,1.0
2026-04-05 08:41:29+00:00,233.29799485611636,321.591220923007,3.8494191660431656,1.0
2026-04-05 08:41:30+00:00,233.42282317009304,321.9581563110712,3.8776546239794887,1.0
2026-04-05 08:41:31+00:00,233.67215453739746,322.3237157257054,4.426390253849681,1.0
2026-04-05 08:41:32+00:00,233.90955598665724,322.6548570879633,4.07577680920023,1.0
2026-04-05 08:41:33+00:00,234.14317160426083,322.9410602335419,3.695481551842436,1.0
2026-04-05 08:41:34+00:00,234.44311079171328,323.22131531037235,4.105812821103343,1.0
2026-04-05 08:41:35+00:00,234.72123267285832,323.49985585134914,3.9370956836136592,1.0
2026-04-05 08:41:36+00:00,234.91587116045025,323.81647646583036,3.7179402745282473,1.0
2026-04-05 08:41:37+00:00,235.06134590189194,324.10691314454107,3.249623631423113,1.0
2026-04-05 08:41:38+00:00,235.06807194702367,324.48688769418766,3.802396761761036,1.0
2026-04-05 08:41:39+00:00,235.07479799215554,324.86686224383425,3.8023967378289227,1.0
2026-04-05 08:41:40+00:00,235.18012472476283,325.10950314632123,2.6462750887359126,1.0
2026-04-05 08:41:41+00:00,235.34624589366283,325.3234411155987,2.709408583461213,1.0
2026-04-05 08:41:42+00:00,235.57228984792872,325.51976782797544,2.9945557492691264,1.0
2026-04-05 08:41:43+00:00,235.7328818832798,325.71095093302995,2.4974955282605245,1.0
2026-04-05 08:41:44+00:00,235.90889044044872,325.8921853857057,2.526948429038421,1.0
2026-04-05 08:41:45+00:00,236.03952108311685,326.09217411921054,2.389529744923976,1.0
2026-04-05 08:41:46+00:00,236.28680992064545,326.3906119648669,3.876853893816555,1.0
2026-04-05 08:41:47+00:00,236.40319492034436,326.67876259587854,3.1090250399890653,1.0
2026-04-05 08:41:48+00:00,236.4352248755499,327.01608497654394,3.390190874822713,1.0
2026-04-05 08:41:49+00:00,236.3782423036601,327.36873256657054,3.574154394942491,1.0
2026-04-05 08:41:50+00:00,236.36838094814462,327.68044252338973,3.1203583463742723,1.0
2026-04-05 08:41:51+00:00,236.3314723806622,328.05698800148775,3.785565600431109,1.0
2026-04-05 08:41:52+00:00,236.2416142353605,328.36241132713513,3.185338292880479,1.0
2026-04-05 08:41:53+00:00,236.14186870180285,328.7005381693851,3.52716234558477,1.0
2026-04-05 08:41:54+00:00,236.09681604795097,329.0876038117082,3.8989127850791423,1.0
2026-04-05 08:41:55+00:00,236.28592540200688,329.3814695619675,3.4957482518894625,1.0
2026-04-05 08:41:56+00:00,236.5064402227172,329.5550414100415,2.806754907792294,1.0
2026-04-05 08:41:57+00:00,236.77146130698193,329.7209506535147,3.127017738389696,1.0
2026-04-05 08:41:58+00:00,237.1065917927703,329.92585004468253,3.9284444518117225,1.0
2026-04-05 08:41:59+00:00,237.3841152181307,330.0257807430273,2.9497336657602085,1.0
2026-04-05 08:42:00+00:00,237.64477804768833,330.2471483673261,3.420379116883156,1.0
2026-04-05 08:42:01+00:00,237.9528613215164,330.51688327985255,4.095533294827664,1.0
2026-04-05 08:42:02+00:00,238.31155241548575,330.7013138544954,4.033553073130435,1.0
2026-04-05 08:42:03+00:00,238.54952628779643,330.9320586192486,3.31543612213877,1.0
2026-04-05 08:42:04+00:00,238.67201284409504,331.14256751697843,2.436391950544316,1.0
2026-04-05 08:42:05+00:00,238.79915688299013,331.3869229552382,2.7556128520033862,1.0
2026-04-05 08:42:06+00:00,239.0792952611834,331.4535786249774,2.879575139716228,1.0
2026-04-05 08:42:07+00:00,239.32655806595858,331.4730100304161,2.4802034305642193,1.0
2026-04-05 08:42:08+00:00,239.57499174957613,331.57065468106185,2.669417045011093,1.0
2026-04-05 08:42:09+00:00,239.81993882943294,331.712666036305,2.8316093678254677,1.0
2026-04-05 08:42:10+00:00,239.96655841695062,331.8023095200042,1.718690135080911,1.0
2026-04-05 08:42:11+00:00,240.00147652014448,331.9166553532826,1.1961476001923268,1.0
2026-04-05 08:42:12+00:00,240.0029466268761,332.0841735198451,1.6761538282936388,1.0
2026-04-05 08:42:13+00:00,240.02304666403694,332.3870778481341,3.0373269739932756,1.0
2026-04-05 08:42:14+00:00,240.18480957823041,332.65647419839564,3.143434129456524,1.0
2026-04-05 08:42:15+00:00,240.44168657611283,332.83290360609294,3.1166731946432087,1.0
2026-04-05 08:42:16+00:00,240.75818713147814,332.9024168354554,3.2404072263824646,1.0
2026-04-05 08:42:17+00:00,241.15961515438107,332.8223617175796,4.093409992097261,1.0
2026-04-05 08:42:18+00:00,241.4723038453243,332.56793029020275,4.032250255120983,1.0
2026-04-05 08:42:19+00:00,241.72158314713474,332.37547682440277,3.1500005252183394,1.0
2026-04-05 08:42:20+00:00,241.917340448088,332.2122978036579,2.5491480808568965,1.0
2026-04-05 08:42:21+00:00,242.20646853083738,331.97833519280505,3.7202436359795086,1.0
2026-04-05 08:42:22+00:00,242.45487618171435,331.79697340323423,3.0763632669132845,1.0
2026-04-05 08:42:23+00:00,242.78123809258219,331.55477667577657,4.065040997116393,1.0
2026-04-05 08:42:24+00:00,243.05407800258664,331.34185439345265,3.4617144880474866,1.0
2026-04-05 08:42:25+00:00,243.28968408448492,331.137166227576,3.1218549355911254,1.0
2026-04-05 08:42:26+00:00,243.4845697344788,330.9850788830582,2.4726543151583726,1.0
2026-04-05 08:42:27+00:00,243.65093806579372,330.7303088933376,3.044064752336399,1.0
2026-04-05 08:42:28+00:00,243.85279692333376,330.48948813930997,3.1434378331417463,1.0
2026-04-05 08:42:29+00:00,244.01393534899523,330.3012682066431,2.4786171400778825,1.0
2026-04-05 08:42:30+00:00,244.19136194740176,330.09200794544716,2.7445089467887733,1.0
2026-04-05 08:42:31+00:00,244.40340742109385,329.9077885962521,2.809672774570909,1.0
2026-04-05 08:42:32+00:00,244.72600953305894,329.8996600923327,3.227013325572504,1.0
2026-04-05 08:42:33+00:00,245.01865025232863,329.9003372170213,2.926378379074689,1.0
2026-04-05 08:42:34+00:00,245.3540539332657,329.9155350893279,3.3574275388648345,1.0
2026-04-05 08:42:35+00:00,245.62196316550603,329.8584677854131,2.739278977852048,1.0
2026-04-05 08:42:36+00:00,245.89074404869257,329.7903088052702,2.773000486339617,1.0
2026-04-05 08:42:37+00:00,246.13130684108938,329.70877210127986,2.5402355345578593,1.0
2026-04-05 08:42:38+00:00,246.4044459789892,329.5851547402326,2.9984495099113935,1.0
2026-04-05 08:42:39+00:00,246.63103632355256,329.40207841488706,2.913805096792918,1.0
2026-04-05 08:42:40+00:00,246.7968322318166,329.2477050226712,2.266035517607526,1.0
2026-04-05 08:42:41+00:00,246.9736864071852,329.1388413589811,2.077119512077347,1.0
2026-04-05 08:42:42+00:00,247.24886807486075,329.0823455669117,2.809293494710278,1.0
2026-04-05 08:42:43+00:00,247.64680949399047,329.04665715379093,3.9953920654505306,1.0
2026-04-05 08:42:44+00:00,247.8844581056585,328.909090556971,2.7463889667324923,1.0
2026-04-05 08:42:45+00:00,248.09710203514814,328.9034810504089,2.1271632844639723,1.0
2026-04-05 08:42:46+00:00,248.3231199566736,328.82080132256914,2.40685893262327,1.0
2026-04-05 08:42:47+00:00,248.49997413204204,328.71193765887904,2.077120848084986,1.0
2026-04-05 08:42:48+00:00,248.57327090943716,328.6172561806208,1.1978247365014658,1.0
2026-04-05 08:42:49+00:00,248.57675751320406,328.57288947594463,0.4452779628398481,1.0
2026-04-05 08:42:50+00:00,248.4624410760214,328.63086685412753,1.2819588634227954,1.0
2026-04-05 08:42:51+00:00,248.3027467243511,328.7075985131403,1.771950348374084,1.0
2026-04-05 08:42:52+00:00,248.1421807217535,328.7954218483034,1.8304293961493792,1.0
2026-04-05 08:42:53+00:00,248.0278642845709,328.8533992264862,1.2819584312521821,1.0
2026-04-05 08:42:54+00:00,248.0633548108028,328.86734846225886,0.38134736947828035,1.0
2026-04-05 08:42:55+00:00,248.11251855695974,328.89353239810913,0.5570586403146409,1.0
2026-04-05 08:42:56+00:00,248.17971377776118,328.87649265305396,0.6932514225875367,1.0
2026-04-05 08:42:57+00:00,248.3315632709452,328.8995860797005,1.5359387819416979,1.0
2026-04-05 08:42:58+00:00,248.4461789360232,328.93091362279426,1.188206205910587,1.0
2026-04-05 08:42:59+00:00,248.59337094659173,328.9201605089887,1.4758415799562912,1.0
2026-04-05 08:43:00+00:00,248.77692513435153,328.9122649547286,1.8372295801162695,1.0
2026-04-05 08:43:01+00:00,248.9476777531135,328.8810430242405,1.735876551719289,1.0
2026-04-05 08:43:02+00:00,249.03028949572655,328.8540546268855,0.8691443466066859,1.0
2026-04-05 08:43:03+00:00,249.0593792374694,328.85634067458454,0.2917904176714728,1.0
2026-04-05 08:43:04+00:00,249.10445792406173,328.74828147247797,1.171425083726407,1.0
2026-04-05 08:43:05+00:00,249.21033104695977,328.6115193371628,1.7301912969005904,1.0
2026-04-05 08:43:06+00:00,249.33333796080913,328.1636187570325,4.647286986581636,1.0
2026-04-05 08:43:07+00:00,249.41941027445466,327.81325721470597,3.6097098497179565,1.0
2026-04-05 08:43:08+00:00,249.38127876264264,327.55357656724254,2.6260143303739905,1.0
2026-04-05 08:43:09+00:00,249.27159377533508,327.36639404566085,2.170308229276579,1.0
2026-04-05 08:43:10+00:00,249.21515759374267,327.3396385979652,0.6246091234217658,1.0
2026-04-05 08:43:11+00:00,249.28003708960665,327.4451788027922,1.2393113343242865,1.0
2026-04-05 08:43:12+00:00,249.35684650351527,327.5851370599956,1.5971007973176556,1.0
2026-04-05 08:43:13+00:00,249.38623547314737,327.67672802905,0.9623535233055617,1.0
2026-04-05 08:43:14+00:00,249.24865765567984,327.844479145193,2.1703080724613475,1.0
2026-04-05 08:43:15+00:00,249.12766723885946,328.0804948541634,2.6534376002143003,1.0
2026-04-05 08:43:16+00:00,249.02557994762378,328.262195206079,2.085083542295367,1.0
2026-04-05 08:43:17+00:00,248.9217493545078,328.4660789102932,2.2890607117324757,1.0
2026-04-05 08:43:18+00:00,249.0142745181173,328.68539343655226,2.381350150904605,1.0
2026-04-05 08:43:19+00:00,249.19929881260867,328.84501604885475,2.444078881203738,1.0
2026-04-05 08:43:20+00:00,249.36629163244885,329.04786234198275,2.628144264512474,1.0
2026-04-05 08:43:21+00:00,249.46521758056033,329.2788400563163,2.5137774672442768,1.0
2026-04-05 08:43:22+00:00,249.3852468235275,329.5515598653621,2.8435161782851,1.0
2026-04-05 08:43:23+00:00,249.2881162427836,329.8564116790842,3.20116928238378,1.0
2026-04-05 08:43:24+00:00,249.31113046067333,330.21534590020286,3.5986362831367975,1.0
2026-04-05 08:43:25+00:00,249.42343040080772,330.3692533932577,1.9058112433296373,1.0
2026-04-05 08:43:26+00:00,249.68932313601877,330.52407096050274,3.0770838100884528,1.0
2026-04-05 08:43:27+00:00,249.8644600422414,330.71639708940677,2.601840322833302,1.0
2026-04-05 08:43:28+00:00,249.9825883438268,330.9823643680409,2.911422219596389,1.0
2026-04-05 08:43:29+00:00,250.08647100244295,331.336493544182,3.6922683410059842,1.0
2026-04-05 08:43:30+00:00,250.13217417757352,331.6860506249251,3.527161832629051,1.0
2026-04-05 08:43:31+00:00,250.04231603227177,331.99147395057247,3.1853376721787834,1.0
2026-04-05 08:43:32+00:00,249.76163126380024,332.3042213184778,4.203737820892826,1.0
2026-04-05 08:43:33+00:00,249.3951213440721,332.4986222697098,4.149344397878702,1.0
2026-04-05 08:43:34+00:00,248.955887070019,332.6873081016175,4.780963259983133,1.0
2026-04-05 08:43:35+00:00,248.91690994002028,332.71772557052105,0.49453032723468027,1.0
2026-04-05 08:43:36+00:00,249.04402794618093,332.68307456848544,1.317619826219909,1.0
2026-04-05 08:43:37+00:00,249.27208839748218,332.6675164096235,2.285886678293874,1.0
2026-04-05 08:43:38+00:00,249.59526293247913,332.5589913082772,3.4093253364982283,1.0
2026-04-05 08:43:39+00:00,249.9300681576314,332.39557933795174,3.7260300335933403,1.0
2026-04-05 08:43:40+00:00,250.3372985092257,332.1485775655166,4.763665777376823,1.0
2026-04-05 08:43:41+00:00,250.69392104067873,331.98688013096495,3.9161243429460564,1.0
2026-04-05 08:43:42+00:00,251.05228687401834,331.80299934403575,4.028431953160554,1.0
2026-04-05 08:43:43+00:00,251.4342133155388,331.5986497405818,4.332220383403389,1.0
2026-04-05 08:43:44+00:00,251.80102246313706,331.493553710783,3.8158751261454946,1.0
2026-04-05 08:43:45+00:00,252.20680874075325,331.35804021200283,4.278450229092034,1.0
2026-04-05 08:43:46+00:00,252.56808875480877,331.2301893179023,3.8326407769160045,1.0
2026-04-05 08:43:47+00:00,252.88224755248993,331.14327605700925,3.259754372180189,1.0
2026-04-05 08:43:48+00:00,253.17807564764345,331.0102815555873,3.2438491976615262,1.0
2026-04-05 08:43:49+00:00,253.49484939814457,330.8900932660876,3.388370941308554,1.0
2026-04-05 08:43:50+00:00,253.8363546356882,330.8276494051922,3.471743707364938,1.0
2026-04-05 08:43:51+00:00,254.24535432190964,330.83747072059606,4.091116604147049,1.0
2026-04-05 08:43:52+00:00,254.6008320072675,330.87656648113375,3.57615548720257,1.0
2026-04-05 08:43:53+00:00,254.92694675573998,331.1030777127547,3.9711231400799583,1.0
2026-04-05 08:43:54+00:00,255.2024536840584,331.41489328225845,4.161988516192291,1.0
2026-04-05 08:43:55+00:00,255.4189094779577,331.7332284325932,3.850805006751571,1.0
2026-04-05 08:43:56+00:00,255.57339995671518,332.0020532708507,3.101686058984035,1.0
2026-04-05 08:43:57+00:00,255.7436061851735,332.3502343781637,3.877119500421716,1.0
2026-04-05 08:43:58+00:00,255.94494468516334,332.7678231021547,4.6377879170976755,1.0
2026-04-05 08:43:59+00:00,256.0505706456532,333.0997689259174,3.485081610300885,1.0
2026-04-05 08:44:00+00:00,256.2676248953501,333.5967139188852,5.425074402083354,1.0
2026-04-05 08:44:01+00:00,256.51317043099215,333.91733511691893,4.0396301536917765,1.0
2026-04-05 08:44:02+00:00,256.67144674141196,334.23109817177686,3.5156195919657924,1.0
2026-04-05 08:44:03+00:00,256.8369954872678,334.54543273863885,3.554006448497005,1.0
2026-04-05 08:44:04+00:00,256.9135317060277,334.8750925147034,3.385950753344835,1.0
2026-04-05 08:44:05+00:00,256.9045420014524,335.1757107953733,3.0091650274752033,1.0
2026-04-05 08:44:06+00:00,256.835330283622,335.4046354115883,2.3928279787625852,1.0
2026-04-05 08:44:07+00:00,256.669261180203,335.7487103227441,3.8223559539093914,1.0
2026-04-05 08:44:08+00:00,256.56020068142743,336.0191440840909,2.9174090534799872,1.0
2026-04-05 08:44:09+00:00,256.45462678642485,336.2452111406826,2.4962254446829433,1.0
2026-04-05 08:44:10+00:00,256.42294812459585,336.555206561727,3.1177992210101078,1.0
2026-04-05 08:44:11+00:00,256.5800535561929,336.79075637145866,2.832283928014099,1.0
2026-04-05 08:44:12+00:00,256.7546180393645,337.0834790978673,3.409425430458088,1.0
2026-04-05 08:44:13+00:00,256.87100303906345,337.37162972887904,3.1090149212506555,1.0
2026-04-05 08:44:14+00:00,256.9964037760782,337.6381685194375,2.946839648552156,1.0
2026-04-05 08:44:15+00:00,257.2369926012155,337.83563825566375,3.1130090120483858,1.0
2026-04-05 08:44:16+00:00,257.5599199738104,338.1958211133164,4.838683178138217,1.0
2026-04-05 08:44:17+00:00,257.8775914080052,338.343547587885,3.503546548946854,1.0
2026-04-05 08:44:18+00:00,258.0995503027067,338.40563116230487,2.3047625787338144,1.0
2026-04-05 08:44:19+00:00,258.2054494583581,338.5478754672073,1.773887012385516,1.0
2026-04-05 08:44:20+00:00,258.39570365849,338.64094802245506,2.1181006244494567,1.0
2026-04-05 08:44:21+00:00,258.62027750603727,338.6697565682703,2.264077157785514,1.0
2026-04-05 08:44:22+00:00,258.7724262271168,338.78215491619346,1.8918787087308746,1.0
2026-04-05 08:44:23+00:00,258.883854516311,338.9471540853977,1.9916470321811854,1.0
2026-04-05 08:44:24+00:00,259.0572481206531,339.1616635666003,2.759009091229447,1.0
2026-04-05 08:44:25+00:00,259.1934078968768,339.38440716440783,2.6115433376688935,1.0
2026-04-05 08:44:26+00:00,259.2958204487423,339.57101817406425,2.129454859862084,1.0
2026-04-05 08:44:27+00:00,259.3505393612016,339.898963414355,3.3264932163653427,1.0
2026-04-05 08:44:28+00:00,259.45033696025314,340.11884945253934,2.4157273401677757,1.0
2026-04-05 08:44:29+00:00,259.28832688364537,340.3181610614344,2.569432527189779,1.0
2026-04-05 08:44:30+00:00,259.1106010573496,340.43811640127484,2.144607129663378,1.0
2026-04-05 08:44:31+00:00,258.94916340379274,340.5370314126651,1.8936283328865628,1.0
2026-04-05 08:44:32+00:00,258.6658376497409,340.60404736887966,2.911498154084514,1.0
2026-04-05 08:44:33+00:00,258.42091660263077,340.7410424537743,2.806721786282407,1.0
2026-04-05 08:44:34+00:00,258.232730965022,340.9940979078009,3.154788630096151,1.0
2026-04-05 08:44:35+00:00,258.1289003718997,341.19798161209405,2.289053465835415,1.0
2026-04-05 08:44:36+00:00,258.0780193565968,341.47298746883774,2.7982416305020155,1.0
2026-04-05 08:44:37+00:00,257.9971769486238,341.75679895403294,2.9525520475057534,1.0
2026-04-05 08:44:38+00:00,257.7970613929636,341.97543635560334,2.9648919291356943,1.0
2026-04-05 08:44:39+00:00,257.547482863251,342.07858490004696,2.7007645518724885,1.0
2026-04-05 08:44:40+00:00,257.1585571814437,342.09266147279436,3.891693253472256,1.0
2026-04-05 08:44:41+00:00,256.85545665086084,342.2250844622919,3.307962468714991,1.0
2026-04-05 08:44:42+00:00,256.6730733419496,342.3111932616803,2.0171050309847973,1.0
2026-04-05 08:44:43+00:00,256.44531211853763,342.4160563418976,2.507674462186611,1.0
2026-04-05 08:44:44+00:00,256.1931186359983,342.55247991486794,2.867668027587869,1.0
2026-04-05 08:44:45+00:00,255.9609991578922,342.7128013759118,2.821586487627603,1.0
2026-04-05 08:44:46+00:00,255.71607811078206,342.84979646080643,2.8067136620736997,1.0
2026-04-05 08:44:47+00:00,255.50490428803022,343.0229241338522,2.7313685796149487,1.0
2026-04-05 08:44:48+00:00,255.31089028896352,343.16391980221965,2.398857959555451,1.0
2026-04-05 08:44:49+00:00,255.0662684697557,343.3902198084707,3.3333627970790842,1.0
2026-04-05 08:44:50+00:00,254.84054977613235,343.5622044576669,2.8383670241612124,1.0
2026-04-05 08:44:51+00:00,254.5900995954796,343.67644467825977,2.7530179485024684,1.0
2026-04-05 08:44:52+00:00,254.28351246112365,343.85323437251236,3.539596106739559,1.0
2026-04-05 08:44:53+00:00,254.08018349685196,343.9265369599776,2.16151617556862,1.0
2026-04-05 08:44:54+00:00,253.851849850402,344.1317966377007,3.0711288937633707,1.0
2026-04-05 08:44:55+00:00,253.70699959749848,344.2989762418396,2.212777707998837,1.0
2026-04-05 08:44:56+00:00,253.45336204097478,344.54688808854394,3.547756752056542,1.0
2026-04-05 08:44:57+00:00,253.2840795289377,344.7456281855147,2.6115339007743223,1.0
2026-04-05 08:44:58+00:00,253.08745057704428,344.9198988824089,2.6281087230381184,1.0
2026-04-05 08:44:59+00:00,252.84601613372018,345.01252726254955,2.586108852136477,1.0
2026-04-05 08:45:00+00:00,252.5626903796623,345.07954321884296,2.9114745793275123,1.0
2026-04-05 08:45:01+00:00,252.3299724457456,345.06125483725276,2.334256229953052,1.0
2026-04-05 08:45:02+00:00,252.08183799002404,345.05291510804227,2.4826442318856476,1.0
2026-04-05 08:45:03+00:00,251.76067995206236,344.94955533814993,3.373770768988263,1.0
2026-04-05 08:45:04+00:00,251.4470935774321,344.9360720015382,3.1386319218943894,1.0
2026-04-05 08:45:05+00:00,251.1882000825016,344.97152746507857,2.613060396359209,1.0
2026-04-05 08:45:06+00:00,250.90836093221043,344.99417671669585,2.8074658251427485,1.0
2026-04-05 08:45:07+00:00,250.64132335091045,345.04015234446126,2.7096473701608756,1.0
2026-04-05 08:45:08+00:00,250.24338193178062,345.0758407575822,3.995282206185599,1.0
2026-04-05 08:45:09+00:00,249.9210790477239,345.1732741827791,3.3672013772994864,1.0
2026-04-05 08:45:10+00:00,249.69884695787374,345.3008921272204,2.563054541972723,1.0
2026-04-05 08:45:11+00:00,249.43763773801857,345.4589275406441,3.0534373884218713,1.0
2026-04-05 08:45:12+00:00,249.17904347097723,345.58368792553983,2.87147512608603,1.0
2026-04-05 08:45:13+00:00,248.97658615765198,345.6458988367769,2.11807505246938,1.0
2026-04-05 08:45:14+00:00,248.61762186852098,345.65116978099417,3.589891792496809,1.0
2026-04-05 08:45:15+00:00,248.28774732113277,345.65872677291054,3.2994869632169728,1.0
2026-04-05 08:45:16+00:00,247.91859641585035,345.6073963124537,3.726870770945612,1.0
2026-04-05 08:45:17+00:00,247.61606830831175,345.6394227043668,3.042113076357805,1.0
2026-04-05 08:45:18+00:00,247.2733921919454,345.62365332013593,3.4302397421654582,1.0
2026-04-05 08:45:19+00:00,246.83647364281688,345.6897592021603,4.418852217889595,1.0
2026-04-05 08:45:20+00:00,246.51417075876014,345.7871926273573,3.367196733099919,1.0
2026-04-05 08:45:21+00:00,246.2427749227468,345.8886266360271,2.8974959938419067,1.0
2026-04-05 08:45:22+00:00,246.12584353273755,345.9798790427367,1.4835714657242625,1.0
2026-04-05 08:45:23+00:00,245.8489185631815,346.0585581871047,2.8789287565682886,1.0
2026-04-05 08:45:24+00:00,245.5356053837001,345.8553733316319,3.7346246279021087,1.0
2026-04-05 08:45:25+00:00,245.26535439377562,345.75601414529115,2.879368771762132,1.0
2026-04-05 08:45:26+00:00,244.98870261935542,345.644991770797,2.981000821647097,1.0
2026-04-05 08:45:27+00:00,244.67103118516073,345.4972652962285,3.50349976916363,1.0
2026-04-05 08:45:28+00:00,244.39350775980716,345.3973345979635,2.949659581940156,1.0
2026-04-05 08:45:29+00:00,244.04908834154753,345.4037485660303,3.444659699990239,1.0
2026-04-05 08:45:30+00:00,243.78553736402057,345.40535748904074,2.635454487313762,1.0
2026-04-05 08:45:31+00:00,243.46642185582854,345.3691192882052,3.2115263248215022,1.0
2026-04-05 08:45:32+00:00,243.1307189470022,345.2646164945431,3.5158725398665815,1.0
2026-04-05 08:45:33+00:00,242.80345935244077,345.2388984579326,3.2825423416726562,1.0
2026-04-05 08:45:34+00:00,242.50616115055556,345.20437479279195,2.9928318017614863,1.0
2026-04-05 08:45:35+00:00,242.18587476353406,345.08992334675025,3.4012019223543932,1.0
2026-04-05 08:45:36+00:00,241.84900097586538,344.90720730788115,3.8325570464654914,1.0
2026-04-05 08:45:37+00:00,241.53337207145313,344.8266024023704,3.257502552659309,1.0
2026-04-05 08:45:38+00:00,241.1822526408023,344.7320482610072,3.6361956302446585,1.0
2026-04-05 08:45:39+00:00,240.72640493334853,344.57346305986977,4.826427366733232,1.0
2026-04-05 08:45:40+00:00,240.36801306726846,344.47833740658234,3.7079253295930905,1.0
2026-04-05 08:45:41+00:00,239.97530155379212,344.4474757626495,3.9390548518957216,1.0
2026-04-05 08:45:42+00:00,239.65588681771703,344.3219326403796,3.432034482674478,1.0
2026-04-05 08:45:43+00:00,239.27014851178066,344.2023375870157,4.038471072526275,1.0
2026-04-05 08:45:44+00:00,238.91352598033433,344.3640350216471,3.916054412385051,1.0
2026-04-05 08:45:45+00:00,238.68955058858472,344.5138363184649,2.6950327106692487,1.0
2026-04-05 08:45:46+00:00,238.51648224489145,344.6676381987564,2.315942230943642,1.0
2026-04-05 08:45:47+00:00,238.34167059931167,344.8436234314254,2.4812651453036576,1.0
2026-04-05 08:45:48+00:00,238.14621252626074,345.09610737352676,3.1941700115982212,1.0
2026-04-05 08:45:49+00:00,237.88704583618141,345.3212643559283,3.433997413789304,1.0
2026-04-05 08:45:50+00:00,237.6322374008153,345.49096295742544,3.0620070944383704,1.0
2026-04-05 08:45:51+00:00,237.37072895306412,345.5596934494139,2.703948078125201,1.0
2026-04-05 08:45:52+00:00,237.1048622505936,345.68388232238544,2.93470546412009,1.0
2026-04-05 08:45:53+00:00,236.852369540165,345.7310009740004,2.5685021029397768,1.0
2026-04-05 08:45:54+00:00,236.68191614929844,345.8515278257651,2.088018539883244,1.0
2026-04-05 08:45:55+00:00,236.50127614226759,345.9154532728548,1.916275080183452,1.0
2026-04-05 08:45:56+00:00,236.25867082009492,345.92986840786716,2.4302478532472818,1.0
2026-04-05 08:45:57+00:00,235.9407261907514,345.97184345215976,3.2069694986646278,1.0
2026-04-05 08:45:58+00:00,235.57421627104247,346.166244403314,4.149265809506259,1.0
2026-04-05 08:45:59+00:00,235.35925661661534,346.2944338597583,2.503181444215874,1.0
2026-04-05 08:46:00+00:00,235.12945286342756,346.3321753709977,2.3287935900079186,1.0
2026-04-05 08:46:01+00:00,234.83564126530925,346.25328500118087,3.0421039071186518,1.0
2026-04-05 08:46:02+00:00,234.56568950329327,346.24323073611777,2.7012659955086273,1.0
2026-04-05 08:46:03+00:00,234.2198260110364,346.3611329779175,3.654241883092934,1.0
2026-04-05 08:46:04+00:00,233.99032148575694,346.48817941043444,2.6235754613458635,1.0
2026-04-05 08:46:05+00:00,233.7209681795133,346.65673498816096,3.1779728730408645,1.0
2026-04-05 08:46:06+00:00,233.469919543069,346.59236536604203,2.5916178721166023,1.0
2026-04-05 08:46:07+00:00,233.30061099829143,346.5120990227962,1.873767015511453,1.0
2026-04-05 08:46:08+00:00,233.10831426837078,346.3519048985696,2.5031798682856365,1.0
2026-04-05 08:46:09+00:00,232.94336397830645,346.2161801744194,2.1364287115627945,1.0
2026-04-05 08:46:10+00:00,232.774927084469,346.1248221550242,1.9162731812674554,1.0
2026-04-05 08:46:11+00:00,232.58845871599326,346.0766878164558,1.9257524038524854,1.0
2026-04-05 08:46:12+00:00,232.44823991295843,345.998707520909,1.604528639076296,1.0
2026-04-05 08:46:13+00:00,232.27661564324336,346.04102112754543,1.7676564222453652,1.0
2026-04-05 08:46:14+00:00,232.13931102093068,346.0190707247484,1.3904216274738694,1.0
2026-04-05 08:46:15+00:00,231.93772535854558,346.07018995983617,2.0796924611028498,1.0
2026-04-05 08:46:16+00:00,231.68871925187096,346.072941906774,2.490108542028407,1.0
2026-04-05 08:46:17+00:00,231.39520688166775,346.08335645831454,2.936855910727947,1.0
2026-04-05 08:46:18+00:00,231.0545732950643,346.1347086430606,3.4447694598812615,1.0
2026-04-05 08:46:19+00:00,230.7148113594202,346.17496915157943,3.4213063413315523,1.0
2026-04-05 08:46:20+00:00,230.39686673007668,346.2169441958722,3.2069657334696147,1.0
2026-04-05 08:46:21+00:00,230.15949131355748,346.1648092738309,2.4302444951679525,1.0
2026-04-05 08:46:22+00:00,229.96016931060285,345.5353356786012,6.605827356102663,1.0
2026-04-05 08:46:23+00:00,229.6195096912718,345.3076814231316,4.097651580765674,1.0
2026-04-05 08:46:24+00:00,229.2884642650413,345.2370251698409,3.384896674676157,1.0
2026-04-05 08:46:25+00:00,228.99261013716006,345.0910132310471,3.2993476965103334,1.0
2026-04-05 08:46:26+00:00,228.58709705469272,345.0368252109661,4.090997363913812,1.0
2026-04-05 08:46:27+00:00,228.17022647723772,344.84782254092516,4.577256752819632,1.0
2026-04-05 08:46:28+00:00,227.93225260492707,344.61707777617204,3.3153831562367144,1.0
2026-04-05 08:46:29+00:00,227.7093960265387,344.2870794377637,3.983271072998505,1.0
2026-04-05 08:46:30+00:00,227.5319173626382,343.93832681852535,3.91465318178659,1.0
2026-04-05 08:46:31+00:00,227.37799930693166,343.56910538276315,4.001884831992232,1.0
2026-04-05 08:46:32+00:00,227.2633576091193,343.2587713993739,3.3097860795461242,1.0
2026-04-05 08:46:33+00:00,227.1591757226077,342.8153373019562,4.557320809822631,1.0
2026-04-05 08:46:34+00:00,227.09775679776328,342.3864239521566,4.335129494952396,1.0
2026-04-05 08:46:35+00:00,227.15561102060627,342.02268468598163,3.685112831447312,1.0
2026-04-05 08:46:36+00:00,227.22422428264528,341.61515022705476,4.1349382614169095,1.0
2026-04-05 08:46:37+00:00,227.23640136309814,341.1808603203533,4.346972030488012,1.0
2026-04-05 08:46:38+00:00,227.19652654941248,340.94336302526847,2.409446856254729,1.0
2026-04-05 08:46:39+00:00,227.17642651224492,340.6404586968996,3.0373258530850262,1.0
2026-04-05 08:46:40+00:00,227.13129576015234,340.19050501865075,4.524499840907163,1.0
2026-04-05 08:46:41+00:00,226.9605171086369,339.94272050892124,3.010307305435775,1.0
2026-04-05 08:46:42+00:00,226.6631928740241,339.629190403565,4.321883237929795,1.0
2026-04-05 08:46:43+00:00,226.33852219954883,339.29119089821114,4.68777069042674,1.0
2026-04-05 08:46:44+00:00,226.0205515374457,339.054159502365,3.9664857610930264,1.0
2026-04-05 08:46:45+00:00,225.65371635709403,338.88024909194615,4.059872956085056,1.0
2026-04-05 08:46:46+00:00,225.2842662239094,338.73961371013297,3.9531665713910065,1.0
2026-04-05 08:46:47+00:00,224.65940919958638,338.5900670870275,6.424902224264873,1.0
2026-04-05 08:46:48+00:00,224.25215281523862,338.5580624192451,4.08498004441122,1.0
2026-04-05 08:46:49+00:00,223.73755320125505,338.49530172029426,5.183954251887933,1.0
2026-04-05 08:46:50+00:00,223.32215273053788,338.47381721673696,4.159416186341702,1.0
2026-04-05 08:46:51+00:00,222.97190495084016,338.3681713992254,3.6583113250049886,1.0
2026-04-05 08:46:52+00:00,222.55359029939405,338.29065700283854,4.254239968047256,1.0
2026-04-05 08:46:53+00:00,222.08292452592016,338.32063029671286,4.716086280625776,1.0
2026-04-05 08:46:54+00:00,221.6957421459995,338.3125235170828,3.8725475279779515,1.0
2026-04-05 08:46:55+00:00,221.2893574125919,338.26942717315114,4.086496871167455,1.0
2026-04-05 08:46:56+00:00,220.93881040499815,338.07447643420426,4.011362965509832,1.0
2026-04-05 08:46:57+00:00,220.59319407516242,337.7236707169273,4.925643638816554,1.0
2026-04-05 08:46:58+00:00,220.2504919260488,337.42889489239997,4.521134656655614,1.0
2026-04-05 08:46:59+00:00,219.91623309119393,337.212903825003,3.98010234305304,1.0
2026-04-05 08:47:00+00:00,219.6407261628756,336.9010882554993,4.161954183584121,1.0
2026-04-05 08:47:01+00:00,219.2514752204256,336.5468534666737,5.264040909837253,1.0
2026-04-05 08:47:02+00:00,218.98759898224972,336.18015102819004,4.519136720308213,1.0
2026-04-05 08:47:03+00:00,218.7932597225533,335.9528353349854,2.9914250855785216,1.0
2026-04-05 08:47:04+00:00,218.6602873222072,335.5964201111464,3.805809606539163,1.0
2026-04-05 08:47:05+00:00,218.4327732612034,335.2325752322859,4.292689454793745,1.0
2026-04-05 08:47:06+00:00,218.27275364890326,334.94099552972665,3.3272749276668256,1.0
2026-04-05 08:47:07+00:00,218.17061429217358,334.5646830012081,3.9011517686137487,1.0
2026-04-05 08:47:08+00:00,218.07749067276643,334.16675863231603,4.08877261085666,1.0
2026-04-05 08:47:09+00:00,217.9186419392957,333.95339217496286,2.660832789699281,1.0
2026-04-05 08:47:10+00:00,217.7499058175623,333.7727292341325,2.4726426527207557,1.0
2026-04-05 08:47:11+00:00,217.5884421312648,333.5926378053062,2.4193437810708582,1.0
2026-04-05 08:47:12+00:00,217.39265879757107,333.47681038583454,2.274991572003659,1.0
2026-04-05 08:47:13+00:00,217.20850615403282,333.3060960973838,2.511574125766325,1.0
2026-04-05 08:47:14+00:00,217.01329524339621,333.0898720803285,2.9137884423762013,1.0
2026-04-05 08:47:15+00:00,216.84368747071636,332.92030081572636,2.3988752251470804,1.0
2026-04-05 08:47:16+00:00,216.6810529055833,332.66199614177276,3.0534420866307372,1.0
2026-04-05 08:47:17+00:00,216.53500574109069,332.47195606056675,2.397464350727303,1.0
2026-04-05 08:47:18+00:00,216.44945378502118,332.1639081248766,3.198603905801537,1.0
2026-04-05 08:47:19+00:00,216.35314278973638,331.8996553820162,2.8138267341270433,1.0
2026-04-05 08:47:20+00:00,216.20766804830762,331.60921870330645,3.249608730595976,1.0
2026-04-05 08:47:21+00:00,215.98162409403545,331.4128919910085,2.9945285736791334,1.0
2026-04-05 08:47:22+00:00,215.74656440244078,331.23817711908396,2.929199104257252,1.0
2026-04-05 08:47:23+00:00,215.40533236006502,331.1109194610404,3.6419679611890867,1.0
2026-04-05 08:47:24+00:00,215.01844920803353,331.19211760276573,3.9532122657950697,1.0
2026-04-05 08:47:25+00:00,214.68334475499194,331.26622465173574,3.432098406843499,1.0
2026-04-05 08:47:26+00:00,214.4282370917366,331.34661833187744,2.674906548447516,1.0
2026-04-05 08:47:27+00:00,214.17021524774617,331.3709821192685,2.591680417445206,1.0
2026-04-05 08:47:28+00:00,213.94506897717386,331.44257017096,2.362671535388044,1.0
2026-04-05 08:47:29+00:00,213.75249905210444,331.47207756559453,1.9481883258967587,1.0
2026-04-05 08:47:30+00:00,213.5128079106478,331.5425225934355,2.498409377816981,1.0
2026-04-05 08:47:31+00:00,213.16403023767495,331.6043949424066,3.542277004524847,1.0
2026-04-05 08:47:32+00:00,212.88040525572774,331.58210597734467,2.8449280107630015,1.0
2026-04-05 08:47:33+00:00,212.60579601109626,331.5382051718294,2.7809076845130227,1.0
2026-04-05 08:47:34+00:00,212.1935829162438,331.3830490422396,4.404555481120202,1.0
2026-04-05 08:47:35+00:00,211.90470199590257,331.1483036940146,3.722929705270155,1.0
2026-04-05 08:47:36+00:00,211.56317072561842,330.9317411146934,4.044456061744517,1.0
2026-04-05 08:47:37+00:00,211.19459224338024,330.78001405665213,3.98598964609975,1.0
2026-04-05 08:47:38+00:00,210.86733264881877,330.75429602004164,3.2826132058072157,1.0
2026-04-05 08:47:39+00:00,210.54385888592637,330.7735162001113,3.240405819193081,1.0
2026-04-05 08:47:40+00:00,210.17122137686417,330.76655244432976,3.7269505668024085,1.0
2026-04-05 08:47:41+00:00,209.8433893592647,330.84123100522504,3.3623963585745327,1.0
2026-04-05 08:47:42+00:00,209.56820769158233,330.89772679721455,2.809271895961594,1.0
2026-04-05 08:47:43+00:00,209.27382367041986,330.91923302498225,2.951657045699565,1.0
2026-04-05 08:47:44+00:00,208.89682790666348,330.96772765002726,3.8010248065465806,1.0
2026-04-05 08:47:45+00:00,208.54396517412607,330.89535686104153,3.602026976499798,1.0
2026-04-05 08:47:46+00:00,208.26382679595193,330.8287011912246,2.8795655830476306,1.0
2026-04-05 08:47:47+00:00,207.93831050327083,330.78079980231536,3.2901529957161157,1.0
2026-04-05 08:47:48+00:00,207.4626880192922,330.68762163438214,4.846564086420886,1.0
2026-04-05 08:47:49+00:00,207.11679849429484,330.5265174359652,3.8158597676588335,1.0
2026-04-05 08:47:50+00:00,206.78253965945905,330.31052636849046,3.980134941209033,1.0
2026-04-05 08:47:51+00:00,206.31184785323842,330.061493222227,5.325473186987677,1.0
2026-04-05 08:47:52+00:00,205.91039379760116,329.86254189980735,4.480736308757472,1.0
2026-04-05 08:47:53+00:00,205.61075383804473,329.67159174441224,3.55348170428227,1.0
2026-04-05 08:47:54+00:00,205.38762406449473,329.531294924864,2.6359851813489827,1.0
2026-04-05 08:47:55+00:00,205.00392828834714,329.478821440479,3.8725995568271117,1.0
2026-04-05 08:47:56+00:00,204.62200184682038,329.68317104401183,4.332213217348088,1.0
2026-04-05 08:47:57+00:00,204.3567075674069,329.70696331939985,2.663576270250883,1.0
2026-04-05 08:47:58+00:00,204.02914874494323,329.5919403614328,3.4717280471213368,1.0
2026-04-05 08:47:59+00:00,203.70507652625938,329.4325506987907,3.611684036360916,1.0
2026-04-05 08:48:00+00:00,203.4237672692367,329.2876817838455,3.164407242441962,1.0
2026-04-05 08:48:01+00:00,203.1194698270648,329.0628850879982,3.7837821767761346,1.0
2026-04-05 08:48:02+00:00,202.79626925932735,328.89240374912794,3.654323587409687,1.0
2026-04-05 08:48:03+00:00,202.51381515620955,328.9483280292721,2.8794342183390125,1.0
2026-04-05 08:48:04+00:00,202.19265711824787,328.8449682593797,3.3738410663808054,1.0
2026-04-05 08:48:05+00:00,201.857825860355,328.7293737894885,3.542287819998232,1.0
2026-04-05 08:48:06+00:00,201.54189772804057,328.5594639626213,3.5874578083322133,1.0
2026-04-05 08:48:07+00:00,201.22684124667254,328.3784624595259,3.6337919517301023,1.0
2026-04-05 08:48:08+00:00,200.8856092042906,328.25120480156113,3.641978390976636,1.0
2026-04-05 08:48:09+00:00,200.56357951538257,328.15893670789694,3.3498849645641173,1.0
2026-04-05 08:48:10+00:00,200.25465062336775,328.1792999117375,3.0959705679439034,1.0
2026-04-05 08:48:11+00:00,199.9474650332204,328.1774797632781,3.0718606575823726,1.0
2026-04-05 08:48:12+00:00,199.6440652747483,328.2205978314203,3.064507275128856,1.0
2026-04-05 08:48:13+00:00,199.31536160619578,328.3063680684639,3.3972373571995087,1.0
2026-04-05 08:48:14+00:00,199.08264367229202,328.2880796868747,2.334309205023257,1.0
2026-04-05 08:48:15+00:00,198.7777738070692,328.16367958853215,3.2928432793424967,1.0
2026-04-05 08:48:16+00:00,198.49093541649762,327.996055809364,3.3225505533542394,1.0
2026-04-05 08:48:17+00:00,198.17152068042247,327.87051268709416,3.4321091452777104,1.0
2026-04-05 08:48:18+00:00,197.92570194962545,327.7395930080004,2.785280864610508,1.0
2026-04-05 08:48:19+00:00,197.6289761708041,327.60467274535597,3.259750201091515,1.0
2026-04-05 08:48:20+00:00,197.2764126661689,327.6216068777266,3.5296666160223786,1.0
2026-04-05 08:48:21+00:00,196.94536723993832,327.55095062443587,3.3849874904158224,1.0
2026-04-05 08:48:22+00:00,196.71962251357456,327.44392883341555,2.4984196014281603,1.0
2026-04-05 08:48:23+00:00,196.53955492958175,327.40745768299945,1.8372210942336877,1.0
2026-04-05 08:48:24+00:00,196.21142368408005,327.39283132253826,3.284513323326092,1.0
2026-04-05 08:48:25+00:00,195.88969322307423,327.3898681502305,3.2173914279832454,1.0
2026-04-05 08:48:26+00:00,195.4795226580105,327.3018335896196,4.195081350907654,1.0
2026-04-05 08:48:27+00:00,195.1121150546017,327.22831977678436,3.74686255990492,1.0
2026-04-05 08:48:28+00:00,194.74383580027185,327.1658976400207,3.7352693433123316,1.0
2026-04-05 08:48:29+00:00,194.40260375787696,327.0386399820548,3.641982657915197,1.0
2026-04-05 08:48:30+00:00,193.96334345107715,326.94831937382475,4.484459646688015,1.0
2026-04-05 08:48:31+00:00,193.61396732231287,326.83158188008406,3.6836865809544035,1.0
2026-04-05 08:48:32+00:00,193.30299590050936,326.78482351494546,3.1446251047373313,1.0
2026-04-05 08:48:33+00:00,192.93618675289818,326.8899195447433,3.8158766082354796,1.0
2026-04-05 08:48:34+00:00,192.6956239605143,326.9714562487346,2.540230657768983,1.0
2026-04-05 08:48:35+00:00,192.38786594732892,327.0700326977811,3.231802565618605,1.0
2026-04-05 08:48:36+00:00,192.1641637507218,327.03013247581646,2.2722982112358485,1.0
2026-04-05 08:48:37+00:00,191.82671754001512,326.94781303445313,3.4734071717674344,1.0
2026-04-05 08:48:38+00:00,191.51544689030942,326.8117497479582,3.397240957019791,1.0
2026-04-05 08:48:39+00:00,191.16985659321423,326.7399504708977,3.5296685726262655,1.0
2026-04-05 08:48:40+00:00,190.77308605293297,326.8538521291469,4.128171790712968,1.0
2026-04-05 08:48:41+00:00,190.4257784866918,327.08324264468047,4.16305452821219,1.0
2026-04-05 08:48:42+00:00,190.1325653443649,327.18296211757547,3.097277948309799,1.0
2026-04-05 08:48:43+00:00,189.83673724922423,327.3159566189983,3.2438448303135465,1.0
2026-04-05 08:48:44+00:00,189.49000210602725,327.4449505369474,3.6998235375078554,1.0
2026-04-05 08:48:45+00:00,189.1429677349538,327.484639533542,3.492970542808704,1.0
2026-04-05 08:48:46+00:00,188.90123406372754,327.48796299232623,2.4175301037055834,1.0
2026-04-05 08:48:47+00:00,188.56931698655066,327.4283984152636,3.3721469144142056,1.0
2026-04-05 08:48:48+00:00,188.2039519129306,327.42200617140736,3.654147105960418,1.0
2026-04-05 08:48:49+00:00,187.97965126054498,327.2034961067319,3.132076125814606,1.0
2026-04-05 08:48:50+00:00,187.62706172317536,326.9414237988072,4.3938100639246755,1.0
2026-04-05 08:48:51+00:00,187.4143917609323,326.66802686515166,3.4647354288396923,1.0
2026-04-05 08:48:52+00:00,187.21683909261148,326.2953763578408,4.219384904842214,1.0
2026-04-05 08:48:53+00:00,187.22844375001347,325.96148304864414,3.3427700137390937,1.0
2026-04-05 08:48:54+00:00,187.3127727617725,325.63330485869506,3.390190305691237,1.0
2026-04-05 08:48:55+00:00,187.49717256771896,325.3353111880681,3.5058337776254405,1.0
2026-04-05 08:48:56+00:00,187.55268503287772,324.8151454316376,5.234049811896886,1.0
2026-04-05 08:48:57+00:00,187.60152351839187,324.4730180059148,3.4578363087727007,1.0
2026-04-05 08:48:58+00:00,187.67392261210622,324.1104217635894,3.6995253770049197,1.0
2026-04-05 08:48:59+00:00,187.8126452756627,323.74187745243586,3.9398590893460477,1.0
2026-04-05 08:49:00+00:00,187.83705150204952,323.4313105194663,3.1169457422518545,1.0
2026-04-05 08:49:01+00:00,187.90713487082638,323.19129422702304,2.501697208888119,1.0
2026-04-05 08:49:02+00:00,187.9431717873557,322.82584042507335,3.674267407966789,1.0
2026-04-05 08:49:03+00:00,187.92015756946597,322.4669062039547,3.598636571767279,1.0
2026-04-05 08:49:04+00:00,187.92566067028108,322.21065462804086,2.5645016845311317,1.0
2026-04-05 08:49:05+00:00,187.90904723688038,321.86338359499587,3.478549967688012,1.0
2026-04-05 08:49:06+00:00,187.79061970740574,321.50811139500627,3.7466382104843414,1.0
2026-04-05 08:49:07+00:00,187.80513854552365,321.2302479786381,2.783943165038464,1.0
2026-04-05 08:49:08+00:00,187.83564632851028,320.84203931238665,3.8961821782103043,1.0
2026-04-05 08:49:09+00:00,187.88069898236216,320.4549736700635,3.8989128250586043,1.0
2026-04-05 08:49:10+00:00,187.9376815542587,320.1023260801167,3.574154512061282,1.0
2026-04-05 08:49:11+00:00,188.06681605745464,319.8557902068424,2.7843679421387435,1.0
2026-04-05 08:49:12+00:00,188.1857639444992,319.5526529288941,3.258016736813714,1.0
2026-04-05 08:49:13+00:00,188.19824025284132,319.2076679435481,3.453986921954357,1.0
2026-04-05 08:49:14+00:00,188.12519063784828,318.8336414628073,3.8128628474296278,1.0
2026-04-05 08:49:15+00:00,188.11149138517652,318.54240032259185,2.9171986491718465,1.0
2026-04-05 08:49:16+00:00,188.11290942642037,318.15190560864136,3.9070934093579464,1.0
2026-04-05 08:49:17+00:00,188.01861492817088,317.67576799454224,4.856304597825871,1.0
2026-04-05 08:49:18+00:00,187.94003617963511,317.2789866494997,4.04692074777673,1.0
2026-04-05 08:49:19+00:00,187.93243848356317,316.91010377600253,3.6916062479228335,1.0
2026-04-05 08:49:20+00:00,187.93821477951408,316.46415068122644,4.462330141041972,1.0
2026-04-05 08:49:21+00:00,187.97860995076957,316.0432384983734,4.230769601612961,1.0
2026-04-05 08:49:22+00:00,188.05828147990695,315.681213768051,3.7088641710724386,1.0
2026-04-05 08:49:23+00:00,188.04428299933917,315.30066770640036,3.810086621223695,1.0
2026-04-05 08:49:24+00:00,187.95668851347475,314.92549820181006,3.8545076214730596,1.0
2026-04-05 08:49:25+00:00,187.9866238734234,314.63768613306434,2.8952259249035537,1.0
2026-04-05 08:49:26+00:00,187.869067994876,314.2713222569244,3.849422191255797,1.0
2026-04-05 08:49:27+00:00,187.72795150816046,313.9254271973104,3.7373682026764783,1.0
2026-04-05 08:49:28+00:00,187.619710594831,313.6267564020736,3.1782373801525443,1.0
2026-04-05 08:49:29+00:00,187.4486327154263,313.2896669709887,3.7816806076647955,1.0
2026-04-05 08:49:30+00:00,187.31740361696677,312.91106839477203,4.00880955558201,1.0
2026-04-05 08:49:31+00:00,187.27461462255215,312.61754120685754,2.9678373363454367,1.0
2026-04-05 08:49:32+00:00,187.23065474930812,312.2458007737371,3.74527392249157,1.0
2026-04-05 08:49:33+00:00,187.2312011396056,311.8663977360147,3.796094152417763,1.0
2026-04-05 08:49:34+00:00,187.2474632796039,311.56635096734794,3.0065113913198567,1.0
2026-04-05 08:49:35+00:00,187.2296789673738,311.1408666890968,4.260850608452946,1.0
2026-04-05 08:49:36+00:00,187.18193326246742,310.7241880393758,4.196260394613333,1.0
2026-04-05 08:49:37+00:00,187.20546783791409,310.42471278255556,3.0056262517396353,1.0
2026-04-05 08:49:38+00:00,187.19961344372248,310.03364655675955,3.913218099402678,1.0
2026-04-05 08:49:39+00:00,187.13936539772047,309.682946452167,3.560204109372075,1.0
2026-04-05 08:49:40+00:00,187.093662222577,309.333389371423,3.5271663764239607,1.0
2026-04-05 08:49:41+00:00,187.06599052209094,308.9406086097744,3.9396472113218315,1.0
2026-04-05 08:49:42+00:00,187.04180542536557,308.50346114352857,4.38050924128169,1.0
2026-04-05 08:49:43+00:00,186.92890702943978,308.1709438077619,3.5132338460212247,1.0
2026-04-05 08:49:44+00:00,186.8197944651701,307.8833646886745,3.0772121711644544,1.0
2026-04-05 08:49:45+00:00,186.7787487726421,307.5676541483824,3.1853422648406693,1.0
2026-04-05 08:49:46+00:00,186.67108028236356,307.1685867556409,4.135378765795472,1.0
2026-04-05 08:49:47+00:00,186.6818132888321,306.8457851226734,3.2315604764761265,1.0
2026-04-05 08:49:48+00:00,186.6590982988378,306.5761558228314,2.7072844785635772,1.0
2026-04-05 08:49:49+00:00,186.62532504175195,306.2610167944647,3.1711100087621733,1.0
2026-04-05 08:49:50+00:00,186.58485177226186,305.84490965666697,4.182924452854772,1.0
2026-04-05 08:49:51+00:00,186.50482894974797,305.55961658527957,2.964468147983977,1.0
2026-04-05 08:49:52+00:00,186.50276038721873,305.21348857608405,3.463219194398759,1.0
2026-04-05 08:49:53+00:00,186.44804147475944,304.8855433357933,3.3265032088721616,1.0
2026-04-05 08:49:54+00:00,186.47070439925974,304.5971597552011,2.894306760436444,1.0
2026-04-05 08:49:55+00:00,186.50704054369123,304.3210108746078,2.78680911452133,1.0
2026-04-05 08:49:56+00:00,186.61580181457765,303.9612721919056,3.7601660700030406,1.0
2026-04-05 08:49:57+00:00,186.77285518066785,303.6388091212021,3.5884632847462488,1.0
2026-04-05 08:49:58+00:00,186.94475264552543,303.4067939957833,2.888707438388337,1.0
2026-04-05 08:49:59+00:00,187.05817139901438,303.08090185353217,3.4524133275871542,1.0
2026-04-05 08:50:00+00:00,187.0043241375144,302.74186493701416,3.4346409370831865,1.0
2026-04-05 08:50:01+00:00,187.02785871295487,302.44238968027275,3.005626250948663,1.0
2026-04-05 08:50:02+00:00,187.14331999621962,302.1836191069995,2.8349933363328264,1.0
2026-04-05 08:50:03+00:00,187.3786268502095,301.8896260198453,3.767089126227803,1.0
2026-04-05 08:50:04+00:00,187.56215500520963,301.60272402544643,3.4072759510597384,1.0
2026-04-05 08:50:05+00:00,187.6994335947879,301.34566798794805,2.9155077104966436,1.0
2026-04-05 08:50:06+00:00,187.84485627073562,301.0780917862246,3.046804056698038,1.0
2026-04-05 08:50:07+00:00,187.98766399386952,300.843790613029,2.7451303091352717,1.0
2026-04-05 08:50:08+00:00,188.09816856662334,300.46186857802707,3.977960929938521,1.0
2026-04-05 08:50:09+00:00,188.1502204607619,300.2650759664105,2.0366792957987268,1.0
2026-04-05 08:50:10+00:00,188.28719982244476,299.9187150076355,3.726505723583533,1.0
2026-04-05 08:50:11+00:00,188.4305799686037,299.5840172369331,3.6429555220092116,1.0
2026-04-05 08:50:12+00:00,188.53846958854376,299.2353702304592,3.6514898782777587,1.0
2026-04-05 08:50:13+00:00,188.66381826007733,298.94389614058446,3.17440826821837,1.0
2026-04-05 08:50:14+00:00,188.7533771774769,298.54916789358066,4.0497737118780535,1.0
2026-04-05 08:50:15+00:00,188.7021448687974,298.1768559486147,3.7601679054394648,1.0
2026-04-05 08:50:16+00:00,188.67302909431407,297.895563460699,2.8294502688365895,1.0
2026-04-05 08:50:17+00:00,188.72826836431736,297.5650992230499,3.3523090287696875,1.0
2026-04-05 08:50:18+00:00,188.72241397012576,297.1740329972539,3.913218894844429,1.0
2026-04-05 08:50:19+00:00,188.74943514933932,296.8301910357575,3.4509042145794835,1.0
2026-04-05 08:50:20+00:00,188.77296972478598,296.5307157789372,3.0056262517396353,1.0
2026-04-05 08:50:21+00:00,188.8218082103131,296.1885883532154,3.4578370173885924,1.0
2026-04-05 08:50:22+00:00,188.74235781082422,295.80289868432124,3.9398744354201796,1.0
2026-04-05 08:50:23+00:00,188.7504758644531,295.51337207987956,2.897981919945489,1.0
2026-04-05 08:50:24+00:00,188.7446214702677,295.1223058540049,3.9132190214804146,1.0
2026-04-05 08:50:25+00:00,188.7323662915932,294.7195764400565,4.031334562934507,1.0
2026-04-05 08:50:26+00:00,188.75298668630478,294.36407129048536,3.56297062043766,1.0
2026-04-05 08:50:27+00:00,188.7898952537872,293.98752581238733,3.785565675375108,1.0
2026-04-05 08:50:28+00:00,188.80411486401593,293.6203574746638,3.6764394922543495,1.0
2026-04-05 08:50:29+00:00,188.7918596853285,293.2176280607144,4.031334692014638,1.0
2026-04-05 08:50:30+00:00,188.81800921359567,292.8848777754461,3.339584723276292,1.0
2026-04-05 08:50:31+00:00,188.84241543998252,292.5743108424764,3.1169457422518545,1.0
2026-04-05 08:50:32+00:00,188.83743269673724,292.17215294045235,4.024067417709359,1.0
2026-04-05 08:50:33+00:00,188.888014484138,291.80784216235213,3.6800566992679133,1.0
2026-04-05 08:50:34+00:00,188.8830317408866,291.4056842604068,4.0240674628149025,1.0
2026-04-05 08:50:35+00:00,188.9117962219867,291.0396589465328,3.6735431963948937,1.0
2026-04-05 08:50:36+00:00,188.96935121694037,290.5866147590025,4.56934335479482,1.0
2026-04-05 08:50:37+00:00,188.97921257245576,290.2749048021833,3.1203587528762973,1.0
2026-04-05 08:50:38+00:00,188.97393060130213,289.78344197888157,4.917576668695782,1.0
2026-04-05 08:50:39+00:00,188.995995070011,289.3164485555776,4.677694652122505,1.0
2026-04-05 08:50:40+00:00,189.08293903459673,288.9549953371017,3.7196140877984294,1.0
2026-04-05 08:50:41+00:00,189.2935144015571,288.603257821344,4.101364063204378,1.0
2026-04-05 08:50:42+00:00,189.40750557809696,288.17696908158825,4.415001971874863,1.0
2026-04-05 08:50:43+00:00,189.4863054562942,287.8260360274152,3.598641112629691,1.0
2026-04-05 08:50:44+00:00,189.54851793384412,287.40683838041474,4.240193712860701,1.0
2026-04-05 08:50:45+00:00,189.58281154848694,287.0635679308425,3.4516752391702332,1.0
2026-04-05 08:50:46+00:00,189.66073977574393,286.7237265528188,3.4884840676532525,1.0
2026-04-05 08:50:47+00:00,189.80763255842948,286.62366851757895,1.7777713061771367,1.0
2026-04-05 08:50:48+00:00,190.00020248349887,286.5941611229445,1.948331192627797,1.0
2026-04-05 08:50:49+00:00,190.19190075762805,286.5757454044593,1.9259415391423698,1.0
2026-04-05 08:50:50+00:00,190.44556434690517,286.6068399979726,2.5557649385056282,1.0
2026-04-05 08:50:51+00:00,190.68411064226004,286.7371881651412,2.718735338717925,1.0
2026-04-05 08:50:52+00:00,190.9462175458088,286.8470675157858,2.8423595632043157,1.0
2026-04-05 08:50:53+00:00,191.27551967014605,286.93990712137423,3.4216393773730047,1.0
2026-04-05 08:50:54+00:00,191.56088795397363,286.94001273413755,2.8538459471887676,1.0
2026-04-05 08:50:55+00:00,191.77266023253605,286.94549490372583,2.1185498147626216,1.0
2026-04-05 08:50:56+00:00,192.1668158199906,286.8648682740036,4.023543156168178,1.0
2026-04-05 08:50:57+00:00,192.5074494065811,286.8135160892565,3.4451002276413476,1.0
2026-04-05 08:50:58+00:00,192.76865862644294,286.65548067591266,3.053633471840651,1.0
2026-04-05 08:50:59+00:00,193.12179455411615,286.53814994603624,3.721655910485454,1.0
2026-04-05 08:51:00+00:00,193.4621289128112,286.3974928400126,3.683126344080587,1.0
2026-04-05 08:51:01+00:00,193.7570853570246,286.2755900147401,3.1920435970424266,1.0
2026-04-05 08:51:02+00:00,194.02120875760863,286.1735844941461,2.831782397043084,1.0
2026-04-05 08:51:03+00:00,194.2428684244079,286.1463631472095,2.2334172212247623,1.0
2026-04-05 08:51:04+00:00,194.55005401455523,286.1481832956688,3.072089592924397,1.0
2026-04-05 08:51:05+00:00,194.79818847027065,286.15652302495823,2.4828870887414296,1.0
2026-04-05 08:51:06+00:00,195.00181666244447,286.1725253588494,2.0426744433980777,1.0
2026-04-05 08:51:07+00:00,195.2735117263599,286.160396271536,2.719829044830518,1.0
2026-04-05 08:51:08+00:00,195.52687608773493,286.1021859436929,2.5999128215547906,1.0
2026-04-05 08:51:09+00:00,195.77296801367447,286.04340410400437,2.5304087042279537,1.0
2026-04-05 08:51:10+00:00,196.02894732787618,285.95191874763435,2.7187393449363038,1.0
2026-04-05 08:51:11+00:00,196.30761559933163,285.8510562508899,2.964015047065358,1.0
2026-04-05 08:51:12+00:00,196.59908543975905,285.77352013037137,3.016399549205554,1.0
2026-04-05 08:51:13+00:00,196.91703006910254,285.73154508607865,3.2072849609868923,1.0
2026-04-05 08:51:14+00:00,197.19569834055793,285.6306825893342,2.9640163327151905,1.0
2026-04-05 08:51:15+00:00,197.5319736724352,285.63478878549137,3.3632038922470024,1.0
2026-04-05 08:51:16+00:00,197.87116318504133,285.6949248744784,3.445004672698963,1.0
2026-04-05 08:51:17+00:00,198.18330548569344,285.8198964847451,3.3626399601266947,1.0
2026-04-05 08:51:18+00:00,198.5280241318423,285.9027874380336,3.5456908594488197,1.0
2026-04-05 08:51:19+00:00,198.89513250734268,285.8869963295913,3.6747142364133754,1.0
2026-04-05 08:51:20+00:00,199.27795663255014,285.95056149012566,3.8808906324021,1.0
2026-04-05 08:51:21+00:00,199.5871847524733,286.01950320756293,3.16841244599362,1.0
2026-04-05 08:51:22+00:00,199.96709469695855,286.0270384753476,3.800069370184699,1.0
2026-04-05 08:51:23+00:00,200.24519054536313,286.02657257610775,2.7811295384455605,1.0
2026-04-05 08:51:24+00:00,200.51805648811424,286.09265673392173,2.8077368957861433,1.0
2026-04-05 08:51:25+00:00,200.80372399985018,286.1820672679625,2.9935720236206373,1.0
2026-04-05 08:51:26+00:00,201.07833324448163,286.2259680734778,2.781129093750397,1.0
2026-04-05 08:51:27+00:00,201.35207083817295,286.2809605551423,2.792246150099083,1.0
2026-04-05 08:51:28+00:00,201.66159818599826,286.43920719393594,3.4767849693533885,1.0
2026-04-05 08:51:29+00:00,201.88094212787297,286.53456579688276,2.392016521678994,1.0
2026-04-05 08:51:30+00:00,201.89317127380696,286.6582887706145,1.2439189512884206,1.0
2026-04-05 08:51:31+00:00,201.86729494068845,286.80133753702165,1.45449003800698,1.0
2026-04-05 08:51:32+00:00,201.71517225234953,286.9679456293151,2.25690794061137,1.0
2026-04-05 08:51:33+00:00,201.57759443488197,287.13569674545806,2.1703552879778356,1.0
2026-04-05 08:51:34+00:00,201.38270878487515,287.2877840899748,2.472753057747306,1.0
2026-04-05 08:51:35+00:00,201.08717991762376,287.51008351275306,3.6990300888774406,1.0
2026-04-05 08:51:36+00:00,200.8844494091435,287.76199594293024,3.2348268771568187,1.0
2026-04-05 08:51:37+00:00,200.74164168602871,287.996297116048,2.745144791472338,1.0
2026-04-05 08:51:38+00:00,200.57731588449636,288.31818867482633,3.615811286524783,1.0
2026-04-05 08:51:39+00:00,200.48775696708387,288.71291692182905,4.049775464702289,1.0
2026-04-05 08:51:40+00:00,200.33244690288024,289.0131966401551,3.3822618084697282,1.0
2026-04-05 08:51:41+00:00,200.1544478814228,289.3228534988557,3.573334268361857,1.0
2026-04-05 08:51:42+00:00,199.98925042895024,289.6558367337834,3.7188701941850093,1.0
2026-04-05 08:51:43+00:00,199.80223567017708,289.98710543293726,3.8058642842425003,1.0
2026-04-05 08:51:44+00:00,199.62480907175765,290.1963656941321,2.7445712691521464,1.0
2026-04-05 08:51:45+00:00,199.46192734422254,290.40676897917746,2.661882732818162,1.0
2026-04-05 08:51:46+00:00,199.27316928356282,290.7602210307089,4.008837151800617,1.0
2026-04-05 08:51:47+00:00,199.14259070637573,291.11824517763716,3.812877305478271,1.0
2026-04-05 08:51:48+00:00,199.00152628514127,291.3303629984564,2.5485035063330685,1.0
2026-04-05 08:51:49+00:00,198.79095091816794,291.68210051421295,4.101361730269266,1.0
2026-04-05 08:51:50+00:00,198.59666372395262,292.0127977014415,3.837195959117137,1.0
2026-04-05 08:51:51+00:00,198.45938513439341,292.26985373886214,2.915516517955726,1.0
2026-04-05 08:51:52+00:00,198.32327742365084,292.60512302148777,3.620246551325575,1.0
2026-04-05 08:51:53+00:00,198.2183019844397,293.00979992079135,4.182927795449734,1.0
2026-04-05 08:51:54+00:00,198.10836983471768,293.29132535836624,3.0238013254138387,1.0
2026-04-05 08:51:55+00:00,197.95480307240052,293.56942172431485,3.1782583566236005,1.0
2026-04-05 08:51:56+00:00,197.81782371071773,293.91578268308984,3.7265100480326887,1.0
2026-04-05 08:51:57+00:00,197.68084434904162,294.26214364194465,3.726509841900938,1.0
2026-04-05 08:51:58+00:00,197.53920750475623,294.5746580602686,3.4327995658242716,1.0
2026-04-05 08:51:59+00:00,197.37575335417029,294.8854579428187,3.5132483882941994,1.0
2026-04-05 08:52:00+00:00,197.2806653032151,295.25743132551975,3.8413879824166997,1.0
2026-04-05 08:52:01+00:00,197.14921507508788,295.62654714859747,3.9202400167880707,1.0
2026-04-05 08:52:02+00:00,197.03026718805629,295.92968442654677,3.2580291485024464,1.0
2026-04-05 08:52:03+00:00,196.87612800268204,296.3081773900789,4.0887976811214735,1.0
2026-04-05 08:52:04+00:00,196.75107855904386,296.6889564012303,4.009942200645099,1.0
2026-04-05 08:52:05+00:00,196.65947711186857,297.0165630792561,3.4035127916209933,1.0
2026-04-05 08:52:06+00:00,196.5370426210571,297.3640670618806,3.6863038759575066,1.0
2026-04-05 08:52:07+00:00,196.4614561514781,297.8603349302386,5.022639319808263,1.0
2026-04-05 08:52:08+00:00,196.4030295055972,298.3244707939194,4.680538006001424,1.0
2026-04-05 08:52:09+00:00,196.32945953305344,298.60885379103877,2.939010502351271,1.0
2026-04-05 08:52:10+00:00,196.22709904666903,298.98025566181553,3.8545260330652606,1.0
2026-04-05 08:52:11+00:00,196.21200778548723,299.35851567568733,3.7876738171105533,1.0
2026-04-05 08:52:12+00:00,196.04070877641493,299.7691406438968,4.451435037391724,1.0
2026-04-05 08:52:13+00:00,195.9191459365566,300.105552950373,3.578844695715483,1.0
2026-04-05 08:52:14+00:00,195.8205712818346,300.5218930377502,4.280789378037213,1.0
2026-04-05 08:52:15+00:00,195.7330548942108,300.9837428537318,4.703223172558514,1.0
2026-04-05 08:52:16+00:00,195.70603371499723,301.3275848152283,3.4509042145794835,1.0
2026-04-05 08:52:17+00:00,195.55625278433627,301.65061939785613,3.5624186353686556,1.0
2026-04-05 08:52:18+00:00,195.40415612873787,302.09623393036617,4.710985049870004,1.0
2026-04-05 08:52:19+00:00,195.3364145176452,302.4926767130649,4.024066880171174,1.0
2026-04-05 08:52:20+00:00,195.27303116125958,302.83366111493814,3.4701274246218445,1.0
2026-04-05 08:52:21+00:00,195.1828737880624,303.0497795193089,2.3428590933326037,1.0
2026-04-05 08:52:22+00:00,194.9621118049371,303.34491563023283,3.6871288028374143,1.0
2026-04-05 08:52:23+00:00,194.6741546010172,303.65709148629173,4.248508942149518,1.0
2026-04-05 08:52:24+00:00,194.44146269985393,303.91780954491907,3.4957994283971665,1.0
2026-04-05 08:52:25+00:00,194.1427464567249,304.27378059372904,4.64872671640181,1.0
2026-04-05 08:52:26+00:00,193.91209708535044,304.6016202213353,4.010110408527864,1.0
2026-04-05 08:52:27+00:00,193.62588318330407,304.89161272501576,4.075821336064307,1.0
2026-04-05 08:52:28+00:00,193.34432676388604,305.2154517691493,4.292768123015251,1.0
2026-04-05 08:52:29+00:00,193.08110104698275,305.58537205381054,4.541990693718757,1.0
2026-04-05 08:52:30+00:00,192.86965402908214,305.9482012457175,4.20133996138952,1.0
2026-04-05 08:52:31+00:00,192.62097318305644,306.31926455414947,4.468755146805588,1.0
2026-04-05 08:52:32+00:00,192.2754349514485,306.8054781574435,5.967328776825566,1.0
2026-04-05 08:52:33+00:00,191.99300688108417,307.1404088778051,4.38275124953378,1.0
2026-04-05 08:52:34+00:00,191.72686698347098,307.454299269559,4.116811818393506,1.0
2026-04-05 08:52:35+00:00,191.5308364873691,307.8071798091651,4.038574851891881,1.0
2026-04-05 08:52:36+00:00,191.19254465845657,308.01495848424645,3.9708485376626688,1.0
2026-04-05 08:52:37+00:00,190.88304334337798,308.1357182855906,3.3226454486499706,1.0
2026-04-05 08:52:38+00:00,190.4630114227988,308.3593936817989,4.759560207986246,1.0
2026-04-05 08:52:39+00:00,190.08863061186292,308.3746132783959,3.746986073988975,1.0
2026-04-05 08:52:40+00:00,189.74072458983647,308.42539395113874,3.5160702227251788,1.0
2026-04-05 08:52:41+00:00,189.3576272694674,308.5515303094645,4.033666289947557,1.0
2026-04-05 08:52:42+00:00,188.98093073359405,308.6893298559437,4.011525629793323,1.0
2026-04-05 08:52:43+00:00,188.67753097512195,308.73244792408593,3.064605286509698,1.0
2026-04-05 08:52:44+00:00,188.24992739121143,308.86624688701346,4.48087502814122,1.0
2026-04-05 08:52:45+00:00,187.85054189809725,309.0134235738683,4.25686031707785,1.0
2026-04-05 08:52:46+00:00,187.48809100519938,309.0630612227617,3.658479251397953,1.0
2026-04-05 08:52:47+00:00,187.05291575795115,309.1069837524874,4.373995648460648,1.0
2026-04-05 08:52:48+00:00,186.6308413075962,309.26353757971776,4.5022166130675405,1.0
2026-04-05 08:52:49+00:00,186.2567597245429,309.36806209759027,3.884396876774274,1.0
2026-04-05 08:52:50+00:00,185.89809466331405,309.462637963164,3.709511570833309,1.0
2026-04-05 08:52:51+00:00,185.59586578367143,309.58396927651216,3.257124599027351,1.0
2026-04-05 08:52:52+00:00,185.1961810626742,309.6418410419327,4.038682255037635,1.0
2026-04-05 08:52:53+00:00,184.7601081317453,309.4178488075912,4.9028179872399065,1.0
2026-04-05 08:52:54+00:00,184.3606966058777,309.28601905422835,4.206231430717014,1.0
2026-04-05 08:52:55+00:00,183.9679850924014,309.2551574102955,3.9392735040867266,1.0
2026-04-05 08:52:56+00:00,183.69511914965028,309.1890732524817,2.8076159818049726,1.0
2026-04-05 08:52:57+00:00,183.2797186789331,309.1675887489244,4.1596121988836385,1.0
2026-04-05 08:52:58+00:00,182.88875046734333,309.11454375261405,3.9455602554417166,1.0
2026-04-05 08:52:59+00:00,182.55653416229003,308.9656742541971,3.640730773066421,1.0
2026-04-05 08:53:00+00:00,182.10708723931918,308.81875224121205,4.728717541800272,1.0
2026-04-05 08:53:01+00:00,181.62536319874076,308.8032158065607,4.819814998496384,1.0
2026-04-05 08:53:02+00:00,181.24836743498437,308.8517104316056,3.801155717660972,1.0
2026-04-05 08:53:03+00:00,180.85625437729948,308.99945863038465,4.190711068744364,1.0
2026-04-05 08:53:04+00:00,180.54443733729633,309.24279838161203,3.9563137541674953,1.0
2026-04-05 08:53:05+00:00,180.25966750924107,309.4213026116384,3.36159536304719,1.0
2026-04-05 08:53:06+00:00,179.9876992501898,309.6231332178139,3.387594828876508,1.0
2026-04-05 08:53:07+00:00,179.71690186996125,309.9031770691157,3.8968678957013267,1.0
2026-04-05 08:53:08+00:00,179.4111863865517,310.06887508714016,3.477912549430704,1.0
2026-04-05 08:53:09+00:00,179.15520707234998,310.1603604435101,2.7186361007850075,1.0
2026-04-05 08:53:10+00:00,178.80642939937715,310.22223279248124,3.5423887632446447,1.0
2026-04-05 08:53:11+00:00,178.4186745964055,310.3145226103559,3.986107661073021,1.0
2026-04-05 08:53:12+00:00,178.1126598851067,310.39091570702493,3.154261828616228,1.0
2026-04-05 08:53:13+00:00,177.78831447127413,310.421227563244,3.257670777329148,1.0
2026-04-05 08:53:14+00:00,177.37264080539535,310.5894445785469,4.484735784233547,1.0
2026-04-05 08:53:15+00:00,177.0343489764828,310.79722325362826,3.970830320944069,1.0
2026-04-05 08:53:16+00:00,176.79351298893727,311.06846147647974,3.6285594123155804,1.0
2026-04-05 08:53:17+00:00,176.51718647517274,311.3257504635597,3.776765831091367,1.0
2026-04-05 08:53:18+00:00,176.19722534878105,311.57961037908996,4.085412346978622,1.0
2026-04-05 08:53:19+00:00,175.9569617842864,311.7504520044367,2.9487844240628456,1.0
2026-04-05 08:53:20+00:00,175.5738644639302,311.87658836276347,4.033639021378253,1.0
2026-04-05 08:53:21+00:00,175.1398600955176,311.9987241376164,4.50894580958682,1.0
2026-04-05 08:53:22+00:00,174.72737380552934,312.0332695268888,4.139388936982111,1.0
2026-04-05 08:53:23+00:00,174.34166153233355,312.19268091374136,4.174048816219316,1.0
2026-04-05 08:53:24+00:00,174.0295452644411,312.34671574361334,3.481077685980961,1.0
2026-04-05 08:53:25+00:00,173.89082260087844,312.71526005484566,3.9398649472634606,1.0
2026-04-05 08:53:26+00:00,173.82365341282375,313.01130624003866,3.0373285855257923,1.0
2026-04-05 08:53:27+00:00,173.79227397889693,313.4106065824395,4.007501668722523,1.0
2026-04-05 08:53:28+00:00,173.75245123069854,313.731122167709,3.2315603903464165,1.0
2026-04-05 08:53:29+00:00,173.6780096072084,314.0265968410565,3.0486954779474567,1.0
2026-04-05 08:53:30+00:00,173.5931081724114,314.4551716285114,4.371387745917946,1.0
2026-04-05 08:53:31+00:00,173.59779168776737,314.76802460918003,3.1305742297883548,1.0
2026-04-05 08:53:32+00:00,173.59084451297412,315.135764458749,3.6800561402678587,1.0
2026-04-05 08:53:33+00:00,173.58302568724744,315.5145959845471,3.791184390234944,1.0
2026-04-05 08:53:34+00:00,173.48589510650356,315.8194477982692,3.2011717036875913,1.0
2026-04-05 08:53:35+00:00,173.3652039175854,316.14476842859597,3.471621782147869,1.0
2026-04-05 08:53:36+00:00,173.14705688728066,316.4066295110719,3.409454364659633,1.0
2026-04-05 08:53:37+00:00,172.86694454184703,316.6189802814715,3.5158952627280113,1.0
2026-04-05 08:53:38+00:00,172.63686759351052,316.8464233115721,3.2362170438780558,1.0
2026-04-05 08:53:39+00:00,172.35849854995723,317.03659072967304,3.3719645974258334,1.0
2026-04-05 08:53:40+00:00,172.07517279589928,317.10360668596644,2.9115775861842126,1.0
2026-04-05 08:53:41+00:00,171.70079198495668,317.11882628248355,3.7469182233840868,1.0
2026-04-05 08:53:42+00:00,171.39769145438683,317.25124927198215,3.3080471826315554,1.0
2026-04-05 08:53:43+00:00,171.0809177038727,317.3714375614809,3.3884075590262337,1.0
2026-04-05 08:53:44+00:00,170.78187620011394,317.35909724871874,2.992951581463078,1.0
2026-04-05 08:53:45+00:00,170.4557874843819,317.41159245731427,3.3029603947322927,1.0
2026-04-05 08:53:46+00:00,170.1768199850372,317.4231500327034,2.7920794959645465,1.0
2026-04-05 08:53:47+00:00,169.92781387838164,317.4259019795634,2.4902145001568257,1.0
2026-04-05 08:53:48+00:00,169.54994646366595,317.4854882808355,3.825465862136557,1.0
2026-04-05 08:53:49+00:00,169.23230106222468,317.6167682464846,3.437423122986428,1.0
2026-04-05 08:53:50+00:00,168.9184414924266,317.79298642881184,3.600051659496215,1.0
2026-04-05 08:53:51+00:00,168.65984722540435,317.91774681362983,2.871557530309109,1.0
2026-04-05 08:53:52+00:00,168.5056820072896,318.01723333694537,1.8351510991810809,1.0
2026-04-05 08:53:53+00:00,168.33784356923687,318.10448516018226,1.8919120131365745,1.0
2026-04-05 08:53:54+00:00,168.07459181960596,318.195399004628,2.78531217641101,1.0
2026-04-05 08:53:55+00:00,167.777020422572,318.3505768583485,3.356525392343538,1.0
2026-04-05 08:53:56+00:00,167.58649302728517,318.4472058220407,2.1366089726743467,1.0
2026-04-05 08:53:57+00:00,167.4023664164745,318.5554979738056,2.136487563877532,1.0
2026-04-05 08:53:58+00:00,167.3025948501763,318.61461837583886,1.1599285721734618,1.0
2026-04-05 08:53:59+00:00,167.10915327416058,318.6552174467016,1.9766347281026855,1.0
2026-04-05 08:54:00+00:00,166.93025656902245,318.69695954133493,1.8371014150237341,1.0
2026-04-05 08:54:01+00:00,166.71034020409064,318.70199753597177,2.199738571794591,1.0
2026-04-05 08:54:02+00:00,166.4433026227906,318.74797316373724,2.709737642559631,1.0
2026-04-05 08:54:03+00:00,166.12710129532744,318.76776485573123,3.1682143887228533,1.0
2026-04-05 08:54:04+00:00,165.86529361968087,318.747190426443,2.6261306653707814,1.0
2026-04-05 08:54:05+00:00,165.60610089686097,318.693340968628,2.647279836519024,1.0
2026-04-05 08:54:06+00:00,165.25789564693235,318.65481672001454,3.503276845973675,1.0
2026-04-05 08:54:07+00:00,164.9271494485978,318.67346538815895,3.3127258789138425,1.0
2026-04-05 08:54:08+00:00,164.6336370783946,318.6838799396995,2.936971683574587,1.0
2026-04-05 08:54:09+00:00,164.33808217838975,318.62717292226023,3.0094578803366896,1.0
2026-04-05 08:54:10+00:00,164.07071933644698,318.30483718845267,4.189040889604947,1.0
2026-04-05 08:54:11+00:00,163.87232104993944,318.22228479750885,2.148979301346357,1.0
2026-04-05 08:54:12+00:00,163.58956771891948,318.18890415629653,2.8471538221665065,1.0
2026-04-05 08:54:13+00:00,163.32340178856583,318.2237881078338,2.6844687428794023,1.0
2026-04-05 08:54:14+00:00,162.94902097762997,318.2390077044308,3.7469061840379347,1.0
2026-04-05 08:54:15+00:00,162.66043928516513,318.0935672775602,3.231834473355365,1.0
2026-04-05 08:54:16+00:00,162.36632845917046,317.92537198638905,3.3883999232982465,1.0
2026-04-05 08:54:17+00:00,161.97301848989653,317.71590049982314,4.456497523271668,1.0
2026-04-05 08:54:18+00:00,161.6541761768723,317.4899607800486,3.908346806976373,1.0
2026-04-05 08:54:19+00:00,161.35162203658692,317.24298073182376,3.9062921106384985,1.0
2026-04-05 08:54:20+00:00,161.0127057191295,316.99314312397576,4.211127829873135,1.0
2026-04-05 08:54:21+00:00,160.66420124131832,316.86531395408673,3.712216402610785,1.0
2026-04-05 08:54:22+00:00,160.29649441002024,316.70249521989604,4.021647965214549,1.0
2026-04-05 08:54:23+00:00,159.86363488771568,316.62383779966063,4.399488707099324,1.0
2026-04-05 08:54:24+00:00,159.48895484887768,316.5497524749012,3.819356215909309,1.0
2026-04-05 08:54:25+00:00,159.1738983675096,316.36875097180587,3.633838486314508,1.0
2026-04-05 08:54:26+00:00,158.83615292890076,316.19712660908607,3.7887847587732315,1.0
2026-04-05 08:54:27+00:00,158.5673460129607,315.9862791490114,3.416904563453817,1.0
2026-04-05 08:54:28+00:00,158.23948796260783,315.7819512696891,3.863608707435594,1.0
2026-04-05 08:54:29+00:00,157.89272678668317,315.6319387474225,3.7783961591977673,1.0
2026-04-05 08:54:30+00:00,157.61577578436751,315.43161145165175,3.4185830743473846,1.0
2026-04-05 08:54:31+00:00,157.31787912669762,315.21847794387907,3.663427271622089,1.0
2026-04-05 08:54:32+00:00,156.97550223821383,315.2920134809238,3.501999178221025,1.0
2026-04-05 08:54:33+00:00,156.62846786714044,315.3317024775185,3.4930287685185752,1.0
2026-04-05 08:54:34+00:00,156.31953897511272,315.35206568135783,3.0960218065979452,1.0
2026-04-05 08:54:35+00:00,155.95360147844175,315.44607003500636,3.7783978600866033,1.0
2026-04-05 08:54:36+00:00,155.57747736561933,315.48347298398073,3.7798487067178916,1.0
2026-04-05 08:54:37+00:00,155.28047839163636,315.5382542401965,3.0201919145109737,1.0
2026-04-05 08:54:38+00:00,154.97707863316427,315.5813723083387,3.0645553121530975,1.0
2026-04-05 08:54:39+00:00,154.5622766182256,315.73849764749224,4.436071518849007,1.0
2026-04-05 08:54:40+00:00,154.257133557867,315.8037990680119,3.1206518223083837,1.0
2026-04-05 08:54:41+00:00,153.86646457417936,315.8400589930581,3.9235310014378375,1.0
2026-04-05 08:54:42+00:00,153.43158855482662,315.97328644406036,4.548581674344951,1.0
2026-04-05 08:54:43+00:00,153.07205184265146,316.0789539858622,3.7476775150236064,1.0
2026-04-05 08:54:44+00:00,152.70232851432434,316.1280201228314,3.729724245173091,1.0
2026-04-05 08:54:45+00:00,152.33551936671316,316.23311615262924,3.8159216733561037,1.0
2026-04-05 08:54:46+00:00,152.01757473736347,316.2750911970007,3.207097266619366,1.0
2026-04-05 08:54:47+00:00,151.7348214063626,316.24171055571054,2.84715902656793,1.0
2026-04-05 08:54:48+00:00,151.42267910571056,316.11673894544373,3.3624512194534173,1.0
2026-04-05 08:54:49+00:00,151.34499804086173,315.9878723643898,1.5052323213699488,1.0
2026-04-05 08:54:50+00:00,151.3220098557254,315.9079445834887,0.8320773177329975,1.0
2026-04-05 08:54:51+00:00,151.33364054586792,315.8530577145086,0.5613574440605358,1.0
2026-04-05 08:54:52+00:00,151.2879634034779,315.7825070739822,0.8407522500432039,1.0
2026-04-05 08:54:53+00:00,151.23879965732098,315.7563231381318,0.5570632640635304,1.0
2026-04-05 08:54:54+00:00,151.16781860486338,315.72842466650786,0.7627016452701431,1.0
2026-04-05 08:54:55+00:00,151.11661232892445,315.6351191617584,1.064736174628822,1.0
2026-04-05 08:54:56+00:00,151.10002492827053,315.56685456885117,0.7028557297502318,1.0
2026-04-05 08:54:57+00:00,151.1043831829776,315.5113961880256,0.556597453352067,1.0
2026-04-05 08:54:58+00:00,151.1058272569749,315.3999079142927,1.1155825227914222,1.0
2026-04-05 08:54:59+00:00,151.09912724458363,315.29893980486275,1.01244269223082,1.0
2026-04-05 08:55:00+00:00,151.09534141292747,315.2540015881835,0.45121384097459205,1.0
2026-04-05 08:55:01+00:00,151.1005713185809,315.18745153112985,0.6679169446552584,1.0
2026-04-05 08:55:02+00:00,151.08629964285822,314.9966069884191,1.9147949943439515,1.0
2026-04-05 08:55:03+00:00,151.05865397510652,314.88283266706594,1.171426344925941,1.0
2026-04-05 08:55:04+00:00,151.01501936249227,314.87940359551743,0.4376905752348848,1.0
2026-04-05 08:55:05+00:00,150.99873118974054,314.90044392396663,0.26618416400301254,1.0
2026-04-05 08:55:06+00:00,150.96528319329735,314.95361625717294,0.6284459341969634,1.0
2026-04-05 08:55:07+00:00,150.9117872251677,315.26189714244356,3.130574118167217,1.0
2026-04-05 08:55:08+00:00,150.8824503210167,315.72831905382225,4.675987668518757,1.0
2026-04-05 08:55:09+00:00,151.00553533310685,316.11743779426405,4.083129684825134,1.0
2026-04-05 08:55:10+00:00,151.26328398194232,316.282775525813,3.0625671173639883,1.0
2026-04-05 08:55:11+00:00,151.59928611867085,316.4765832408314,3.87928084736314,1.0
2026-04-05 08:55:12+00:00,151.8227151201101,316.706184981735,3.204461658009943,1.0
2026-04-05 08:55:13+00:00,151.9036095935833,316.98038637689524,2.8602116809295035,1.0
2026-04-05 08:55:14+00:00,151.99003320059302,317.2773426364362,3.094242129731409,1.0
2026-04-05 08:55:15+00:00,152.05115289754133,317.61695106480056,3.452406677826064,1.0
2026-04-05 08:55:16+00:00,152.0965568447826,317.8772032241882,2.643183415469494,1.0
2026-04-05 08:55:17+00:00,152.06022070035112,318.1533521047815,2.7868088944736096,1.0
2026-04-05 08:55:18+00:00,151.9587318649069,318.51366229940885,3.7452717957743653,1.0
2026-04-05 08:55:19+00:00,152.03875468743374,318.79895537079733,2.9644583870097754,1.0
2026-04-05 08:55:20+00:00,152.08241533278849,319.08139088256246,2.8593795686389996,1.0
2026-04-05 08:55:21+00:00,152.12869093096995,319.3305513658007,2.535502906892871,1.0
2026-04-05 08:55:22+00:00,152.26776488791586,319.609324856358,3.1166265876572075,1.0
2026-04-05 08:55:23+00:00,152.45687424195884,319.9031906066163,3.4957549225524596,1.0
2026-04-05 08:55:24+00:00,152.5569710688998,320.21238156615595,3.251410113806399,1.0
2026-04-05 08:55:25+00:00,152.7266048743263,320.66095927089594,4.797940479013304,1.0
2026-04-05 08:55:26+00:00,152.84881823547008,321.0611696875659,4.186520932915457,1.0
2026-04-05 08:55:27+00:00,152.91459541501473,321.43462465646013,3.793972724028142,1.0
2026-04-05 08:55:28+00:00,153.05658355268955,321.769428039847,3.6382263240602932,1.0
2026-04-05 08:55:29+00:00,153.28409761369332,322.13327291870746,4.292713192807564,1.0
2026-04-05 08:55:30+00:00,153.48949514049428,322.4060983404378,3.4160194325468196,1.0
2026-04-05 08:55:31+00:00,153.73939893083673,322.6712611575662,3.6445365200398694,1.0
2026-04-05 08:55:32+00:00,154.12835064539743,322.93619102503635,4.7066515924204575,1.0
2026-04-05 08:55:33+00:00,154.41723156575156,323.17093637326235,3.7229473580367767,1.0
2026-04-05 08:55:34+00:00,154.6235007434927,323.43267011884325,3.3333961613537526,1.0
2026-04-05 08:55:35+00:00,154.83559828268488,323.80646365000354,4.299342902374455,1.0
2026-04-05 08:55:36+00:00,155.0872453749139,324.0494431147545,3.4988115130469115,1.0
2026-04-05 08:55:37+00:00,155.31037514846383,324.1897399343027,2.6359913364674026,1.0
2026-04-05 08:55:38+00:00,155.50964508592446,324.2612006490982,2.117002797718358,1.0
2026-04-05 08:55:39+00:00,155.63327648831208,324.27091635181756,1.2401031124435593,1.0
2026-04-05 08:55:40+00:00,155.77436694228703,324.337804971215,1.5615123331851102,1.0
2026-04-05 08:55:41+00:00,155.9367022795247,324.5068047238919,2.343908260196253,1.0
2026-04-05 08:55:42+00:00,156.05540300416104,324.67237540502134,2.0378757580392244,1.0
2026-04-05 08:55:43+00:00,156.12698251241625,324.8788837192784,2.186614644113054,1.0
2026-04-05 08:55:44+00:00,156.20670610704087,325.07487186931047,2.1167414252531596,1.0
2026-04-05 08:55:45+00:00,156.3664264914518,325.2771466505142,2.5780529207214253,1.0
2026-04-05 08:55:46+00:00,156.48629809491754,325.52093057684976,2.7176952682734505,1.0
2026-04-05 08:55:47+00:00,156.64223264767236,325.67826714137436,2.2156734083864738,1.0
2026-04-05 08:55:48+00:00,156.71729875969444,325.8404087509552,1.7874846113071525,1.0
2026-04-05 08:55:49+00:00,156.682406689254,326.00506935789446,1.6840718447368606,1.0
2026-04-05 08:55:50+00:00,156.80489324555265,326.21557825562434,2.436389809073457,1.0
2026-04-05 08:55:51+00:00,157.0134781482313,326.354732051323,2.507702856443809,1.0
2026-04-05 08:55:52+00:00,157.2520244435799,326.4850802185704,2.7185624898461844,1.0
2026-04-05 08:55:53+00:00,157.46352352698068,326.6802639070188,2.878556990928155,1.0
2026-04-05 08:55:54+00:00,157.69043913218684,326.8654989432462,2.9296851385674656,1.0
2026-04-05 08:55:55+00:00,157.90019491370106,327.08286598407216,3.021380801232715,1.0
2026-04-05 08:55:56+00:00,158.05032713774528,327.40714920323404,3.5749672044611813,1.0
2026-04-05 08:55:57+00:00,158.06955552397267,327.72114520775216,3.1475253023482352,1.0
2026-04-05 08:55:58+00:00,158.01693120678317,328.0183344168735,3.019756441579108,1.0
2026-04-05 08:55:59+00:00,157.9797234114115,328.3055749736161,2.897981461416147,1.0
2026-04-05 08:56:00+00:00,157.8596046455375,328.53049900635835,2.5510478518266737,1.0
2026-04-05 08:56:01+00:00,157.7141819695898,328.79807520808185,3.0467771868334,1.0
2026-04-05 08:56:02+00:00,157.55770102653761,329.02014168127965,2.7176909167027796,1.0
2026-04-05 08:56:03+00:00,157.45387043342157,329.22402538549386,2.2890559165642723,1.0
2026-04-05 08:56:04+00:00,157.3573122757286,329.42848060171127,2.262164588828122,1.0
2026-04-05 08:56:05+00:00,157.2371935098484,329.65340463453236,2.5510469888884937,1.0
2026-04-05 08:56:06+00:00,157.20347231826273,329.896278486521,2.4533705069897045,1.0
2026-04-05 08:56:07+00:00,157.2677793910696,330.1022152889316,2.158444335025419,1.0
2026-04-05 08:56:08+00:00,157.41674073628442,330.3482852628873,2.8774632361683854,1.0
2026-04-05 08:56:09+00:00,157.51683756322532,330.65747622242696,3.251401540080096,1.0
2026-04-05 08:56:10+00:00,157.71321935271047,330.95191348461054,3.540350337940763,1.0
2026-04-05 08:56:11+00:00,157.81767443437087,331.205646063167,2.7450977468118505,1.0
2026-04-05 08:56:12+00:00,157.86482168349252,331.44371487025603,2.42814736016616,1.0
2026-04-05 08:56:13+00:00,157.96666181231996,331.73072247741817,3.046774536410909,1.0
2026-04-05 08:56:14+00:00,157.95097209535965,331.9303726485792,2.0037508339657752,1.0
2026-04-05 08:56:15+00:00,157.91899420564138,332.1510631482682,2.231164771683205,1.0
2026-04-05 08:56:16+00:00,158.01879180469308,332.37094918645244,2.415727113265457,1.0
2026-04-05 08:56:17+00:00,158.16513819706202,332.6502941890128,3.1547894020130807,1.0
2026-04-05 08:56:18+00:00,158.226531089172,332.80020109851705,1.6206070530694368,1.0
2026-04-05 08:56:19+00:00,158.2989822483674,332.99561773662475,2.0850756828664814,1.0
2026-04-05 08:56:20+00:00,158.3784066151028,333.1023009653013,1.3304127331761666,1.0
2026-04-05 08:56:21+00:00,158.38859323126093,333.1589023700551,0.5754000914021862,1.0
2026-04-05 08:56:22+00:00,158.40692393378845,333.2049836105839,0.4961478292734269,1.0
2026-04-05 08:56:23+00:00,158.34612949747617,333.2336865437127,0.672369515626183,1.0
2026-04-05 08:56:24+00:00,158.29260749660594,333.2629609887668,0.6101341990137118,1.0
2026-04-05 08:56:25+00:00,158.23908549574867,333.2922354338218,0.6101341731118661,1.0
2026-04-05 08:56:26+00:00,158.19196427936754,333.3331730669495,0.6243662214506878,1.0
2026-04-05 08:56:27+00:00,158.07037540675577,333.390578933208,1.344738766191084,1.0
2026-04-05 08:56:28+00:00,157.9065959955338,333.33306745426495,1.7358426208685727,1.0
2026-04-05 08:56:29+00:00,157.82368502503152,333.27075093026457,1.0373251167920876,1.0
2026-04-05 08:56:30+00:00,157.56100569842565,333.26126817720353,2.6284172927849734,1.0
2026-04-05 08:56:31+00:00,157.4210861232863,333.27259280293333,1.4037436499135867,1.0
2026-04-05 08:56:32+00:00,157.34661846705563,333.28906103606425,0.7626802250357153,1.0
2026-04-05 08:56:33+00:00,157.29309646618543,333.31833548111825,0.6101340958401025,1.0
2026-04-05 08:56:34+00:00,157.28408072886964,333.3399473215715,0.23428453905461685,1.0
2026-04-05 08:56:35+00:00,157.26866420705807,333.34989597387136,0.18351169814951176,1.0
2026-04-05 08:56:36+00:00,157.26052012067572,333.3604161380954,0.13309078616001874,1.0
2026-04-05 08:56:37+00:00,157.22968707705928,333.3803134427749,0.36702338734170986,1.0
2026-04-05 08:56:38+00:00,157.15434776988846,333.4078733520551,0.8022724195370894,1.0
2026-04-05 08:56:39+00:00,157.02082897923202,333.4308611659374,1.3548333627653557,1.0
2026-04-05 08:56:40+00:00,156.8692787139439,333.4970726607261,1.6539830727343596,1.0
2026-04-05 08:56:41+00:00,156.8076126266914,333.5368672700042,0.7340466343980055,1.0
2026-04-05 08:56:42+00:00,156.77037879857298,333.5451013866091,0.38133991611534446,1.0
2026-04-05 08:56:43+00:00,156.76223471220354,333.5556215508342,0.13309076919673185,1.0
2026-04-05 08:56:44+00:00,156.70231192683138,333.57323280781367,0.6245958943861046,1.0
2026-04-05 08:56:45+00:00,156.67322218510148,333.57094676011565,0.2917841185495788,1.0
2026-04-05 08:56:46+00:00,156.632202525314,333.5342426600402,0.5505349199137978,1.0
2026-04-05 08:56:47+00:00,156.60224113263098,333.5430482884905,0.3122979525369636,1.0
2026-04-05 08:56:48+00:00,156.57489469278767,333.51857888841505,0.36702328933356354,1.0
2026-04-05 08:56:49+00:00,156.57489469278767,333.51857888841505,0.0,1.0
2026-04-05 08:56:50+00:00,156.37853893604301,333.5031480664481,1.9695429593933618,1.0
2026-04-05 08:56:51+00:00,156.11615883735846,333.58297023466565,2.7426504284393607,1.0
2026-04-05 08:56:52+00:00,155.93581805821685,333.7362006031107,2.367082626996116,1.0
2026-04-05 08:56:53+00:00,155.72290093357844,333.931511628534,2.8900896531193854,1.0
2026-04-05 08:56:54+00:00,155.48497912674884,334.25877974421405,4.047690393709524,1.0
2026-04-05 08:56:55+00:00,155.30668087740216,334.4791316815593,2.8355424870864994,1.0
2026-04-05 08:56:56+00:00,155.18394715869528,334.7373307429072,2.8602001783569198,1.0
2026-04-05 08:56:57+00:00,155.1723425012995,335.071224052025,3.3427698871483784,1.0
2026-04-05 08:56:58+00:00,155.20088585273194,335.4529131374454,3.8295868522935996,1.0
2026-04-05 08:56:59+00:00,155.30272598157237,335.7399207446086,3.04677069792275,1.0
2026-04-05 08:57:00+00:00,155.73762803365273,335.8856997338218,4.5868224251230165,1.0
2026-04-05 08:57:01+00:00,156.07071598966522,336.0234775560117,3.604644632790707,1.0
2026-04-05 08:57:02+00:00,156.3828582903173,336.14844916627845,3.3623438397014658,1.0
2026-04-05 08:57:03+00:00,156.7514367725426,336.30017622431876,3.9859274782985223,1.0
2026-04-05 08:57:04+00:00,157.10838456463833,336.50679015134017,4.1246169642688635,1.0
2026-04-05 08:57:05+00:00,157.46067487411867,336.6795575379095,3.9238911605981364,1.0
2026-04-05 08:57:06+00:00,157.74576996280365,336.8693646694551,3.4253345008121827,1.0
2026-04-05 08:57:07+00:00,158.12510748425717,336.9772965346667,3.9438650326103883,1.0
2026-04-05 08:57:08+00:00,158.43812143583648,337.09117646878315,3.3308650785115232,1.0
2026-04-05 08:57:09+00:00,158.75666452097144,337.2278112672023,3.4661716771960167,1.0
2026-04-05 08:57:10+00:00,159.11535561495373,337.4122418418462,4.033473060822211,1.0
2026-04-05 08:57:11+00:00,159.37571921660916,337.5443045447885,2.9195418767844497,1.0
2026-04-05 08:57:12+00:00,159.63725369710704,337.7545804929379,3.3563215219308624,1.0
2026-04-05 08:57:13+00:00,159.96772670028668,337.9256333437334,3.7213501201348187,1.0
2026-04-05 08:57:14+00:00,160.2036580428086,338.08925653950763,2.8714770654342243,1.0
2026-04-05 08:57:15+00:00,160.45500590716125,338.24293108290414,2.9462726378136743,1.0
2026-04-05 08:57:16+00:00,160.7299143796819,338.37613680977483,3.0549146787330863,1.0
2026-04-05 08:57:17+00:00,160.95012997250302,338.4604037364934,2.3578867157671373,1.0
2026-04-05 08:57:18+00:00,161.16685896155724,338.5890373678882,2.520459955429467,1.0
2026-04-05 08:57:19+00:00,161.3899887351072,338.7293341874364,2.63593893446892,1.0
2026-04-05 08:57:20+00:00,161.645694854154,338.8275503500064,2.739209028502439,1.0
2026-04-05 08:57:21+00:00,161.93427654661213,338.9729907767971,3.2317312317736633,1.0
2026-04-05 08:57:22+00:00,162.170780312185,339.03621737506654,2.4480342010262857,1.0
2026-04-05 08:57:23+00:00,162.4843666868152,339.0497007116782,3.1386255519737154,1.0
2026-04-05 08:57:24+00:00,162.80405461804528,338.98554231500805,3.2606239557182444,1.0
2026-04-05 08:57:25+00:00,163.0646914148624,338.9279034990902,2.669357500185231,1.0
2026-04-05 08:57:26+00:00,163.33464317687842,338.93795776415334,2.7012741882233615,1.0
2026-04-05 08:57:27+00:00,163.67993424608434,338.92045211985834,3.4572284327507092,1.0
2026-04-05 08:57:28+00:00,163.97170331441393,338.9322209206963,2.9199386821060807,1.0
2026-04-05 08:57:29+00:00,164.2940061984707,338.8347874954993,3.367198026421778,1.0
2026-04-05 08:57:30+00:00,164.54445637912352,338.72054727490644,2.7530088859777426,1.0
2026-04-05 08:57:31+00:00,164.83358446188583,338.48658466405453,3.7201991974444337,1.0
2026-04-05 08:57:32+00:00,165.0712330735538,338.3490180672347,2.7463354345349447,1.0
2026-04-05 08:57:33+00:00,165.29433681435032,338.21030844656525,2.6275151553154266,1.0
2026-04-05 08:57:34+00:00,165.5628184696476,338.0528445450669,3.1129796485987855,1.0
2026-04-05 08:57:35+00:00,165.90868196189155,337.9349423032662,3.6542572568965523,1.0
2026-04-05 08:57:36+00:00,166.13587076224644,337.93047582063247,2.2722456894799627,1.0
2026-04-05 08:57:37+00:00,166.44305635239382,337.9322959690917,3.0717921712109653,1.0
2026-04-05 08:57:38+00:00,166.73686795049917,338.0111863389075,3.0421198202959587,1.0
2026-04-05 08:57:39+00:00,167.03272207839325,338.15719827770226,3.2993595449208337,1.0
2026-04-05 08:57:40+00:00,167.3614257469391,338.0714280405789,3.3971690261620133,1.0
2026-04-05 08:57:41+00:00,167.5571830478861,337.90824901991283,2.549120939371784,1.0
2026-04-05 08:57:42+00:00,167.77737260796664,337.7135095064148,2.9402773218515525,1.0
2026-04-05 08:57:43+00:00,167.99086215565595,337.41780188348673,3.6486144854250244,1.0
2026-04-05 08:57:44+00:00,168.19184936224966,337.18807280568717,3.0534257180113435,1.0
2026-04-05 08:57:45+00:00,168.3736342153694,336.923354163587,3.2125405229602175,1.0
2026-04-05 08:57:46+00:00,168.43993175248394,336.6383996545434,2.927212049022362,1.0
2026-04-05 08:57:47+00:00,168.266538148148,336.42389017326195,2.7589978125724275,1.0
2026-04-05 08:57:48+00:00,168.05503906474723,336.2287064848135,2.8785279334213913,1.0
2026-04-05 08:57:49+00:00,167.7711148548978,336.117112598395,3.050710231906341,1.0
2026-04-05 08:57:50+00:00,167.43162611440238,335.9676715880528,3.7093435358209876,1.0
2026-04-05 08:57:51+00:00,167.21489712535436,335.8390379565792,2.5204709359947275,1.0
2026-04-05 08:57:52+00:00,167.0444177017282,335.6805583682051,2.328075958575003,1.0
2026-04-05 08:57:53+00:00,166.89866976513778,335.57982320835555,1.7719182416773225,1.0
2026-04-05 08:57:54+00:00,166.85443669674504,335.3977842940962,1.874275817543874,1.0
2026-04-05 08:57:55+00:00,166.86721223298937,335.14210423010667,2.5613872139835325,1.0
2026-04-05 08:57:56+00:00,166.8436255920487,334.8835666064927,2.597487875114324,1.0
2026-04-05 08:57:57+00:00,166.80579330813885,334.7131908803858,1.7461217275118839,1.0
2026-04-05 08:57:58+00:00,166.88053415953115,334.5070211283947,2.1940998025803813,1.0
2026-04-05 08:57:59+00:00,167.01315526649398,334.2161185504442,3.198599899431491,1.0
2026-04-05 08:58:00+00:00,167.09021184280462,333.88736884864863,3.378396264536364,1.0
2026-04-05 08:58:01+00:00,167.0738976373123,333.6294027368813,2.58619637352204,1.0
2026-04-05 08:58:02+00:00,167.11723302201818,333.54352688715215,0.962350404907541,1.0
2026-04-05 08:58:03+00:00,167.07822985926597,333.2949379158381,2.517597064775292,1.0
2026-04-05 08:58:04+00:00,167.0901337445701,333.05034952799787,2.450114935197084,1.0
2026-04-05 08:58:05+00:00,167.18669190226308,332.8458943117805,2.2621630140799094,1.0
2026-04-05 08:58:06+00:00,167.33764371175351,332.6010729743588,2.8774010721241714,1.0
2026-04-05 08:58:07+00:00,167.45659159879807,332.2979356964105,3.258009584146362,1.0
2026-04-05 08:58:08+00:00,167.484783656841,332.0323069801201,2.6726634436903574,1.0
2026-04-05 08:58:09+00:00,167.44112301148624,331.74987146835485,2.8593763024046686,1.0
2026-04-05 08:58:10+00:00,167.44545523345897,331.41540664723397,3.3467471818106316,1.0
2026-04-05 08:58:11+00:00,167.35990327738946,331.10735871154384,3.1986020155773787,1.0
2026-04-05 08:58:12+00:00,167.21587260993886,330.7054337591791,4.2714446096544565,1.0
2026-04-05 08:58:13+00:00,167.11577578299793,330.3962427996394,3.2514018921639942,1.0
2026-04-05 08:58:14+00:00,167.05465608603663,330.0566343712739,3.452401904357775,1.0
2026-04-05 08:58:15+00:00,166.92634116830604,329.7340656878869,3.4730394104862348,1.0
2026-04-05 08:58:16+00:00,166.80268373316497,329.44534354495,3.14221308487261,1.0
2026-04-05 08:58:17+00:00,166.67641134521017,329.1898964305409,2.8506541562272267,1.0
2026-04-05 08:58:18+00:00,166.56642712999414,328.9134089876816,2.976891796831622,1.0
2026-04-05 08:58:19+00:00,166.53499563058622,328.7546964496492,1.6187655421929281,1.0
2026-04-05 08:58:20+00:00,166.65890022812258,328.5747106335074,2.1859947976619316,1.0
2026-04-05 08:58:21+00:00,166.69292064761663,328.4211417027963,1.5737626242265919,1.0
2026-04-05 08:58:22+00:00,166.583235660309,328.23395918121463,2.170298820357833,1.0
2026-04-05 08:58:23+00:00,166.38772552176403,327.9284302428818,3.6285159699290848,1.0
2026-04-05 08:58:24+00:00,166.152366602293,327.6644104496028,3.537833882299647,1.0
2026-04-05 08:58:25+00:00,165.9379533381695,327.4131968682461,3.3036110062998505,1.0
2026-04-05 08:58:26+00:00,165.80149433405035,327.10114834916186,3.4072388749090536,1.0
2026-04-05 08:58:27+00:00,165.7813942968828,326.79824402079294,3.0373268783579124,1.0
2026-04-05 08:58:28+00:00,165.75489347522614,326.4836765043506,3.1584953441394368,1.0
2026-04-05 08:58:29+00:00,165.77959892951517,326.2624144927373,2.2275845404237025,1.0
2026-04-05 08:58:30+00:00,165.81302089321161,325.93023571939324,3.3403813257058377,1.0
2026-04-05 08:58:31+00:00,165.88920581858827,325.61257769366824,3.2684001155516658,1.0
2026-04-05 08:58:32+00:00,165.96917657563404,325.3398578846235,2.8435155518187543,1.0
2026-04-05 08:58:33+00:00,166.00347019027686,324.9965874350512,3.451675128596556,1.0
2026-04-05 08:58:34+00:00,165.91500405347222,324.63250960661026,3.748558521602026,1.0
2026-04-05 08:58:35+00:00,165.8294520974027,324.3244616709202,3.198606511451223,1.0
2026-04-05 08:58:36+00:00,165.780262318499,324.019271294932,3.0928822488334764,1.0
2026-04-05 08:58:37+00:00,165.649631675818,323.81928256142623,2.389523902693401,1.0
2026-04-05 08:58:38+00:00,165.5716513830799,323.6011110590168,2.317935765846155,1.0
2026-04-05 08:58:39+00:00,165.47476796475718,323.4372549136621,1.9042417062521675,1.0
2026-04-05 08:58:40+00:00,165.37788454642148,323.2733987683065,1.9042418834219508,1.0
2026-04-05 08:58:41+00:00,165.28535938281198,323.0540842420475,2.381348906724373,1.0
2026-04-05 08:58:42+00:00,165.11923821389908,322.840146272769,2.7094009772056302,1.0
2026-04-05 08:58:43+00:00,165.02118391674688,322.5980768822083,2.612881229415543,1.0
2026-04-05 08:58:44+00:00,164.86843673986974,322.30706869165215,3.2878737260444897,1.0
2026-04-05 08:58:45+00:00,164.62436131096544,322.153965660102,2.881511412377608,1.0
2026-04-05 08:58:46+00:00,164.41547718039143,321.9255069431268,3.0963436395688224,1.0
2026-04-05 08:58:47+00:00,164.1958340106145,321.7408434188236,2.870065761590932,1.0
2026-04-05 08:58:48+00:00,164.13152693780145,321.53490661649175,2.158449015486476,1.0
2026-04-05 08:58:49+00:00,164.07593637440203,321.2180530523503,3.218576700116126,1.0
2026-04-05 08:58:50+00:00,164.13961895867686,320.96637357183243,2.5974896971618975,1.0
2026-04-05 08:58:51+00:00,164.18235588761038,320.7018878793138,2.6806158080816282,1.0
2026-04-05 08:58:52+00:00,164.0904031470389,320.382176755549,3.3283065387036506,1.0
2026-04-05 08:58:53+00:00,163.81170884284288,320.204032812077,3.308029266576632,1.0
2026-04-05 08:58:54+00:00,163.65926089386124,320.0023295427974,2.52909310676588,1.0
2026-04-05 08:58:55+00:00,163.4948830268478,319.7662082211425,2.877965066412543,1.0
2026-04-05 08:58:56+00:00,163.38489881163179,319.48972077828324,2.976901374758591,1.0
2026-04-05 08:58:57+00:00,163.27870042809724,319.2581715519466,2.548469586363586,1.0
2026-04-05 08:58:58+00:00,163.14311307492443,318.9350313566342,3.505839719161212,1.0
2026-04-05 08:58:59+00:00,162.90222502189158,318.64825669913137,3.7462462547351807,1.0
2026-04-05 08:59:00+00:00,162.70962906408167,318.39875765354935,3.152807975433129,1.0
2026-04-05 08:59:01+00:00,162.54960945176236,318.1071779510679,3.3272973696384143,1.0
2026-04-05 08:59:02+00:00,162.31250723039193,317.86534151016536,3.387559870277632,1.0
2026-04-05 08:59:03+00:00,162.02449796099708,317.61950448571235,3.7873235334655115,1.0
2026-04-05 08:59:04+00:00,161.6992548634647,317.38190157794196,4.028470874294711,1.0
2026-04-05 08:59:05+00:00,161.40688733934365,317.19152293439225,3.489302107380599,1.0
2026-04-05 08:59:06+00:00,161.09823164247143,317.02218461945034,3.5208762700431095,1.0
2026-04-05 08:59:07+00:00,160.72529490551995,316.92591594231334,3.8516628684978054,1.0
2026-04-05 08:59:08+00:00,160.36777469038623,316.81969861279765,3.7297226666154075,1.0
2026-04-05 08:59:09+00:00,160.01491195784885,316.74732782381204,3.602093056654991,1.0
2026-04-05 08:59:10+00:00,159.57012251749958,316.6342523512003,4.589429950937378,1.0
2026-04-05 08:59:11+00:00,159.2678676051164,316.47657722433195,3.409372075601451,1.0
2026-04-05 08:59:12+00:00,158.91091981302068,316.26996329731054,4.124738077266878,1.0
2026-04-05 08:59:13+00:00,158.58654836643467,316.02126871331205,4.088020736821871,1.0
2026-04-05 08:59:14+00:00,158.52341217245726,315.89354515610745,1.4253356783102973,1.0
2026-04-05 08:59:15+00:00,158.44600430275713,315.5749770561922,3.2799935878843867,1.0
2026-04-05 08:59:16+00:00,158.49222783545753,315.2661246589974,3.1246190169062533,1.0
2026-04-05 08:59:17+00:00,158.52041989350053,315.00049594270695,2.6726635022931875,1.0
2026-04-05 08:59:18+00:00,158.54221116706066,314.7232040382641,2.782987269924225,1.0
2026-04-05 08:59:19+00:00,158.61839609243114,314.40554601261783,3.268401644352755,1.0
2026-04-05 08:59:20+00:00,158.66783303374297,314.2420284295282,1.7091646733269745,1.0
2026-04-05 08:59:21+00:00,158.7827218939635,314.0836544538396,1.9573502396005817,1.0
2026-04-05 08:59:22+00:00,158.93514381019176,314.0063512829015,1.7092951700416537,1.0
2026-04-05 08:59:23+00:00,159.11025468367373,313.91967097158897,1.9541824163956416,1.0
2026-04-05 08:59:24+00:00,159.2670348546152,313.78690941974656,2.0549585113014746,1.0
2026-04-05 08:59:25+00:00,159.41654259012122,313.6535763560588,2.0038255493429564,1.0
2026-04-05 08:59:26+00:00,159.49594092411607,313.48125314451875,1.8982628118508615,1.0
2026-04-05 08:59:27+00:00,159.46450942470815,313.32254060648637,1.6187687159035014,1.0
2026-04-05 08:59:28+00:00,159.4502377489855,313.1316960637757,1.914795196518456,1.0
2026-04-05 08:59:29+00:00,159.49065895298153,312.9897903211392,1.476278164908682,1.0
2026-04-05 08:59:30+00:00,159.53835259240066,312.8484560905058,1.4924111241854587,1.0
2026-04-05 08:59:31+00:00,159.51389430051984,312.60101014304126,2.487833787955038,1.0
2026-04-05 08:59:32+00:00,159.50863836212585,312.3885537598784,2.1263622103156483,1.0
2026-04-05 08:59:33+00:00,159.4833084193116,312.152199488643,2.3783313523743845,1.0
2026-04-05 08:59:34+00:00,159.42627378192105,311.94683419815567,2.1324097282871444,1.0
2026-04-05 08:59:35+00:00,159.35352339483643,311.6621126386925,2.940129042691646,1.0
2026-04-05 08:59:36+00:00,159.23278014042424,311.4294203885851,2.622573221636502,1.0
2026-04-05 08:59:37+00:00,159.10476445056997,311.1961566265525,2.66184754882795,1.0
2026-04-05 08:59:38+00:00,159.00758180435793,310.9429955598424,2.7129431314829717,1.0
2026-04-05 08:59:39+00:00,158.82312993291126,310.6829763501141,3.1890195656385236,1.0
2026-04-05 08:59:40+00:00,158.60988754763014,310.5099760139644,2.746427176853077,1.0
2026-04-05 08:59:41+00:00,158.39024437785324,310.3253124896612,2.8701032706997402,1.0
2026-04-05 08:59:42+00:00,157.97950138974534,310.33767452663477,4.109345650904935,1.0
2026-04-05 08:59:43+00:00,157.724966149528,310.3176716092708,2.553218444502606,1.0
2026-04-05 08:59:44+00:00,157.7104212786566,310.3165285854213,0.1458981968472323,1.0
2026-04-05 08:59:45+00:00,157.86545814772444,310.20595038595746,1.9047477252417473,1.0
2026-04-05 08:59:46+00:00,158.03648396163518,309.98502693660816,2.7949416158193148,1.0
2026-04-05 08:59:47+00:00,158.20489482272586,309.7973785158655,2.5222674757770442,1.0
2026-04-05 08:59:48+00:00,158.38057811925876,309.61030160704814,2.5672286479528457,1.0
2026-04-05 08:59:49+00:00,158.5978534986104,309.35953220072065,3.3192234885461502,1.0
2026-04-05 08:59:50+00:00,158.78255253245908,309.15084345144993,2.7878186939041507,1.0
2026-04-05 08:59:51+00:00,159.013800359625,309.0016136665555,2.7527517100195715,1.0
2026-04-05 08:59:52+00:00,159.19675609159336,308.81510826958356,2.613454195204747,1.0
2026-04-05 08:59:53+00:00,159.35615121536156,308.64907168921434,2.3023901135662013,1.0
2026-04-05 08:59:54+00:00,159.57342659471993,308.3983022829666,3.319225674716361,1.0
2026-04-05 08:59:55+00:00,159.74881066335064,308.1219204527928,3.274727757443918,1.0
2026-04-05 08:59:56+00:00,159.7959058469845,307.80197637936874,3.2356747307798943,1.0
2026-04-05 08:59:57+00:00,159.8648183369128,307.4837468417973,3.2578021452385557,1.0
2026-04-05 08:59:58+00:00,159.9075552658401,307.2192611493574,2.6806162307154446,1.0
2026-04-05 08:59:59+00:00,160.0739235971483,306.964491159557,3.0440864313690823,1.0
2026-04-05 09:00:00+00:00,160.27752575658164,306.7014870532317,3.3273176007587395,1.0
2026-04-05 09:00:01+00:00,160.43749330340077,306.43505387535765,3.109040317559016,1.0
2026-04-05 09:00:02+00:00,160.51659240948723,306.17342574254,2.734665297590679,1.0
2026-04-05 09:00:03+00:00,160.642812731961,305.870859976516,3.279999249585426,1.0
2026-04-05 09:00:04+00:00,160.77456218797744,305.59104907479366,3.094250357544499,1.0
2026-04-05 09:00:05+00:00,160.98107852813297,305.3840748612179,2.9247663145286356,1.0
2026-04-05 09:00:06+00:00,161.17945078190667,305.18762081202505,2.792770408591321,1.0
2026-04-05 09:00:07+00:00,161.3565781524239,304.8890556294738,3.473069140587714,1.0
2026-04-05 09:00:08+00:00,161.5674527472736,304.6266230350716,3.3678589966241685,1.0
2026-04-05 09:00:09+00:00,161.77048248365602,304.464015526251,2.6018876087079184,1.0
2026-04-05 09:00:10+00:00,162.03896413895333,304.30655162475256,3.1131059902318237,1.0
2026-04-05 09:00:11+00:00,162.2585552432363,303.9332022686215,4.333324345937024,1.0
2026-04-05 09:00:12+00:00,162.43685349258294,303.71285033127634,2.835593013661264,1.0
2026-04-05 09:00:13+00:00,162.67594617824813,303.4637954607236,3.453598562098307,1.0
2026-04-05 09:00:14+00:00,162.84405781143667,303.1868421186245,3.2412490789712014,1.0
2026-04-05 09:00:15+00:00,163.03777258261405,302.9565415289017,3.0104900221141335,1.0
2026-04-05 09:00:16+00:00,163.25068970725243,302.76123050347843,2.8901654806936463,1.0
2026-04-05 09:00:17+00:00,163.42868872870986,302.4515736447778,3.5733145418551886,1.0
2026-04-05 09:00:18+00:00,163.5421074821988,302.1256815025267,3.4524129703534014,1.0
2026-04-05 09:00:19+00:00,163.6310939765541,301.8313498531075,3.0764996098408623,1.0
2026-04-05 09:00:20+00:00,163.72618202749635,301.4593764704055,3.8413860409761558,1.0
2026-04-05 09:00:21+00:00,163.6775646716498,301.0537894968339,4.08705289542735,1.0
2026-04-05 09:00:22+00:00,163.6472780183241,300.6942837637111,3.609713315723297,1.0
2026-04-05 09:00:23+00:00,163.69437320196465,300.3743396903669,3.2356749363631234,1.0
2026-04-05 09:00:24+00:00,163.65594246226334,300.02535412154816,3.512805620503673,1.0
2026-04-05 09:00:25+00:00,163.54944485082046,299.7044999739339,3.382248753078619,1.0
2026-04-05 09:00:26+00:00,163.44033228656372,299.41692085484743,3.077218866811133,1.0
2026-04-05 09:00:27+00:00,163.22330406960737,299.1989823020962,3.076447472485976,1.0
2026-04-05 09:00:28+00:00,163.14211036824486,298.8354759855805,3.7265052064221433,1.0
2026-04-05 09:00:29+00:00,163.16564494369152,298.53600072876026,3.0056262517396353,1.0
2026-04-05 09:00:30+00:00,163.2336857826797,298.2288628673381,3.1475285141557134,1.0
2026-04-05 09:00:31+00:00,163.26710774639525,297.89668409391624,3.340381406431547,1.0
2026-04-05 09:00:32+00:00,163.3051871927071,297.59835186102424,3.009165404375234,1.0
2026-04-05 09:00:33+00:00,163.3304650700403,297.27669325182643,3.228265233555046,1.0
2026-04-05 09:00:34+00:00,163.30483589932388,296.95103405923464,3.268404207581486,1.0
2026-04-05 09:00:35+00:00,163.23470046505298,296.63303747124365,3.258027165989853,1.0
2026-04-05 09:00:36+00:00,163.20615711362058,296.25134838582323,3.8295931161216656,1.0
2026-04-05 09:00:37+00:00,163.1569673347169,295.9461580098352,3.09289089205672,1.0
2026-04-05 09:00:38+00:00,163.17031529400538,295.59008134826104,3.5652103935498496,1.0
2026-04-05 09:00:39+00:00,163.2511577019784,295.30626986306595,2.9525600373650804,1.0
2026-04-05 09:00:40+00:00,163.27352139858948,294.92858136111835,3.7855656679064476,1.0
2026-04-05 09:00:41+00:00,163.3194457033877,294.53042404256706,4.01015674545681,1.0
2026-04-05 09:00:42+00:00,163.29760236433359,294.2497030665757,2.817198237066115,1.0
2026-04-05 09:00:43+00:00,163.30833537078917,293.9269014336071,3.2315606080711445,1.0
2026-04-05 09:00:44+00:00,163.3516447227607,293.5620191435827,3.6764394719865625,1.0
2026-04-05 09:00:45+00:00,163.31670058682624,293.1686668700877,3.9511149734950406,1.0
2026-04-05 09:00:46+00:00,163.37019655495592,292.86038598481707,3.130575233836344,1.0
2026-04-05 09:00:47+00:00,163.34805398801254,292.4903600874703,3.70886686490589,1.0
2026-04-05 09:00:48+00:00,163.22962645853787,292.1350878874807,3.746666316357729,1.0
2026-04-05 09:00:49+00:00,163.2077831194838,291.8543669114893,2.817198529833901,1.0
2026-04-05 09:00:50+00:00,163.20775708674321,291.5753604712727,2.791579399854704,1.0
2026-04-05 09:00:51+00:00,163.12394843255407,291.2451291832839,3.408684885127467,1.0
2026-04-05 09:00:52+00:00,163.06457203747934,290.8833374025409,3.6682145259900607,1.0
2026-04-05 09:00:53+00:00,163.07530504395407,290.56053576949466,3.231560648610621,1.0
2026-04-05 09:00:54+00:00,163.0458900415623,290.1899383603014,3.7196135454470682,1.0
2026-04-05 09:00:55+00:00,162.99640103477557,289.79544306287914,3.9779634675141393,1.0
2026-04-05 09:00:56+00:00,162.89804750970208,289.4640687510398,3.458286643359411,1.0
2026-04-05 09:00:57+00:00,162.80522311820334,289.1554493034254,3.224316323124114,1.0
2026-04-05 09:00:58+00:00,162.69698220487388,288.8567785081886,3.1782596881755967,1.0
2026-04-05 09:00:59+00:00,162.65650893539672,288.4406713703919,4.182928013002073,1.0
2026-04-05 09:01:00+00:00,162.60091837199727,288.12381780625043,3.2185885933615315,1.0
2026-04-05 09:01:01+00:00,162.56161598135577,287.785923913581,3.4035141343894177,1.0
2026-04-05 09:01:02+00:00,162.62529856564362,287.53424443306415,2.597494126277915,1.0
2026-04-05 09:01:03+00:00,162.7122425302164,287.1727912145872,3.719614039884106,1.0
2026-04-05 09:01:04+00:00,162.84573528813235,286.87079696048835,3.3034536216765,1.0
2026-04-05 09:01:05+00:00,162.9667257049465,286.6347812515968,2.653461821740121,1.0
2026-04-05 09:01:06+00:00,162.91026349060687,286.3290193636047,3.1109090612395436,1.0
2026-04-05 09:01:07+00:00,162.78020527097675,286.02863403259414,3.2747566065391696,1.0
2026-04-05 09:01:08+00:00,162.65363365511973,285.6838819968286,3.67421390135076,1.0
2026-04-05 09:01:09+00:00,162.56255256550133,285.3530791969155,3.43280373339058,1.0
2026-04-05 09:01:10+00:00,162.48746042072574,284.911931147117,4.477246813768594,1.0
2026-04-05 09:01:11+00:00,162.4845202072692,284.5768948140718,3.3523095290156597,1.0
2026-04-05 09:01:12+00:00,162.55343269719754,284.25866527650044,3.257804629634343,1.0
2026-04-05 09:01:13+00:00,162.51878778917148,283.95461792428296,3.061764551730883,1.0
2026-04-05 09:01:14+00:00,162.52660661489816,283.5757863984849,3.7911850805075575,1.0
2026-04-05 09:01:15+00:00,162.59377580295288,283.2797402132919,3.0373317971611242,1.0
2026-04-05 09:01:16+00:00,162.6330261281004,283.05962122552717,2.237121026057922,1.0
2026-04-05 09:01:17+00:00,162.66326071593832,282.8611140781369,2.009055950718034,1.0
2026-04-05 09:01:18+00:00,162.65160399304233,282.6369945068994,2.2454320953414184,1.0
2026-04-05 09:01:19+00:00,162.71092832261692,282.44077340728694,2.0510030096220735,1.0
2026-04-05 09:01:20+00:00,162.7818833423401,282.1896654386155,2.6107789858982913,1.0
2026-04-05 09:01:21+00:00,162.86272575031313,281.90585395342043,2.952562817482573,1.0
2026-04-05 09:01:22+00:00,162.97295712793112,281.71363343728075,2.2168573091478567,1.0
2026-04-05 09:01:23+00:00,163.02209484133456,281.4608109329135,2.5769240188725644,1.0
2026-04-05 09:01:24+00:00,163.05726010693667,281.106448807114,3.5629706514866526,1.0
2026-04-05 09:01:25+00:00,163.17097808831483,280.86986158621835,2.6262489633145405,1.0
2026-04-05 09:01:26+00:00,163.26317799129455,280.7208647509054,1.752945273753735,1.0
2026-04-05 09:01:27+00:00,163.51798642666066,280.5511661494082,3.0622074779793764,1.0
2026-04-05 09:01:28+00:00,163.75824999115528,280.38032452406145,2.9488783122954,1.0
2026-04-05 09:01:29+00:00,164.07589539260954,280.24904455841335,3.437603541469876,1.0
2026-04-05 09:01:30+00:00,164.38422582883285,280.0500715118611,3.6704582137186983,1.0
2026-04-05 09:01:31+00:00,164.68702713152024,279.828343601087,3.7540311682337784,1.0
2026-04-05 09:01:32+00:00,164.96452452413334,279.6492678591353,3.303414156825063,1.0
2026-04-05 09:01:33+00:00,165.25016600312873,279.45967195295975,3.4292234675157034,1.0
2026-04-05 09:01:34+00:00,165.5349358311649,279.28116772301115,3.361707019167499,1.0
2026-04-05 09:01:35+00:00,165.80428913740235,279.11261214536347,3.178201485747916,1.0
2026-04-05 09:01:36+00:00,166.08470071074436,278.9895662962414,3.062730782387117,1.0
2026-04-05 09:01:37+00:00,166.41310515139472,278.81449113784146,3.7223294819624955,1.0
2026-04-05 09:01:38+00:00,166.71590645407537,278.5927632269874,3.754036590760106,1.0
2026-04-05 09:01:39+00:00,166.9951471485688,278.3915041327371,3.443018150253659,1.0
2026-04-05 09:01:40+00:00,167.26071462314397,278.17801033848906,3.408422666955624,1.0
2026-04-05 09:01:41+00:00,167.52249626603705,277.9195783275596,3.6797956581396187,1.0
2026-04-05 09:01:42+00:00,167.757230696989,277.72598183791115,3.0436013320920985,1.0
2026-04-05 09:01:43+00:00,167.9820777396721,277.56508886486426,2.76556309091121,1.0
2026-04-05 09:01:44+00:00,168.16707600141004,277.44570503694905,2.2022824325126575,1.0
2026-04-05 09:01:45+00:00,168.21855547250442,277.3493090229171,1.0933225402444082,1.0
2026-04-05 09:01:46+00:00,168.32442859540245,277.2125468876019,1.7302335016859742,1.0
2026-04-05 09:01:47+00:00,168.42564423571085,277.0419382118367,1.9846308005340134,1.0
2026-04-05 09:01:48+00:00,168.55682126867637,276.8625239076191,2.2234626424888893,1.0
2026-04-05 09:01:49+00:00,168.77439587592403,276.7010594227268,2.7101636650463328,1.0
2026-04-05 09:01:50+00:00,168.98674057752442,276.6061449948093,2.326334724674253,1.0
2026-04-05 09:01:51+00:00,169.3035143280323,276.4859567053894,3.3886095914761025,1.0
2026-04-05 09:01:52+00:00,169.58741250513444,276.31854415151133,3.2965799769247064,1.0
2026-04-05 09:01:53+00:00,169.85880834114158,276.21711014292043,2.897768113916667,1.0
2026-04-05 09:01:54+00:00,170.1528931344148,276.1062989937972,3.1431806430621774,1.0
2026-04-05 09:01:55+00:00,170.4824684539008,276.00943708052455,3.4355936771377684,1.0
2026-04-05 09:01:56+00:00,170.8274602952113,275.90262651495294,3.6119703569904726,1.0
2026-04-05 09:01:57+00:00,171.08139707963716,275.7440195896051,2.9947104654589953,1.0
2026-04-05 09:01:58+00:00,171.3632527269573,275.509485466828,3.6678365684042005,1.0
2026-04-05 09:01:59+00:00,171.51246123456121,275.2868474817837,2.681286413311894,1.0
2026-04-05 09:02:00+00:00,171.71867834682124,274.99056834693147,3.611338486625259,1.0
2026-04-05 09:02:01+00:00,171.89784824711427,274.7591247333581,2.9280916405129314,1.0
2026-04-05 09:02:02+00:00,172.07701814740733,274.5276811197847,2.9280920298372175,1.0
2026-04-05 09:02:03+00:00,172.3233832684956,274.27919776123497,3.500359851793628,1.0
2026-04-05 09:02:04+00:00,172.56887673864372,274.0418060788346,3.4161526118754866,1.0
2026-04-05 09:02:05+00:00,172.83735839394103,273.8843421773363,3.1132240297349267,1.0
2026-04-05 09:02:06+00:00,173.10322509641162,273.7601533043648,2.934972151557003,1.0
2026-04-05 09:02:07+00:00,173.34378788879553,273.67861660037346,2.5404300779546847,1.0
2026-04-05 09:02:08+00:00,173.6954797424973,273.6727741442319,3.5176841273350417,1.0
2026-04-05 09:02:09+00:00,173.98433463009795,273.62851305224024,2.9225551260636227,1.0
2026-04-05 09:02:10+00:00,174.2333407367597,273.6257611053014,2.49041085214126,1.0
2026-04-05 09:02:11+00:00,174.59840658248427,273.5428484278811,3.7440679440067774,1.0
2026-04-05 09:02:12+00:00,174.93234015669648,273.390528133705,3.671012943215397,1.0
2026-04-05 09:02:13+00:00,175.21275173002553,273.267482284582,3.062758394175873,1.0
2026-04-05 09:02:14+00:00,175.52573964886435,273.10235577848186,3.539505110012897,1.0
2026-04-05 09:02:15+00:00,175.84948660691217,272.8934340796308,3.854016454881146,1.0
2026-04-05 09:02:16+00:00,176.17497686684655,272.66232902840216,3.9929875183966144,1.0
2026-04-05 09:02:17+00:00,176.48447818191843,272.54156922697825,3.322811294264262,1.0
2026-04-05 09:02:18+00:00,176.81666845424405,272.41143228517967,3.568312904437191,1.0
2026-04-05 09:02:19+00:00,177.181734299962,272.32851960767954,3.7440766633900284,1.0
2026-04-05 09:02:20+00:00,177.44062779488638,272.29306414421796,2.6133606599730537,1.0
2026-04-05 09:02:21+00:00,177.82693852386694,272.3122625999974,3.868180144484088,1.0
2026-04-05 09:02:22+00:00,178.1477973339393,272.3263174485343,3.2119190150184163,1.0
2026-04-05 09:02:23+00:00,178.43956640226887,272.3380862493723,2.92029468956322,1.0
2026-04-05 09:02:24+00:00,178.77235513037925,272.3865591502057,3.36327522370437,1.0
2026-04-05 09:02:25+00:00,179.147607592262,272.3602478775392,3.7620715300372383,1.0
2026-04-05 09:02:26+00:00,179.47952466942598,272.41981245460084,3.372474126659825,1.0
2026-04-05 09:02:27+00:00,179.79341027196463,272.52260071249015,3.3032169140153345,1.0
2026-04-05 09:02:28+00:00,180.07703525391184,272.54488967755213,2.8452175608976384,1.0
2026-04-05 09:02:29+00:00,180.40603815035985,272.5484243617852,3.290484020175678,1.0
2026-04-05 09:02:30+00:00,180.643985989917,272.5001626863206,2.428204842328363,1.0
2026-04-05 09:02:31+00:00,180.87204644123122,272.4846045274598,2.286107703252425,1.0
2026-04-05 09:02:32+00:00,181.1070801000724,272.38031295916676,2.571807982571592,1.0
2026-04-05 09:02:33+00:00,181.31010983644865,272.2177054504249,2.6019718037011828,1.0
2026-04-05 09:02:34+00:00,181.49219391745768,272.04229172968013,2.529192149573115,1.0
2026-04-05 09:02:35+00:00,181.66787721398384,271.8552148207829,2.567300239905744,1.0
2026-04-05 09:02:36+00:00,181.8598486832747,271.6470975834376,2.8323986886910006,1.0
2026-04-05 09:02:37+00:00,182.04920519972586,271.4722553746181,2.578171750637996,1.0
2026-04-05 09:02:38+00:00,182.24466327277685,271.21977143251667,3.1942892803128995,1.0
2026-04-05 09:02:39+00:00,182.4331481382817,271.05602089992533,2.497606388655129,1.0
2026-04-05 09:02:40+00:00,182.6579951809648,270.8951279268784,2.765585913081502,1.0
2026-04-05 09:02:41+00:00,182.96894057002777,270.66287985180037,3.8821601224415967,1.0
2026-04-05 09:02:42+00:00,183.34242369727673,270.3797454912149,4.688079656390719,1.0
2026-04-05 09:02:43+00:00,183.61381953328998,270.2783114825452,2.8977982317061435,1.0
2026-04-05 09:02:44+00:00,183.97218536662953,270.09443069561604,4.028728819111859,1.0
2026-04-05 09:02:45+00:00,184.18188908265648,269.7537848560877,4.0019903342490935,1.0
2026-04-05 09:02:46+00:00,184.3863628930171,269.4796890736119,3.421038558064135,1.0
2026-04-05 09:02:47+00:00,184.5739761075879,269.327030217091,2.419484628276369,1.0
2026-04-05 09:02:48+00:00,184.84215853498978,269.0802613943161,3.6456138957787583,1.0
2026-04-05 09:02:49+00:00,185.0312158235388,268.81611426414014,3.249702962572022,1.0
2026-04-05 09:02:50+00:00,185.2322030301454,268.58638518634154,3.053563048062729,1.0
2026-04-05 09:02:51+00:00,185.45734930073064,268.5147971346511,2.3628926422903667,1.0
2026-04-05 09:02:52+00:00,185.7755671252229,268.2831205714972,3.937303981060966,1.0
2026-04-05 09:02:53+00:00,186.02571807797352,268.0795754295479,3.225983479856158,1.0
2026-04-05 09:02:54+00:00,186.202572253342,267.97071176585786,2.0772572816473684,1.0
2026-04-05 09:02:55+00:00,186.45999564153485,267.7677381358338,3.2791666507590858,1.0
2026-04-05 09:02:56+00:00,186.65662459341524,267.59346743893855,2.6282723496864095,1.0
2026-04-05 09:02:57+00:00,186.80496145009187,267.3819211300446,2.584817270355554,1.0
2026-04-05 09:02:58+00:00,186.9515550048881,267.1925581734494,2.395722752032946,1.0
2026-04-05 09:02:59+00:00,186.91429514401625,266.9217858498367,2.7346745756240254,1.0
2026-04-05 09:03:00+00:00,186.92707068026056,266.66610578584715,2.5613874763449713,1.0
2026-04-05 09:03:01+00:00,186.94624700099396,266.4220889099311,2.449028797596596,1.0
2026-04-05 09:03:02+00:00,186.9607658391119,266.144225493563,2.783943354626632,1.0
2026-04-05 09:03:03+00:00,186.880743016598,265.85893242217566,2.9644933470043284,1.0
2026-04-05 09:03:04+00:00,186.84173985384578,265.6103434508616,2.5176139492480334,1.0
2026-04-05 09:03:05+00:00,186.91269487356283,265.359235482269,2.610782356799913,1.0
2026-04-05 09:03:06+00:00,186.93418691923367,264.9926386564708,3.6742675587538978,1.0
2026-04-05 09:03:07+00:00,186.9446206977871,264.5805321021459,4.124632117323485,1.0
2026-04-05 09:03:08+00:00,186.9626261396849,264.25830198110265,3.229089485535187,1.0
2026-04-05 09:03:09+00:00,187.04491262165516,263.8630022221746,4.039909907781132,1.0
2026-04-05 09:03:10+00:00,187.17927703049835,263.5499162919254,3.4087036191847657,1.0
2026-04-05 09:03:11+00:00,187.3401162282576,263.2723914379022,3.2091180552184877,1.0
2026-04-05 09:03:12+00:00,187.5053136807302,262.9394082029745,3.7188935151156852,1.0
2026-04-05 09:03:13+00:00,187.67865521959126,262.59590480374396,3.8494736880970297,1.0
2026-04-05 09:03:14+00:00,187.85199675843327,262.2524014045913,3.849474043307207,1.0
2026-04-05 09:03:15+00:00,188.02010839163472,261.9754480624933,3.2413002097342716,1.0
2026-04-05 09:03:16+00:00,188.1975349900412,261.76618780129735,2.7446170901508053,1.0
2026-04-05 09:03:17+00:00,188.422655227873,261.4155933093893,4.168339886531277,1.0
2026-04-05 09:03:18+00:00,188.5800078218654,261.1824351600422,2.81410457870153,1.0
2026-04-05 09:03:19+00:00,188.7754658949102,260.92995121801965,3.19430796719981,1.0
2026-04-05 09:03:20+00:00,189.0084570239818,260.75853808066984,2.893372632389718,1.0
2026-04-05 09:03:21+00:00,189.31417250739136,260.5928400626454,3.478132651563778,1.0
2026-04-05 09:03:22+00:00,189.58265416268245,260.4353761612259,3.113279762153877,1.0
2026-04-05 09:03:23+00:00,189.82583190789933,260.3205644286289,2.6897527846606937,1.0
2026-04-05 09:03:24+00:00,190.07946946442976,260.0726525820045,3.5479753679674744,1.0
2026-04-05 09:03:25+00:00,190.29064328718155,259.8995249089587,2.73156730453554,1.0
2026-04-05 09:03:26+00:00,190.51606275291562,259.638235338407,3.4522350230170145,1.0
2026-04-05 09:03:27+00:00,190.7641711758904,259.3675686274798,3.673148954819932,1.0
2026-04-05 09:03:28+00:00,190.88690489459728,259.10936956613193,2.860251386033832,1.0
2026-04-05 09:03:29+00:00,191.03611340220112,258.88673158108764,2.6813072028934317,1.0
2026-04-05 09:03:30+00:00,191.20452426329803,258.69908316026624,2.5223575300701695,1.0
2026-04-05 09:03:31+00:00,191.4081264227252,258.4360790540196,3.327408978756952,1.0
2026-04-05 09:03:32+00:00,191.59050973164258,258.34997025455243,2.0173204578483337,1.0
2026-04-05 09:03:33+00:00,191.8735362577922,258.1936493769814,3.234041580220645,1.0
2026-04-05 09:03:34+00:00,192.1394029602628,258.0694605040099,2.93504096570703,1.0
2026-04-05 09:03:35+00:00,192.3889814899754,257.9663119595664,2.7010691304305396,1.0
2026-04-05 09:03:36+00:00,192.6749221968601,257.8660209747461,3.0307276064153337,1.0
2026-04-05 09:03:37+00:00,192.95620542114227,257.7318834494747,3.116972594242449,1.0
2026-04-05 09:03:38+00:00,193.1836674166521,257.537715447901,2.991631131581718,1.0
2026-04-05 09:03:39+00:00,193.36866567839004,257.4183316199858,2.2023376505075163,1.0
2026-04-05 09:03:40+00:00,193.58449698375728,257.2790504873921,2.5693943177975203,1.0
2026-04-05 09:03:41+00:00,193.8311613327348,257.11987205019784,2.936451171176647,1.0
2026-04-05 09:03:42+00:00,194.091798129552,257.0622332342799,2.669728607827927,1.0
2026-04-05 09:03:43+00:00,194.37978136621246,257.0290638184376,2.8992322524332175,1.0
2026-04-05 09:03:44+00:00,194.70034094838272,256.9538137456181,3.2932251146663405,1.0
2026-04-05 09:03:45+00:00,194.93246042650793,256.7934922844965,2.8218336110431674,1.0
2026-04-05 09:03:46+00:00,195.18086807738493,256.6121304949257,3.0765914705895305,1.0
2026-04-05 09:03:47+00:00,195.398741912528,256.53997093131,2.2955271929783225,1.0
2026-04-05 09:03:48+00:00,195.73471801650982,256.4547722061906,3.4666393637259545,1.0
2026-04-05 09:03:49+00:00,196.02414532716762,256.31011451661533,3.2363760607620438,1.0
2026-04-05 09:03:50+00:00,196.2216459299882,256.12475214357073,2.709554015857943,1.0
2026-04-05 09:03:51+00:00,196.44823627456455,255.9416758182262,2.9139975677102634,1.0
2026-04-05 09:03:52+00:00,196.6876281881191,255.78192586902878,2.8787927688935637,1.0
2026-04-05 09:03:53+00:00,196.94156497253203,255.62331894367992,2.994787743737233,1.0
2026-04-05 09:03:54+00:00,197.21906236515184,255.44424320180815,3.30351479209488,1.0
2026-04-05 09:03:55+00:00,197.4540960239931,255.3399516335151,2.571873670107948,1.0
2026-04-05 09:03:56+00:00,197.85522481899378,255.17059159428283,4.3550478120325655,1.0
2026-04-05 09:03:57+00:00,198.13563639232956,255.04754574523966,3.0628442433588994,1.0
2026-04-05 09:03:58+00:00,198.42767865581402,254.86961302713758,3.4206702699047664,1.0
2026-04-05 09:03:59+00:00,198.68480281610465,254.57733447575708,3.89432813541902,1.0
2026-04-05 09:04:00+00:00,198.95385689443378,254.31947397683177,3.7280104385686927,1.0
2026-04-05 09:04:01+00:00,199.15222914821368,254.12301992756002,2.792886441126117,1.0
2026-04-05 09:04:02+00:00,199.37969114372345,253.9288519259863,2.991642177082097,1.0
2026-04-05 09:04:03+00:00,199.62256966104485,253.7247352721127,3.1736322007259785,1.0
2026-04-05 09:04:04+00:00,199.89483714799832,253.6122095872936,2.9466416823496293,1.0
2026-04-05 09:04:05+00:00,200.17089046662704,253.54462211907594,2.8425159551229453,1.0
2026-04-05 09:04:06+00:00,200.4222122982262,253.4192902222549,2.8090389051026317,1.0
2026-04-05 09:04:07+00:00,200.765161609748,253.24535808770443,3.846237065509012,1.0
2026-04-05 09:04:08+00:00,200.99553778597377,253.10721997895925,2.6868746624184263,1.0
2026-04-05 09:04:09+00:00,201.20875413851434,253.0012138748924,2.381692433304406,1.0
2026-04-05 09:04:10+00:00,201.4437877973556,252.89692230659938,2.5718835511428333,1.0
2026-04-05 09:04:11+00:00,201.69336632706816,252.7937737621558,2.701091964235874,1.0
2026-04-05 09:04:12+00:00,201.85276145084936,252.62773718178764,2.302489043844345,1.0
2026-04-05 09:04:13+00:00,202.0159424062866,252.50663881809862,2.0326786347530716,1.0
2026-04-05 09:04:14+00:00,202.1959839575198,252.26410352837595,3.021852554094077,1.0
2026-04-05 09:04:15+00:00,202.3184184483183,251.91659954575042,3.6863237492608185,1.0
2026-04-05 09:04:16+00:00,202.503117482167,251.7079107964799,2.7879295104047874,1.0
2026-04-05 09:04:17+00:00,202.65959842521923,251.48584432328207,2.7177936335882866,1.0
2026-04-05 09:04:18+00:00,202.8213092739187,251.19722779310942,3.309880392703264,1.0
2026-04-05 09:04:19+00:00,202.92222568632494,250.93731419598777,2.789599305636705,1.0
2026-04-05 09:04:20+00:00,203.03681531864325,250.68963529894276,2.730372301139217,1.0
2026-04-05 09:04:21+00:00,203.15780573546354,250.45361958997233,2.6534896984128364,1.0
2026-04-05 09:04:22+00:00,203.33201892525193,250.09902451459146,3.9527249869616328,1.0
2026-04-05 09:04:23+00:00,203.4448652556967,249.87352896992496,2.522783615364703,1.0
2026-04-05 09:04:24+00:00,203.60134619874884,249.6514624967272,2.7177960653438613,1.0
2026-04-05 09:04:25+00:00,203.78487435374902,249.36456050232826,3.4073488716794693,1.0
2026-04-05 09:04:26+00:00,203.9311686806369,249.08589262445548,3.1488575185906122,1.0
2026-04-05 09:04:27+00:00,204.057688231019,248.87263177970902,2.4808154075169706,1.0
2026-04-05 09:04:28+00:00,204.21852742877834,248.59510692568574,3.209135325587202,1.0
2026-04-05 09:04:29+00:00,204.36016427305077,248.28259250736082,3.4328326034319865,1.0
2026-04-05 09:04:30+00:00,204.44479251269902,248.04371923876715,2.5355258629568764,1.0
2026-04-05 09:04:31+00:00,204.57044041213481,247.84155007024881,2.3814198758113996,1.0
2026-04-05 09:04:32+00:00,204.7158630880825,247.57397386852537,3.0468539480297565,1.0
2026-04-05 09:04:33+00:00,204.83132437134105,247.315203295331,2.8350255075371757,1.0
2026-04-05 09:04:34+00:00,204.9595872235906,247.07975909828485,2.68242119573647,1.0
2026-04-05 09:04:35+00:00,205.11811069642536,246.9248141941448,2.217509575549898,1.0
2026-04-05 09:04:36+00:00,205.29553729483183,246.71555393294892,2.744644824352776,1.0
2026-04-05 09:04:37+00:00,205.38539544013355,246.41013060730162,3.185357540367164,1.0
2026-04-05 09:04:38+00:00,205.43366150260977,246.16839977908464,2.4663551963931996,1.0
2026-04-05 09:04:39+00:00,205.52964723725188,246.06434116037204,1.4162262219768909,1.0
2026-04-05 09:04:40+00:00,205.78418247745628,246.08434407773498,2.553531449606631,1.0
2026-04-05 09:04:41+00:00,206.03523111390055,246.14871369985397,2.592063913117735,1.0
2026-04-05 09:04:42+00:00,206.26271914216377,246.23355213849783,2.428319788550553,1.0
2026-04-05 09:04:43+00:00,206.5140670065035,246.38722668189337,2.9466754914069577,1.0
2026-04-05 09:04:44+00:00,206.72818104272477,246.54913534189376,2.6850571746870195,1.0
2026-04-05 09:04:45+00:00,206.93036516090754,246.67662594943903,2.390760371437796,1.0
2026-04-05 09:04:46+00:00,207.13167762814393,246.81520823321247,2.444578892907911,1.0
2026-04-05 09:04:47+00:00,207.453707317052,246.90747632687663,3.350360021595543,1.0
2026-04-05 09:04:48+00:00,207.74926221705684,246.964183344316,3.0098604915241847,1.0
2026-04-05 09:04:49+00:00,208.01368484553015,246.95148274507736,2.647632389579579,1.0
2026-04-05 09:04:50+00:00,208.30545391385976,246.96325154591526,2.920440391551704,1.0
2026-04-05 09:04:51+00:00,208.655402465662,246.97959244215022,3.503750532829773,1.0
2026-04-05 09:04:52+00:00,208.93902744760928,247.00188140721218,2.8453601815110092,1.0
2026-04-05 09:04:53+00:00,209.30496494428024,246.90787705356377,3.7788397003891854,1.0
2026-04-05 09:04:54+00:00,209.68166148015354,246.7700775070846,4.011903516173581,1.0
2026-04-05 09:04:55+00:00,209.9443408067403,246.7795602602235,2.6288456859809943,1.0
2026-04-05 09:04:56+00:00,210.32830977804957,246.64233222574836,4.078356057145764,1.0
2026-04-05 09:04:57+00:00,210.64652760254185,246.41065566259454,3.937401568327612,1.0
2026-04-05 09:04:58+00:00,210.90163526580332,246.33026198237388,2.67525700149465,1.0
2026-04-05 09:04:59+00:00,211.26553023268556,246.16913605974653,3.9806041196720234,1.0
2026-04-05 09:05:00+00:00,211.6285535486344,246.0191018133483,3.928903229328867,1.0
2026-04-05 09:05:01+00:00,211.88889111754935,245.87215807607404,2.9902278510267726,1.0
2026-04-05 09:05:02+00:00,212.1675593890048,245.77129557932952,2.9641981493281078,1.0
2026-04-05 09:05:03+00:00,212.46338748414547,245.6383010779067,3.244218791672327,1.0
2026-04-05 09:05:04+00:00,212.6995920218161,245.6122227548197,2.376744909950942,1.0
2026-04-05 09:05:05+00:00,212.99977837168296,245.4237698724935,3.545369687641811,1.0
2026-04-05 09:05:06+00:00,213.20106480617886,245.28334571605035,2.4550188712905574,1.0
2026-04-05 09:05:07+00:00,213.4442425513895,245.1685339835322,2.689814899826902,1.0
2026-04-05 09:05:08+00:00,213.71738168930224,245.0449166224859,2.9987893715840395,1.0
2026-04-05 09:05:09+00:00,214.03881292241263,244.95857487351708,3.3288525443387065,1.0
2026-04-05 09:05:10+00:00,214.40387876813048,244.875662196017,3.7442635406025198,1.0
2026-04-05 09:05:11+00:00,214.6508423450164,244.80578868010028,2.567049088057678,1.0
2026-04-05 09:05:12+00:00,214.90595000827176,244.72539499995844,2.6752649582936328,1.0
2026-04-05 09:05:13+00:00,215.13049782305936,244.47519710563495,3.3631792365469906,1.0
2026-04-05 09:05:14+00:00,215.324511822126,244.33420143726758,2.399096324427942,1.0
2026-04-05 09:05:15+00:00,215.55110216669567,244.15112511184316,2.914034368282203,1.0
2026-04-05 09:05:16+00:00,215.73144294583105,243.99789474347688,2.367284360854814,1.0
2026-04-05 09:05:17+00:00,215.92079946228228,243.8230525346574,2.5782367137449667,1.0
2026-04-05 09:05:18+00:00,216.08659537054626,243.66867914244156,2.2661907765500477,1.0
2026-04-05 09:05:19+00:00,216.30969911134278,243.5299695217722,2.6278181609179443,1.0
2026-04-05 09:05:20+00:00,216.56393512365796,243.4606675177797,2.6356041608127168,1.0
2026-04-05 09:05:21+00:00,216.80275461417443,243.40131416608807,2.4612806506665943,1.0
2026-04-05 09:05:22+00:00,217.0479748891738,243.35362400254886,2.4985593751620394,1.0
2026-04-05 09:05:23+00:00,217.31937072518707,243.25218999387906,2.8979255461617157,1.0
2026-04-05 09:05:24+00:00,217.61694212220806,243.09701214015757,3.356867980243413,1.0
2026-04-05 09:05:25+00:00,217.8266718709818,243.03537274076695,2.1864132683439146,1.0
2026-04-05 09:05:26+00:00,218.09283780134163,243.00048878915078,2.6848365163157366,1.0
2026-04-05 09:05:27+00:00,218.4497595606839,242.92809627595457,3.6425045360284893,1.0
2026-04-05 09:05:28+00:00,218.73338454264402,242.95038524101756,2.8453849050518527,1.0
2026-04-05 09:05:29+00:00,218.99606386923082,242.95986799415644,2.628867114826211,1.0
2026-04-05 09:05:30+00:00,219.3169226793094,242.97392284261454,3.2121074418858635,1.0
2026-04-05 09:05:31+00:00,219.56361306102747,243.09375084563683,2.743059481239584,1.0
2026-04-05 09:05:32+00:00,219.62615079922637,243.04286456013057,0.8065170671999562,1.0
2026-04-05 09:05:33+00:00,219.63922556335996,242.87648941749637,1.669792361638146,1.0
