<?xml version="1.0" encoding="UTF-8"?>
<gpx version="1.1" creator="Livelox" xmlns="http://www.topografix.com/GPX/1/1" xmlns:xsi="http://www.w3.org/2001/XMLSchema-instance" xsi:schemaLocation="http://www.topografix.com/GPX/1/1 http://www.topografix.com/GPX/1/1/gpx.xsd http://www.garmin.com/xmlschemas/GpxExtensions/v3 http://www.garmin.com/xmlschemas/GpxExtensionsv3.xsd http://www.garmin.com/xmlschemas/TrackPointExtension/v1 http://www.garmin.com/xmlschemas/TrackPointExtensionv1.xsd http://www.garmin.com/xmlschemas/PowerExtension/v1 http://www.garmin.com/xmlschemas/PowerExtensionv1.xsd http://www.topografix.com/GPX/gpx_style/0/2 http://www.topografix.com/GPX/gpx_style/0/2/gpx_style.xsd" xmlns:gpxtpx="http://www.garmin.com/xmlschemas/TrackPointExtension/v1" xmlns:gpxx="http://www.garmin.com/xmlschemas/GpxExtensions/v3" xmlns:gpxpx="http://www.garmin.com/xmlschemas/PowerExtension/v1" xmlns:gpx_style="http://www.topografix.com/GPX/gpx_style/0/2">
  <metadata>
    <name>30. 8. 2025 TK Pragáčci - Klasika, H18_20, Jiří Zápotocký</name>
    <author>
      <name>gpx.studio</name>
      <link href="https://gpx.studio"/>
    </author>
  </metadata>
  <trk>
    <name>30. 8. 2025 TK Pragáčci - Klasika, H18_20, Jiří Zápotocký</name>
    <trkseg>
      <trkpt lat="49.021017" lon="14.961608">
        <time>2025-08-30T07:45:14.000Z</time>
      </trkpt>
      <trkpt lat="49.021039" lon="14.961649">
        <time>2025-08-30T07:45:15.000Z</time>
      </trkpt>
      <trkpt lat="49.021074" lon="14.96169">
        <time>2025-08-30T07:45:16.000Z</time>
      </trkpt>
      <trkpt lat="49.021103" lon="14.961736">
        <time>2025-08-30T07:45:17.000Z</time>
      </trkpt>
      <trkpt lat="49.021125" lon="14.961783">
        <time>2025-08-30T07:45:18.000Z</time>
      </trkpt>
      <trkpt lat="49.021162" lon="14.961823">
        <time>2025-08-30T07:45:19.000Z</time>
      </trkpt>
      <trkpt lat="49.021192" lon="14.961858">
        <time>2025-08-30T07:45:20.000Z</time>
      </trkpt>
      <trkpt lat="49.021224" lon="14.961908">
        <time>2025-08-30T07:45:21.000Z</time>
      </trkpt>
      <trkpt lat="49.021245" lon="14.961946">
        <time>2025-08-30T07:45:22.000Z</time>
      </trkpt>
      <trkpt lat="49.021271" lon="14.961989">
        <time>2025-08-30T07:45:23.000Z</time>
      </trkpt>
      <trkpt lat="49.021297" lon="14.962034">
        <time>2025-08-30T07:45:24.000Z</time>
      </trkpt>
      <trkpt lat="49.021315" lon="14.962084">
        <time>2025-08-30T07:45:25.000Z</time>
      </trkpt>
      <trkpt lat="49.021332" lon="14.962122">
        <time>2025-08-30T07:45:26.000Z</time>
      </trkpt>
      <trkpt lat="49.02135" lon="14.962165">
        <time>2025-08-30T07:45:27.000Z</time>
      </trkpt>
      <trkpt lat="49.021369" lon="14.962222">
        <time>2025-08-30T07:45:28.000Z</time>
      </trkpt>
      <trkpt lat="49.021387" lon="14.962273">
        <time>2025-08-30T07:45:29.000Z</time>
      </trkpt>
      <trkpt lat="49.021406" lon="14.962326">
        <time>2025-08-30T07:45:30.000Z</time>
      </trkpt>
      <trkpt lat="49.021423" lon="14.962379">
        <time>2025-08-30T07:45:31.000Z</time>
      </trkpt>
      <trkpt lat="49.021436" lon="14.962428">
        <time>2025-08-30T07:45:32.000Z</time>
      </trkpt>
      <trkpt lat="49.021448" lon="14.962478">
        <time>2025-08-30T07:45:33.000Z</time>
      </trkpt>
      <trkpt lat="49.021465" lon="14.962554">
        <time>2025-08-30T07:45:34.000Z</time>
      </trkpt>
      <trkpt lat="49.021476" lon="14.962604">
        <time>2025-08-30T07:45:35.000Z</time>
      </trkpt>
      <trkpt lat="49.021487" lon="14.962666">
        <time>2025-08-30T07:45:36.000Z</time>
      </trkpt>
      <trkpt lat="49.021503" lon="14.962716">
        <time>2025-08-30T07:45:37.000Z</time>
      </trkpt>
      <trkpt lat="49.021519" lon="14.962765">
        <time>2025-08-30T07:45:38.000Z</time>
      </trkpt>
      <trkpt lat="49.021536" lon="14.962811">
        <time>2025-08-30T07:45:39.000Z</time>
      </trkpt>
      <trkpt lat="49.021552" lon="14.962868">
        <time>2025-08-30T07:45:40.000Z</time>
      </trkpt>
      <trkpt lat="49.021567" lon="14.96291">
        <time>2025-08-30T07:45:41.000Z</time>
      </trkpt>
      <trkpt lat="49.021576" lon="14.962956">
        <time>2025-08-30T07:45:42.000Z</time>
      </trkpt>
      <trkpt lat="49.021584" lon="14.963017">
        <time>2025-08-30T07:45:43.000Z</time>
      </trkpt>
      <trkpt lat="49.021582" lon="14.963069">
        <time>2025-08-30T07:45:44.000Z</time>
      </trkpt>
      <trkpt lat="49.02158" lon="14.963144">
        <time>2025-08-30T07:45:45.000Z</time>
      </trkpt>
      <trkpt lat="49.021579" lon="14.963207">
        <time>2025-08-30T07:45:46.000Z</time>
      </trkpt>
      <trkpt lat="49.021579" lon="14.963281">
        <time>2025-08-30T07:45:47.000Z</time>
      </trkpt>
      <trkpt lat="49.021581" lon="14.963336">
        <time>2025-08-30T07:45:48.000Z</time>
      </trkpt>
      <trkpt lat="49.021584" lon="14.963408">
        <time>2025-08-30T07:45:49.000Z</time>
      </trkpt>
      <trkpt lat="49.021596" lon="14.963462">
        <time>2025-08-30T07:45:50.000Z</time>
      </trkpt>
      <trkpt lat="49.02161" lon="14.963519">
        <time>2025-08-30T07:45:51.000Z</time>
      </trkpt>
      <trkpt lat="49.021623" lon="14.963577">
        <time>2025-08-30T07:45:52.000Z</time>
      </trkpt>
      <trkpt lat="49.021632" lon="14.963622">
        <time>2025-08-30T07:45:53.000Z</time>
      </trkpt>
      <trkpt lat="49.021645" lon="14.963673">
        <time>2025-08-30T07:45:54.000Z</time>
      </trkpt>
      <trkpt lat="49.021664" lon="14.963716">
        <time>2025-08-30T07:45:55.000Z</time>
      </trkpt>
      <trkpt lat="49.021679" lon="14.963759">
        <time>2025-08-30T07:45:56.000Z</time>
      </trkpt>
      <trkpt lat="49.021709" lon="14.963808">
        <time>2025-08-30T07:45:57.000Z</time>
      </trkpt>
      <trkpt lat="49.021735" lon="14.963843">
        <time>2025-08-30T07:45:58.000Z</time>
      </trkpt>
      <trkpt lat="49.021754" lon="14.963887">
        <time>2025-08-30T07:45:59.000Z</time>
      </trkpt>
      <trkpt lat="49.021759" lon="14.963951">
        <time>2025-08-30T07:46:00.000Z</time>
      </trkpt>
      <trkpt lat="49.021768" lon="14.963995">
        <time>2025-08-30T07:46:01.000Z</time>
      </trkpt>
      <trkpt lat="49.021784" lon="14.96405">
        <time>2025-08-30T07:46:02.000Z</time>
      </trkpt>
      <trkpt lat="49.021787" lon="14.96409">
        <time>2025-08-30T07:46:03.000Z</time>
      </trkpt>
      <trkpt lat="49.021783" lon="14.964122">
        <time>2025-08-30T07:46:04.000Z</time>
      </trkpt>
      <trkpt lat="49.02179" lon="14.964138">
        <time>2025-08-30T07:46:05.000Z</time>
      </trkpt>
      <trkpt lat="49.021794" lon="14.964176">
        <time>2025-08-30T07:46:06.000Z</time>
      </trkpt>
      <trkpt lat="49.021806" lon="14.964199">
        <time>2025-08-30T07:46:07.000Z</time>
      </trkpt>
      <trkpt lat="49.02182" lon="14.964212">
        <time>2025-08-30T07:46:08.000Z</time>
      </trkpt>
      <trkpt lat="49.021829" lon="14.964231">
        <time>2025-08-30T07:46:09.000Z</time>
      </trkpt>
      <trkpt lat="49.021834" lon="14.964247">
        <time>2025-08-30T07:46:10.000Z</time>
      </trkpt>
      <trkpt lat="49.021845" lon="14.964275">
        <time>2025-08-30T07:46:11.000Z</time>
      </trkpt>
      <trkpt lat="49.021848" lon="14.964309">
        <time>2025-08-30T07:46:12.000Z</time>
      </trkpt>
      <trkpt lat="49.021847" lon="14.964341">
        <time>2025-08-30T07:46:13.000Z</time>
      </trkpt>
      <trkpt lat="49.021854" lon="14.964369">
        <time>2025-08-30T07:46:14.000Z</time>
      </trkpt>
      <trkpt lat="49.021853" lon="14.964421">
        <time>2025-08-30T07:46:15.000Z</time>
      </trkpt>
      <trkpt lat="49.021856" lon="14.964465">
        <time>2025-08-30T07:46:16.000Z</time>
      </trkpt>
      <trkpt lat="49.021858" lon="14.964506">
        <time>2025-08-30T07:46:17.000Z</time>
      </trkpt>
      <trkpt lat="49.02186" lon="14.964544">
        <time>2025-08-30T07:46:18.000Z</time>
      </trkpt>
      <trkpt lat="49.021861" lon="14.964563">
        <time>2025-08-30T07:46:19.000Z</time>
      </trkpt>
      <trkpt lat="49.021862" lon="14.964567">
        <time>2025-08-30T07:46:20.000Z</time>
      </trkpt>
      <trkpt lat="49.021871" lon="14.964552">
        <time>2025-08-30T07:46:21.000Z</time>
      </trkpt>
      <trkpt lat="49.021885" lon="14.964536">
        <time>2025-08-30T07:46:22.000Z</time>
      </trkpt>
      <trkpt lat="49.021906" lon="14.964527">
        <time>2025-08-30T07:46:23.000Z</time>
      </trkpt>
      <trkpt lat="49.021929" lon="14.964526">
        <time>2025-08-30T07:46:24.000Z</time>
      </trkpt>
      <trkpt lat="49.021939" lon="14.964573">
        <time>2025-08-30T07:46:25.000Z</time>
      </trkpt>
      <trkpt lat="49.021952" lon="14.964585">
        <time>2025-08-30T07:46:26.000Z</time>
      </trkpt>
      <trkpt lat="49.021968" lon="14.964602">
        <time>2025-08-30T07:46:27.000Z</time>
      </trkpt>
      <trkpt lat="49.02198" lon="14.96462">
        <time>2025-08-30T07:46:28.000Z</time>
      </trkpt>
      <trkpt lat="49.021995" lon="14.964638">
        <time>2025-08-30T07:46:29.000Z</time>
      </trkpt>
      <trkpt lat="49.022003" lon="14.964648">
        <time>2025-08-30T07:46:30.000Z</time>
      </trkpt>
      <trkpt lat="49.022015" lon="14.964664">
        <time>2025-08-30T07:46:31.000Z</time>
      </trkpt>
      <trkpt lat="49.022022" lon="14.964671">
        <time>2025-08-30T07:46:32.000Z</time>
      </trkpt>
      <trkpt lat="49.022023" lon="14.964668">
        <time>2025-08-30T07:46:33.000Z</time>
      </trkpt>
      <trkpt lat="49.022022" lon="14.964665">
        <time>2025-08-30T07:46:34.000Z</time>
      </trkpt>
      <trkpt lat="49.022024" lon="14.964664">
        <time>2025-08-30T07:46:35.000Z</time>
      </trkpt>
      <trkpt lat="49.022025" lon="14.964661">
        <time>2025-08-30T07:46:36.000Z</time>
      </trkpt>
      <trkpt lat="49.022027" lon="14.964663">
        <time>2025-08-30T07:46:37.000Z</time>
      </trkpt>
      <trkpt lat="49.022026" lon="14.964663">
        <time>2025-08-30T07:46:38.000Z</time>
      </trkpt>
      <trkpt lat="49.022029" lon="14.964667">
        <time>2025-08-30T07:46:39.000Z</time>
      </trkpt>
      <trkpt lat="49.02203" lon="14.964669">
        <time>2025-08-30T07:46:40.000Z</time>
      </trkpt>
      <trkpt lat="49.022035" lon="14.964673">
        <time>2025-08-30T07:46:41.000Z</time>
      </trkpt>
      <trkpt lat="49.022033" lon="14.964678">
        <time>2025-08-30T07:46:42.000Z</time>
      </trkpt>
      <trkpt lat="49.02203" lon="14.964678">
        <time>2025-08-30T07:46:43.000Z</time>
      </trkpt>
      <trkpt lat="49.022028" lon="14.964678">
        <time>2025-08-30T07:46:44.000Z</time>
      </trkpt>
      <trkpt lat="49.02203" lon="14.96468">
        <time>2025-08-30T07:46:45.000Z</time>
      </trkpt>
      <trkpt lat="49.022044" lon="14.964669">
        <time>2025-08-30T07:46:46.000Z</time>
      </trkpt>
      <trkpt lat="49.022055" lon="14.964686">
        <time>2025-08-30T07:46:47.000Z</time>
      </trkpt>
      <trkpt lat="49.022059" lon="14.964719">
        <time>2025-08-30T07:46:48.000Z</time>
      </trkpt>
      <trkpt lat="49.022056" lon="14.964751">
        <time>2025-08-30T07:46:49.000Z</time>
      </trkpt>
      <trkpt lat="49.022052" lon="14.964787">
        <time>2025-08-30T07:46:50.000Z</time>
      </trkpt>
      <trkpt lat="49.022051" lon="14.964828">
        <time>2025-08-30T07:46:51.000Z</time>
      </trkpt>
      <trkpt lat="49.022048" lon="14.964873">
        <time>2025-08-30T07:46:52.000Z</time>
      </trkpt>
      <trkpt lat="49.022052" lon="14.964927">
        <time>2025-08-30T07:46:53.000Z</time>
      </trkpt>
      <trkpt lat="49.022054" lon="14.964973">
        <time>2025-08-30T07:46:54.000Z</time>
      </trkpt>
      <trkpt lat="49.022054" lon="14.965015">
        <time>2025-08-30T07:46:55.000Z</time>
      </trkpt>
      <trkpt lat="49.022055" lon="14.965062">
        <time>2025-08-30T07:46:56.000Z</time>
      </trkpt>
      <trkpt lat="49.022058" lon="14.965119">
        <time>2025-08-30T07:46:57.000Z</time>
      </trkpt>
      <trkpt lat="49.022062" lon="14.965166">
        <time>2025-08-30T07:46:58.000Z</time>
      </trkpt>
      <trkpt lat="49.022064" lon="14.965217">
        <time>2025-08-30T07:46:59.000Z</time>
      </trkpt>
      <trkpt lat="49.022073" lon="14.965257">
        <time>2025-08-30T07:47:00.000Z</time>
      </trkpt>
      <trkpt lat="49.022076" lon="14.965304">
        <time>2025-08-30T07:47:01.000Z</time>
      </trkpt>
      <trkpt lat="49.022073" lon="14.965343">
        <time>2025-08-30T07:47:02.000Z</time>
      </trkpt>
      <trkpt lat="49.022081" lon="14.965382">
        <time>2025-08-30T07:47:03.000Z</time>
      </trkpt>
      <trkpt lat="49.022091" lon="14.965422">
        <time>2025-08-30T07:47:04.000Z</time>
      </trkpt>
      <trkpt lat="49.022093" lon="14.965455">
        <time>2025-08-30T07:47:05.000Z</time>
      </trkpt>
      <trkpt lat="49.022089" lon="14.965486">
        <time>2025-08-30T07:47:06.000Z</time>
      </trkpt>
      <trkpt lat="49.022083" lon="14.965523">
        <time>2025-08-30T07:47:07.000Z</time>
      </trkpt>
      <trkpt lat="49.022072" lon="14.965556">
        <time>2025-08-30T07:47:08.000Z</time>
      </trkpt>
      <trkpt lat="49.022069" lon="14.96559">
        <time>2025-08-30T07:47:09.000Z</time>
      </trkpt>
      <trkpt lat="49.022064" lon="14.965635">
        <time>2025-08-30T07:47:10.000Z</time>
      </trkpt>
      <trkpt lat="49.022043" lon="14.965674">
        <time>2025-08-30T07:47:11.000Z</time>
      </trkpt>
      <trkpt lat="49.022028" lon="14.965711">
        <time>2025-08-30T07:47:12.000Z</time>
      </trkpt>
      <trkpt lat="49.022019" lon="14.965745">
        <time>2025-08-30T07:47:13.000Z</time>
      </trkpt>
      <trkpt lat="49.022022" lon="14.965784">
        <time>2025-08-30T07:47:14.000Z</time>
      </trkpt>
      <trkpt lat="49.022037" lon="14.965828">
        <time>2025-08-30T07:47:15.000Z</time>
      </trkpt>
      <trkpt lat="49.02205" lon="14.96586">
        <time>2025-08-30T07:47:16.000Z</time>
      </trkpt>
      <trkpt lat="49.022059" lon="14.965914">
        <time>2025-08-30T07:47:17.000Z</time>
      </trkpt>
      <trkpt lat="49.022066" lon="14.965946">
        <time>2025-08-30T07:47:18.000Z</time>
      </trkpt>
      <trkpt lat="49.022068" lon="14.966">
        <time>2025-08-30T07:47:19.000Z</time>
      </trkpt>
      <trkpt lat="49.022063" lon="14.966047">
        <time>2025-08-30T07:47:20.000Z</time>
      </trkpt>
      <trkpt lat="49.022061" lon="14.966078">
        <time>2025-08-30T07:47:21.000Z</time>
      </trkpt>
      <trkpt lat="49.022053" lon="14.96611">
        <time>2025-08-30T07:47:22.000Z</time>
      </trkpt>
      <trkpt lat="49.022043" lon="14.966143">
        <time>2025-08-30T07:47:23.000Z</time>
      </trkpt>
      <trkpt lat="49.022029" lon="14.966177">
        <time>2025-08-30T07:47:24.000Z</time>
      </trkpt>
      <trkpt lat="49.022021" lon="14.966213">
        <time>2025-08-30T07:47:25.000Z</time>
      </trkpt>
      <trkpt lat="49.02201" lon="14.966249">
        <time>2025-08-30T07:47:26.000Z</time>
      </trkpt>
      <trkpt lat="49.022013" lon="14.966276">
        <time>2025-08-30T07:47:27.000Z</time>
      </trkpt>
      <trkpt lat="49.022013" lon="14.966301">
        <time>2025-08-30T07:47:28.000Z</time>
      </trkpt>
      <trkpt lat="49.022018" lon="14.966325">
        <time>2025-08-30T07:47:29.000Z</time>
      </trkpt>
      <trkpt lat="49.022025" lon="14.966352">
        <time>2025-08-30T07:47:30.000Z</time>
      </trkpt>
      <trkpt lat="49.02203" lon="14.966384">
        <time>2025-08-30T07:47:31.000Z</time>
      </trkpt>
      <trkpt lat="49.022035" lon="14.966417">
        <time>2025-08-30T07:47:32.000Z</time>
      </trkpt>
      <trkpt lat="49.022043" lon="14.966443">
        <time>2025-08-30T07:47:33.000Z</time>
      </trkpt>
      <trkpt lat="49.022052" lon="14.966476">
        <time>2025-08-30T07:47:34.000Z</time>
      </trkpt>
      <trkpt lat="49.02206" lon="14.966514">
        <time>2025-08-30T07:47:35.000Z</time>
      </trkpt>
      <trkpt lat="49.022066" lon="14.966553">
        <time>2025-08-30T07:47:36.000Z</time>
      </trkpt>
      <trkpt lat="49.022067" lon="14.966583">
        <time>2025-08-30T07:47:37.000Z</time>
      </trkpt>
      <trkpt lat="49.022064" lon="14.966615">
        <time>2025-08-30T07:47:38.000Z</time>
      </trkpt>
      <trkpt lat="49.022045" lon="14.966641">
        <time>2025-08-30T07:47:39.000Z</time>
      </trkpt>
      <trkpt lat="49.02203" lon="14.966651">
        <time>2025-08-30T07:47:40.000Z</time>
      </trkpt>
      <trkpt lat="49.02201" lon="14.966664">
        <time>2025-08-30T07:47:41.000Z</time>
      </trkpt>
      <trkpt lat="49.021994" lon="14.966688">
        <time>2025-08-30T07:47:42.000Z</time>
      </trkpt>
      <trkpt lat="49.021973" lon="14.966714">
        <time>2025-08-30T07:47:43.000Z</time>
      </trkpt>
      <trkpt lat="49.021949" lon="14.966745">
        <time>2025-08-30T07:47:44.000Z</time>
      </trkpt>
      <trkpt lat="49.021934" lon="14.96675">
        <time>2025-08-30T07:47:45.000Z</time>
      </trkpt>
      <trkpt lat="49.021939" lon="14.966742">
        <time>2025-08-30T07:47:46.000Z</time>
      </trkpt>
      <trkpt lat="49.021942" lon="14.966752">
        <time>2025-08-30T07:47:47.000Z</time>
      </trkpt>
      <trkpt lat="49.021946" lon="14.966766">
        <time>2025-08-30T07:47:48.000Z</time>
      </trkpt>
      <trkpt lat="49.021945" lon="14.966779">
        <time>2025-08-30T07:47:49.000Z</time>
      </trkpt>
      <trkpt lat="49.021941" lon="14.966797">
        <time>2025-08-30T07:47:50.000Z</time>
      </trkpt>
      <trkpt lat="49.021937" lon="14.966827">
        <time>2025-08-30T07:47:51.000Z</time>
      </trkpt>
      <trkpt lat="49.021932" lon="14.966865">
        <time>2025-08-30T07:47:52.000Z</time>
      </trkpt>
      <trkpt lat="49.021913" lon="14.966912">
        <time>2025-08-30T07:47:53.000Z</time>
      </trkpt>
      <trkpt lat="49.021897" lon="14.966946">
        <time>2025-08-30T07:47:54.000Z</time>
      </trkpt>
      <trkpt lat="49.021891" lon="14.966997">
        <time>2025-08-30T07:47:55.000Z</time>
      </trkpt>
      <trkpt lat="49.021882" lon="14.96704">
        <time>2025-08-30T07:47:56.000Z</time>
      </trkpt>
      <trkpt lat="49.021888" lon="14.96708">
        <time>2025-08-30T07:47:57.000Z</time>
      </trkpt>
      <trkpt lat="49.021892" lon="14.967128">
        <time>2025-08-30T07:47:58.000Z</time>
      </trkpt>
      <trkpt lat="49.021887" lon="14.967175">
        <time>2025-08-30T07:47:59.000Z</time>
      </trkpt>
      <trkpt lat="49.021878" lon="14.967216">
        <time>2025-08-30T07:48:00.000Z</time>
      </trkpt>
      <trkpt lat="49.02188" lon="14.96725">
        <time>2025-08-30T07:48:01.000Z</time>
      </trkpt>
      <trkpt lat="49.021888" lon="14.967253">
        <time>2025-08-30T07:48:02.000Z</time>
      </trkpt>
      <trkpt lat="49.021901" lon="14.967285">
        <time>2025-08-30T07:48:03.000Z</time>
      </trkpt>
      <trkpt lat="49.021896" lon="14.967316">
        <time>2025-08-30T07:48:04.000Z</time>
      </trkpt>
      <trkpt lat="49.021893" lon="14.967351">
        <time>2025-08-30T07:48:05.000Z</time>
      </trkpt>
      <trkpt lat="49.021871" lon="14.967365">
        <time>2025-08-30T07:48:06.000Z</time>
      </trkpt>
      <trkpt lat="49.021859" lon="14.967391">
        <time>2025-08-30T07:48:07.000Z</time>
      </trkpt>
      <trkpt lat="49.02185" lon="14.967429">
        <time>2025-08-30T07:48:08.000Z</time>
      </trkpt>
      <trkpt lat="49.021841" lon="14.967473">
        <time>2025-08-30T07:48:09.000Z</time>
      </trkpt>
      <trkpt lat="49.021833" lon="14.96752">
        <time>2025-08-30T07:48:10.000Z</time>
      </trkpt>
      <trkpt lat="49.021824" lon="14.967566">
        <time>2025-08-30T07:48:11.000Z</time>
      </trkpt>
      <trkpt lat="49.021806" lon="14.967609">
        <time>2025-08-30T07:48:12.000Z</time>
      </trkpt>
      <trkpt lat="49.021793" lon="14.967648">
        <time>2025-08-30T07:48:13.000Z</time>
      </trkpt>
      <trkpt lat="49.021784" lon="14.967686">
        <time>2025-08-30T07:48:14.000Z</time>
      </trkpt>
      <trkpt lat="49.021775" lon="14.967726">
        <time>2025-08-30T07:48:15.000Z</time>
      </trkpt>
      <trkpt lat="49.021765" lon="14.967766">
        <time>2025-08-30T07:48:16.000Z</time>
      </trkpt>
      <trkpt lat="49.021753" lon="14.967812">
        <time>2025-08-30T07:48:17.000Z</time>
      </trkpt>
      <trkpt lat="49.021752" lon="14.967858">
        <time>2025-08-30T07:48:18.000Z</time>
      </trkpt>
      <trkpt lat="49.02174" lon="14.967899">
        <time>2025-08-30T07:48:19.000Z</time>
      </trkpt>
      <trkpt lat="49.021726" lon="14.96793">
        <time>2025-08-30T07:48:20.000Z</time>
      </trkpt>
      <trkpt lat="49.021707" lon="14.96797">
        <time>2025-08-30T07:48:21.000Z</time>
      </trkpt>
      <trkpt lat="49.021701" lon="14.968">
        <time>2025-08-30T07:48:22.000Z</time>
      </trkpt>
      <trkpt lat="49.0217" lon="14.968037">
        <time>2025-08-30T07:48:23.000Z</time>
      </trkpt>
      <trkpt lat="49.021693" lon="14.968068">
        <time>2025-08-30T07:48:24.000Z</time>
      </trkpt>
      <trkpt lat="49.021687" lon="14.968101">
        <time>2025-08-30T07:48:25.000Z</time>
      </trkpt>
      <trkpt lat="49.021682" lon="14.968134">
        <time>2025-08-30T07:48:26.000Z</time>
      </trkpt>
      <trkpt lat="49.021687" lon="14.968177">
        <time>2025-08-30T07:48:27.000Z</time>
      </trkpt>
      <trkpt lat="49.021688" lon="14.968213">
        <time>2025-08-30T07:48:28.000Z</time>
      </trkpt>
      <trkpt lat="49.021683" lon="14.968246">
        <time>2025-08-30T07:48:29.000Z</time>
      </trkpt>
      <trkpt lat="49.021677" lon="14.968292">
        <time>2025-08-30T07:48:30.000Z</time>
      </trkpt>
      <trkpt lat="49.02168" lon="14.96833">
        <time>2025-08-30T07:48:31.000Z</time>
      </trkpt>
      <trkpt lat="49.021679" lon="14.968382">
        <time>2025-08-30T07:48:32.000Z</time>
      </trkpt>
      <trkpt lat="49.021678" lon="14.968423">
        <time>2025-08-30T07:48:33.000Z</time>
      </trkpt>
      <trkpt lat="49.021683" lon="14.968461">
        <time>2025-08-30T07:48:34.000Z</time>
      </trkpt>
      <trkpt lat="49.021685" lon="14.968504">
        <time>2025-08-30T07:48:35.000Z</time>
      </trkpt>
      <trkpt lat="49.02168" lon="14.968553">
        <time>2025-08-30T07:48:36.000Z</time>
      </trkpt>
      <trkpt lat="49.021672" lon="14.968607">
        <time>2025-08-30T07:48:37.000Z</time>
      </trkpt>
      <trkpt lat="49.02166" lon="14.968676">
        <time>2025-08-30T07:48:38.000Z</time>
      </trkpt>
      <trkpt lat="49.021649" lon="14.968724">
        <time>2025-08-30T07:48:39.000Z</time>
      </trkpt>
      <trkpt lat="49.021637" lon="14.968764">
        <time>2025-08-30T07:48:40.000Z</time>
      </trkpt>
      <trkpt lat="49.021629" lon="14.968816">
        <time>2025-08-30T07:48:41.000Z</time>
      </trkpt>
      <trkpt lat="49.021625" lon="14.968866">
        <time>2025-08-30T07:48:42.000Z</time>
      </trkpt>
      <trkpt lat="49.021626" lon="14.968906">
        <time>2025-08-30T07:48:43.000Z</time>
      </trkpt>
      <trkpt lat="49.021621" lon="14.968961">
        <time>2025-08-30T07:48:44.000Z</time>
      </trkpt>
      <trkpt lat="49.021615" lon="14.969003">
        <time>2025-08-30T07:48:45.000Z</time>
      </trkpt>
      <trkpt lat="49.021613" lon="14.969044">
        <time>2025-08-30T07:48:46.000Z</time>
      </trkpt>
      <trkpt lat="49.021601" lon="14.969095">
        <time>2025-08-30T07:48:47.000Z</time>
      </trkpt>
      <trkpt lat="49.021582" lon="14.969135">
        <time>2025-08-30T07:48:48.000Z</time>
      </trkpt>
      <trkpt lat="49.021571" lon="14.96918">
        <time>2025-08-30T07:48:49.000Z</time>
      </trkpt>
      <trkpt lat="49.021568" lon="14.969228">
        <time>2025-08-30T07:48:50.000Z</time>
      </trkpt>
      <trkpt lat="49.021561" lon="14.969284">
        <time>2025-08-30T07:48:51.000Z</time>
      </trkpt>
      <trkpt lat="49.021561" lon="14.969343">
        <time>2025-08-30T07:48:52.000Z</time>
      </trkpt>
      <trkpt lat="49.02156" lon="14.96939">
        <time>2025-08-30T07:48:53.000Z</time>
      </trkpt>
      <trkpt lat="49.021551" lon="14.969435">
        <time>2025-08-30T07:48:54.000Z</time>
      </trkpt>
      <trkpt lat="49.021543" lon="14.969476">
        <time>2025-08-30T07:48:55.000Z</time>
      </trkpt>
      <trkpt lat="49.021544" lon="14.969523">
        <time>2025-08-30T07:48:56.000Z</time>
      </trkpt>
      <trkpt lat="49.021553" lon="14.96958">
        <time>2025-08-30T07:48:57.000Z</time>
      </trkpt>
      <trkpt lat="49.021567" lon="14.969623">
        <time>2025-08-30T07:48:58.000Z</time>
      </trkpt>
      <trkpt lat="49.021589" lon="14.969657">
        <time>2025-08-30T07:48:59.000Z</time>
      </trkpt>
      <trkpt lat="49.021617" lon="14.969669">
        <time>2025-08-30T07:49:00.000Z</time>
      </trkpt>
      <trkpt lat="49.021646" lon="14.969666">
        <time>2025-08-30T07:49:01.000Z</time>
      </trkpt>
      <trkpt lat="49.021686" lon="14.969666">
        <time>2025-08-30T07:49:02.000Z</time>
      </trkpt>
      <trkpt lat="49.021722" lon="14.969655">
        <time>2025-08-30T07:49:03.000Z</time>
      </trkpt>
      <trkpt lat="49.021759" lon="14.969638">
        <time>2025-08-30T07:49:04.000Z</time>
      </trkpt>
      <trkpt lat="49.021794" lon="14.969633">
        <time>2025-08-30T07:49:05.000Z</time>
      </trkpt>
      <trkpt lat="49.021827" lon="14.969665">
        <time>2025-08-30T07:49:06.000Z</time>
      </trkpt>
      <trkpt lat="49.021852" lon="14.969707">
        <time>2025-08-30T07:49:07.000Z</time>
      </trkpt>
      <trkpt lat="49.021859" lon="14.969754">
        <time>2025-08-30T07:49:08.000Z</time>
      </trkpt>
      <trkpt lat="49.021868" lon="14.969806">
        <time>2025-08-30T07:49:09.000Z</time>
      </trkpt>
      <trkpt lat="49.021873" lon="14.969863">
        <time>2025-08-30T07:49:10.000Z</time>
      </trkpt>
      <trkpt lat="49.021881" lon="14.969908">
        <time>2025-08-30T07:49:11.000Z</time>
      </trkpt>
      <trkpt lat="49.021886" lon="14.969961">
        <time>2025-08-30T07:49:12.000Z</time>
      </trkpt>
      <trkpt lat="49.021893" lon="14.970017">
        <time>2025-08-30T07:49:13.000Z</time>
      </trkpt>
      <trkpt lat="49.021902" lon="14.970065">
        <time>2025-08-30T07:49:14.000Z</time>
      </trkpt>
      <trkpt lat="49.021911" lon="14.970124">
        <time>2025-08-30T07:49:15.000Z</time>
      </trkpt>
      <trkpt lat="49.021924" lon="14.970171">
        <time>2025-08-30T07:49:16.000Z</time>
      </trkpt>
      <trkpt lat="49.021942" lon="14.970225">
        <time>2025-08-30T07:49:17.000Z</time>
      </trkpt>
      <trkpt lat="49.021953" lon="14.970281">
        <time>2025-08-30T07:49:18.000Z</time>
      </trkpt>
      <trkpt lat="49.021965" lon="14.970333">
        <time>2025-08-30T07:49:19.000Z</time>
      </trkpt>
      <trkpt lat="49.021981" lon="14.970394">
        <time>2025-08-30T07:49:20.000Z</time>
      </trkpt>
      <trkpt lat="49.021998" lon="14.97045">
        <time>2025-08-30T07:49:21.000Z</time>
      </trkpt>
      <trkpt lat="49.022015" lon="14.970504">
        <time>2025-08-30T07:49:22.000Z</time>
      </trkpt>
      <trkpt lat="49.022019" lon="14.970579">
        <time>2025-08-30T07:49:23.000Z</time>
      </trkpt>
      <trkpt lat="49.022013" lon="14.970649">
        <time>2025-08-30T07:49:24.000Z</time>
      </trkpt>
      <trkpt lat="49.022003" lon="14.970723">
        <time>2025-08-30T07:49:25.000Z</time>
      </trkpt>
      <trkpt lat="49.021996" lon="14.970789">
        <time>2025-08-30T07:49:26.000Z</time>
      </trkpt>
      <trkpt lat="49.021989" lon="14.970866">
        <time>2025-08-30T07:49:27.000Z</time>
      </trkpt>
      <trkpt lat="49.021982" lon="14.970917">
        <time>2025-08-30T07:49:28.000Z</time>
      </trkpt>
      <trkpt lat="49.021974" lon="14.970972">
        <time>2025-08-30T07:49:29.000Z</time>
      </trkpt>
      <trkpt lat="49.021966" lon="14.971023">
        <time>2025-08-30T07:49:30.000Z</time>
      </trkpt>
      <trkpt lat="49.021946" lon="14.971099">
        <time>2025-08-30T07:49:31.000Z</time>
      </trkpt>
      <trkpt lat="49.021929" lon="14.971154">
        <time>2025-08-30T07:49:32.000Z</time>
      </trkpt>
      <trkpt lat="49.021915" lon="14.971219">
        <time>2025-08-30T07:49:33.000Z</time>
      </trkpt>
      <trkpt lat="49.021892" lon="14.971289">
        <time>2025-08-30T07:49:34.000Z</time>
      </trkpt>
      <trkpt lat="49.021873" lon="14.971351">
        <time>2025-08-30T07:49:35.000Z</time>
      </trkpt>
      <trkpt lat="49.021858" lon="14.971405">
        <time>2025-08-30T07:49:36.000Z</time>
      </trkpt>
      <trkpt lat="49.021846" lon="14.971452">
        <time>2025-08-30T07:49:37.000Z</time>
      </trkpt>
      <trkpt lat="49.021831" lon="14.971518">
        <time>2025-08-30T07:49:38.000Z</time>
      </trkpt>
      <trkpt lat="49.021816" lon="14.971579">
        <time>2025-08-30T07:49:39.000Z</time>
      </trkpt>
      <trkpt lat="49.021803" lon="14.971636">
        <time>2025-08-30T07:49:40.000Z</time>
      </trkpt>
      <trkpt lat="49.021785" lon="14.971703">
        <time>2025-08-30T07:49:41.000Z</time>
      </trkpt>
      <trkpt lat="49.021771" lon="14.971758">
        <time>2025-08-30T07:49:42.000Z</time>
      </trkpt>
      <trkpt lat="49.021755" lon="14.971821">
        <time>2025-08-30T07:49:43.000Z</time>
      </trkpt>
      <trkpt lat="49.021741" lon="14.971876">
        <time>2025-08-30T07:49:44.000Z</time>
      </trkpt>
      <trkpt lat="49.021734" lon="14.971918">
        <time>2025-08-30T07:49:45.000Z</time>
      </trkpt>
      <trkpt lat="49.02172" lon="14.971978">
        <time>2025-08-30T07:49:46.000Z</time>
      </trkpt>
      <trkpt lat="49.021704" lon="14.972026">
        <time>2025-08-30T07:49:47.000Z</time>
      </trkpt>
      <trkpt lat="49.02169" lon="14.972091">
        <time>2025-08-30T07:49:48.000Z</time>
      </trkpt>
      <trkpt lat="49.021674" lon="14.972151">
        <time>2025-08-30T07:49:49.000Z</time>
      </trkpt>
      <trkpt lat="49.021665" lon="14.972209">
        <time>2025-08-30T07:49:50.000Z</time>
      </trkpt>
      <trkpt lat="49.021648" lon="14.972272">
        <time>2025-08-30T07:49:51.000Z</time>
      </trkpt>
      <trkpt lat="49.021634" lon="14.97232">
        <time>2025-08-30T07:49:52.000Z</time>
      </trkpt>
      <trkpt lat="49.021614" lon="14.972385">
        <time>2025-08-30T07:49:53.000Z</time>
      </trkpt>
      <trkpt lat="49.021602" lon="14.972437">
        <time>2025-08-30T07:49:54.000Z</time>
      </trkpt>
      <trkpt lat="49.021585" lon="14.972495">
        <time>2025-08-30T07:49:55.000Z</time>
      </trkpt>
      <trkpt lat="49.021566" lon="14.972542">
        <time>2025-08-30T07:49:56.000Z</time>
      </trkpt>
      <trkpt lat="49.021552" lon="14.972587">
        <time>2025-08-30T07:49:57.000Z</time>
      </trkpt>
      <trkpt lat="49.021545" lon="14.972634">
        <time>2025-08-30T07:49:58.000Z</time>
      </trkpt>
      <trkpt lat="49.021537" lon="14.972681">
        <time>2025-08-30T07:49:59.000Z</time>
      </trkpt>
      <trkpt lat="49.021527" lon="14.972733">
        <time>2025-08-30T07:50:00.000Z</time>
      </trkpt>
      <trkpt lat="49.02152" lon="14.972777">
        <time>2025-08-30T07:50:01.000Z</time>
      </trkpt>
      <trkpt lat="49.021513" lon="14.97283">
        <time>2025-08-30T07:50:02.000Z</time>
      </trkpt>
      <trkpt lat="49.021508" lon="14.972891">
        <time>2025-08-30T07:50:03.000Z</time>
      </trkpt>
      <trkpt lat="49.021498" lon="14.972936">
        <time>2025-08-30T07:50:04.000Z</time>
      </trkpt>
      <trkpt lat="49.021475" lon="14.972985">
        <time>2025-08-30T07:50:05.000Z</time>
      </trkpt>
      <trkpt lat="49.021464" lon="14.973029">
        <time>2025-08-30T07:50:06.000Z</time>
      </trkpt>
      <trkpt lat="49.021447" lon="14.973086">
        <time>2025-08-30T07:50:07.000Z</time>
      </trkpt>
      <trkpt lat="49.021439" lon="14.973142">
        <time>2025-08-30T07:50:08.000Z</time>
      </trkpt>
      <trkpt lat="49.021433" lon="14.973187">
        <time>2025-08-30T07:50:09.000Z</time>
      </trkpt>
      <trkpt lat="49.021422" lon="14.97324">
        <time>2025-08-30T07:50:10.000Z</time>
      </trkpt>
      <trkpt lat="49.021418" lon="14.973289">
        <time>2025-08-30T07:50:11.000Z</time>
      </trkpt>
      <trkpt lat="49.021408" lon="14.973339">
        <time>2025-08-30T07:50:12.000Z</time>
      </trkpt>
      <trkpt lat="49.021401" lon="14.973393">
        <time>2025-08-30T07:50:13.000Z</time>
      </trkpt>
      <trkpt lat="49.021388" lon="14.973445">
        <time>2025-08-30T07:50:14.000Z</time>
      </trkpt>
      <trkpt lat="49.021381" lon="14.973475">
        <time>2025-08-30T07:50:15.000Z</time>
      </trkpt>
      <trkpt lat="49.021369" lon="14.973519">
        <time>2025-08-30T07:50:16.000Z</time>
      </trkpt>
      <trkpt lat="49.021358" lon="14.973568">
        <time>2025-08-30T07:50:17.000Z</time>
      </trkpt>
      <trkpt lat="49.021346" lon="14.973616">
        <time>2025-08-30T07:50:18.000Z</time>
      </trkpt>
      <trkpt lat="49.02134" lon="14.973654">
        <time>2025-08-30T07:50:19.000Z</time>
      </trkpt>
      <trkpt lat="49.021326" lon="14.973703">
        <time>2025-08-30T07:50:20.000Z</time>
      </trkpt>
      <trkpt lat="49.021315" lon="14.973736">
        <time>2025-08-30T07:50:21.000Z</time>
      </trkpt>
      <trkpt lat="49.0213" lon="14.973768">
        <time>2025-08-30T07:50:22.000Z</time>
      </trkpt>
      <trkpt lat="49.021283" lon="14.973802">
        <time>2025-08-30T07:50:23.000Z</time>
      </trkpt>
      <trkpt lat="49.02127" lon="14.973842">
        <time>2025-08-30T07:50:24.000Z</time>
      </trkpt>
      <trkpt lat="49.021262" lon="14.973903">
        <time>2025-08-30T07:50:25.000Z</time>
      </trkpt>
      <trkpt lat="49.021253" lon="14.973958">
        <time>2025-08-30T07:50:26.000Z</time>
      </trkpt>
      <trkpt lat="49.021242" lon="14.974014">
        <time>2025-08-30T07:50:27.000Z</time>
      </trkpt>
      <trkpt lat="49.021232" lon="14.974084">
        <time>2025-08-30T07:50:28.000Z</time>
      </trkpt>
      <trkpt lat="49.021227" lon="14.97413">
        <time>2025-08-30T07:50:29.000Z</time>
      </trkpt>
      <trkpt lat="49.021213" lon="14.974175">
        <time>2025-08-30T07:50:30.000Z</time>
      </trkpt>
      <trkpt lat="49.021191" lon="14.974221">
        <time>2025-08-30T07:50:31.000Z</time>
      </trkpt>
      <trkpt lat="49.021179" lon="14.974263">
        <time>2025-08-30T07:50:32.000Z</time>
      </trkpt>
      <trkpt lat="49.02117" lon="14.974308">
        <time>2025-08-30T07:50:33.000Z</time>
      </trkpt>
      <trkpt lat="49.021155" lon="14.974361">
        <time>2025-08-30T07:50:34.000Z</time>
      </trkpt>
      <trkpt lat="49.021145" lon="14.974408">
        <time>2025-08-30T07:50:35.000Z</time>
      </trkpt>
      <trkpt lat="49.021139" lon="14.974456">
        <time>2025-08-30T07:50:36.000Z</time>
      </trkpt>
      <trkpt lat="49.021135" lon="14.9745">
        <time>2025-08-30T07:50:37.000Z</time>
      </trkpt>
      <trkpt lat="49.021125" lon="14.974547">
        <time>2025-08-30T07:50:38.000Z</time>
      </trkpt>
      <trkpt lat="49.021114" lon="14.974587">
        <time>2025-08-30T07:50:39.000Z</time>
      </trkpt>
      <trkpt lat="49.021103" lon="14.974643">
        <time>2025-08-30T07:50:40.000Z</time>
      </trkpt>
      <trkpt lat="49.021089" lon="14.974685">
        <time>2025-08-30T07:50:41.000Z</time>
      </trkpt>
      <trkpt lat="49.021083" lon="14.974721">
        <time>2025-08-30T07:50:42.000Z</time>
      </trkpt>
      <trkpt lat="49.02107" lon="14.974771">
        <time>2025-08-30T07:50:43.000Z</time>
      </trkpt>
      <trkpt lat="49.021055" lon="14.974831">
        <time>2025-08-30T07:50:44.000Z</time>
      </trkpt>
      <trkpt lat="49.021047" lon="14.974875">
        <time>2025-08-30T07:50:45.000Z</time>
      </trkpt>
      <trkpt lat="49.02103" lon="14.974924">
        <time>2025-08-30T07:50:46.000Z</time>
      </trkpt>
      <trkpt lat="49.021014" lon="14.974976">
        <time>2025-08-30T07:50:47.000Z</time>
      </trkpt>
      <trkpt lat="49.021002" lon="14.975025">
        <time>2025-08-30T07:50:48.000Z</time>
      </trkpt>
      <trkpt lat="49.020991" lon="14.975068">
        <time>2025-08-30T07:50:49.000Z</time>
      </trkpt>
      <trkpt lat="49.020976" lon="14.975118">
        <time>2025-08-30T07:50:50.000Z</time>
      </trkpt>
      <trkpt lat="49.020974" lon="14.975148">
        <time>2025-08-30T07:50:51.000Z</time>
      </trkpt>
      <trkpt lat="49.020969" lon="14.975187">
        <time>2025-08-30T07:50:52.000Z</time>
      </trkpt>
      <trkpt lat="49.020958" lon="14.975239">
        <time>2025-08-30T07:50:53.000Z</time>
      </trkpt>
      <trkpt lat="49.020946" lon="14.97528">
        <time>2025-08-30T07:50:54.000Z</time>
      </trkpt>
      <trkpt lat="49.020935" lon="14.975331">
        <time>2025-08-30T07:50:55.000Z</time>
      </trkpt>
      <trkpt lat="49.020921" lon="14.975387">
        <time>2025-08-30T07:50:56.000Z</time>
      </trkpt>
      <trkpt lat="49.020911" lon="14.975431">
        <time>2025-08-30T07:50:57.000Z</time>
      </trkpt>
      <trkpt lat="49.0209" lon="14.975468">
        <time>2025-08-30T07:50:58.000Z</time>
      </trkpt>
      <trkpt lat="49.020885" lon="14.975512">
        <time>2025-08-30T07:50:59.000Z</time>
      </trkpt>
      <trkpt lat="49.020875" lon="14.975552">
        <time>2025-08-30T07:51:00.000Z</time>
      </trkpt>
      <trkpt lat="49.020872" lon="14.97559">
        <time>2025-08-30T07:51:01.000Z</time>
      </trkpt>
      <trkpt lat="49.020862" lon="14.975633">
        <time>2025-08-30T07:51:02.000Z</time>
      </trkpt>
      <trkpt lat="49.020844" lon="14.975672">
        <time>2025-08-30T07:51:03.000Z</time>
      </trkpt>
      <trkpt lat="49.020833" lon="14.975704">
        <time>2025-08-30T07:51:04.000Z</time>
      </trkpt>
      <trkpt lat="49.020824" lon="14.975751">
        <time>2025-08-30T07:51:05.000Z</time>
      </trkpt>
      <trkpt lat="49.020808" lon="14.975796">
        <time>2025-08-30T07:51:06.000Z</time>
      </trkpt>
      <trkpt lat="49.020794" lon="14.975831">
        <time>2025-08-30T07:51:07.000Z</time>
      </trkpt>
      <trkpt lat="49.020779" lon="14.975881">
        <time>2025-08-30T07:51:08.000Z</time>
      </trkpt>
      <trkpt lat="49.020772" lon="14.975934">
        <time>2025-08-30T07:51:09.000Z</time>
      </trkpt>
      <trkpt lat="49.020768" lon="14.975976">
        <time>2025-08-30T07:51:10.000Z</time>
      </trkpt>
      <trkpt lat="49.020759" lon="14.976029">
        <time>2025-08-30T07:51:11.000Z</time>
      </trkpt>
      <trkpt lat="49.02075" lon="14.976072">
        <time>2025-08-30T07:51:12.000Z</time>
      </trkpt>
      <trkpt lat="49.020746" lon="14.976114">
        <time>2025-08-30T07:51:13.000Z</time>
      </trkpt>
      <trkpt lat="49.02073" lon="14.976166">
        <time>2025-08-30T07:51:14.000Z</time>
      </trkpt>
      <trkpt lat="49.020722" lon="14.976207">
        <time>2025-08-30T07:51:15.000Z</time>
      </trkpt>
      <trkpt lat="49.020709" lon="14.976257">
        <time>2025-08-30T07:51:16.000Z</time>
      </trkpt>
      <trkpt lat="49.020698" lon="14.976308">
        <time>2025-08-30T07:51:17.000Z</time>
      </trkpt>
      <trkpt lat="49.020693" lon="14.976352">
        <time>2025-08-30T07:51:18.000Z</time>
      </trkpt>
      <trkpt lat="49.020683" lon="14.976401">
        <time>2025-08-30T07:51:19.000Z</time>
      </trkpt>
      <trkpt lat="49.020669" lon="14.976454">
        <time>2025-08-30T07:51:20.000Z</time>
      </trkpt>
      <trkpt lat="49.02066" lon="14.976495">
        <time>2025-08-30T07:51:21.000Z</time>
      </trkpt>
      <trkpt lat="49.02065" lon="14.976547">
        <time>2025-08-30T07:51:22.000Z</time>
      </trkpt>
      <trkpt lat="49.02064" lon="14.976595">
        <time>2025-08-30T07:51:23.000Z</time>
      </trkpt>
      <trkpt lat="49.020635" lon="14.976629">
        <time>2025-08-30T07:51:24.000Z</time>
      </trkpt>
      <trkpt lat="49.020627" lon="14.976677">
        <time>2025-08-30T07:51:25.000Z</time>
      </trkpt>
      <trkpt lat="49.020616" lon="14.976723">
        <time>2025-08-30T07:51:26.000Z</time>
      </trkpt>
      <trkpt lat="49.020612" lon="14.976757">
        <time>2025-08-30T07:51:27.000Z</time>
      </trkpt>
      <trkpt lat="49.020601" lon="14.976813">
        <time>2025-08-30T07:51:28.000Z</time>
      </trkpt>
      <trkpt lat="49.020584" lon="14.976861">
        <time>2025-08-30T07:51:29.000Z</time>
      </trkpt>
      <trkpt lat="49.020576" lon="14.976902">
        <time>2025-08-30T07:51:30.000Z</time>
      </trkpt>
      <trkpt lat="49.020562" lon="14.976957">
        <time>2025-08-30T07:51:31.000Z</time>
      </trkpt>
      <trkpt lat="49.020548" lon="14.977005">
        <time>2025-08-30T07:51:32.000Z</time>
      </trkpt>
      <trkpt lat="49.02054" lon="14.97704">
        <time>2025-08-30T07:51:33.000Z</time>
      </trkpt>
      <trkpt lat="49.020525" lon="14.977094">
        <time>2025-08-30T07:51:34.000Z</time>
      </trkpt>
      <trkpt lat="49.020515" lon="14.97714">
        <time>2025-08-30T07:51:35.000Z</time>
      </trkpt>
      <trkpt lat="49.020505" lon="14.977176">
        <time>2025-08-30T07:51:36.000Z</time>
      </trkpt>
      <trkpt lat="49.020497" lon="14.977227">
        <time>2025-08-30T07:51:37.000Z</time>
      </trkpt>
      <trkpt lat="49.020483" lon="14.977272">
        <time>2025-08-30T07:51:38.000Z</time>
      </trkpt>
      <trkpt lat="49.020476" lon="14.97731">
        <time>2025-08-30T07:51:39.000Z</time>
      </trkpt>
      <trkpt lat="49.020468" lon="14.977365">
        <time>2025-08-30T07:51:40.000Z</time>
      </trkpt>
      <trkpt lat="49.02045" lon="14.977419">
        <time>2025-08-30T07:51:41.000Z</time>
      </trkpt>
      <trkpt lat="49.020443" lon="14.977451">
        <time>2025-08-30T07:51:42.000Z</time>
      </trkpt>
      <trkpt lat="49.020432" lon="14.977501">
        <time>2025-08-30T07:51:43.000Z</time>
      </trkpt>
      <trkpt lat="49.020421" lon="14.977548">
        <time>2025-08-30T07:51:44.000Z</time>
      </trkpt>
      <trkpt lat="49.020414" lon="14.977592">
        <time>2025-08-30T07:51:45.000Z</time>
      </trkpt>
      <trkpt lat="49.020406" lon="14.977637">
        <time>2025-08-30T07:51:46.000Z</time>
      </trkpt>
      <trkpt lat="49.02039" lon="14.977678">
        <time>2025-08-30T07:51:47.000Z</time>
      </trkpt>
      <trkpt lat="49.020376" lon="14.977715">
        <time>2025-08-30T07:51:48.000Z</time>
      </trkpt>
      <trkpt lat="49.020365" lon="14.977763">
        <time>2025-08-30T07:51:49.000Z</time>
      </trkpt>
      <trkpt lat="49.020352" lon="14.977818">
        <time>2025-08-30T07:51:50.000Z</time>
      </trkpt>
      <trkpt lat="49.020344" lon="14.977862">
        <time>2025-08-30T07:51:51.000Z</time>
      </trkpt>
      <trkpt lat="49.020334" lon="14.977905">
        <time>2025-08-30T07:51:52.000Z</time>
      </trkpt>
      <trkpt lat="49.02032" lon="14.977948">
        <time>2025-08-30T07:51:53.000Z</time>
      </trkpt>
      <trkpt lat="49.020311" lon="14.977982">
        <time>2025-08-30T07:51:54.000Z</time>
      </trkpt>
      <trkpt lat="49.020301" lon="14.978036">
        <time>2025-08-30T07:51:55.000Z</time>
      </trkpt>
      <trkpt lat="49.020284" lon="14.978091">
        <time>2025-08-30T07:51:56.000Z</time>
      </trkpt>
      <trkpt lat="49.020271" lon="14.978132">
        <time>2025-08-30T07:51:57.000Z</time>
      </trkpt>
      <trkpt lat="49.020257" lon="14.978173">
        <time>2025-08-30T07:51:58.000Z</time>
      </trkpt>
      <trkpt lat="49.020238" lon="14.978212">
        <time>2025-08-30T07:51:59.000Z</time>
      </trkpt>
      <trkpt lat="49.020233" lon="14.978245">
        <time>2025-08-30T07:52:00.000Z</time>
      </trkpt>
      <trkpt lat="49.020227" lon="14.978294">
        <time>2025-08-30T07:52:01.000Z</time>
      </trkpt>
      <trkpt lat="49.02022" lon="14.978338">
        <time>2025-08-30T07:52:02.000Z</time>
      </trkpt>
      <trkpt lat="49.020215" lon="14.978385">
        <time>2025-08-30T07:52:03.000Z</time>
      </trkpt>
      <trkpt lat="49.020205" lon="14.978427">
        <time>2025-08-30T07:52:04.000Z</time>
      </trkpt>
      <trkpt lat="49.020189" lon="14.978472">
        <time>2025-08-30T07:52:05.000Z</time>
      </trkpt>
      <trkpt lat="49.020181" lon="14.978509">
        <time>2025-08-30T07:52:06.000Z</time>
      </trkpt>
      <trkpt lat="49.020174" lon="14.978558">
        <time>2025-08-30T07:52:07.000Z</time>
      </trkpt>
      <trkpt lat="49.020165" lon="14.9786">
        <time>2025-08-30T07:52:08.000Z</time>
      </trkpt>
      <trkpt lat="49.020159" lon="14.97864">
        <time>2025-08-30T07:52:09.000Z</time>
      </trkpt>
      <trkpt lat="49.020151" lon="14.978677">
        <time>2025-08-30T07:52:10.000Z</time>
      </trkpt>
      <trkpt lat="49.020142" lon="14.978715">
        <time>2025-08-30T07:52:11.000Z</time>
      </trkpt>
      <trkpt lat="49.020132" lon="14.978754">
        <time>2025-08-30T07:52:12.000Z</time>
      </trkpt>
      <trkpt lat="49.020124" lon="14.97879">
        <time>2025-08-30T07:52:13.000Z</time>
      </trkpt>
      <trkpt lat="49.02011" lon="14.978823">
        <time>2025-08-30T07:52:14.000Z</time>
      </trkpt>
      <trkpt lat="49.020096" lon="14.978864">
        <time>2025-08-30T07:52:15.000Z</time>
      </trkpt>
      <trkpt lat="49.020086" lon="14.978894">
        <time>2025-08-30T07:52:16.000Z</time>
      </trkpt>
      <trkpt lat="49.020082" lon="14.978933">
        <time>2025-08-30T07:52:17.000Z</time>
      </trkpt>
      <trkpt lat="49.020077" lon="14.978976">
        <time>2025-08-30T07:52:18.000Z</time>
      </trkpt>
      <trkpt lat="49.02007" lon="14.979016">
        <time>2025-08-30T07:52:19.000Z</time>
      </trkpt>
      <trkpt lat="49.020068" lon="14.979056">
        <time>2025-08-30T07:52:20.000Z</time>
      </trkpt>
      <trkpt lat="49.020064" lon="14.979101">
        <time>2025-08-30T07:52:21.000Z</time>
      </trkpt>
      <trkpt lat="49.020051" lon="14.979154">
        <time>2025-08-30T07:52:22.000Z</time>
      </trkpt>
      <trkpt lat="49.020039" lon="14.979188">
        <time>2025-08-30T07:52:23.000Z</time>
      </trkpt>
      <trkpt lat="49.020033" lon="14.979219">
        <time>2025-08-30T07:52:24.000Z</time>
      </trkpt>
      <trkpt lat="49.020022" lon="14.979247">
        <time>2025-08-30T07:52:25.000Z</time>
      </trkpt>
      <trkpt lat="49.019994" lon="14.979269">
        <time>2025-08-30T07:52:26.000Z</time>
      </trkpt>
      <trkpt lat="49.019969" lon="14.979289">
        <time>2025-08-30T07:52:27.000Z</time>
      </trkpt>
      <trkpt lat="49.019944" lon="14.97932">
        <time>2025-08-30T07:52:28.000Z</time>
      </trkpt>
      <trkpt lat="49.019913" lon="14.979345">
        <time>2025-08-30T07:52:29.000Z</time>
      </trkpt>
      <trkpt lat="49.019889" lon="14.979357">
        <time>2025-08-30T07:52:30.000Z</time>
      </trkpt>
      <trkpt lat="49.019854" lon="14.979375">
        <time>2025-08-30T07:52:31.000Z</time>
      </trkpt>
      <trkpt lat="49.019817" lon="14.979383">
        <time>2025-08-30T07:52:32.000Z</time>
      </trkpt>
      <trkpt lat="49.019787" lon="14.979394">
        <time>2025-08-30T07:52:33.000Z</time>
      </trkpt>
      <trkpt lat="49.019752" lon="14.979409">
        <time>2025-08-30T07:52:34.000Z</time>
      </trkpt>
      <trkpt lat="49.019716" lon="14.979408">
        <time>2025-08-30T07:52:35.000Z</time>
      </trkpt>
      <trkpt lat="49.019689" lon="14.979415">
        <time>2025-08-30T07:52:36.000Z</time>
      </trkpt>
      <trkpt lat="49.019653" lon="14.979422">
        <time>2025-08-30T07:52:37.000Z</time>
      </trkpt>
      <trkpt lat="49.019618" lon="14.979426">
        <time>2025-08-30T07:52:38.000Z</time>
      </trkpt>
      <trkpt lat="49.019591" lon="14.979429">
        <time>2025-08-30T07:52:39.000Z</time>
      </trkpt>
      <trkpt lat="49.019556" lon="14.97944">
        <time>2025-08-30T07:52:40.000Z</time>
      </trkpt>
      <trkpt lat="49.019513" lon="14.979454">
        <time>2025-08-30T07:52:41.000Z</time>
      </trkpt>
      <trkpt lat="49.019482" lon="14.979458">
        <time>2025-08-30T07:52:42.000Z</time>
      </trkpt>
      <trkpt lat="49.019442" lon="14.979476">
        <time>2025-08-30T07:52:43.000Z</time>
      </trkpt>
      <trkpt lat="49.019411" lon="14.979488">
        <time>2025-08-30T07:52:44.000Z</time>
      </trkpt>
      <trkpt lat="49.019385" lon="14.979514">
        <time>2025-08-30T07:52:45.000Z</time>
      </trkpt>
      <trkpt lat="49.019353" lon="14.979537">
        <time>2025-08-30T07:52:46.000Z</time>
      </trkpt>
      <trkpt lat="49.019313" lon="14.97956">
        <time>2025-08-30T07:52:47.000Z</time>
      </trkpt>
      <trkpt lat="49.019283" lon="14.979586">
        <time>2025-08-30T07:52:48.000Z</time>
      </trkpt>
      <trkpt lat="49.01925" lon="14.979619">
        <time>2025-08-30T07:52:49.000Z</time>
      </trkpt>
      <trkpt lat="49.01921" lon="14.979644">
        <time>2025-08-30T07:52:50.000Z</time>
      </trkpt>
      <trkpt lat="49.019183" lon="14.979665">
        <time>2025-08-30T07:52:51.000Z</time>
      </trkpt>
      <trkpt lat="49.019148" lon="14.97969">
        <time>2025-08-30T07:52:52.000Z</time>
      </trkpt>
      <trkpt lat="49.019114" lon="14.979714">
        <time>2025-08-30T07:52:53.000Z</time>
      </trkpt>
      <trkpt lat="49.019087" lon="14.979742">
        <time>2025-08-30T07:52:54.000Z</time>
      </trkpt>
      <trkpt lat="49.019053" lon="14.97978">
        <time>2025-08-30T07:52:55.000Z</time>
      </trkpt>
      <trkpt lat="49.01903" lon="14.97981">
        <time>2025-08-30T07:52:56.000Z</time>
      </trkpt>
      <trkpt lat="49.019007" lon="14.979847">
        <time>2025-08-30T07:52:57.000Z</time>
      </trkpt>
      <trkpt lat="49.01898" lon="14.979887">
        <time>2025-08-30T07:52:58.000Z</time>
      </trkpt>
      <trkpt lat="49.018962" lon="14.979923">
        <time>2025-08-30T07:52:59.000Z</time>
      </trkpt>
      <trkpt lat="49.018942" lon="14.979967">
        <time>2025-08-30T07:53:00.000Z</time>
      </trkpt>
      <trkpt lat="49.01892" lon="14.98">
        <time>2025-08-30T07:53:01.000Z</time>
      </trkpt>
      <trkpt lat="49.018905" lon="14.980026">
        <time>2025-08-30T07:53:02.000Z</time>
      </trkpt>
      <trkpt lat="49.018889" lon="14.980066">
        <time>2025-08-30T07:53:03.000Z</time>
      </trkpt>
      <trkpt lat="49.018863" lon="14.980103">
        <time>2025-08-30T07:53:04.000Z</time>
      </trkpt>
      <trkpt lat="49.018843" lon="14.980126">
        <time>2025-08-30T07:53:05.000Z</time>
      </trkpt>
      <trkpt lat="49.018819" lon="14.980166">
        <time>2025-08-30T07:53:06.000Z</time>
      </trkpt>
      <trkpt lat="49.018789" lon="14.980197">
        <time>2025-08-30T07:53:07.000Z</time>
      </trkpt>
      <trkpt lat="49.01877" lon="14.980228">
        <time>2025-08-30T07:53:08.000Z</time>
      </trkpt>
      <trkpt lat="49.018746" lon="14.98026">
        <time>2025-08-30T07:53:09.000Z</time>
      </trkpt>
      <trkpt lat="49.018713" lon="14.980296">
        <time>2025-08-30T07:53:10.000Z</time>
      </trkpt>
      <trkpt lat="49.018697" lon="14.980324">
        <time>2025-08-30T07:53:11.000Z</time>
      </trkpt>
      <trkpt lat="49.018681" lon="14.980355">
        <time>2025-08-30T07:53:12.000Z</time>
      </trkpt>
      <trkpt lat="49.018651" lon="14.980377">
        <time>2025-08-30T07:53:13.000Z</time>
      </trkpt>
      <trkpt lat="49.018632" lon="14.980398">
        <time>2025-08-30T07:53:14.000Z</time>
      </trkpt>
      <trkpt lat="49.018611" lon="14.980424">
        <time>2025-08-30T07:53:15.000Z</time>
      </trkpt>
      <trkpt lat="49.018585" lon="14.98045">
        <time>2025-08-30T07:53:16.000Z</time>
      </trkpt>
      <trkpt lat="49.018563" lon="14.980479">
        <time>2025-08-30T07:53:17.000Z</time>
      </trkpt>
      <trkpt lat="49.01855" lon="14.980508">
        <time>2025-08-30T07:53:18.000Z</time>
      </trkpt>
      <trkpt lat="49.01853" lon="14.980545">
        <time>2025-08-30T07:53:19.000Z</time>
      </trkpt>
      <trkpt lat="49.018515" lon="14.980577">
        <time>2025-08-30T07:53:20.000Z</time>
      </trkpt>
      <trkpt lat="49.018504" lon="14.980603">
        <time>2025-08-30T07:53:21.000Z</time>
      </trkpt>
      <trkpt lat="49.018487" lon="14.980632">
        <time>2025-08-30T07:53:22.000Z</time>
      </trkpt>
      <trkpt lat="49.018468" lon="14.980669">
        <time>2025-08-30T07:53:23.000Z</time>
      </trkpt>
      <trkpt lat="49.018443" lon="14.980665">
        <time>2025-08-30T07:53:24.000Z</time>
      </trkpt>
      <trkpt lat="49.018423" lon="14.980672">
        <time>2025-08-30T07:53:25.000Z</time>
      </trkpt>
      <trkpt lat="49.018403" lon="14.980687">
        <time>2025-08-30T07:53:26.000Z</time>
      </trkpt>
      <trkpt lat="49.018381" lon="14.980713">
        <time>2025-08-30T07:53:27.000Z</time>
      </trkpt>
      <trkpt lat="49.018357" lon="14.980724">
        <time>2025-08-30T07:53:28.000Z</time>
      </trkpt>
      <trkpt lat="49.018336" lon="14.980741">
        <time>2025-08-30T07:53:29.000Z</time>
      </trkpt>
      <trkpt lat="49.018315" lon="14.980758">
        <time>2025-08-30T07:53:30.000Z</time>
      </trkpt>
      <trkpt lat="49.018289" lon="14.980762">
        <time>2025-08-30T07:53:31.000Z</time>
      </trkpt>
      <trkpt lat="49.018269" lon="14.980767">
        <time>2025-08-30T07:53:32.000Z</time>
      </trkpt>
      <trkpt lat="49.018238" lon="14.980767">
        <time>2025-08-30T07:53:33.000Z</time>
      </trkpt>
      <trkpt lat="49.018213" lon="14.980779">
        <time>2025-08-30T07:53:34.000Z</time>
      </trkpt>
      <trkpt lat="49.018191" lon="14.9808">
        <time>2025-08-30T07:53:35.000Z</time>
      </trkpt>
      <trkpt lat="49.018169" lon="14.980845">
        <time>2025-08-30T07:53:36.000Z</time>
      </trkpt>
      <trkpt lat="49.018146" lon="14.980875">
        <time>2025-08-30T07:53:37.000Z</time>
      </trkpt>
      <trkpt lat="49.018125" lon="14.980897">
        <time>2025-08-30T07:53:38.000Z</time>
      </trkpt>
      <trkpt lat="49.0181" lon="14.980924">
        <time>2025-08-30T07:53:39.000Z</time>
      </trkpt>
      <trkpt lat="49.018075" lon="14.980958">
        <time>2025-08-30T07:53:40.000Z</time>
      </trkpt>
      <trkpt lat="49.018051" lon="14.980982">
        <time>2025-08-30T07:53:41.000Z</time>
      </trkpt>
      <trkpt lat="49.01803" lon="14.98099">
        <time>2025-08-30T07:53:42.000Z</time>
      </trkpt>
      <trkpt lat="49.018007" lon="14.980994">
        <time>2025-08-30T07:53:43.000Z</time>
      </trkpt>
      <trkpt lat="49.018008" lon="14.98098">
        <time>2025-08-30T07:53:44.000Z</time>
      </trkpt>
      <trkpt lat="49.018011" lon="14.980974">
        <time>2025-08-30T07:53:45.000Z</time>
      </trkpt>
      <trkpt lat="49.01802" lon="14.980973">
        <time>2025-08-30T07:53:46.000Z</time>
      </trkpt>
      <trkpt lat="49.018025" lon="14.980975">
        <time>2025-08-30T07:53:47.000Z</time>
      </trkpt>
      <trkpt lat="49.018036" lon="14.980999">
        <time>2025-08-30T07:53:48.000Z</time>
      </trkpt>
      <trkpt lat="49.01804" lon="14.981022">
        <time>2025-08-30T07:53:49.000Z</time>
      </trkpt>
      <trkpt lat="49.018039" lon="14.981042">
        <time>2025-08-30T07:53:50.000Z</time>
      </trkpt>
      <trkpt lat="49.018033" lon="14.981067">
        <time>2025-08-30T07:53:51.000Z</time>
      </trkpt>
      <trkpt lat="49.018028" lon="14.981102">
        <time>2025-08-30T07:53:52.000Z</time>
      </trkpt>
      <trkpt lat="49.018035" lon="14.981131">
        <time>2025-08-30T07:53:53.000Z</time>
      </trkpt>
      <trkpt lat="49.018047" lon="14.981154">
        <time>2025-08-30T07:53:54.000Z</time>
      </trkpt>
      <trkpt lat="49.018049" lon="14.981187">
        <time>2025-08-30T07:53:55.000Z</time>
      </trkpt>
      <trkpt lat="49.018045" lon="14.981213">
        <time>2025-08-30T07:53:56.000Z</time>
      </trkpt>
      <trkpt lat="49.018043" lon="14.981242">
        <time>2025-08-30T07:53:57.000Z</time>
      </trkpt>
      <trkpt lat="49.018047" lon="14.981267">
        <time>2025-08-30T07:53:58.000Z</time>
      </trkpt>
      <trkpt lat="49.018056" lon="14.981288">
        <time>2025-08-30T07:53:59.000Z</time>
      </trkpt>
      <trkpt lat="49.018066" lon="14.981312">
        <time>2025-08-30T07:54:00.000Z</time>
      </trkpt>
      <trkpt lat="49.018074" lon="14.981341">
        <time>2025-08-30T07:54:01.000Z</time>
      </trkpt>
      <trkpt lat="49.018076" lon="14.981375">
        <time>2025-08-30T07:54:02.000Z</time>
      </trkpt>
      <trkpt lat="49.018077" lon="14.981417">
        <time>2025-08-30T07:54:03.000Z</time>
      </trkpt>
      <trkpt lat="49.018078" lon="14.981453">
        <time>2025-08-30T07:54:04.000Z</time>
      </trkpt>
      <trkpt lat="49.018083" lon="14.981486">
        <time>2025-08-30T07:54:05.000Z</time>
      </trkpt>
      <trkpt lat="49.018087" lon="14.981521">
        <time>2025-08-30T07:54:06.000Z</time>
      </trkpt>
      <trkpt lat="49.018093" lon="14.98155">
        <time>2025-08-30T07:54:07.000Z</time>
      </trkpt>
      <trkpt lat="49.0181" lon="14.981582">
        <time>2025-08-30T07:54:08.000Z</time>
      </trkpt>
      <trkpt lat="49.018103" lon="14.981609">
        <time>2025-08-30T07:54:09.000Z</time>
      </trkpt>
      <trkpt lat="49.018108" lon="14.981637">
        <time>2025-08-30T07:54:10.000Z</time>
      </trkpt>
      <trkpt lat="49.018107" lon="14.981667">
        <time>2025-08-30T07:54:11.000Z</time>
      </trkpt>
      <trkpt lat="49.018112" lon="14.981698">
        <time>2025-08-30T07:54:12.000Z</time>
      </trkpt>
      <trkpt lat="49.018121" lon="14.981726">
        <time>2025-08-30T07:54:13.000Z</time>
      </trkpt>
      <trkpt lat="49.018129" lon="14.98175">
        <time>2025-08-30T07:54:14.000Z</time>
      </trkpt>
      <trkpt lat="49.018134" lon="14.981785">
        <time>2025-08-30T07:54:15.000Z</time>
      </trkpt>
      <trkpt lat="49.018139" lon="14.98182">
        <time>2025-08-30T07:54:16.000Z</time>
      </trkpt>
      <trkpt lat="49.018153" lon="14.981854">
        <time>2025-08-30T07:54:17.000Z</time>
      </trkpt>
      <trkpt lat="49.018165" lon="14.981876">
        <time>2025-08-30T07:54:18.000Z</time>
      </trkpt>
      <trkpt lat="49.018179" lon="14.981902">
        <time>2025-08-30T07:54:19.000Z</time>
      </trkpt>
      <trkpt lat="49.018194" lon="14.981939">
        <time>2025-08-30T07:54:20.000Z</time>
      </trkpt>
      <trkpt lat="49.018197" lon="14.981977">
        <time>2025-08-30T07:54:21.000Z</time>
      </trkpt>
      <trkpt lat="49.0182" lon="14.982013">
        <time>2025-08-30T07:54:22.000Z</time>
      </trkpt>
      <trkpt lat="49.018206" lon="14.982046">
        <time>2025-08-30T07:54:23.000Z</time>
      </trkpt>
      <trkpt lat="49.018209" lon="14.982084">
        <time>2025-08-30T07:54:24.000Z</time>
      </trkpt>
      <trkpt lat="49.01821" lon="14.982128">
        <time>2025-08-30T07:54:25.000Z</time>
      </trkpt>
      <trkpt lat="49.018218" lon="14.982165">
        <time>2025-08-30T07:54:26.000Z</time>
      </trkpt>
      <trkpt lat="49.018219" lon="14.9822">
        <time>2025-08-30T07:54:27.000Z</time>
      </trkpt>
      <trkpt lat="49.018221" lon="14.982238">
        <time>2025-08-30T07:54:28.000Z</time>
      </trkpt>
      <trkpt lat="49.018207" lon="14.982273">
        <time>2025-08-30T07:54:29.000Z</time>
      </trkpt>
      <trkpt lat="49.018207" lon="14.982305">
        <time>2025-08-30T07:54:30.000Z</time>
      </trkpt>
      <trkpt lat="49.018203" lon="14.982333">
        <time>2025-08-30T07:54:31.000Z</time>
      </trkpt>
      <trkpt lat="49.018195" lon="14.982369">
        <time>2025-08-30T07:54:32.000Z</time>
      </trkpt>
      <trkpt lat="49.018177" lon="14.982418">
        <time>2025-08-30T07:54:33.000Z</time>
      </trkpt>
      <trkpt lat="49.018164" lon="14.982463">
        <time>2025-08-30T07:54:34.000Z</time>
      </trkpt>
      <trkpt lat="49.01816" lon="14.982498">
        <time>2025-08-30T07:54:35.000Z</time>
      </trkpt>
      <trkpt lat="49.018152" lon="14.982549">
        <time>2025-08-30T07:54:36.000Z</time>
      </trkpt>
      <trkpt lat="49.018141" lon="14.982596">
        <time>2025-08-30T07:54:37.000Z</time>
      </trkpt>
      <trkpt lat="49.018139" lon="14.982635">
        <time>2025-08-30T07:54:38.000Z</time>
      </trkpt>
      <trkpt lat="49.018141" lon="14.982674">
        <time>2025-08-30T07:54:39.000Z</time>
      </trkpt>
      <trkpt lat="49.018144" lon="14.982715">
        <time>2025-08-30T07:54:40.000Z</time>
      </trkpt>
      <trkpt lat="49.018142" lon="14.982754">
        <time>2025-08-30T07:54:41.000Z</time>
      </trkpt>
      <trkpt lat="49.018144" lon="14.982801">
        <time>2025-08-30T07:54:42.000Z</time>
      </trkpt>
      <trkpt lat="49.018145" lon="14.982845">
        <time>2025-08-30T07:54:43.000Z</time>
      </trkpt>
      <trkpt lat="49.018152" lon="14.98288">
        <time>2025-08-30T07:54:44.000Z</time>
      </trkpt>
      <trkpt lat="49.018154" lon="14.982919">
        <time>2025-08-30T07:54:45.000Z</time>
      </trkpt>
      <trkpt lat="49.018161" lon="14.982955">
        <time>2025-08-30T07:54:46.000Z</time>
      </trkpt>
      <trkpt lat="49.018172" lon="14.982987">
        <time>2025-08-30T07:54:47.000Z</time>
      </trkpt>
      <trkpt lat="49.018181" lon="14.983017">
        <time>2025-08-30T07:54:48.000Z</time>
      </trkpt>
      <trkpt lat="49.018189" lon="14.983058">
        <time>2025-08-30T07:54:49.000Z</time>
      </trkpt>
      <trkpt lat="49.018195" lon="14.983091">
        <time>2025-08-30T07:54:50.000Z</time>
      </trkpt>
      <trkpt lat="49.018201" lon="14.983118">
        <time>2025-08-30T07:54:51.000Z</time>
      </trkpt>
      <trkpt lat="49.018201" lon="14.983142">
        <time>2025-08-30T07:54:52.000Z</time>
      </trkpt>
      <trkpt lat="49.018201" lon="14.983162">
        <time>2025-08-30T07:54:53.000Z</time>
      </trkpt>
      <trkpt lat="49.018197" lon="14.983194">
        <time>2025-08-30T07:54:54.000Z</time>
      </trkpt>
      <trkpt lat="49.018196" lon="14.983236">
        <time>2025-08-30T07:54:55.000Z</time>
      </trkpt>
      <trkpt lat="49.018188" lon="14.983271">
        <time>2025-08-30T07:54:56.000Z</time>
      </trkpt>
      <trkpt lat="49.018182" lon="14.983304">
        <time>2025-08-30T07:54:57.000Z</time>
      </trkpt>
      <trkpt lat="49.018178" lon="14.983346">
        <time>2025-08-30T07:54:58.000Z</time>
      </trkpt>
      <trkpt lat="49.018179" lon="14.983373">
        <time>2025-08-30T07:54:59.000Z</time>
      </trkpt>
      <trkpt lat="49.018181" lon="14.983408">
        <time>2025-08-30T07:55:00.000Z</time>
      </trkpt>
      <trkpt lat="49.018192" lon="14.983463">
        <time>2025-08-30T07:55:01.000Z</time>
      </trkpt>
      <trkpt lat="49.018201" lon="14.983497">
        <time>2025-08-30T07:55:02.000Z</time>
      </trkpt>
      <trkpt lat="49.018222" lon="14.983522">
        <time>2025-08-30T07:55:03.000Z</time>
      </trkpt>
      <trkpt lat="49.018235" lon="14.983548">
        <time>2025-08-30T07:55:04.000Z</time>
      </trkpt>
      <trkpt lat="49.018267" lon="14.983557">
        <time>2025-08-30T07:55:05.000Z</time>
      </trkpt>
      <trkpt lat="49.018282" lon="14.9836">
        <time>2025-08-30T07:55:06.000Z</time>
      </trkpt>
      <trkpt lat="49.018284" lon="14.983635">
        <time>2025-08-30T07:55:07.000Z</time>
      </trkpt>
      <trkpt lat="49.018292" lon="14.983672">
        <time>2025-08-30T07:55:08.000Z</time>
      </trkpt>
      <trkpt lat="49.018297" lon="14.983704">
        <time>2025-08-30T07:55:09.000Z</time>
      </trkpt>
      <trkpt lat="49.0183" lon="14.983728">
        <time>2025-08-30T07:55:10.000Z</time>
      </trkpt>
      <trkpt lat="49.018306" lon="14.98376">
        <time>2025-08-30T07:55:11.000Z</time>
      </trkpt>
      <trkpt lat="49.018315" lon="14.983792">
        <time>2025-08-30T07:55:12.000Z</time>
      </trkpt>
      <trkpt lat="49.018316" lon="14.983826">
        <time>2025-08-30T07:55:13.000Z</time>
      </trkpt>
      <trkpt lat="49.018318" lon="14.983853">
        <time>2025-08-30T07:55:14.000Z</time>
      </trkpt>
      <trkpt lat="49.018311" lon="14.983897">
        <time>2025-08-30T07:55:15.000Z</time>
      </trkpt>
      <trkpt lat="49.0183" lon="14.983934">
        <time>2025-08-30T07:55:16.000Z</time>
      </trkpt>
      <trkpt lat="49.018293" lon="14.983972">
        <time>2025-08-30T07:55:17.000Z</time>
      </trkpt>
      <trkpt lat="49.018292" lon="14.984016">
        <time>2025-08-30T07:55:18.000Z</time>
      </trkpt>
      <trkpt lat="49.018299" lon="14.984064">
        <time>2025-08-30T07:55:19.000Z</time>
      </trkpt>
      <trkpt lat="49.01831" lon="14.984086">
        <time>2025-08-30T07:55:20.000Z</time>
      </trkpt>
      <trkpt lat="49.018326" lon="14.984122">
        <time>2025-08-30T07:55:21.000Z</time>
      </trkpt>
      <trkpt lat="49.018342" lon="14.98417">
        <time>2025-08-30T07:55:22.000Z</time>
      </trkpt>
      <trkpt lat="49.018356" lon="14.98421">
        <time>2025-08-30T07:55:23.000Z</time>
      </trkpt>
      <trkpt lat="49.018371" lon="14.98424">
        <time>2025-08-30T07:55:24.000Z</time>
      </trkpt>
      <trkpt lat="49.018382" lon="14.984276">
        <time>2025-08-30T07:55:25.000Z</time>
      </trkpt>
      <trkpt lat="49.018395" lon="14.984313">
        <time>2025-08-30T07:55:26.000Z</time>
      </trkpt>
      <trkpt lat="49.018412" lon="14.984355">
        <time>2025-08-30T07:55:27.000Z</time>
      </trkpt>
      <trkpt lat="49.018439" lon="14.984385">
        <time>2025-08-30T07:55:28.000Z</time>
      </trkpt>
      <trkpt lat="49.018459" lon="14.984409">
        <time>2025-08-30T07:55:29.000Z</time>
      </trkpt>
      <trkpt lat="49.018472" lon="14.984442">
        <time>2025-08-30T07:55:30.000Z</time>
      </trkpt>
      <trkpt lat="49.018482" lon="14.984486">
        <time>2025-08-30T07:55:31.000Z</time>
      </trkpt>
      <trkpt lat="49.018498" lon="14.984515">
        <time>2025-08-30T07:55:32.000Z</time>
      </trkpt>
      <trkpt lat="49.018514" lon="14.984549">
        <time>2025-08-30T07:55:33.000Z</time>
      </trkpt>
      <trkpt lat="49.018525" lon="14.984569">
        <time>2025-08-30T07:55:34.000Z</time>
      </trkpt>
      <trkpt lat="49.018525" lon="14.984598">
        <time>2025-08-30T07:55:35.000Z</time>
      </trkpt>
      <trkpt lat="49.018534" lon="14.9846">
        <time>2025-08-30T07:55:36.000Z</time>
      </trkpt>
      <trkpt lat="49.018549" lon="14.984611">
        <time>2025-08-30T07:55:37.000Z</time>
      </trkpt>
      <trkpt lat="49.018563" lon="14.984643">
        <time>2025-08-30T07:55:38.000Z</time>
      </trkpt>
      <trkpt lat="49.018571" lon="14.98468">
        <time>2025-08-30T07:55:39.000Z</time>
      </trkpt>
      <trkpt lat="49.018588" lon="14.984701">
        <time>2025-08-30T07:55:40.000Z</time>
      </trkpt>
      <trkpt lat="49.018608" lon="14.984717">
        <time>2025-08-30T07:55:41.000Z</time>
      </trkpt>
      <trkpt lat="49.018629" lon="14.984731">
        <time>2025-08-30T07:55:42.000Z</time>
      </trkpt>
      <trkpt lat="49.018654" lon="14.984765">
        <time>2025-08-30T07:55:43.000Z</time>
      </trkpt>
      <trkpt lat="49.018677" lon="14.984789">
        <time>2025-08-30T07:55:44.000Z</time>
      </trkpt>
      <trkpt lat="49.018701" lon="14.984809">
        <time>2025-08-30T07:55:45.000Z</time>
      </trkpt>
      <trkpt lat="49.018734" lon="14.984826">
        <time>2025-08-30T07:55:46.000Z</time>
      </trkpt>
      <trkpt lat="49.01876" lon="14.984848">
        <time>2025-08-30T07:55:47.000Z</time>
      </trkpt>
      <trkpt lat="49.01878" lon="14.984868">
        <time>2025-08-30T07:55:48.000Z</time>
      </trkpt>
      <trkpt lat="49.018798" lon="14.984881">
        <time>2025-08-30T07:55:49.000Z</time>
      </trkpt>
      <trkpt lat="49.018828" lon="14.984894">
        <time>2025-08-30T07:55:50.000Z</time>
      </trkpt>
      <trkpt lat="49.018855" lon="14.984931">
        <time>2025-08-30T07:55:51.000Z</time>
      </trkpt>
      <trkpt lat="49.018866" lon="14.984971">
        <time>2025-08-30T07:55:52.000Z</time>
      </trkpt>
      <trkpt lat="49.018876" lon="14.985006">
        <time>2025-08-30T07:55:53.000Z</time>
      </trkpt>
      <trkpt lat="49.01888" lon="14.985045">
        <time>2025-08-30T07:55:54.000Z</time>
      </trkpt>
      <trkpt lat="49.018873" lon="14.985086">
        <time>2025-08-30T07:55:55.000Z</time>
      </trkpt>
      <trkpt lat="49.018858" lon="14.985114">
        <time>2025-08-30T07:55:56.000Z</time>
      </trkpt>
      <trkpt lat="49.018849" lon="14.985145">
        <time>2025-08-30T07:55:57.000Z</time>
      </trkpt>
      <trkpt lat="49.018827" lon="14.985174">
        <time>2025-08-30T07:55:58.000Z</time>
      </trkpt>
      <trkpt lat="49.018807" lon="14.985212">
        <time>2025-08-30T07:55:59.000Z</time>
      </trkpt>
      <trkpt lat="49.018789" lon="14.985243">
        <time>2025-08-30T07:56:00.000Z</time>
      </trkpt>
      <trkpt lat="49.018766" lon="14.985279">
        <time>2025-08-30T07:56:01.000Z</time>
      </trkpt>
      <trkpt lat="49.018738" lon="14.985321">
        <time>2025-08-30T07:56:02.000Z</time>
      </trkpt>
      <trkpt lat="49.018728" lon="14.985365">
        <time>2025-08-30T07:56:03.000Z</time>
      </trkpt>
      <trkpt lat="49.018718" lon="14.98541">
        <time>2025-08-30T07:56:04.000Z</time>
      </trkpt>
      <trkpt lat="49.018693" lon="14.985459">
        <time>2025-08-30T07:56:05.000Z</time>
      </trkpt>
      <trkpt lat="49.018664" lon="14.985499">
        <time>2025-08-30T07:56:06.000Z</time>
      </trkpt>
      <trkpt lat="49.018638" lon="14.985533">
        <time>2025-08-30T07:56:07.000Z</time>
      </trkpt>
      <trkpt lat="49.018613" lon="14.985562">
        <time>2025-08-30T07:56:08.000Z</time>
      </trkpt>
      <trkpt lat="49.018591" lon="14.985605">
        <time>2025-08-30T07:56:09.000Z</time>
      </trkpt>
      <trkpt lat="49.018569" lon="14.985654">
        <time>2025-08-30T07:56:10.000Z</time>
      </trkpt>
      <trkpt lat="49.018553" lon="14.985699">
        <time>2025-08-30T07:56:11.000Z</time>
      </trkpt>
      <trkpt lat="49.018539" lon="14.985753">
        <time>2025-08-30T07:56:12.000Z</time>
      </trkpt>
      <trkpt lat="49.018524" lon="14.985807">
        <time>2025-08-30T07:56:13.000Z</time>
      </trkpt>
      <trkpt lat="49.018521" lon="14.985848">
        <time>2025-08-30T07:56:14.000Z</time>
      </trkpt>
      <trkpt lat="49.018527" lon="14.985895">
        <time>2025-08-30T07:56:15.000Z</time>
      </trkpt>
      <trkpt lat="49.018535" lon="14.985937">
        <time>2025-08-30T07:56:16.000Z</time>
      </trkpt>
      <trkpt lat="49.01855" lon="14.985966">
        <time>2025-08-30T07:56:17.000Z</time>
      </trkpt>
      <trkpt lat="49.01857" lon="14.985994">
        <time>2025-08-30T07:56:18.000Z</time>
      </trkpt>
      <trkpt lat="49.018586" lon="14.986016">
        <time>2025-08-30T07:56:19.000Z</time>
      </trkpt>
      <trkpt lat="49.018598" lon="14.986045">
        <time>2025-08-30T07:56:20.000Z</time>
      </trkpt>
      <trkpt lat="49.018602" lon="14.986076">
        <time>2025-08-30T07:56:21.000Z</time>
      </trkpt>
      <trkpt lat="49.018606" lon="14.986119">
        <time>2025-08-30T07:56:22.000Z</time>
      </trkpt>
      <trkpt lat="49.018608" lon="14.986159">
        <time>2025-08-30T07:56:23.000Z</time>
      </trkpt>
      <trkpt lat="49.018623" lon="14.9862">
        <time>2025-08-30T07:56:24.000Z</time>
      </trkpt>
      <trkpt lat="49.018636" lon="14.986247">
        <time>2025-08-30T07:56:25.000Z</time>
      </trkpt>
      <trkpt lat="49.018651" lon="14.986295">
        <time>2025-08-30T07:56:26.000Z</time>
      </trkpt>
      <trkpt lat="49.018669" lon="14.98634">
        <time>2025-08-30T07:56:27.000Z</time>
      </trkpt>
      <trkpt lat="49.018686" lon="14.986382">
        <time>2025-08-30T07:56:28.000Z</time>
      </trkpt>
      <trkpt lat="49.018703" lon="14.986425">
        <time>2025-08-30T07:56:29.000Z</time>
      </trkpt>
      <trkpt lat="49.018719" lon="14.986465">
        <time>2025-08-30T07:56:30.000Z</time>
      </trkpt>
      <trkpt lat="49.018738" lon="14.986505">
        <time>2025-08-30T07:56:31.000Z</time>
      </trkpt>
      <trkpt lat="49.01876" lon="14.986549">
        <time>2025-08-30T07:56:32.000Z</time>
      </trkpt>
      <trkpt lat="49.018782" lon="14.986585">
        <time>2025-08-30T07:56:33.000Z</time>
      </trkpt>
      <trkpt lat="49.018789" lon="14.986634">
        <time>2025-08-30T07:56:34.000Z</time>
      </trkpt>
      <trkpt lat="49.018799" lon="14.986698">
        <time>2025-08-30T07:56:35.000Z</time>
      </trkpt>
      <trkpt lat="49.018808" lon="14.986756">
        <time>2025-08-30T07:56:36.000Z</time>
      </trkpt>
      <trkpt lat="49.018822" lon="14.986802">
        <time>2025-08-30T07:56:37.000Z</time>
      </trkpt>
      <trkpt lat="49.018841" lon="14.986859">
        <time>2025-08-30T07:56:38.000Z</time>
      </trkpt>
      <trkpt lat="49.018858" lon="14.986906">
        <time>2025-08-30T07:56:39.000Z</time>
      </trkpt>
      <trkpt lat="49.018877" lon="14.986942">
        <time>2025-08-30T07:56:40.000Z</time>
      </trkpt>
      <trkpt lat="49.018892" lon="14.986978">
        <time>2025-08-30T07:56:41.000Z</time>
      </trkpt>
      <trkpt lat="49.018909" lon="14.987029">
        <time>2025-08-30T07:56:42.000Z</time>
      </trkpt>
      <trkpt lat="49.018918" lon="14.987061">
        <time>2025-08-30T07:56:43.000Z</time>
      </trkpt>
      <trkpt lat="49.018927" lon="14.987099">
        <time>2025-08-30T07:56:44.000Z</time>
      </trkpt>
      <trkpt lat="49.018931" lon="14.987135">
        <time>2025-08-30T07:56:45.000Z</time>
      </trkpt>
      <trkpt lat="49.018943" lon="14.987184">
        <time>2025-08-30T07:56:46.000Z</time>
      </trkpt>
      <trkpt lat="49.018956" lon="14.98722">
        <time>2025-08-30T07:56:47.000Z</time>
      </trkpt>
      <trkpt lat="49.018973" lon="14.987247">
        <time>2025-08-30T07:56:48.000Z</time>
      </trkpt>
      <trkpt lat="49.018987" lon="14.987288">
        <time>2025-08-30T07:56:49.000Z</time>
      </trkpt>
      <trkpt lat="49.018997" lon="14.987328">
        <time>2025-08-30T07:56:50.000Z</time>
      </trkpt>
      <trkpt lat="49.019011" lon="14.987351">
        <time>2025-08-30T07:56:51.000Z</time>
      </trkpt>
      <trkpt lat="49.019018" lon="14.987378">
        <time>2025-08-30T07:56:52.000Z</time>
      </trkpt>
      <trkpt lat="49.019022" lon="14.987414">
        <time>2025-08-30T07:56:53.000Z</time>
      </trkpt>
      <trkpt lat="49.019021" lon="14.987458">
        <time>2025-08-30T07:56:54.000Z</time>
      </trkpt>
      <trkpt lat="49.018996" lon="14.987493">
        <time>2025-08-30T07:56:55.000Z</time>
      </trkpt>
      <trkpt lat="49.018978" lon="14.987524">
        <time>2025-08-30T07:56:56.000Z</time>
      </trkpt>
      <trkpt lat="49.01897" lon="14.987559">
        <time>2025-08-30T07:56:57.000Z</time>
      </trkpt>
      <trkpt lat="49.018964" lon="14.987601">
        <time>2025-08-30T07:56:58.000Z</time>
      </trkpt>
      <trkpt lat="49.018977" lon="14.987636">
        <time>2025-08-30T07:56:59.000Z</time>
      </trkpt>
      <trkpt lat="49.018994" lon="14.987655">
        <time>2025-08-30T07:57:00.000Z</time>
      </trkpt>
      <trkpt lat="49.01901" lon="14.98767">
        <time>2025-08-30T07:57:01.000Z</time>
      </trkpt>
      <trkpt lat="49.01903" lon="14.987676">
        <time>2025-08-30T07:57:02.000Z</time>
      </trkpt>
      <trkpt lat="49.019046" lon="14.987669">
        <time>2025-08-30T07:57:03.000Z</time>
      </trkpt>
      <trkpt lat="49.019046" lon="14.987675">
        <time>2025-08-30T07:57:04.000Z</time>
      </trkpt>
      <trkpt lat="49.019046" lon="14.987686">
        <time>2025-08-30T07:57:05.000Z</time>
      </trkpt>
      <trkpt lat="49.019047" lon="14.987699">
        <time>2025-08-30T07:57:06.000Z</time>
      </trkpt>
      <trkpt lat="49.019049" lon="14.987729">
        <time>2025-08-30T07:57:07.000Z</time>
      </trkpt>
      <trkpt lat="49.019056" lon="14.987741">
        <time>2025-08-30T07:57:08.000Z</time>
      </trkpt>
      <trkpt lat="49.019062" lon="14.987753">
        <time>2025-08-30T07:57:09.000Z</time>
      </trkpt>
      <trkpt lat="49.019068" lon="14.987777">
        <time>2025-08-30T07:57:10.000Z</time>
      </trkpt>
      <trkpt lat="49.019078" lon="14.987812">
        <time>2025-08-30T07:57:11.000Z</time>
      </trkpt>
      <trkpt lat="49.019092" lon="14.987845">
        <time>2025-08-30T07:57:12.000Z</time>
      </trkpt>
      <trkpt lat="49.019105" lon="14.987874">
        <time>2025-08-30T07:57:13.000Z</time>
      </trkpt>
      <trkpt lat="49.019123" lon="14.9879">
        <time>2025-08-30T07:57:14.000Z</time>
      </trkpt>
      <trkpt lat="49.019138" lon="14.987935">
        <time>2025-08-30T07:57:15.000Z</time>
      </trkpt>
      <trkpt lat="49.019152" lon="14.987977">
        <time>2025-08-30T07:57:16.000Z</time>
      </trkpt>
      <trkpt lat="49.019163" lon="14.988021">
        <time>2025-08-30T07:57:17.000Z</time>
      </trkpt>
      <trkpt lat="49.019177" lon="14.988064">
        <time>2025-08-30T07:57:18.000Z</time>
      </trkpt>
      <trkpt lat="49.019201" lon="14.98811">
        <time>2025-08-30T07:57:19.000Z</time>
      </trkpt>
      <trkpt lat="49.019218" lon="14.988149">
        <time>2025-08-30T07:57:20.000Z</time>
      </trkpt>
      <trkpt lat="49.019231" lon="14.988177">
        <time>2025-08-30T07:57:21.000Z</time>
      </trkpt>
      <trkpt lat="49.019246" lon="14.98821">
        <time>2025-08-30T07:57:22.000Z</time>
      </trkpt>
      <trkpt lat="49.019256" lon="14.98825">
        <time>2025-08-30T07:57:23.000Z</time>
      </trkpt>
      <trkpt lat="49.019262" lon="14.9883">
        <time>2025-08-30T07:57:24.000Z</time>
      </trkpt>
      <trkpt lat="49.019259" lon="14.988345">
        <time>2025-08-30T07:57:25.000Z</time>
      </trkpt>
      <trkpt lat="49.019264" lon="14.988393">
        <time>2025-08-30T07:57:26.000Z</time>
      </trkpt>
      <trkpt lat="49.019272" lon="14.988433">
        <time>2025-08-30T07:57:27.000Z</time>
      </trkpt>
      <trkpt lat="49.019277" lon="14.988492">
        <time>2025-08-30T07:57:28.000Z</time>
      </trkpt>
      <trkpt lat="49.019286" lon="14.988538">
        <time>2025-08-30T07:57:29.000Z</time>
      </trkpt>
      <trkpt lat="49.019295" lon="14.988579">
        <time>2025-08-30T07:57:30.000Z</time>
      </trkpt>
      <trkpt lat="49.019302" lon="14.988618">
        <time>2025-08-30T07:57:31.000Z</time>
      </trkpt>
      <trkpt lat="49.019306" lon="14.98866">
        <time>2025-08-30T07:57:32.000Z</time>
      </trkpt>
      <trkpt lat="49.019314" lon="14.988693">
        <time>2025-08-30T07:57:33.000Z</time>
      </trkpt>
      <trkpt lat="49.019315" lon="14.988726">
        <time>2025-08-30T07:57:34.000Z</time>
      </trkpt>
      <trkpt lat="49.019316" lon="14.988755">
        <time>2025-08-30T07:57:35.000Z</time>
      </trkpt>
      <trkpt lat="49.019315" lon="14.988781">
        <time>2025-08-30T07:57:36.000Z</time>
      </trkpt>
      <trkpt lat="49.019322" lon="14.988798">
        <time>2025-08-30T07:57:37.000Z</time>
      </trkpt>
      <trkpt lat="49.019329" lon="14.988801">
        <time>2025-08-30T07:57:38.000Z</time>
      </trkpt>
      <trkpt lat="49.019336" lon="14.988807">
        <time>2025-08-30T07:57:39.000Z</time>
      </trkpt>
      <trkpt lat="49.019341" lon="14.9888">
        <time>2025-08-30T07:57:40.000Z</time>
      </trkpt>
      <trkpt lat="49.019349" lon="14.988796">
        <time>2025-08-30T07:57:41.000Z</time>
      </trkpt>
      <trkpt lat="49.019355" lon="14.9888">
        <time>2025-08-30T07:57:42.000Z</time>
      </trkpt>
      <trkpt lat="49.019366" lon="14.988811">
        <time>2025-08-30T07:57:43.000Z</time>
      </trkpt>
      <trkpt lat="49.019376" lon="14.98882">
        <time>2025-08-30T07:57:44.000Z</time>
      </trkpt>
      <trkpt lat="49.019385" lon="14.988831">
        <time>2025-08-30T07:57:45.000Z</time>
      </trkpt>
      <trkpt lat="49.019388" lon="14.988837">
        <time>2025-08-30T07:57:46.000Z</time>
      </trkpt>
      <trkpt lat="49.019387" lon="14.98884">
        <time>2025-08-30T07:57:47.000Z</time>
      </trkpt>
      <trkpt lat="49.019387" lon="14.988839">
        <time>2025-08-30T07:57:48.000Z</time>
      </trkpt>
      <trkpt lat="49.019383" lon="14.988851">
        <time>2025-08-30T07:57:49.000Z</time>
      </trkpt>
      <trkpt lat="49.019383" lon="14.98886">
        <time>2025-08-30T07:57:50.000Z</time>
      </trkpt>
      <trkpt lat="49.019374" lon="14.988862">
        <time>2025-08-30T07:57:51.000Z</time>
      </trkpt>
      <trkpt lat="49.019366" lon="14.988865">
        <time>2025-08-30T07:57:52.000Z</time>
      </trkpt>
      <trkpt lat="49.019352" lon="14.98888">
        <time>2025-08-30T07:57:53.000Z</time>
      </trkpt>
      <trkpt lat="49.019339" lon="14.988895">
        <time>2025-08-30T07:57:54.000Z</time>
      </trkpt>
      <trkpt lat="49.019328" lon="14.988916">
        <time>2025-08-30T07:57:55.000Z</time>
      </trkpt>
      <trkpt lat="49.019316" lon="14.988946">
        <time>2025-08-30T07:57:56.000Z</time>
      </trkpt>
      <trkpt lat="49.019304" lon="14.988981">
        <time>2025-08-30T07:57:57.000Z</time>
      </trkpt>
      <trkpt lat="49.01929" lon="14.989024">
        <time>2025-08-30T07:57:58.000Z</time>
      </trkpt>
      <trkpt lat="49.019277" lon="14.989071">
        <time>2025-08-30T07:57:59.000Z</time>
      </trkpt>
      <trkpt lat="49.019264" lon="14.989119">
        <time>2025-08-30T07:58:00.000Z</time>
      </trkpt>
      <trkpt lat="49.019249" lon="14.989169">
        <time>2025-08-30T07:58:01.000Z</time>
      </trkpt>
      <trkpt lat="49.01923" lon="14.989217">
        <time>2025-08-30T07:58:02.000Z</time>
      </trkpt>
      <trkpt lat="49.019211" lon="14.989256">
        <time>2025-08-30T07:58:03.000Z</time>
      </trkpt>
      <trkpt lat="49.019195" lon="14.9893">
        <time>2025-08-30T07:58:04.000Z</time>
      </trkpt>
      <trkpt lat="49.019187" lon="14.989355">
        <time>2025-08-30T07:58:05.000Z</time>
      </trkpt>
      <trkpt lat="49.019176" lon="14.989406">
        <time>2025-08-30T07:58:06.000Z</time>
      </trkpt>
      <trkpt lat="49.019161" lon="14.989456">
        <time>2025-08-30T07:58:07.000Z</time>
      </trkpt>
      <trkpt lat="49.019152" lon="14.989493">
        <time>2025-08-30T07:58:08.000Z</time>
      </trkpt>
      <trkpt lat="49.019147" lon="14.989533">
        <time>2025-08-30T07:58:09.000Z</time>
      </trkpt>
      <trkpt lat="49.019133" lon="14.989553">
        <time>2025-08-30T07:58:10.000Z</time>
      </trkpt>
      <trkpt lat="49.019115" lon="14.989575">
        <time>2025-08-30T07:58:11.000Z</time>
      </trkpt>
      <trkpt lat="49.019098" lon="14.989598">
        <time>2025-08-30T07:58:12.000Z</time>
      </trkpt>
      <trkpt lat="49.019075" lon="14.989627">
        <time>2025-08-30T07:58:13.000Z</time>
      </trkpt>
      <trkpt lat="49.019061" lon="14.989659">
        <time>2025-08-30T07:58:14.000Z</time>
      </trkpt>
      <trkpt lat="49.019054" lon="14.989681">
        <time>2025-08-30T07:58:15.000Z</time>
      </trkpt>
      <trkpt lat="49.019049" lon="14.989691">
        <time>2025-08-30T07:58:16.000Z</time>
      </trkpt>
      <trkpt lat="49.019044" lon="14.989696">
        <time>2025-08-30T07:58:17.000Z</time>
      </trkpt>
      <trkpt lat="49.019056" lon="14.989685">
        <time>2025-08-30T07:58:18.000Z</time>
      </trkpt>
      <trkpt lat="49.019077" lon="14.989682">
        <time>2025-08-30T07:58:19.000Z</time>
      </trkpt>
      <trkpt lat="49.019104" lon="14.989688">
        <time>2025-08-30T07:58:20.000Z</time>
      </trkpt>
      <trkpt lat="49.019125" lon="14.989689">
        <time>2025-08-30T07:58:21.000Z</time>
      </trkpt>
      <trkpt lat="49.019153" lon="14.989702">
        <time>2025-08-30T07:58:22.000Z</time>
      </trkpt>
      <trkpt lat="49.019182" lon="14.989726">
        <time>2025-08-30T07:58:23.000Z</time>
      </trkpt>
      <trkpt lat="49.019206" lon="14.989732">
        <time>2025-08-30T07:58:24.000Z</time>
      </trkpt>
      <trkpt lat="49.019231" lon="14.989741">
        <time>2025-08-30T07:58:25.000Z</time>
      </trkpt>
      <trkpt lat="49.019261" lon="14.989765">
        <time>2025-08-30T07:58:26.000Z</time>
      </trkpt>
      <trkpt lat="49.019288" lon="14.989784">
        <time>2025-08-30T07:58:27.000Z</time>
      </trkpt>
      <trkpt lat="49.019313" lon="14.989803">
        <time>2025-08-30T07:58:28.000Z</time>
      </trkpt>
      <trkpt lat="49.019339" lon="14.989823">
        <time>2025-08-30T07:58:29.000Z</time>
      </trkpt>
      <trkpt lat="49.019372" lon="14.989849">
        <time>2025-08-30T07:58:30.000Z</time>
      </trkpt>
      <trkpt lat="49.019399" lon="14.989874">
        <time>2025-08-30T07:58:31.000Z</time>
      </trkpt>
      <trkpt lat="49.019423" lon="14.989897">
        <time>2025-08-30T07:58:32.000Z</time>
      </trkpt>
      <trkpt lat="49.019451" lon="14.98993">
        <time>2025-08-30T07:58:33.000Z</time>
      </trkpt>
      <trkpt lat="49.019473" lon="14.989985">
        <time>2025-08-30T07:58:34.000Z</time>
      </trkpt>
      <trkpt lat="49.019491" lon="14.990023">
        <time>2025-08-30T07:58:35.000Z</time>
      </trkpt>
      <trkpt lat="49.019502" lon="14.990053">
        <time>2025-08-30T07:58:36.000Z</time>
      </trkpt>
      <trkpt lat="49.019498" lon="14.990096">
        <time>2025-08-30T07:58:37.000Z</time>
      </trkpt>
      <trkpt lat="49.019477" lon="14.990111">
        <time>2025-08-30T07:58:38.000Z</time>
      </trkpt>
      <trkpt lat="49.019464" lon="14.99014">
        <time>2025-08-30T07:58:39.000Z</time>
      </trkpt>
      <trkpt lat="49.019458" lon="14.990173">
        <time>2025-08-30T07:58:40.000Z</time>
      </trkpt>
      <trkpt lat="49.019457" lon="14.990204">
        <time>2025-08-30T07:58:41.000Z</time>
      </trkpt>
      <trkpt lat="49.019464" lon="14.990241">
        <time>2025-08-30T07:58:42.000Z</time>
      </trkpt>
      <trkpt lat="49.019471" lon="14.990292">
        <time>2025-08-30T07:58:43.000Z</time>
      </trkpt>
      <trkpt lat="49.019479" lon="14.990323">
        <time>2025-08-30T07:58:44.000Z</time>
      </trkpt>
      <trkpt lat="49.019485" lon="14.990366">
        <time>2025-08-30T07:58:45.000Z</time>
      </trkpt>
      <trkpt lat="49.019479" lon="14.990406">
        <time>2025-08-30T07:58:46.000Z</time>
      </trkpt>
      <trkpt lat="49.019483" lon="14.99043">
        <time>2025-08-30T07:58:47.000Z</time>
      </trkpt>
      <trkpt lat="49.019494" lon="14.990466">
        <time>2025-08-30T07:58:48.000Z</time>
      </trkpt>
      <trkpt lat="49.019494" lon="14.990506">
        <time>2025-08-30T07:58:49.000Z</time>
      </trkpt>
      <trkpt lat="49.019493" lon="14.99055">
        <time>2025-08-30T07:58:50.000Z</time>
      </trkpt>
      <trkpt lat="49.019491" lon="14.990586">
        <time>2025-08-30T07:58:51.000Z</time>
      </trkpt>
      <trkpt lat="49.019494" lon="14.990635">
        <time>2025-08-30T07:58:52.000Z</time>
      </trkpt>
      <trkpt lat="49.019505" lon="14.990664">
        <time>2025-08-30T07:58:53.000Z</time>
      </trkpt>
      <trkpt lat="49.01952" lon="14.990696">
        <time>2025-08-30T07:58:54.000Z</time>
      </trkpt>
      <trkpt lat="49.019532" lon="14.990716">
        <time>2025-08-30T07:58:55.000Z</time>
      </trkpt>
      <trkpt lat="49.019539" lon="14.990739">
        <time>2025-08-30T07:58:56.000Z</time>
      </trkpt>
      <trkpt lat="49.01954" lon="14.990773">
        <time>2025-08-30T07:58:57.000Z</time>
      </trkpt>
      <trkpt lat="49.019535" lon="14.990807">
        <time>2025-08-30T07:58:58.000Z</time>
      </trkpt>
      <trkpt lat="49.019535" lon="14.990835">
        <time>2025-08-30T07:58:59.000Z</time>
      </trkpt>
      <trkpt lat="49.019534" lon="14.99088">
        <time>2025-08-30T07:59:00.000Z</time>
      </trkpt>
      <trkpt lat="49.019538" lon="14.990901">
        <time>2025-08-30T07:59:01.000Z</time>
      </trkpt>
      <trkpt lat="49.019538" lon="14.990946">
        <time>2025-08-30T07:59:02.000Z</time>
      </trkpt>
      <trkpt lat="49.01954" lon="14.990983">
        <time>2025-08-30T07:59:03.000Z</time>
      </trkpt>
      <trkpt lat="49.019545" lon="14.991027">
        <time>2025-08-30T07:59:04.000Z</time>
      </trkpt>
      <trkpt lat="49.01955" lon="14.991074">
        <time>2025-08-30T07:59:05.000Z</time>
      </trkpt>
      <trkpt lat="49.019561" lon="14.991111">
        <time>2025-08-30T07:59:06.000Z</time>
      </trkpt>
      <trkpt lat="49.019585" lon="14.991142">
        <time>2025-08-30T07:59:07.000Z</time>
      </trkpt>
      <trkpt lat="49.019596" lon="14.991173">
        <time>2025-08-30T07:59:08.000Z</time>
      </trkpt>
      <trkpt lat="49.01961" lon="14.991204">
        <time>2025-08-30T07:59:09.000Z</time>
      </trkpt>
      <trkpt lat="49.019636" lon="14.991247">
        <time>2025-08-30T07:59:10.000Z</time>
      </trkpt>
      <trkpt lat="49.019654" lon="14.991294">
        <time>2025-08-30T07:59:11.000Z</time>
      </trkpt>
      <trkpt lat="49.019674" lon="14.991341">
        <time>2025-08-30T07:59:12.000Z</time>
      </trkpt>
      <trkpt lat="49.019694" lon="14.991398">
        <time>2025-08-30T07:59:13.000Z</time>
      </trkpt>
      <trkpt lat="49.019706" lon="14.991463">
        <time>2025-08-30T07:59:14.000Z</time>
      </trkpt>
      <trkpt lat="49.019725" lon="14.991548">
        <time>2025-08-30T07:59:15.000Z</time>
      </trkpt>
      <trkpt lat="49.019733" lon="14.991618">
        <time>2025-08-30T07:59:16.000Z</time>
      </trkpt>
      <trkpt lat="49.019737" lon="14.99168">
        <time>2025-08-30T07:59:17.000Z</time>
      </trkpt>
      <trkpt lat="49.019745" lon="14.991745">
        <time>2025-08-30T07:59:18.000Z</time>
      </trkpt>
      <trkpt lat="49.019749" lon="14.991793">
        <time>2025-08-30T07:59:19.000Z</time>
      </trkpt>
      <trkpt lat="49.019753" lon="14.991828">
        <time>2025-08-30T07:59:20.000Z</time>
      </trkpt>
      <trkpt lat="49.019743" lon="14.991888">
        <time>2025-08-30T07:59:21.000Z</time>
      </trkpt>
      <trkpt lat="49.019754" lon="14.991935">
        <time>2025-08-30T07:59:22.000Z</time>
      </trkpt>
      <trkpt lat="49.019769" lon="14.991986">
        <time>2025-08-30T07:59:23.000Z</time>
      </trkpt>
      <trkpt lat="49.0198" lon="14.99202">
        <time>2025-08-30T07:59:24.000Z</time>
      </trkpt>
      <trkpt lat="49.019828" lon="14.992059">
        <time>2025-08-30T07:59:25.000Z</time>
      </trkpt>
      <trkpt lat="49.019856" lon="14.9921">
        <time>2025-08-30T07:59:26.000Z</time>
      </trkpt>
      <trkpt lat="49.01988" lon="14.992128">
        <time>2025-08-30T07:59:27.000Z</time>
      </trkpt>
      <trkpt lat="49.019907" lon="14.992169">
        <time>2025-08-30T07:59:28.000Z</time>
      </trkpt>
      <trkpt lat="49.019931" lon="14.992198">
        <time>2025-08-30T07:59:29.000Z</time>
      </trkpt>
      <trkpt lat="49.019962" lon="14.992242">
        <time>2025-08-30T07:59:30.000Z</time>
      </trkpt>
      <trkpt lat="49.019989" lon="14.992276">
        <time>2025-08-30T07:59:31.000Z</time>
      </trkpt>
      <trkpt lat="49.020018" lon="14.992314">
        <time>2025-08-30T07:59:32.000Z</time>
      </trkpt>
      <trkpt lat="49.020047" lon="14.992348">
        <time>2025-08-30T07:59:33.000Z</time>
      </trkpt>
      <trkpt lat="49.020075" lon="14.992383">
        <time>2025-08-30T07:59:34.000Z</time>
      </trkpt>
      <trkpt lat="49.020105" lon="14.992421">
        <time>2025-08-30T07:59:35.000Z</time>
      </trkpt>
      <trkpt lat="49.020135" lon="14.99245">
        <time>2025-08-30T07:59:36.000Z</time>
      </trkpt>
      <trkpt lat="49.020164" lon="14.992489">
        <time>2025-08-30T07:59:37.000Z</time>
      </trkpt>
      <trkpt lat="49.020191" lon="14.992517">
        <time>2025-08-30T07:59:38.000Z</time>
      </trkpt>
      <trkpt lat="49.020229" lon="14.992562">
        <time>2025-08-30T07:59:39.000Z</time>
      </trkpt>
      <trkpt lat="49.020257" lon="14.992596">
        <time>2025-08-30T07:59:40.000Z</time>
      </trkpt>
      <trkpt lat="49.020288" lon="14.992631">
        <time>2025-08-30T07:59:41.000Z</time>
      </trkpt>
      <trkpt lat="49.020318" lon="14.992665">
        <time>2025-08-30T07:59:42.000Z</time>
      </trkpt>
      <trkpt lat="49.020346" lon="14.992697">
        <time>2025-08-30T07:59:43.000Z</time>
      </trkpt>
      <trkpt lat="49.020369" lon="14.992733">
        <time>2025-08-30T07:59:44.000Z</time>
      </trkpt>
      <trkpt lat="49.020397" lon="14.992763">
        <time>2025-08-30T07:59:45.000Z</time>
      </trkpt>
      <trkpt lat="49.020426" lon="14.992796">
        <time>2025-08-30T07:59:46.000Z</time>
      </trkpt>
      <trkpt lat="49.020453" lon="14.992829">
        <time>2025-08-30T07:59:47.000Z</time>
      </trkpt>
      <trkpt lat="49.020484" lon="14.992861">
        <time>2025-08-30T07:59:48.000Z</time>
      </trkpt>
      <trkpt lat="49.020512" lon="14.992894">
        <time>2025-08-30T07:59:49.000Z</time>
      </trkpt>
      <trkpt lat="49.020532" lon="14.992923">
        <time>2025-08-30T07:59:50.000Z</time>
      </trkpt>
      <trkpt lat="49.020554" lon="14.992971">
        <time>2025-08-30T07:59:51.000Z</time>
      </trkpt>
      <trkpt lat="49.020563" lon="14.993022">
        <time>2025-08-30T07:59:52.000Z</time>
      </trkpt>
      <trkpt lat="49.020562" lon="14.993081">
        <time>2025-08-30T07:59:53.000Z</time>
      </trkpt>
      <trkpt lat="49.020555" lon="14.993128">
        <time>2025-08-30T07:59:54.000Z</time>
      </trkpt>
      <trkpt lat="49.020551" lon="14.993176">
        <time>2025-08-30T07:59:55.000Z</time>
      </trkpt>
      <trkpt lat="49.020549" lon="14.993232">
        <time>2025-08-30T07:59:56.000Z</time>
      </trkpt>
      <trkpt lat="49.020547" lon="14.993289">
        <time>2025-08-30T07:59:57.000Z</time>
      </trkpt>
      <trkpt lat="49.020552" lon="14.993338">
        <time>2025-08-30T07:59:58.000Z</time>
      </trkpt>
      <trkpt lat="49.020554" lon="14.993383">
        <time>2025-08-30T07:59:59.000Z</time>
      </trkpt>
      <trkpt lat="49.020555" lon="14.993445">
        <time>2025-08-30T08:00:00.000Z</time>
      </trkpt>
      <trkpt lat="49.020563" lon="14.993492">
        <time>2025-08-30T08:00:01.000Z</time>
      </trkpt>
      <trkpt lat="49.020571" lon="14.993553">
        <time>2025-08-30T08:00:02.000Z</time>
      </trkpt>
      <trkpt lat="49.020583" lon="14.993622">
        <time>2025-08-30T08:00:03.000Z</time>
      </trkpt>
      <trkpt lat="49.020602" lon="14.993675">
        <time>2025-08-30T08:00:04.000Z</time>
      </trkpt>
      <trkpt lat="49.020623" lon="14.993744">
        <time>2025-08-30T08:00:05.000Z</time>
      </trkpt>
      <trkpt lat="49.020631" lon="14.993813">
        <time>2025-08-30T08:00:06.000Z</time>
      </trkpt>
      <trkpt lat="49.020646" lon="14.993866">
        <time>2025-08-30T08:00:07.000Z</time>
      </trkpt>
      <trkpt lat="49.020673" lon="14.993928">
        <time>2025-08-30T08:00:08.000Z</time>
      </trkpt>
      <trkpt lat="49.020682" lon="14.993992">
        <time>2025-08-30T08:00:09.000Z</time>
      </trkpt>
      <trkpt lat="49.020699" lon="14.994039">
        <time>2025-08-30T08:00:10.000Z</time>
      </trkpt>
      <trkpt lat="49.020722" lon="14.994089">
        <time>2025-08-30T08:00:11.000Z</time>
      </trkpt>
      <trkpt lat="49.02074" lon="14.994136">
        <time>2025-08-30T08:00:12.000Z</time>
      </trkpt>
      <trkpt lat="49.020759" lon="14.994174">
        <time>2025-08-30T08:00:13.000Z</time>
      </trkpt>
      <trkpt lat="49.020776" lon="14.994227">
        <time>2025-08-30T08:00:14.000Z</time>
      </trkpt>
      <trkpt lat="49.020794" lon="14.994269">
        <time>2025-08-30T08:00:15.000Z</time>
      </trkpt>
      <trkpt lat="49.020811" lon="14.994317">
        <time>2025-08-30T08:00:16.000Z</time>
      </trkpt>
      <trkpt lat="49.020826" lon="14.994364">
        <time>2025-08-30T08:00:17.000Z</time>
      </trkpt>
      <trkpt lat="49.020838" lon="14.994407">
        <time>2025-08-30T08:00:18.000Z</time>
      </trkpt>
      <trkpt lat="49.020851" lon="14.994443">
        <time>2025-08-30T08:00:19.000Z</time>
      </trkpt>
      <trkpt lat="49.020862" lon="14.994488">
        <time>2025-08-30T08:00:20.000Z</time>
      </trkpt>
      <trkpt lat="49.020876" lon="14.994505">
        <time>2025-08-30T08:00:21.000Z</time>
      </trkpt>
      <trkpt lat="49.02089" lon="14.994534">
        <time>2025-08-30T08:00:22.000Z</time>
      </trkpt>
      <trkpt lat="49.020892" lon="14.994574">
        <time>2025-08-30T08:00:23.000Z</time>
      </trkpt>
      <trkpt lat="49.020896" lon="14.994611">
        <time>2025-08-30T08:00:24.000Z</time>
      </trkpt>
      <trkpt lat="49.020907" lon="14.994643">
        <time>2025-08-30T08:00:25.000Z</time>
      </trkpt>
      <trkpt lat="49.020916" lon="14.994681">
        <time>2025-08-30T08:00:26.000Z</time>
      </trkpt>
      <trkpt lat="49.020927" lon="14.994724">
        <time>2025-08-30T08:00:27.000Z</time>
      </trkpt>
      <trkpt lat="49.020935" lon="14.99476">
        <time>2025-08-30T08:00:28.000Z</time>
      </trkpt>
      <trkpt lat="49.020947" lon="14.99479">
        <time>2025-08-30T08:00:29.000Z</time>
      </trkpt>
      <trkpt lat="49.020967" lon="14.994817">
        <time>2025-08-30T08:00:30.000Z</time>
      </trkpt>
      <trkpt lat="49.020976" lon="14.99485">
        <time>2025-08-30T08:00:31.000Z</time>
      </trkpt>
      <trkpt lat="49.020986" lon="14.994885">
        <time>2025-08-30T08:00:32.000Z</time>
      </trkpt>
      <trkpt lat="49.021001" lon="14.994927">
        <time>2025-08-30T08:00:33.000Z</time>
      </trkpt>
      <trkpt lat="49.021013" lon="14.994962">
        <time>2025-08-30T08:00:34.000Z</time>
      </trkpt>
      <trkpt lat="49.021026" lon="14.995005">
        <time>2025-08-30T08:00:35.000Z</time>
      </trkpt>
      <trkpt lat="49.02104" lon="14.995041">
        <time>2025-08-30T08:00:36.000Z</time>
      </trkpt>
      <trkpt lat="49.021055" lon="14.995069">
        <time>2025-08-30T08:00:37.000Z</time>
      </trkpt>
      <trkpt lat="49.021066" lon="14.995112">
        <time>2025-08-30T08:00:38.000Z</time>
      </trkpt>
      <trkpt lat="49.021076" lon="14.995151">
        <time>2025-08-30T08:00:39.000Z</time>
      </trkpt>
      <trkpt lat="49.021093" lon="14.995191">
        <time>2025-08-30T08:00:40.000Z</time>
      </trkpt>
      <trkpt lat="49.021105" lon="14.995236">
        <time>2025-08-30T08:00:41.000Z</time>
      </trkpt>
      <trkpt lat="49.021118" lon="14.995288">
        <time>2025-08-30T08:00:42.000Z</time>
      </trkpt>
      <trkpt lat="49.021125" lon="14.995341">
        <time>2025-08-30T08:00:43.000Z</time>
      </trkpt>
      <trkpt lat="49.021136" lon="14.995399">
        <time>2025-08-30T08:00:44.000Z</time>
      </trkpt>
      <trkpt lat="49.021153" lon="14.995443">
        <time>2025-08-30T08:00:45.000Z</time>
      </trkpt>
      <trkpt lat="49.021169" lon="14.99548">
        <time>2025-08-30T08:00:46.000Z</time>
      </trkpt>
      <trkpt lat="49.021186" lon="14.995519">
        <time>2025-08-30T08:00:47.000Z</time>
      </trkpt>
      <trkpt lat="49.021198" lon="14.995562">
        <time>2025-08-30T08:00:48.000Z</time>
      </trkpt>
      <trkpt lat="49.021213" lon="14.995618">
        <time>2025-08-30T08:00:49.000Z</time>
      </trkpt>
      <trkpt lat="49.021228" lon="14.995655">
        <time>2025-08-30T08:00:50.000Z</time>
      </trkpt>
      <trkpt lat="49.02124" lon="14.995677">
        <time>2025-08-30T08:00:51.000Z</time>
      </trkpt>
      <trkpt lat="49.021266" lon="14.995715">
        <time>2025-08-30T08:00:52.000Z</time>
      </trkpt>
      <trkpt lat="49.021279" lon="14.995747">
        <time>2025-08-30T08:00:53.000Z</time>
      </trkpt>
      <trkpt lat="49.021294" lon="14.995783">
        <time>2025-08-30T08:00:54.000Z</time>
      </trkpt>
      <trkpt lat="49.02131" lon="14.995818">
        <time>2025-08-30T08:00:55.000Z</time>
      </trkpt>
      <trkpt lat="49.021323" lon="14.995859">
        <time>2025-08-30T08:00:56.000Z</time>
      </trkpt>
      <trkpt lat="49.021339" lon="14.995889">
        <time>2025-08-30T08:00:57.000Z</time>
      </trkpt>
      <trkpt lat="49.021362" lon="14.995907">
        <time>2025-08-30T08:00:58.000Z</time>
      </trkpt>
      <trkpt lat="49.021374" lon="14.995945">
        <time>2025-08-30T08:00:59.000Z</time>
      </trkpt>
      <trkpt lat="49.021386" lon="14.995984">
        <time>2025-08-30T08:01:00.000Z</time>
      </trkpt>
      <trkpt lat="49.021395" lon="14.996027">
        <time>2025-08-30T08:01:01.000Z</time>
      </trkpt>
      <trkpt lat="49.021404" lon="14.996058">
        <time>2025-08-30T08:01:02.000Z</time>
      </trkpt>
      <trkpt lat="49.021412" lon="14.99609">
        <time>2025-08-30T08:01:03.000Z</time>
      </trkpt>
      <trkpt lat="49.02142" lon="14.996129">
        <time>2025-08-30T08:01:04.000Z</time>
      </trkpt>
      <trkpt lat="49.021427" lon="14.996163">
        <time>2025-08-30T08:01:05.000Z</time>
      </trkpt>
      <trkpt lat="49.021433" lon="14.996189">
        <time>2025-08-30T08:01:06.000Z</time>
      </trkpt>
      <trkpt lat="49.021437" lon="14.996211">
        <time>2025-08-30T08:01:07.000Z</time>
      </trkpt>
      <trkpt lat="49.021434" lon="14.996244">
        <time>2025-08-30T08:01:08.000Z</time>
      </trkpt>
      <trkpt lat="49.021432" lon="14.996279">
        <time>2025-08-30T08:01:09.000Z</time>
      </trkpt>
      <trkpt lat="49.021428" lon="14.996316">
        <time>2025-08-30T08:01:10.000Z</time>
      </trkpt>
      <trkpt lat="49.021429" lon="14.996348">
        <time>2025-08-30T08:01:11.000Z</time>
      </trkpt>
      <trkpt lat="49.021425" lon="14.996402">
        <time>2025-08-30T08:01:12.000Z</time>
      </trkpt>
      <trkpt lat="49.021419" lon="14.996449">
        <time>2025-08-30T08:01:13.000Z</time>
      </trkpt>
      <trkpt lat="49.02142" lon="14.996493">
        <time>2025-08-30T08:01:14.000Z</time>
      </trkpt>
      <trkpt lat="49.021417" lon="14.996542">
        <time>2025-08-30T08:01:15.000Z</time>
      </trkpt>
      <trkpt lat="49.021408" lon="14.996587">
        <time>2025-08-30T08:01:16.000Z</time>
      </trkpt>
      <trkpt lat="49.021401" lon="14.996636">
        <time>2025-08-30T08:01:17.000Z</time>
      </trkpt>
      <trkpt lat="49.021398" lon="14.996683">
        <time>2025-08-30T08:01:18.000Z</time>
      </trkpt>
      <trkpt lat="49.021395" lon="14.996731">
        <time>2025-08-30T08:01:19.000Z</time>
      </trkpt>
      <trkpt lat="49.021392" lon="14.996785">
        <time>2025-08-30T08:01:20.000Z</time>
      </trkpt>
      <trkpt lat="49.021394" lon="14.996826">
        <time>2025-08-30T08:01:21.000Z</time>
      </trkpt>
      <trkpt lat="49.021399" lon="14.996871">
        <time>2025-08-30T08:01:22.000Z</time>
      </trkpt>
      <trkpt lat="49.021403" lon="14.99693">
        <time>2025-08-30T08:01:23.000Z</time>
      </trkpt>
      <trkpt lat="49.02141" lon="14.996987">
        <time>2025-08-30T08:01:24.000Z</time>
      </trkpt>
      <trkpt lat="49.02141" lon="14.997027">
        <time>2025-08-30T08:01:25.000Z</time>
      </trkpt>
      <trkpt lat="49.021411" lon="14.99708">
        <time>2025-08-30T08:01:26.000Z</time>
      </trkpt>
      <trkpt lat="49.021408" lon="14.997139">
        <time>2025-08-30T08:01:27.000Z</time>
      </trkpt>
      <trkpt lat="49.021417" lon="14.997184">
        <time>2025-08-30T08:01:28.000Z</time>
      </trkpt>
      <trkpt lat="49.021428" lon="14.997234">
        <time>2025-08-30T08:01:29.000Z</time>
      </trkpt>
      <trkpt lat="49.021431" lon="14.9973">
        <time>2025-08-30T08:01:30.000Z</time>
      </trkpt>
      <trkpt lat="49.021435" lon="14.997343">
        <time>2025-08-30T08:01:31.000Z</time>
      </trkpt>
      <trkpt lat="49.021438" lon="14.997385">
        <time>2025-08-30T08:01:32.000Z</time>
      </trkpt>
      <trkpt lat="49.021438" lon="14.997429">
        <time>2025-08-30T08:01:33.000Z</time>
      </trkpt>
      <trkpt lat="49.021432" lon="14.997477">
        <time>2025-08-30T08:01:34.000Z</time>
      </trkpt>
      <trkpt lat="49.021428" lon="14.997526">
        <time>2025-08-30T08:01:35.000Z</time>
      </trkpt>
      <trkpt lat="49.02143" lon="14.997567">
        <time>2025-08-30T08:01:36.000Z</time>
      </trkpt>
      <trkpt lat="49.021433" lon="14.997623">
        <time>2025-08-30T08:01:37.000Z</time>
      </trkpt>
      <trkpt lat="49.021432" lon="14.997683">
        <time>2025-08-30T08:01:38.000Z</time>
      </trkpt>
      <trkpt lat="49.021429" lon="14.997726">
        <time>2025-08-30T08:01:39.000Z</time>
      </trkpt>
      <trkpt lat="49.021431" lon="14.997763">
        <time>2025-08-30T08:01:40.000Z</time>
      </trkpt>
      <trkpt lat="49.021436" lon="14.997798">
        <time>2025-08-30T08:01:41.000Z</time>
      </trkpt>
      <trkpt lat="49.021434" lon="14.99784">
        <time>2025-08-30T08:01:42.000Z</time>
      </trkpt>
      <trkpt lat="49.021427" lon="14.997881">
        <time>2025-08-30T08:01:43.000Z</time>
      </trkpt>
      <trkpt lat="49.021423" lon="14.997922">
        <time>2025-08-30T08:01:44.000Z</time>
      </trkpt>
      <trkpt lat="49.021418" lon="14.99796">
        <time>2025-08-30T08:01:45.000Z</time>
      </trkpt>
      <trkpt lat="49.021407" lon="14.998011">
        <time>2025-08-30T08:01:46.000Z</time>
      </trkpt>
      <trkpt lat="49.021398" lon="14.998063">
        <time>2025-08-30T08:01:47.000Z</time>
      </trkpt>
      <trkpt lat="49.021401" lon="14.998106">
        <time>2025-08-30T08:01:48.000Z</time>
      </trkpt>
      <trkpt lat="49.021405" lon="14.998144">
        <time>2025-08-30T08:01:49.000Z</time>
      </trkpt>
      <trkpt lat="49.021414" lon="14.99819">
        <time>2025-08-30T08:01:50.000Z</time>
      </trkpt>
      <trkpt lat="49.021412" lon="14.998234">
        <time>2025-08-30T08:01:51.000Z</time>
      </trkpt>
      <trkpt lat="49.021423" lon="14.998269">
        <time>2025-08-30T08:01:52.000Z</time>
      </trkpt>
      <trkpt lat="49.021441" lon="14.998302">
        <time>2025-08-30T08:01:53.000Z</time>
      </trkpt>
      <trkpt lat="49.021463" lon="14.998351">
        <time>2025-08-30T08:01:54.000Z</time>
      </trkpt>
      <trkpt lat="49.02148" lon="14.998385">
        <time>2025-08-30T08:01:55.000Z</time>
      </trkpt>
      <trkpt lat="49.021503" lon="14.998429">
        <time>2025-08-30T08:01:56.000Z</time>
      </trkpt>
      <trkpt lat="49.021496" lon="14.998483">
        <time>2025-08-30T08:01:57.000Z</time>
      </trkpt>
      <trkpt lat="49.021492" lon="14.998535">
        <time>2025-08-30T08:01:58.000Z</time>
      </trkpt>
      <trkpt lat="49.021488" lon="14.998582">
        <time>2025-08-30T08:01:59.000Z</time>
      </trkpt>
      <trkpt lat="49.021477" lon="14.998645">
        <time>2025-08-30T08:02:00.000Z</time>
      </trkpt>
      <trkpt lat="49.021472" lon="14.998708">
        <time>2025-08-30T08:02:01.000Z</time>
      </trkpt>
      <trkpt lat="49.021469" lon="14.998769">
        <time>2025-08-30T08:02:02.000Z</time>
      </trkpt>
      <trkpt lat="49.021462" lon="14.998847">
        <time>2025-08-30T08:02:03.000Z</time>
      </trkpt>
      <trkpt lat="49.02145" lon="14.998913">
        <time>2025-08-30T08:02:04.000Z</time>
      </trkpt>
      <trkpt lat="49.021437" lon="14.998972">
        <time>2025-08-30T08:02:05.000Z</time>
      </trkpt>
      <trkpt lat="49.021422" lon="14.999042">
        <time>2025-08-30T08:02:06.000Z</time>
      </trkpt>
      <trkpt lat="49.021424" lon="14.999102">
        <time>2025-08-30T08:02:07.000Z</time>
      </trkpt>
      <trkpt lat="49.021419" lon="14.999152">
        <time>2025-08-30T08:02:08.000Z</time>
      </trkpt>
      <trkpt lat="49.021395" lon="14.999206">
        <time>2025-08-30T08:02:09.000Z</time>
      </trkpt>
      <trkpt lat="49.021382" lon="14.99925">
        <time>2025-08-30T08:02:10.000Z</time>
      </trkpt>
      <trkpt lat="49.021377" lon="14.999308">
        <time>2025-08-30T08:02:11.000Z</time>
      </trkpt>
      <trkpt lat="49.021366" lon="14.999373">
        <time>2025-08-30T08:02:12.000Z</time>
      </trkpt>
      <trkpt lat="49.021359" lon="14.99943">
        <time>2025-08-30T08:02:13.000Z</time>
      </trkpt>
      <trkpt lat="49.021355" lon="14.999485">
        <time>2025-08-30T08:02:14.000Z</time>
      </trkpt>
      <trkpt lat="49.021343" lon="14.999553">
        <time>2025-08-30T08:02:15.000Z</time>
      </trkpt>
      <trkpt lat="49.021332" lon="14.999611">
        <time>2025-08-30T08:02:16.000Z</time>
      </trkpt>
      <trkpt lat="49.021323" lon="14.999668">
        <time>2025-08-30T08:02:17.000Z</time>
      </trkpt>
      <trkpt lat="49.021309" lon="14.999725">
        <time>2025-08-30T08:02:18.000Z</time>
      </trkpt>
      <trkpt lat="49.021297" lon="14.999776">
        <time>2025-08-30T08:02:19.000Z</time>
      </trkpt>
      <trkpt lat="49.021284" lon="14.999824">
        <time>2025-08-30T08:02:20.000Z</time>
      </trkpt>
      <trkpt lat="49.021265" lon="14.999879">
        <time>2025-08-30T08:02:21.000Z</time>
      </trkpt>
      <trkpt lat="49.021254" lon="14.999923">
        <time>2025-08-30T08:02:22.000Z</time>
      </trkpt>
      <trkpt lat="49.021241" lon="14.999975">
        <time>2025-08-30T08:02:23.000Z</time>
      </trkpt>
      <trkpt lat="49.021235" lon="15.000029">
        <time>2025-08-30T08:02:24.000Z</time>
      </trkpt>
      <trkpt lat="49.021228" lon="15.00007">
        <time>2025-08-30T08:02:25.000Z</time>
      </trkpt>
      <trkpt lat="49.021222" lon="15.000109">
        <time>2025-08-30T08:02:26.000Z</time>
      </trkpt>
      <trkpt lat="49.021213" lon="15.000154">
        <time>2025-08-30T08:02:27.000Z</time>
      </trkpt>
      <trkpt lat="49.021198" lon="15.000207">
        <time>2025-08-30T08:02:28.000Z</time>
      </trkpt>
      <trkpt lat="49.021185" lon="15.000257">
        <time>2025-08-30T08:02:29.000Z</time>
      </trkpt>
      <trkpt lat="49.021165" lon="15.000311">
        <time>2025-08-30T08:02:30.000Z</time>
      </trkpt>
      <trkpt lat="49.02113" lon="15.000358">
        <time>2025-08-30T08:02:31.000Z</time>
      </trkpt>
      <trkpt lat="49.021111" lon="15.0004">
        <time>2025-08-30T08:02:32.000Z</time>
      </trkpt>
      <trkpt lat="49.021092" lon="15.000452">
        <time>2025-08-30T08:02:33.000Z</time>
      </trkpt>
      <trkpt lat="49.02107" lon="15.000519">
        <time>2025-08-30T08:02:34.000Z</time>
      </trkpt>
      <trkpt lat="49.02106" lon="15.000571">
        <time>2025-08-30T08:02:35.000Z</time>
      </trkpt>
      <trkpt lat="49.021059" lon="15.00063">
        <time>2025-08-30T08:02:36.000Z</time>
      </trkpt>
      <trkpt lat="49.021051" lon="15.000708">
        <time>2025-08-30T08:02:37.000Z</time>
      </trkpt>
      <trkpt lat="49.021046" lon="15.000766">
        <time>2025-08-30T08:02:38.000Z</time>
      </trkpt>
      <trkpt lat="49.021044" lon="15.000825">
        <time>2025-08-30T08:02:39.000Z</time>
      </trkpt>
      <trkpt lat="49.021049" lon="15.000884">
        <time>2025-08-30T08:02:40.000Z</time>
      </trkpt>
      <trkpt lat="49.021053" lon="15.000938">
        <time>2025-08-30T08:02:41.000Z</time>
      </trkpt>
      <trkpt lat="49.021058" lon="15.000988">
        <time>2025-08-30T08:02:42.000Z</time>
      </trkpt>
      <trkpt lat="49.021058" lon="15.001039">
        <time>2025-08-30T08:02:43.000Z</time>
      </trkpt>
      <trkpt lat="49.021067" lon="15.001086">
        <time>2025-08-30T08:02:44.000Z</time>
      </trkpt>
      <trkpt lat="49.021082" lon="15.001147">
        <time>2025-08-30T08:02:45.000Z</time>
      </trkpt>
      <trkpt lat="49.021094" lon="15.001205">
        <time>2025-08-30T08:02:46.000Z</time>
      </trkpt>
      <trkpt lat="49.021112" lon="15.001245">
        <time>2025-08-30T08:02:47.000Z</time>
      </trkpt>
      <trkpt lat="49.021123" lon="15.001285">
        <time>2025-08-30T08:02:48.000Z</time>
      </trkpt>
      <trkpt lat="49.021132" lon="15.001338">
        <time>2025-08-30T08:02:49.000Z</time>
      </trkpt>
      <trkpt lat="49.02114" lon="15.001389">
        <time>2025-08-30T08:02:50.000Z</time>
      </trkpt>
      <trkpt lat="49.021148" lon="15.001432">
        <time>2025-08-30T08:02:51.000Z</time>
      </trkpt>
      <trkpt lat="49.021155" lon="15.001481">
        <time>2025-08-30T08:02:52.000Z</time>
      </trkpt>
      <trkpt lat="49.021157" lon="15.001528">
        <time>2025-08-30T08:02:53.000Z</time>
      </trkpt>
      <trkpt lat="49.02115" lon="15.001566">
        <time>2025-08-30T08:02:54.000Z</time>
      </trkpt>
      <trkpt lat="49.021139" lon="15.001597">
        <time>2025-08-30T08:02:55.000Z</time>
      </trkpt>
      <trkpt lat="49.021126" lon="15.001621">
        <time>2025-08-30T08:02:56.000Z</time>
      </trkpt>
      <trkpt lat="49.021116" lon="15.001657">
        <time>2025-08-30T08:02:57.000Z</time>
      </trkpt>
      <trkpt lat="49.02111" lon="15.001696">
        <time>2025-08-30T08:02:58.000Z</time>
      </trkpt>
      <trkpt lat="49.0211" lon="15.001737">
        <time>2025-08-30T08:02:59.000Z</time>
      </trkpt>
      <trkpt lat="49.021087" lon="15.001782">
        <time>2025-08-30T08:03:00.000Z</time>
      </trkpt>
      <trkpt lat="49.021074" lon="15.001833">
        <time>2025-08-30T08:03:01.000Z</time>
      </trkpt>
      <trkpt lat="49.021062" lon="15.001885">
        <time>2025-08-30T08:03:02.000Z</time>
      </trkpt>
      <trkpt lat="49.021052" lon="15.001941">
        <time>2025-08-30T08:03:03.000Z</time>
      </trkpt>
      <trkpt lat="49.021041" lon="15.001995">
        <time>2025-08-30T08:03:04.000Z</time>
      </trkpt>
      <trkpt lat="49.021038" lon="15.002034">
        <time>2025-08-30T08:03:05.000Z</time>
      </trkpt>
      <trkpt lat="49.021033" lon="15.002091">
        <time>2025-08-30T08:03:06.000Z</time>
      </trkpt>
      <trkpt lat="49.021029" lon="15.002134">
        <time>2025-08-30T08:03:07.000Z</time>
      </trkpt>
      <trkpt lat="49.021031" lon="15.002177">
        <time>2025-08-30T08:03:08.000Z</time>
      </trkpt>
      <trkpt lat="49.021033" lon="15.002224">
        <time>2025-08-30T08:03:09.000Z</time>
      </trkpt>
      <trkpt lat="49.021034" lon="15.002272">
        <time>2025-08-30T08:03:10.000Z</time>
      </trkpt>
      <trkpt lat="49.021035" lon="15.002307">
        <time>2025-08-30T08:03:11.000Z</time>
      </trkpt>
      <trkpt lat="49.021041" lon="15.002355">
        <time>2025-08-30T08:03:12.000Z</time>
      </trkpt>
      <trkpt lat="49.02104" lon="15.002406">
        <time>2025-08-30T08:03:13.000Z</time>
      </trkpt>
      <trkpt lat="49.02104" lon="15.002447">
        <time>2025-08-30T08:03:14.000Z</time>
      </trkpt>
      <trkpt lat="49.02104" lon="15.002476">
        <time>2025-08-30T08:03:15.000Z</time>
      </trkpt>
      <trkpt lat="49.021035" lon="15.00252">
        <time>2025-08-30T08:03:16.000Z</time>
      </trkpt>
      <trkpt lat="49.02103" lon="15.002558">
        <time>2025-08-30T08:03:17.000Z</time>
      </trkpt>
      <trkpt lat="49.021029" lon="15.002594">
        <time>2025-08-30T08:03:18.000Z</time>
      </trkpt>
      <trkpt lat="49.021035" lon="15.002621">
        <time>2025-08-30T08:03:19.000Z</time>
      </trkpt>
      <trkpt lat="49.021056" lon="15.002626">
        <time>2025-08-30T08:03:20.000Z</time>
      </trkpt>
      <trkpt lat="49.021076" lon="15.002659">
        <time>2025-08-30T08:03:21.000Z</time>
      </trkpt>
      <trkpt lat="49.021092" lon="15.002683">
        <time>2025-08-30T08:03:22.000Z</time>
      </trkpt>
      <trkpt lat="49.021119" lon="15.0027">
        <time>2025-08-30T08:03:23.000Z</time>
      </trkpt>
      <trkpt lat="49.021141" lon="15.002714">
        <time>2025-08-30T08:03:24.000Z</time>
      </trkpt>
      <trkpt lat="49.021157" lon="15.002739">
        <time>2025-08-30T08:03:25.000Z</time>
      </trkpt>
      <trkpt lat="49.021173" lon="15.002777">
        <time>2025-08-30T08:03:26.000Z</time>
      </trkpt>
      <trkpt lat="49.021191" lon="15.002804">
        <time>2025-08-30T08:03:27.000Z</time>
      </trkpt>
      <trkpt lat="49.021199" lon="15.002839">
        <time>2025-08-30T08:03:28.000Z</time>
      </trkpt>
      <trkpt lat="49.021199" lon="15.002874">
        <time>2025-08-30T08:03:29.000Z</time>
      </trkpt>
      <trkpt lat="49.021201" lon="15.00291">
        <time>2025-08-30T08:03:30.000Z</time>
      </trkpt>
      <trkpt lat="49.021204" lon="15.002944">
        <time>2025-08-30T08:03:31.000Z</time>
      </trkpt>
      <trkpt lat="49.021192" lon="15.002981">
        <time>2025-08-30T08:03:32.000Z</time>
      </trkpt>
      <trkpt lat="49.021179" lon="15.003016">
        <time>2025-08-30T08:03:33.000Z</time>
      </trkpt>
      <trkpt lat="49.02117" lon="15.003063">
        <time>2025-08-30T08:03:34.000Z</time>
      </trkpt>
      <trkpt lat="49.021163" lon="15.003102">
        <time>2025-08-30T08:03:35.000Z</time>
      </trkpt>
      <trkpt lat="49.021161" lon="15.003145">
        <time>2025-08-30T08:03:36.000Z</time>
      </trkpt>
      <trkpt lat="49.021154" lon="15.003201">
        <time>2025-08-30T08:03:37.000Z</time>
      </trkpt>
      <trkpt lat="49.021153" lon="15.003244">
        <time>2025-08-30T08:03:38.000Z</time>
      </trkpt>
      <trkpt lat="49.021166" lon="15.003281">
        <time>2025-08-30T08:03:39.000Z</time>
      </trkpt>
      <trkpt lat="49.021181" lon="15.003311">
        <time>2025-08-30T08:03:40.000Z</time>
      </trkpt>
      <trkpt lat="49.021207" lon="15.003337">
        <time>2025-08-30T08:03:41.000Z</time>
      </trkpt>
      <trkpt lat="49.021225" lon="15.003356">
        <time>2025-08-30T08:03:42.000Z</time>
      </trkpt>
      <trkpt lat="49.021242" lon="15.003367">
        <time>2025-08-30T08:03:43.000Z</time>
      </trkpt>
      <trkpt lat="49.02126" lon="15.003384">
        <time>2025-08-30T08:03:44.000Z</time>
      </trkpt>
      <trkpt lat="49.021282" lon="15.003397">
        <time>2025-08-30T08:03:45.000Z</time>
      </trkpt>
      <trkpt lat="49.021297" lon="15.003426">
        <time>2025-08-30T08:03:46.000Z</time>
      </trkpt>
      <trkpt lat="49.021316" lon="15.003453">
        <time>2025-08-30T08:03:47.000Z</time>
      </trkpt>
      <trkpt lat="49.021332" lon="15.003491">
        <time>2025-08-30T08:03:48.000Z</time>
      </trkpt>
      <trkpt lat="49.02134" lon="15.003537">
        <time>2025-08-30T08:03:49.000Z</time>
      </trkpt>
      <trkpt lat="49.021344" lon="15.003581">
        <time>2025-08-30T08:03:50.000Z</time>
      </trkpt>
      <trkpt lat="49.021349" lon="15.003622">
        <time>2025-08-30T08:03:51.000Z</time>
      </trkpt>
      <trkpt lat="49.021355" lon="15.00366">
        <time>2025-08-30T08:03:52.000Z</time>
      </trkpt>
      <trkpt lat="49.021359" lon="15.0037">
        <time>2025-08-30T08:03:53.000Z</time>
      </trkpt>
      <trkpt lat="49.02136" lon="15.003745">
        <time>2025-08-30T08:03:54.000Z</time>
      </trkpt>
      <trkpt lat="49.021366" lon="15.003791">
        <time>2025-08-30T08:03:55.000Z</time>
      </trkpt>
      <trkpt lat="49.021378" lon="15.003831">
        <time>2025-08-30T08:03:56.000Z</time>
      </trkpt>
      <trkpt lat="49.021393" lon="15.003871">
        <time>2025-08-30T08:03:57.000Z</time>
      </trkpt>
      <trkpt lat="49.021413" lon="15.003914">
        <time>2025-08-30T08:03:58.000Z</time>
      </trkpt>
      <trkpt lat="49.021428" lon="15.003954">
        <time>2025-08-30T08:03:59.000Z</time>
      </trkpt>
      <trkpt lat="49.021441" lon="15.003991">
        <time>2025-08-30T08:04:00.000Z</time>
      </trkpt>
      <trkpt lat="49.021458" lon="15.004047">
        <time>2025-08-30T08:04:01.000Z</time>
      </trkpt>
      <trkpt lat="49.021471" lon="15.004087">
        <time>2025-08-30T08:04:02.000Z</time>
      </trkpt>
      <trkpt lat="49.021491" lon="15.004125">
        <time>2025-08-30T08:04:03.000Z</time>
      </trkpt>
      <trkpt lat="49.021509" lon="15.004174">
        <time>2025-08-30T08:04:04.000Z</time>
      </trkpt>
      <trkpt lat="49.021522" lon="15.004221">
        <time>2025-08-30T08:04:05.000Z</time>
      </trkpt>
      <trkpt lat="49.021535" lon="15.004263">
        <time>2025-08-30T08:04:06.000Z</time>
      </trkpt>
      <trkpt lat="49.021544" lon="15.004308">
        <time>2025-08-30T08:04:07.000Z</time>
      </trkpt>
      <trkpt lat="49.021557" lon="15.004353">
        <time>2025-08-30T08:04:08.000Z</time>
      </trkpt>
      <trkpt lat="49.021574" lon="15.004392">
        <time>2025-08-30T08:04:09.000Z</time>
      </trkpt>
      <trkpt lat="49.021588" lon="15.004432">
        <time>2025-08-30T08:04:10.000Z</time>
      </trkpt>
      <trkpt lat="49.021599" lon="15.004479">
        <time>2025-08-30T08:04:11.000Z</time>
      </trkpt>
      <trkpt lat="49.02161" lon="15.004499">
        <time>2025-08-30T08:04:12.000Z</time>
      </trkpt>
      <trkpt lat="49.021633" lon="15.004527">
        <time>2025-08-30T08:04:13.000Z</time>
      </trkpt>
      <trkpt lat="49.021655" lon="15.004572">
        <time>2025-08-30T08:04:14.000Z</time>
      </trkpt>
      <trkpt lat="49.021672" lon="15.004609">
        <time>2025-08-30T08:04:15.000Z</time>
      </trkpt>
      <trkpt lat="49.021682" lon="15.004645">
        <time>2025-08-30T08:04:16.000Z</time>
      </trkpt>
      <trkpt lat="49.021689" lon="15.004687">
        <time>2025-08-30T08:04:17.000Z</time>
      </trkpt>
      <trkpt lat="49.02169" lon="15.004726">
        <time>2025-08-30T08:04:18.000Z</time>
      </trkpt>
      <trkpt lat="49.0217" lon="15.004746">
        <time>2025-08-30T08:04:19.000Z</time>
      </trkpt>
      <trkpt lat="49.02172" lon="15.004765">
        <time>2025-08-30T08:04:20.000Z</time>
      </trkpt>
      <trkpt lat="49.021748" lon="15.004798">
        <time>2025-08-30T08:04:21.000Z</time>
      </trkpt>
      <trkpt lat="49.021766" lon="15.004824">
        <time>2025-08-30T08:04:22.000Z</time>
      </trkpt>
      <trkpt lat="49.021779" lon="15.004852">
        <time>2025-08-30T08:04:23.000Z</time>
      </trkpt>
      <trkpt lat="49.021782" lon="15.004895">
        <time>2025-08-30T08:04:24.000Z</time>
      </trkpt>
      <trkpt lat="49.021781" lon="15.004937">
        <time>2025-08-30T08:04:25.000Z</time>
      </trkpt>
      <trkpt lat="49.021769" lon="15.004962">
        <time>2025-08-30T08:04:26.000Z</time>
      </trkpt>
      <trkpt lat="49.02177" lon="15.005">
        <time>2025-08-30T08:04:27.000Z</time>
      </trkpt>
      <trkpt lat="49.021762" lon="15.005037">
        <time>2025-08-30T08:04:28.000Z</time>
      </trkpt>
      <trkpt lat="49.021744" lon="15.005068">
        <time>2025-08-30T08:04:29.000Z</time>
      </trkpt>
      <trkpt lat="49.021728" lon="15.005103">
        <time>2025-08-30T08:04:30.000Z</time>
      </trkpt>
      <trkpt lat="49.021726" lon="15.005131">
        <time>2025-08-30T08:04:31.000Z</time>
      </trkpt>
      <trkpt lat="49.021718" lon="15.005158">
        <time>2025-08-30T08:04:32.000Z</time>
      </trkpt>
      <trkpt lat="49.021701" lon="15.005174">
        <time>2025-08-30T08:04:33.000Z</time>
      </trkpt>
      <trkpt lat="49.021678" lon="15.005202">
        <time>2025-08-30T08:04:34.000Z</time>
      </trkpt>
      <trkpt lat="49.021671" lon="15.005236">
        <time>2025-08-30T08:04:35.000Z</time>
      </trkpt>
      <trkpt lat="49.02167" lon="15.005272">
        <time>2025-08-30T08:04:36.000Z</time>
      </trkpt>
      <trkpt lat="49.02167" lon="15.005326">
        <time>2025-08-30T08:04:37.000Z</time>
      </trkpt>
      <trkpt lat="49.021667" lon="15.005365">
        <time>2025-08-30T08:04:38.000Z</time>
      </trkpt>
      <trkpt lat="49.021672" lon="15.005404">
        <time>2025-08-30T08:04:39.000Z</time>
      </trkpt>
      <trkpt lat="49.02168" lon="15.005442">
        <time>2025-08-30T08:04:40.000Z</time>
      </trkpt>
      <trkpt lat="49.021693" lon="15.005484">
        <time>2025-08-30T08:04:41.000Z</time>
      </trkpt>
      <trkpt lat="49.021707" lon="15.005532">
        <time>2025-08-30T08:04:42.000Z</time>
      </trkpt>
      <trkpt lat="49.021708" lon="15.005568">
        <time>2025-08-30T08:04:43.000Z</time>
      </trkpt>
      <trkpt lat="49.021705" lon="15.0056">
        <time>2025-08-30T08:04:44.000Z</time>
      </trkpt>
      <trkpt lat="49.021698" lon="15.005636">
        <time>2025-08-30T08:04:45.000Z</time>
      </trkpt>
      <trkpt lat="49.021685" lon="15.00568">
        <time>2025-08-30T08:04:46.000Z</time>
      </trkpt>
      <trkpt lat="49.021655" lon="15.005704">
        <time>2025-08-30T08:04:47.000Z</time>
      </trkpt>
      <trkpt lat="49.021636" lon="15.00573">
        <time>2025-08-30T08:04:48.000Z</time>
      </trkpt>
      <trkpt lat="49.02162" lon="15.005761">
        <time>2025-08-30T08:04:49.000Z</time>
      </trkpt>
      <trkpt lat="49.0216" lon="15.0058">
        <time>2025-08-30T08:04:50.000Z</time>
      </trkpt>
      <trkpt lat="49.021578" lon="15.005837">
        <time>2025-08-30T08:04:51.000Z</time>
      </trkpt>
      <trkpt lat="49.021568" lon="15.005872">
        <time>2025-08-30T08:04:52.000Z</time>
      </trkpt>
      <trkpt lat="49.021567" lon="15.005908">
        <time>2025-08-30T08:04:53.000Z</time>
      </trkpt>
      <trkpt lat="49.021564" lon="15.005964">
        <time>2025-08-30T08:04:54.000Z</time>
      </trkpt>
      <trkpt lat="49.021565" lon="15.006019">
        <time>2025-08-30T08:04:55.000Z</time>
      </trkpt>
      <trkpt lat="49.021572" lon="15.006063">
        <time>2025-08-30T08:04:56.000Z</time>
      </trkpt>
      <trkpt lat="49.021577" lon="15.006106">
        <time>2025-08-30T08:04:57.000Z</time>
      </trkpt>
      <trkpt lat="49.021579" lon="15.006159">
        <time>2025-08-30T08:04:58.000Z</time>
      </trkpt>
      <trkpt lat="49.021577" lon="15.006205">
        <time>2025-08-30T08:04:59.000Z</time>
      </trkpt>
      <trkpt lat="49.021581" lon="15.006249">
        <time>2025-08-30T08:05:00.000Z</time>
      </trkpt>
      <trkpt lat="49.021587" lon="15.006291">
        <time>2025-08-30T08:05:01.000Z</time>
      </trkpt>
      <trkpt lat="49.021592" lon="15.006347">
        <time>2025-08-30T08:05:02.000Z</time>
      </trkpt>
      <trkpt lat="49.021593" lon="15.006394">
        <time>2025-08-30T08:05:03.000Z</time>
      </trkpt>
      <trkpt lat="49.021593" lon="15.006429">
        <time>2025-08-30T08:05:04.000Z</time>
      </trkpt>
      <trkpt lat="49.0216" lon="15.00646">
        <time>2025-08-30T08:05:05.000Z</time>
      </trkpt>
      <trkpt lat="49.021599" lon="15.006489">
        <time>2025-08-30T08:05:06.000Z</time>
      </trkpt>
      <trkpt lat="49.021605" lon="15.006523">
        <time>2025-08-30T08:05:07.000Z</time>
      </trkpt>
      <trkpt lat="49.021602" lon="15.006564">
        <time>2025-08-30T08:05:08.000Z</time>
      </trkpt>
      <trkpt lat="49.021596" lon="15.006596">
        <time>2025-08-30T08:05:09.000Z</time>
      </trkpt>
      <trkpt lat="49.021574" lon="15.006631">
        <time>2025-08-30T08:05:10.000Z</time>
      </trkpt>
      <trkpt lat="49.021563" lon="15.006647">
        <time>2025-08-30T08:05:11.000Z</time>
      </trkpt>
      <trkpt lat="49.021545" lon="15.006675">
        <time>2025-08-30T08:05:12.000Z</time>
      </trkpt>
      <trkpt lat="49.021519" lon="15.006698">
        <time>2025-08-30T08:05:13.000Z</time>
      </trkpt>
      <trkpt lat="49.021486" lon="15.006714">
        <time>2025-08-30T08:05:14.000Z</time>
      </trkpt>
      <trkpt lat="49.021466" lon="15.006745">
        <time>2025-08-30T08:05:15.000Z</time>
      </trkpt>
      <trkpt lat="49.021456" lon="15.006783">
        <time>2025-08-30T08:05:16.000Z</time>
      </trkpt>
      <trkpt lat="49.02145" lon="15.006826">
        <time>2025-08-30T08:05:17.000Z</time>
      </trkpt>
      <trkpt lat="49.021441" lon="15.006875">
        <time>2025-08-30T08:05:18.000Z</time>
      </trkpt>
      <trkpt lat="49.021436" lon="15.006918">
        <time>2025-08-30T08:05:19.000Z</time>
      </trkpt>
      <trkpt lat="49.021428" lon="15.006954">
        <time>2025-08-30T08:05:20.000Z</time>
      </trkpt>
      <trkpt lat="49.021417" lon="15.00699">
        <time>2025-08-30T08:05:21.000Z</time>
      </trkpt>
      <trkpt lat="49.021405" lon="15.00702">
        <time>2025-08-30T08:05:22.000Z</time>
      </trkpt>
      <trkpt lat="49.0214" lon="15.007054">
        <time>2025-08-30T08:05:23.000Z</time>
      </trkpt>
      <trkpt lat="49.021397" lon="15.007086">
        <time>2025-08-30T08:05:24.000Z</time>
      </trkpt>
      <trkpt lat="49.021396" lon="15.007106">
        <time>2025-08-30T08:05:25.000Z</time>
      </trkpt>
      <trkpt lat="49.021393" lon="15.007124">
        <time>2025-08-30T08:05:26.000Z</time>
      </trkpt>
      <trkpt lat="49.02139" lon="15.00715">
        <time>2025-08-30T08:05:27.000Z</time>
      </trkpt>
      <trkpt lat="49.021377" lon="15.007187">
        <time>2025-08-30T08:05:28.000Z</time>
      </trkpt>
      <trkpt lat="49.021361" lon="15.007209">
        <time>2025-08-30T08:05:29.000Z</time>
      </trkpt>
      <trkpt lat="49.021351" lon="15.007223">
        <time>2025-08-30T08:05:30.000Z</time>
      </trkpt>
      <trkpt lat="49.021333" lon="15.007247">
        <time>2025-08-30T08:05:31.000Z</time>
      </trkpt>
      <trkpt lat="49.02131" lon="15.007254">
        <time>2025-08-30T08:05:32.000Z</time>
      </trkpt>
      <trkpt lat="49.021285" lon="15.007275">
        <time>2025-08-30T08:05:33.000Z</time>
      </trkpt>
      <trkpt lat="49.021266" lon="15.007295">
        <time>2025-08-30T08:05:34.000Z</time>
      </trkpt>
      <trkpt lat="49.021251" lon="15.007312">
        <time>2025-08-30T08:05:35.000Z</time>
      </trkpt>
      <trkpt lat="49.021238" lon="15.007329">
        <time>2025-08-30T08:05:36.000Z</time>
      </trkpt>
      <trkpt lat="49.021229" lon="15.007345">
        <time>2025-08-30T08:05:37.000Z</time>
      </trkpt>
      <trkpt lat="49.021228" lon="15.007363">
        <time>2025-08-30T08:05:38.000Z</time>
      </trkpt>
      <trkpt lat="49.021227" lon="15.007357">
        <time>2025-08-30T08:05:39.000Z</time>
      </trkpt>
      <trkpt lat="49.021224" lon="15.007367">
        <time>2025-08-30T08:05:40.000Z</time>
      </trkpt>
      <trkpt lat="49.021215" lon="15.007377">
        <time>2025-08-30T08:05:41.000Z</time>
      </trkpt>
      <trkpt lat="49.021206" lon="15.007381">
        <time>2025-08-30T08:05:42.000Z</time>
      </trkpt>
      <trkpt lat="49.021193" lon="15.007382">
        <time>2025-08-30T08:05:43.000Z</time>
      </trkpt>
      <trkpt lat="49.021186" lon="15.007389">
        <time>2025-08-30T08:05:44.000Z</time>
      </trkpt>
      <trkpt lat="49.021168" lon="15.007422">
        <time>2025-08-30T08:05:45.000Z</time>
      </trkpt>
      <trkpt lat="49.02115" lon="15.007454">
        <time>2025-08-30T08:05:46.000Z</time>
      </trkpt>
      <trkpt lat="49.021132" lon="15.007479">
        <time>2025-08-30T08:05:47.000Z</time>
      </trkpt>
      <trkpt lat="49.021115" lon="15.007502">
        <time>2025-08-30T08:05:48.000Z</time>
      </trkpt>
      <trkpt lat="49.021094" lon="15.007526">
        <time>2025-08-30T08:05:49.000Z</time>
      </trkpt>
      <trkpt lat="49.021073" lon="15.00755">
        <time>2025-08-30T08:05:50.000Z</time>
      </trkpt>
      <trkpt lat="49.021057" lon="15.007577">
        <time>2025-08-30T08:05:51.000Z</time>
      </trkpt>
      <trkpt lat="49.021051" lon="15.007604">
        <time>2025-08-30T08:05:52.000Z</time>
      </trkpt>
      <trkpt lat="49.021044" lon="15.007626">
        <time>2025-08-30T08:05:53.000Z</time>
      </trkpt>
      <trkpt lat="49.021039" lon="15.007644">
        <time>2025-08-30T08:05:54.000Z</time>
      </trkpt>
      <trkpt lat="49.021026" lon="15.007667">
        <time>2025-08-30T08:05:55.000Z</time>
      </trkpt>
      <trkpt lat="49.021026" lon="15.007685">
        <time>2025-08-30T08:05:56.000Z</time>
      </trkpt>
      <trkpt lat="49.021026" lon="15.007689">
        <time>2025-08-30T08:05:57.000Z</time>
      </trkpt>
      <trkpt lat="49.021033" lon="15.007693">
        <time>2025-08-30T08:05:58.000Z</time>
      </trkpt>
      <trkpt lat="49.021042" lon="15.007692">
        <time>2025-08-30T08:05:59.000Z</time>
      </trkpt>
      <trkpt lat="49.021054" lon="15.007703">
        <time>2025-08-30T08:06:00.000Z</time>
      </trkpt>
      <trkpt lat="49.021068" lon="15.007717">
        <time>2025-08-30T08:06:01.000Z</time>
      </trkpt>
      <trkpt lat="49.021082" lon="15.007717">
        <time>2025-08-30T08:06:02.000Z</time>
      </trkpt>
      <trkpt lat="49.021094" lon="15.007716">
        <time>2025-08-30T08:06:03.000Z</time>
      </trkpt>
      <trkpt lat="49.021108" lon="15.007714">
        <time>2025-08-30T08:06:04.000Z</time>
      </trkpt>
      <trkpt lat="49.021116" lon="15.007716">
        <time>2025-08-30T08:06:05.000Z</time>
      </trkpt>
      <trkpt lat="49.021124" lon="15.007711">
        <time>2025-08-30T08:06:06.000Z</time>
      </trkpt>
      <trkpt lat="49.021138" lon="15.0077">
        <time>2025-08-30T08:06:07.000Z</time>
      </trkpt>
      <trkpt lat="49.021145" lon="15.007678">
        <time>2025-08-30T08:06:08.000Z</time>
      </trkpt>
      <trkpt lat="49.021154" lon="15.007639">
        <time>2025-08-30T08:06:09.000Z</time>
      </trkpt>
      <trkpt lat="49.02117" lon="15.00759">
        <time>2025-08-30T08:06:10.000Z</time>
      </trkpt>
      <trkpt lat="49.021189" lon="15.007561">
        <time>2025-08-30T08:06:11.000Z</time>
      </trkpt>
      <trkpt lat="49.021209" lon="15.007535">
        <time>2025-08-30T08:06:12.000Z</time>
      </trkpt>
      <trkpt lat="49.021233" lon="15.007522">
        <time>2025-08-30T08:06:13.000Z</time>
      </trkpt>
      <trkpt lat="49.021251" lon="15.007507">
        <time>2025-08-30T08:06:14.000Z</time>
      </trkpt>
      <trkpt lat="49.021261" lon="15.007496">
        <time>2025-08-30T08:06:15.000Z</time>
      </trkpt>
      <trkpt lat="49.021267" lon="15.007486">
        <time>2025-08-30T08:06:16.000Z</time>
      </trkpt>
      <trkpt lat="49.021279" lon="15.007489">
        <time>2025-08-30T08:06:17.000Z</time>
      </trkpt>
      <trkpt lat="49.021292" lon="15.007488">
        <time>2025-08-30T08:06:18.000Z</time>
      </trkpt>
      <trkpt lat="49.021303" lon="15.007491">
        <time>2025-08-30T08:06:19.000Z</time>
      </trkpt>
      <trkpt lat="49.021317" lon="15.007492">
        <time>2025-08-30T08:06:20.000Z</time>
      </trkpt>
      <trkpt lat="49.021327" lon="15.007483">
        <time>2025-08-30T08:06:21.000Z</time>
      </trkpt>
      <trkpt lat="49.021348" lon="15.00746">
        <time>2025-08-30T08:06:22.000Z</time>
      </trkpt>
      <trkpt lat="49.021356" lon="15.007437">
        <time>2025-08-30T08:06:23.000Z</time>
      </trkpt>
      <trkpt lat="49.021371" lon="15.007404">
        <time>2025-08-30T08:06:24.000Z</time>
      </trkpt>
      <trkpt lat="49.021372" lon="15.007367">
        <time>2025-08-30T08:06:25.000Z</time>
      </trkpt>
      <trkpt lat="49.021373" lon="15.007314">
        <time>2025-08-30T08:06:26.000Z</time>
      </trkpt>
      <trkpt lat="49.021377" lon="15.007278">
        <time>2025-08-30T08:06:27.000Z</time>
      </trkpt>
      <trkpt lat="49.021382" lon="15.007234">
        <time>2025-08-30T08:06:28.000Z</time>
      </trkpt>
      <trkpt lat="49.021402" lon="15.007214">
        <time>2025-08-30T08:06:29.000Z</time>
      </trkpt>
      <trkpt lat="49.021424" lon="15.007194">
        <time>2025-08-30T08:06:30.000Z</time>
      </trkpt>
      <trkpt lat="49.021446" lon="15.007183">
        <time>2025-08-30T08:06:31.000Z</time>
      </trkpt>
      <trkpt lat="49.021463" lon="15.007167">
        <time>2025-08-30T08:06:32.000Z</time>
      </trkpt>
      <trkpt lat="49.02148" lon="15.00715">
        <time>2025-08-30T08:06:33.000Z</time>
      </trkpt>
      <trkpt lat="49.021498" lon="15.007145">
        <time>2025-08-30T08:06:34.000Z</time>
      </trkpt>
      <trkpt lat="49.021519" lon="15.007144">
        <time>2025-08-30T08:06:35.000Z</time>
      </trkpt>
      <trkpt lat="49.021535" lon="15.00714">
        <time>2025-08-30T08:06:36.000Z</time>
      </trkpt>
      <trkpt lat="49.021546" lon="15.007138">
        <time>2025-08-30T08:06:37.000Z</time>
      </trkpt>
      <trkpt lat="49.021559" lon="15.007145">
        <time>2025-08-30T08:06:38.000Z</time>
      </trkpt>
      <trkpt lat="49.021568" lon="15.007144">
        <time>2025-08-30T08:06:39.000Z</time>
      </trkpt>
      <trkpt lat="49.021582" lon="15.007132">
        <time>2025-08-30T08:06:40.000Z</time>
      </trkpt>
      <trkpt lat="49.021608" lon="15.007103">
        <time>2025-08-30T08:06:41.000Z</time>
      </trkpt>
      <trkpt lat="49.021626" lon="15.007088">
        <time>2025-08-30T08:06:42.000Z</time>
      </trkpt>
      <trkpt lat="49.021652" lon="15.007078">
        <time>2025-08-30T08:06:43.000Z</time>
      </trkpt>
      <trkpt lat="49.021675" lon="15.007072">
        <time>2025-08-30T08:06:44.000Z</time>
      </trkpt>
      <trkpt lat="49.021707" lon="15.007068">
        <time>2025-08-30T08:06:45.000Z</time>
      </trkpt>
      <trkpt lat="49.021733" lon="15.007048">
        <time>2025-08-30T08:06:46.000Z</time>
      </trkpt>
      <trkpt lat="49.021765" lon="15.00703">
        <time>2025-08-30T08:06:47.000Z</time>
      </trkpt>
      <trkpt lat="49.021799" lon="15.007018">
        <time>2025-08-30T08:06:48.000Z</time>
      </trkpt>
      <trkpt lat="49.021824" lon="15.007">
        <time>2025-08-30T08:06:49.000Z</time>
      </trkpt>
      <trkpt lat="49.021848" lon="15.006982">
        <time>2025-08-30T08:06:50.000Z</time>
      </trkpt>
      <trkpt lat="49.021879" lon="15.006967">
        <time>2025-08-30T08:06:51.000Z</time>
      </trkpt>
      <trkpt lat="49.021921" lon="15.006958">
        <time>2025-08-30T08:06:52.000Z</time>
      </trkpt>
      <trkpt lat="49.021951" lon="15.006945">
        <time>2025-08-30T08:06:53.000Z</time>
      </trkpt>
      <trkpt lat="49.021978" lon="15.006934">
        <time>2025-08-30T08:06:54.000Z</time>
      </trkpt>
      <trkpt lat="49.022012" lon="15.006925">
        <time>2025-08-30T08:06:55.000Z</time>
      </trkpt>
      <trkpt lat="49.02204" lon="15.006921">
        <time>2025-08-30T08:06:56.000Z</time>
      </trkpt>
      <trkpt lat="49.022063" lon="15.006911">
        <time>2025-08-30T08:06:57.000Z</time>
      </trkpt>
      <trkpt lat="49.022087" lon="15.006904">
        <time>2025-08-30T08:06:58.000Z</time>
      </trkpt>
      <trkpt lat="49.022113" lon="15.006889">
        <time>2025-08-30T08:06:59.000Z</time>
      </trkpt>
      <trkpt lat="49.022136" lon="15.006883">
        <time>2025-08-30T08:07:00.000Z</time>
      </trkpt>
      <trkpt lat="49.022159" lon="15.006873">
        <time>2025-08-30T08:07:01.000Z</time>
      </trkpt>
      <trkpt lat="49.022172" lon="15.00686">
        <time>2025-08-30T08:07:02.000Z</time>
      </trkpt>
      <trkpt lat="49.022197" lon="15.006833">
        <time>2025-08-30T08:07:03.000Z</time>
      </trkpt>
      <trkpt lat="49.022225" lon="15.006825">
        <time>2025-08-30T08:07:04.000Z</time>
      </trkpt>
      <trkpt lat="49.022251" lon="15.006821">
        <time>2025-08-30T08:07:05.000Z</time>
      </trkpt>
      <trkpt lat="49.022263" lon="15.006805">
        <time>2025-08-30T08:07:06.000Z</time>
      </trkpt>
      <trkpt lat="49.022275" lon="15.006784">
        <time>2025-08-30T08:07:07.000Z</time>
      </trkpt>
      <trkpt lat="49.022288" lon="15.006758">
        <time>2025-08-30T08:07:08.000Z</time>
      </trkpt>
      <trkpt lat="49.022297" lon="15.006716">
        <time>2025-08-30T08:07:09.000Z</time>
      </trkpt>
      <trkpt lat="49.022314" lon="15.006706">
        <time>2025-08-30T08:07:10.000Z</time>
      </trkpt>
      <trkpt lat="49.022334" lon="15.006702">
        <time>2025-08-30T08:07:11.000Z</time>
      </trkpt>
      <trkpt lat="49.02236" lon="15.006696">
        <time>2025-08-30T08:07:12.000Z</time>
      </trkpt>
      <trkpt lat="49.022388" lon="15.006696">
        <time>2025-08-30T08:07:13.000Z</time>
      </trkpt>
      <trkpt lat="49.022413" lon="15.006691">
        <time>2025-08-30T08:07:14.000Z</time>
      </trkpt>
      <trkpt lat="49.022439" lon="15.006684">
        <time>2025-08-30T08:07:15.000Z</time>
      </trkpt>
      <trkpt lat="49.022466" lon="15.006684">
        <time>2025-08-30T08:07:16.000Z</time>
      </trkpt>
      <trkpt lat="49.022492" lon="15.006681">
        <time>2025-08-30T08:07:17.000Z</time>
      </trkpt>
      <trkpt lat="49.022523" lon="15.006677">
        <time>2025-08-30T08:07:18.000Z</time>
      </trkpt>
      <trkpt lat="49.022552" lon="15.006677">
        <time>2025-08-30T08:07:19.000Z</time>
      </trkpt>
      <trkpt lat="49.022579" lon="15.006679">
        <time>2025-08-30T08:07:20.000Z</time>
      </trkpt>
      <trkpt lat="49.022605" lon="15.006684">
        <time>2025-08-30T08:07:21.000Z</time>
      </trkpt>
      <trkpt lat="49.022636" lon="15.006689">
        <time>2025-08-30T08:07:22.000Z</time>
      </trkpt>
      <trkpt lat="49.022669" lon="15.0067">
        <time>2025-08-30T08:07:23.000Z</time>
      </trkpt>
      <trkpt lat="49.022706" lon="15.006712">
        <time>2025-08-30T08:07:24.000Z</time>
      </trkpt>
      <trkpt lat="49.022743" lon="15.006716">
        <time>2025-08-30T08:07:25.000Z</time>
      </trkpt>
      <trkpt lat="49.022771" lon="15.006707">
        <time>2025-08-30T08:07:26.000Z</time>
      </trkpt>
      <trkpt lat="49.022801" lon="15.006697">
        <time>2025-08-30T08:07:27.000Z</time>
      </trkpt>
      <trkpt lat="49.022836" lon="15.006704">
        <time>2025-08-30T08:07:28.000Z</time>
      </trkpt>
      <trkpt lat="49.022868" lon="15.006703">
        <time>2025-08-30T08:07:29.000Z</time>
      </trkpt>
      <trkpt lat="49.022893" lon="15.006695">
        <time>2025-08-30T08:07:30.000Z</time>
      </trkpt>
      <trkpt lat="49.022924" lon="15.006683">
        <time>2025-08-30T08:07:31.000Z</time>
      </trkpt>
      <trkpt lat="49.022958" lon="15.006678">
        <time>2025-08-30T08:07:32.000Z</time>
      </trkpt>
      <trkpt lat="49.02298" lon="15.006672">
        <time>2025-08-30T08:07:33.000Z</time>
      </trkpt>
      <trkpt lat="49.023005" lon="15.006666">
        <time>2025-08-30T08:07:34.000Z</time>
      </trkpt>
      <trkpt lat="49.023026" lon="15.006666">
        <time>2025-08-30T08:07:35.000Z</time>
      </trkpt>
      <trkpt lat="49.023033" lon="15.006641">
        <time>2025-08-30T08:07:36.000Z</time>
      </trkpt>
      <trkpt lat="49.023049" lon="15.006616">
        <time>2025-08-30T08:07:37.000Z</time>
      </trkpt>
      <trkpt lat="49.023073" lon="15.006601">
        <time>2025-08-30T08:07:38.000Z</time>
      </trkpt>
      <trkpt lat="49.023087" lon="15.006578">
        <time>2025-08-30T08:07:39.000Z</time>
      </trkpt>
      <trkpt lat="49.023098" lon="15.006552">
        <time>2025-08-30T08:07:40.000Z</time>
      </trkpt>
      <trkpt lat="49.023111" lon="15.006518">
        <time>2025-08-30T08:07:41.000Z</time>
      </trkpt>
      <trkpt lat="49.023129" lon="15.006489">
        <time>2025-08-30T08:07:42.000Z</time>
      </trkpt>
      <trkpt lat="49.023153" lon="15.00647">
        <time>2025-08-30T08:07:43.000Z</time>
      </trkpt>
      <trkpt lat="49.023174" lon="15.006464">
        <time>2025-08-30T08:07:44.000Z</time>
      </trkpt>
      <trkpt lat="49.023199" lon="15.00646">
        <time>2025-08-30T08:07:45.000Z</time>
      </trkpt>
      <trkpt lat="49.023227" lon="15.00646">
        <time>2025-08-30T08:07:46.000Z</time>
      </trkpt>
      <trkpt lat="49.023256" lon="15.006454">
        <time>2025-08-30T08:07:47.000Z</time>
      </trkpt>
      <trkpt lat="49.023284" lon="15.00644">
        <time>2025-08-30T08:07:48.000Z</time>
      </trkpt>
      <trkpt lat="49.023306" lon="15.006433">
        <time>2025-08-30T08:07:49.000Z</time>
      </trkpt>
      <trkpt lat="49.023331" lon="15.006445">
        <time>2025-08-30T08:07:50.000Z</time>
      </trkpt>
      <trkpt lat="49.023351" lon="15.006455">
        <time>2025-08-30T08:07:51.000Z</time>
      </trkpt>
      <trkpt lat="49.023371" lon="15.006448">
        <time>2025-08-30T08:07:52.000Z</time>
      </trkpt>
      <trkpt lat="49.023394" lon="15.006439">
        <time>2025-08-30T08:07:53.000Z</time>
      </trkpt>
      <trkpt lat="49.023412" lon="15.006431">
        <time>2025-08-30T08:07:54.000Z</time>
      </trkpt>
      <trkpt lat="49.023433" lon="15.006423">
        <time>2025-08-30T08:07:55.000Z</time>
      </trkpt>
      <trkpt lat="49.023447" lon="15.00643">
        <time>2025-08-30T08:07:56.000Z</time>
      </trkpt>
      <trkpt lat="49.023458" lon="15.006435">
        <time>2025-08-30T08:07:57.000Z</time>
      </trkpt>
      <trkpt lat="49.023464" lon="15.006452">
        <time>2025-08-30T08:07:58.000Z</time>
      </trkpt>
      <trkpt lat="49.023479" lon="15.006469">
        <time>2025-08-30T08:07:59.000Z</time>
      </trkpt>
      <trkpt lat="49.023489" lon="15.006458">
        <time>2025-08-30T08:08:00.000Z</time>
      </trkpt>
      <trkpt lat="49.023504" lon="15.006437">
        <time>2025-08-30T08:08:01.000Z</time>
      </trkpt>
      <trkpt lat="49.023521" lon="15.006422">
        <time>2025-08-30T08:08:02.000Z</time>
      </trkpt>
      <trkpt lat="49.023543" lon="15.006426">
        <time>2025-08-30T08:08:03.000Z</time>
      </trkpt>
      <trkpt lat="49.023558" lon="15.006431">
        <time>2025-08-30T08:08:04.000Z</time>
      </trkpt>
      <trkpt lat="49.023573" lon="15.006437">
        <time>2025-08-30T08:08:05.000Z</time>
      </trkpt>
      <trkpt lat="49.023584" lon="15.006449">
        <time>2025-08-30T08:08:06.000Z</time>
      </trkpt>
      <trkpt lat="49.023591" lon="15.00647">
        <time>2025-08-30T08:08:07.000Z</time>
      </trkpt>
      <trkpt lat="49.0236" lon="15.006481">
        <time>2025-08-30T08:08:08.000Z</time>
      </trkpt>
      <trkpt lat="49.023609" lon="15.006483">
        <time>2025-08-30T08:08:09.000Z</time>
      </trkpt>
      <trkpt lat="49.02362" lon="15.006489">
        <time>2025-08-30T08:08:10.000Z</time>
      </trkpt>
      <trkpt lat="49.023631" lon="15.006498">
        <time>2025-08-30T08:08:11.000Z</time>
      </trkpt>
      <trkpt lat="49.023643" lon="15.006507">
        <time>2025-08-30T08:08:12.000Z</time>
      </trkpt>
      <trkpt lat="49.023656" lon="15.006519">
        <time>2025-08-30T08:08:13.000Z</time>
      </trkpt>
      <trkpt lat="49.023671" lon="15.006531">
        <time>2025-08-30T08:08:14.000Z</time>
      </trkpt>
      <trkpt lat="49.023683" lon="15.006538">
        <time>2025-08-30T08:08:15.000Z</time>
      </trkpt>
      <trkpt lat="49.023694" lon="15.006541">
        <time>2025-08-30T08:08:16.000Z</time>
      </trkpt>
      <trkpt lat="49.023709" lon="15.006544">
        <time>2025-08-30T08:08:17.000Z</time>
      </trkpt>
      <trkpt lat="49.023723" lon="15.006544">
        <time>2025-08-30T08:08:18.000Z</time>
      </trkpt>
      <trkpt lat="49.023742" lon="15.006544">
        <time>2025-08-30T08:08:19.000Z</time>
      </trkpt>
      <trkpt lat="49.023765" lon="15.00655">
        <time>2025-08-30T08:08:20.000Z</time>
      </trkpt>
      <trkpt lat="49.023789" lon="15.00656">
        <time>2025-08-30T08:08:21.000Z</time>
      </trkpt>
      <trkpt lat="49.023815" lon="15.006573">
        <time>2025-08-30T08:08:22.000Z</time>
      </trkpt>
      <trkpt lat="49.02384" lon="15.006585">
        <time>2025-08-30T08:08:23.000Z</time>
      </trkpt>
      <trkpt lat="49.023865" lon="15.006601">
        <time>2025-08-30T08:08:24.000Z</time>
      </trkpt>
      <trkpt lat="49.023889" lon="15.006616">
        <time>2025-08-30T08:08:25.000Z</time>
      </trkpt>
      <trkpt lat="49.023914" lon="15.006626">
        <time>2025-08-30T08:08:26.000Z</time>
      </trkpt>
      <trkpt lat="49.023941" lon="15.006624">
        <time>2025-08-30T08:08:27.000Z</time>
      </trkpt>
      <trkpt lat="49.02397" lon="15.006618">
        <time>2025-08-30T08:08:28.000Z</time>
      </trkpt>
      <trkpt lat="49.023998" lon="15.006628">
        <time>2025-08-30T08:08:29.000Z</time>
      </trkpt>
      <trkpt lat="49.024028" lon="15.006639">
        <time>2025-08-30T08:08:30.000Z</time>
      </trkpt>
      <trkpt lat="49.02405" lon="15.00662">
        <time>2025-08-30T08:08:31.000Z</time>
      </trkpt>
      <trkpt lat="49.024075" lon="15.006612">
        <time>2025-08-30T08:08:32.000Z</time>
      </trkpt>
      <trkpt lat="49.024106" lon="15.006612">
        <time>2025-08-30T08:08:33.000Z</time>
      </trkpt>
      <trkpt lat="49.02413" lon="15.006614">
        <time>2025-08-30T08:08:34.000Z</time>
      </trkpt>
      <trkpt lat="49.024154" lon="15.006621">
        <time>2025-08-30T08:08:35.000Z</time>
      </trkpt>
      <trkpt lat="49.024183" lon="15.006633">
        <time>2025-08-30T08:08:36.000Z</time>
      </trkpt>
      <trkpt lat="49.024209" lon="15.00664">
        <time>2025-08-30T08:08:37.000Z</time>
      </trkpt>
      <trkpt lat="49.024235" lon="15.006648">
        <time>2025-08-30T08:08:38.000Z</time>
      </trkpt>
      <trkpt lat="49.024263" lon="15.006653">
        <time>2025-08-30T08:08:39.000Z</time>
      </trkpt>
      <trkpt lat="49.024298" lon="15.006668">
        <time>2025-08-30T08:08:40.000Z</time>
      </trkpt>
      <trkpt lat="49.024329" lon="15.006678">
        <time>2025-08-30T08:08:41.000Z</time>
      </trkpt>
      <trkpt lat="49.024355" lon="15.006693">
        <time>2025-08-30T08:08:42.000Z</time>
      </trkpt>
      <trkpt lat="49.024383" lon="15.006698">
        <time>2025-08-30T08:08:43.000Z</time>
      </trkpt>
      <trkpt lat="49.024413" lon="15.006708">
        <time>2025-08-30T08:08:44.000Z</time>
      </trkpt>
      <trkpt lat="49.024447" lon="15.006726">
        <time>2025-08-30T08:08:45.000Z</time>
      </trkpt>
      <trkpt lat="49.024471" lon="15.006743">
        <time>2025-08-30T08:08:46.000Z</time>
      </trkpt>
      <trkpt lat="49.024494" lon="15.006742">
        <time>2025-08-30T08:08:47.000Z</time>
      </trkpt>
      <trkpt lat="49.024517" lon="15.006736">
        <time>2025-08-30T08:08:48.000Z</time>
      </trkpt>
      <trkpt lat="49.024544" lon="15.006736">
        <time>2025-08-30T08:08:49.000Z</time>
      </trkpt>
      <trkpt lat="49.024575" lon="15.006732">
        <time>2025-08-30T08:08:50.000Z</time>
      </trkpt>
      <trkpt lat="49.024597" lon="15.006741">
        <time>2025-08-30T08:08:51.000Z</time>
      </trkpt>
      <trkpt lat="49.024622" lon="15.006743">
        <time>2025-08-30T08:08:52.000Z</time>
      </trkpt>
      <trkpt lat="49.024651" lon="15.00675">
        <time>2025-08-30T08:08:53.000Z</time>
      </trkpt>
      <trkpt lat="49.024674" lon="15.006749">
        <time>2025-08-30T08:08:54.000Z</time>
      </trkpt>
      <trkpt lat="49.024701" lon="15.006754">
        <time>2025-08-30T08:08:55.000Z</time>
      </trkpt>
      <trkpt lat="49.024729" lon="15.006757">
        <time>2025-08-30T08:08:56.000Z</time>
      </trkpt>
      <trkpt lat="49.024753" lon="15.006777">
        <time>2025-08-30T08:08:57.000Z</time>
      </trkpt>
      <trkpt lat="49.024775" lon="15.006799">
        <time>2025-08-30T08:08:58.000Z</time>
      </trkpt>
      <trkpt lat="49.024794" lon="15.006814">
        <time>2025-08-30T08:08:59.000Z</time>
      </trkpt>
      <trkpt lat="49.024817" lon="15.006829">
        <time>2025-08-30T08:09:00.000Z</time>
      </trkpt>
      <trkpt lat="49.02484" lon="15.006856">
        <time>2025-08-30T08:09:01.000Z</time>
      </trkpt>
      <trkpt lat="49.024863" lon="15.006892">
        <time>2025-08-30T08:09:02.000Z</time>
      </trkpt>
      <trkpt lat="49.02488" lon="15.006928">
        <time>2025-08-30T08:09:03.000Z</time>
      </trkpt>
      <trkpt lat="49.024905" lon="15.006946">
        <time>2025-08-30T08:09:04.000Z</time>
      </trkpt>
      <trkpt lat="49.024924" lon="15.006961">
        <time>2025-08-30T08:09:05.000Z</time>
      </trkpt>
      <trkpt lat="49.024944" lon="15.00698">
        <time>2025-08-30T08:09:06.000Z</time>
      </trkpt>
      <trkpt lat="49.02496" lon="15.007008">
        <time>2025-08-30T08:09:07.000Z</time>
      </trkpt>
      <trkpt lat="49.024977" lon="15.007029">
        <time>2025-08-30T08:09:08.000Z</time>
      </trkpt>
      <trkpt lat="49.024991" lon="15.007036">
        <time>2025-08-30T08:09:09.000Z</time>
      </trkpt>
      <trkpt lat="49.025013" lon="15.007042">
        <time>2025-08-30T08:09:10.000Z</time>
      </trkpt>
      <trkpt lat="49.025029" lon="15.007054">
        <time>2025-08-30T08:09:11.000Z</time>
      </trkpt>
      <trkpt lat="49.025045" lon="15.007091">
        <time>2025-08-30T08:09:12.000Z</time>
      </trkpt>
      <trkpt lat="49.025058" lon="15.007119">
        <time>2025-08-30T08:09:13.000Z</time>
      </trkpt>
      <trkpt lat="49.02507" lon="15.007142">
        <time>2025-08-30T08:09:14.000Z</time>
      </trkpt>
      <trkpt lat="49.025082" lon="15.007168">
        <time>2025-08-30T08:09:15.000Z</time>
      </trkpt>
      <trkpt lat="49.025092" lon="15.007204">
        <time>2025-08-30T08:09:16.000Z</time>
      </trkpt>
      <trkpt lat="49.025101" lon="15.00723">
        <time>2025-08-30T08:09:17.000Z</time>
      </trkpt>
      <trkpt lat="49.025106" lon="15.007275">
        <time>2025-08-30T08:09:18.000Z</time>
      </trkpt>
      <trkpt lat="49.025107" lon="15.007309">
        <time>2025-08-30T08:09:19.000Z</time>
      </trkpt>
      <trkpt lat="49.025109" lon="15.00734">
        <time>2025-08-30T08:09:20.000Z</time>
      </trkpt>
      <trkpt lat="49.025114" lon="15.007367">
        <time>2025-08-30T08:09:21.000Z</time>
      </trkpt>
      <trkpt lat="49.025119" lon="15.007404">
        <time>2025-08-30T08:09:22.000Z</time>
      </trkpt>
      <trkpt lat="49.025126" lon="15.007442">
        <time>2025-08-30T08:09:23.000Z</time>
      </trkpt>
      <trkpt lat="49.025139" lon="15.007476">
        <time>2025-08-30T08:09:24.000Z</time>
      </trkpt>
      <trkpt lat="49.025147" lon="15.007504">
        <time>2025-08-30T08:09:25.000Z</time>
      </trkpt>
      <trkpt lat="49.02516" lon="15.007535">
        <time>2025-08-30T08:09:26.000Z</time>
      </trkpt>
      <trkpt lat="49.02517" lon="15.007561">
        <time>2025-08-30T08:09:27.000Z</time>
      </trkpt>
      <trkpt lat="49.02518" lon="15.007593">
        <time>2025-08-30T08:09:28.000Z</time>
      </trkpt>
      <trkpt lat="49.025186" lon="15.00762">
        <time>2025-08-30T08:09:29.000Z</time>
      </trkpt>
      <trkpt lat="49.025195" lon="15.007655">
        <time>2025-08-30T08:09:30.000Z</time>
      </trkpt>
      <trkpt lat="49.025217" lon="15.007683">
        <time>2025-08-30T08:09:31.000Z</time>
      </trkpt>
      <trkpt lat="49.025233" lon="15.007706">
        <time>2025-08-30T08:09:32.000Z</time>
      </trkpt>
      <trkpt lat="49.02525" lon="15.007732">
        <time>2025-08-30T08:09:33.000Z</time>
      </trkpt>
      <trkpt lat="49.025267" lon="15.007762">
        <time>2025-08-30T08:09:34.000Z</time>
      </trkpt>
      <trkpt lat="49.025283" lon="15.007798">
        <time>2025-08-30T08:09:35.000Z</time>
      </trkpt>
      <trkpt lat="49.025291" lon="15.007835">
        <time>2025-08-30T08:09:36.000Z</time>
      </trkpt>
      <trkpt lat="49.025307" lon="15.007864">
        <time>2025-08-30T08:09:37.000Z</time>
      </trkpt>
      <trkpt lat="49.025325" lon="15.00789">
        <time>2025-08-30T08:09:38.000Z</time>
      </trkpt>
      <trkpt lat="49.025346" lon="15.007925">
        <time>2025-08-30T08:09:39.000Z</time>
      </trkpt>
      <trkpt lat="49.025358" lon="15.007965">
        <time>2025-08-30T08:09:40.000Z</time>
      </trkpt>
      <trkpt lat="49.025371" lon="15.007988">
        <time>2025-08-30T08:09:41.000Z</time>
      </trkpt>
      <trkpt lat="49.025386" lon="15.008024">
        <time>2025-08-30T08:09:42.000Z</time>
      </trkpt>
      <trkpt lat="49.025394" lon="15.008063">
        <time>2025-08-30T08:09:43.000Z</time>
      </trkpt>
      <trkpt lat="49.02541" lon="15.008109">
        <time>2025-08-30T08:09:44.000Z</time>
      </trkpt>
      <trkpt lat="49.02542" lon="15.008145">
        <time>2025-08-30T08:09:45.000Z</time>
      </trkpt>
      <trkpt lat="49.025431" lon="15.008178">
        <time>2025-08-30T08:09:46.000Z</time>
      </trkpt>
      <trkpt lat="49.02544" lon="15.008206">
        <time>2025-08-30T08:09:47.000Z</time>
      </trkpt>
      <trkpt lat="49.025444" lon="15.008243">
        <time>2025-08-30T08:09:48.000Z</time>
      </trkpt>
      <trkpt lat="49.025459" lon="15.008275">
        <time>2025-08-30T08:09:49.000Z</time>
      </trkpt>
      <trkpt lat="49.025472" lon="15.008302">
        <time>2025-08-30T08:09:50.000Z</time>
      </trkpt>
      <trkpt lat="49.025485" lon="15.008327">
        <time>2025-08-30T08:09:51.000Z</time>
      </trkpt>
      <trkpt lat="49.025495" lon="15.008364">
        <time>2025-08-30T08:09:52.000Z</time>
      </trkpt>
      <trkpt lat="49.025506" lon="15.0084">
        <time>2025-08-30T08:09:53.000Z</time>
      </trkpt>
      <trkpt lat="49.02552" lon="15.008432">
        <time>2025-08-30T08:09:54.000Z</time>
      </trkpt>
      <trkpt lat="49.025539" lon="15.008463">
        <time>2025-08-30T08:09:55.000Z</time>
      </trkpt>
      <trkpt lat="49.025553" lon="15.008495">
        <time>2025-08-30T08:09:56.000Z</time>
      </trkpt>
      <trkpt lat="49.025568" lon="15.00853">
        <time>2025-08-30T08:09:57.000Z</time>
      </trkpt>
      <trkpt lat="49.025574" lon="15.008566">
        <time>2025-08-30T08:09:58.000Z</time>
      </trkpt>
      <trkpt lat="49.025584" lon="15.008603">
        <time>2025-08-30T08:09:59.000Z</time>
      </trkpt>
      <trkpt lat="49.025587" lon="15.008635">
        <time>2025-08-30T08:10:00.000Z</time>
      </trkpt>
      <trkpt lat="49.025601" lon="15.008659">
        <time>2025-08-30T08:10:01.000Z</time>
      </trkpt>
      <trkpt lat="49.025611" lon="15.008701">
        <time>2025-08-30T08:10:02.000Z</time>
      </trkpt>
      <trkpt lat="49.025616" lon="15.008742">
        <time>2025-08-30T08:10:03.000Z</time>
      </trkpt>
      <trkpt lat="49.025623" lon="15.008779">
        <time>2025-08-30T08:10:04.000Z</time>
      </trkpt>
      <trkpt lat="49.025631" lon="15.008815">
        <time>2025-08-30T08:10:05.000Z</time>
      </trkpt>
      <trkpt lat="49.025642" lon="15.008848">
        <time>2025-08-30T08:10:06.000Z</time>
      </trkpt>
      <trkpt lat="49.025654" lon="15.008884">
        <time>2025-08-30T08:10:07.000Z</time>
      </trkpt>
      <trkpt lat="49.025656" lon="15.008925">
        <time>2025-08-30T08:10:08.000Z</time>
      </trkpt>
      <trkpt lat="49.025663" lon="15.008958">
        <time>2025-08-30T08:10:09.000Z</time>
      </trkpt>
      <trkpt lat="49.025673" lon="15.008992">
        <time>2025-08-30T08:10:10.000Z</time>
      </trkpt>
      <trkpt lat="49.025684" lon="15.009026">
        <time>2025-08-30T08:10:11.000Z</time>
      </trkpt>
      <trkpt lat="49.025689" lon="15.009061">
        <time>2025-08-30T08:10:12.000Z</time>
      </trkpt>
      <trkpt lat="49.025699" lon="15.009098">
        <time>2025-08-30T08:10:13.000Z</time>
      </trkpt>
      <trkpt lat="49.025707" lon="15.009125">
        <time>2025-08-30T08:10:14.000Z</time>
      </trkpt>
      <trkpt lat="49.025716" lon="15.009158">
        <time>2025-08-30T08:10:15.000Z</time>
      </trkpt>
      <trkpt lat="49.025731" lon="15.009193">
        <time>2025-08-30T08:10:16.000Z</time>
      </trkpt>
      <trkpt lat="49.025742" lon="15.00923">
        <time>2025-08-30T08:10:17.000Z</time>
      </trkpt>
      <trkpt lat="49.02575" lon="15.009263">
        <time>2025-08-30T08:10:18.000Z</time>
      </trkpt>
      <trkpt lat="49.025763" lon="15.009288">
        <time>2025-08-30T08:10:19.000Z</time>
      </trkpt>
      <trkpt lat="49.025775" lon="15.009313">
        <time>2025-08-30T08:10:20.000Z</time>
      </trkpt>
      <trkpt lat="49.025776" lon="15.009355">
        <time>2025-08-30T08:10:21.000Z</time>
      </trkpt>
      <trkpt lat="49.025779" lon="15.009389">
        <time>2025-08-30T08:10:22.000Z</time>
      </trkpt>
      <trkpt lat="49.025778" lon="15.009421">
        <time>2025-08-30T08:10:23.000Z</time>
      </trkpt>
      <trkpt lat="49.025777" lon="15.009456">
        <time>2025-08-30T08:10:24.000Z</time>
      </trkpt>
      <trkpt lat="49.02578" lon="15.009498">
        <time>2025-08-30T08:10:25.000Z</time>
      </trkpt>
      <trkpt lat="49.025787" lon="15.009543">
        <time>2025-08-30T08:10:26.000Z</time>
      </trkpt>
      <trkpt lat="49.02579" lon="15.009588">
        <time>2025-08-30T08:10:27.000Z</time>
      </trkpt>
      <trkpt lat="49.025796" lon="15.009622">
        <time>2025-08-30T08:10:28.000Z</time>
      </trkpt>
      <trkpt lat="49.025804" lon="15.00965">
        <time>2025-08-30T08:10:29.000Z</time>
      </trkpt>
      <trkpt lat="49.025809" lon="15.009683">
        <time>2025-08-30T08:10:30.000Z</time>
      </trkpt>
      <trkpt lat="49.025816" lon="15.00971">
        <time>2025-08-30T08:10:31.000Z</time>
      </trkpt>
      <trkpt lat="49.025824" lon="15.009757">
        <time>2025-08-30T08:10:32.000Z</time>
      </trkpt>
      <trkpt lat="49.025834" lon="15.009785">
        <time>2025-08-30T08:10:33.000Z</time>
      </trkpt>
      <trkpt lat="49.025845" lon="15.009831">
        <time>2025-08-30T08:10:34.000Z</time>
      </trkpt>
      <trkpt lat="49.025855" lon="15.00987">
        <time>2025-08-30T08:10:35.000Z</time>
      </trkpt>
      <trkpt lat="49.025865" lon="15.009909">
        <time>2025-08-30T08:10:36.000Z</time>
      </trkpt>
      <trkpt lat="49.025883" lon="15.009948">
        <time>2025-08-30T08:10:37.000Z</time>
      </trkpt>
      <trkpt lat="49.025895" lon="15.00998">
        <time>2025-08-30T08:10:38.000Z</time>
      </trkpt>
      <trkpt lat="49.025908" lon="15.010011">
        <time>2025-08-30T08:10:39.000Z</time>
      </trkpt>
      <trkpt lat="49.02592" lon="15.010041">
        <time>2025-08-30T08:10:40.000Z</time>
      </trkpt>
      <trkpt lat="49.025941" lon="15.010081">
        <time>2025-08-30T08:10:41.000Z</time>
      </trkpt>
      <trkpt lat="49.025962" lon="15.010124">
        <time>2025-08-30T08:10:42.000Z</time>
      </trkpt>
      <trkpt lat="49.025989" lon="15.010152">
        <time>2025-08-30T08:10:43.000Z</time>
      </trkpt>
      <trkpt lat="49.02602" lon="15.010189">
        <time>2025-08-30T08:10:44.000Z</time>
      </trkpt>
      <trkpt lat="49.026051" lon="15.01022">
        <time>2025-08-30T08:10:45.000Z</time>
      </trkpt>
      <trkpt lat="49.02608" lon="15.010242">
        <time>2025-08-30T08:10:46.000Z</time>
      </trkpt>
      <trkpt lat="49.026109" lon="15.010257">
        <time>2025-08-30T08:10:47.000Z</time>
      </trkpt>
      <trkpt lat="49.026143" lon="15.010285">
        <time>2025-08-30T08:10:48.000Z</time>
      </trkpt>
      <trkpt lat="49.026172" lon="15.010306">
        <time>2025-08-30T08:10:49.000Z</time>
      </trkpt>
      <trkpt lat="49.0262" lon="15.010315">
        <time>2025-08-30T08:10:50.000Z</time>
      </trkpt>
      <trkpt lat="49.026223" lon="15.010333">
        <time>2025-08-30T08:10:51.000Z</time>
      </trkpt>
      <trkpt lat="49.026253" lon="15.010358">
        <time>2025-08-30T08:10:52.000Z</time>
      </trkpt>
      <trkpt lat="49.026284" lon="15.010389">
        <time>2025-08-30T08:10:53.000Z</time>
      </trkpt>
      <trkpt lat="49.026316" lon="15.010405">
        <time>2025-08-30T08:10:54.000Z</time>
      </trkpt>
      <trkpt lat="49.026346" lon="15.010417">
        <time>2025-08-30T08:10:55.000Z</time>
      </trkpt>
      <trkpt lat="49.026378" lon="15.010425">
        <time>2025-08-30T08:10:56.000Z</time>
      </trkpt>
      <trkpt lat="49.026404" lon="15.01043">
        <time>2025-08-30T08:10:57.000Z</time>
      </trkpt>
      <trkpt lat="49.026426" lon="15.010452">
        <time>2025-08-30T08:10:58.000Z</time>
      </trkpt>
      <trkpt lat="49.026441" lon="15.010464">
        <time>2025-08-30T08:10:59.000Z</time>
      </trkpt>
      <trkpt lat="49.026448" lon="15.01047">
        <time>2025-08-30T08:11:00.000Z</time>
      </trkpt>
      <trkpt lat="49.026448" lon="15.010468">
        <time>2025-08-30T08:11:01.000Z</time>
      </trkpt>
      <trkpt lat="49.026447" lon="15.010461">
        <time>2025-08-30T08:11:02.000Z</time>
      </trkpt>
      <trkpt lat="49.026452" lon="15.010466">
        <time>2025-08-30T08:11:03.000Z</time>
      </trkpt>
      <trkpt lat="49.026454" lon="15.010477">
        <time>2025-08-30T08:11:04.000Z</time>
      </trkpt>
      <trkpt lat="49.026459" lon="15.010486">
        <time>2025-08-30T08:11:05.000Z</time>
      </trkpt>
      <trkpt lat="49.02647" lon="15.010499">
        <time>2025-08-30T08:11:06.000Z</time>
      </trkpt>
      <trkpt lat="49.026482" lon="15.010515">
        <time>2025-08-30T08:11:07.000Z</time>
      </trkpt>
      <trkpt lat="49.026495" lon="15.010531">
        <time>2025-08-30T08:11:08.000Z</time>
      </trkpt>
      <trkpt lat="49.026507" lon="15.010546">
        <time>2025-08-30T08:11:09.000Z</time>
      </trkpt>
      <trkpt lat="49.02652" lon="15.010564">
        <time>2025-08-30T08:11:10.000Z</time>
      </trkpt>
      <trkpt lat="49.026533" lon="15.010579">
        <time>2025-08-30T08:11:11.000Z</time>
      </trkpt>
      <trkpt lat="49.026545" lon="15.010594">
        <time>2025-08-30T08:11:12.000Z</time>
      </trkpt>
      <trkpt lat="49.026556" lon="15.010607">
        <time>2025-08-30T08:11:13.000Z</time>
      </trkpt>
      <trkpt lat="49.026566" lon="15.01062">
        <time>2025-08-30T08:11:14.000Z</time>
      </trkpt>
      <trkpt lat="49.026577" lon="15.010639">
        <time>2025-08-30T08:11:15.000Z</time>
      </trkpt>
      <trkpt lat="49.026584" lon="15.010653">
        <time>2025-08-30T08:11:16.000Z</time>
      </trkpt>
      <trkpt lat="49.02659" lon="15.010661">
        <time>2025-08-30T08:11:17.000Z</time>
      </trkpt>
      <trkpt lat="49.026596" lon="15.010675">
        <time>2025-08-30T08:11:18.000Z</time>
      </trkpt>
      <trkpt lat="49.026603" lon="15.010695">
        <time>2025-08-30T08:11:19.000Z</time>
      </trkpt>
      <trkpt lat="49.026609" lon="15.010718">
        <time>2025-08-30T08:11:20.000Z</time>
      </trkpt>
      <trkpt lat="49.026617" lon="15.010744">
        <time>2025-08-30T08:11:21.000Z</time>
      </trkpt>
      <trkpt lat="49.026622" lon="15.010758">
        <time>2025-08-30T08:11:22.000Z</time>
      </trkpt>
      <trkpt lat="49.026629" lon="15.010774">
        <time>2025-08-30T08:11:23.000Z</time>
      </trkpt>
      <trkpt lat="49.026636" lon="15.010789">
        <time>2025-08-30T08:11:24.000Z</time>
      </trkpt>
      <trkpt lat="49.026639" lon="15.010798">
        <time>2025-08-30T08:11:25.000Z</time>
      </trkpt>
      <trkpt lat="49.026645" lon="15.010814">
        <time>2025-08-30T08:11:26.000Z</time>
      </trkpt>
      <trkpt lat="49.02665" lon="15.010844">
        <time>2025-08-30T08:11:27.000Z</time>
      </trkpt>
      <trkpt lat="49.026657" lon="15.010875">
        <time>2025-08-30T08:11:28.000Z</time>
      </trkpt>
      <trkpt lat="49.026659" lon="15.010903">
        <time>2025-08-30T08:11:29.000Z</time>
      </trkpt>
      <trkpt lat="49.026653" lon="15.010945">
        <time>2025-08-30T08:11:30.000Z</time>
      </trkpt>
      <trkpt lat="49.02665" lon="15.010985">
        <time>2025-08-30T08:11:31.000Z</time>
      </trkpt>
      <trkpt lat="49.026635" lon="15.01102">
        <time>2025-08-30T08:11:32.000Z</time>
      </trkpt>
      <trkpt lat="49.026624" lon="15.011052">
        <time>2025-08-30T08:11:33.000Z</time>
      </trkpt>
      <trkpt lat="49.026612" lon="15.011093">
        <time>2025-08-30T08:11:34.000Z</time>
      </trkpt>
      <trkpt lat="49.026597" lon="15.011159">
        <time>2025-08-30T08:11:35.000Z</time>
      </trkpt>
      <trkpt lat="49.026587" lon="15.011203">
        <time>2025-08-30T08:11:36.000Z</time>
      </trkpt>
      <trkpt lat="49.026577" lon="15.011243">
        <time>2025-08-30T08:11:37.000Z</time>
      </trkpt>
      <trkpt lat="49.026569" lon="15.011278">
        <time>2025-08-30T08:11:38.000Z</time>
      </trkpt>
      <trkpt lat="49.026565" lon="15.011317">
        <time>2025-08-30T08:11:39.000Z</time>
      </trkpt>
      <trkpt lat="49.026541" lon="15.011359">
        <time>2025-08-30T08:11:40.000Z</time>
      </trkpt>
      <trkpt lat="49.02653" lon="15.011392">
        <time>2025-08-30T08:11:41.000Z</time>
      </trkpt>
      <trkpt lat="49.026518" lon="15.011436">
        <time>2025-08-30T08:11:42.000Z</time>
      </trkpt>
      <trkpt lat="49.026506" lon="15.011478">
        <time>2025-08-30T08:11:43.000Z</time>
      </trkpt>
      <trkpt lat="49.026483" lon="15.011525">
        <time>2025-08-30T08:11:44.000Z</time>
      </trkpt>
      <trkpt lat="49.026469" lon="15.011559">
        <time>2025-08-30T08:11:45.000Z</time>
      </trkpt>
      <trkpt lat="49.026436" lon="15.011598">
        <time>2025-08-30T08:11:46.000Z</time>
      </trkpt>
      <trkpt lat="49.026417" lon="15.011634">
        <time>2025-08-30T08:11:47.000Z</time>
      </trkpt>
      <trkpt lat="49.026401" lon="15.011672">
        <time>2025-08-30T08:11:48.000Z</time>
      </trkpt>
      <trkpt lat="49.026386" lon="15.011711">
        <time>2025-08-30T08:11:49.000Z</time>
      </trkpt>
      <trkpt lat="49.026367" lon="15.011764">
        <time>2025-08-30T08:11:50.000Z</time>
      </trkpt>
      <trkpt lat="49.02635" lon="15.011813">
        <time>2025-08-30T08:11:51.000Z</time>
      </trkpt>
      <trkpt lat="49.026334" lon="15.011858">
        <time>2025-08-30T08:11:52.000Z</time>
      </trkpt>
      <trkpt lat="49.026318" lon="15.011916">
        <time>2025-08-30T08:11:53.000Z</time>
      </trkpt>
      <trkpt lat="49.026295" lon="15.011961">
        <time>2025-08-30T08:11:54.000Z</time>
      </trkpt>
      <trkpt lat="49.026273" lon="15.011989">
        <time>2025-08-30T08:11:55.000Z</time>
      </trkpt>
      <trkpt lat="49.026257" lon="15.01202">
        <time>2025-08-30T08:11:56.000Z</time>
      </trkpt>
      <trkpt lat="49.026239" lon="15.012069">
        <time>2025-08-30T08:11:57.000Z</time>
      </trkpt>
      <trkpt lat="49.02623" lon="15.012109">
        <time>2025-08-30T08:11:58.000Z</time>
      </trkpt>
      <trkpt lat="49.026222" lon="15.012154">
        <time>2025-08-30T08:11:59.000Z</time>
      </trkpt>
      <trkpt lat="49.026216" lon="15.012188">
        <time>2025-08-30T08:12:00.000Z</time>
      </trkpt>
      <trkpt lat="49.026202" lon="15.012235">
        <time>2025-08-30T08:12:01.000Z</time>
      </trkpt>
      <trkpt lat="49.026184" lon="15.012261">
        <time>2025-08-30T08:12:02.000Z</time>
      </trkpt>
      <trkpt lat="49.026171" lon="15.012298">
        <time>2025-08-30T08:12:03.000Z</time>
      </trkpt>
      <trkpt lat="49.02616" lon="15.01233">
        <time>2025-08-30T08:12:04.000Z</time>
      </trkpt>
      <trkpt lat="49.026147" lon="15.012351">
        <time>2025-08-30T08:12:05.000Z</time>
      </trkpt>
      <trkpt lat="49.026129" lon="15.012369">
        <time>2025-08-30T08:12:06.000Z</time>
      </trkpt>
      <trkpt lat="49.026119" lon="15.012374">
        <time>2025-08-30T08:12:07.000Z</time>
      </trkpt>
      <trkpt lat="49.026107" lon="15.012374">
        <time>2025-08-30T08:12:08.000Z</time>
      </trkpt>
      <trkpt lat="49.026097" lon="15.012381">
        <time>2025-08-30T08:12:09.000Z</time>
      </trkpt>
      <trkpt lat="49.026088" lon="15.012378">
        <time>2025-08-30T08:12:10.000Z</time>
      </trkpt>
      <trkpt lat="49.026084" lon="15.012375">
        <time>2025-08-30T08:12:11.000Z</time>
      </trkpt>
      <trkpt lat="49.026081" lon="15.012375">
        <time>2025-08-30T08:12:12.000Z</time>
      </trkpt>
      <trkpt lat="49.02608" lon="15.012381">
        <time>2025-08-30T08:12:13.000Z</time>
      </trkpt>
      <trkpt lat="49.026078" lon="15.012385">
        <time>2025-08-30T08:12:14.000Z</time>
      </trkpt>
      <trkpt lat="49.026075" lon="15.012385">
        <time>2025-08-30T08:12:15.000Z</time>
      </trkpt>
      <trkpt lat="49.026071" lon="15.012386">
        <time>2025-08-30T08:12:16.000Z</time>
      </trkpt>
      <trkpt lat="49.026065" lon="15.012387">
        <time>2025-08-30T08:12:17.000Z</time>
      </trkpt>
      <trkpt lat="49.026062" lon="15.012387">
        <time>2025-08-30T08:12:18.000Z</time>
      </trkpt>
      <trkpt lat="49.026062" lon="15.012387">
        <time>2025-08-30T08:12:19.000Z</time>
      </trkpt>
      <trkpt lat="49.026063" lon="15.012375">
        <time>2025-08-30T08:12:20.000Z</time>
      </trkpt>
      <trkpt lat="49.026059" lon="15.012378">
        <time>2025-08-30T08:12:21.000Z</time>
      </trkpt>
      <trkpt lat="49.026055" lon="15.01237">
        <time>2025-08-30T08:12:22.000Z</time>
      </trkpt>
      <trkpt lat="49.026048" lon="15.012357">
        <time>2025-08-30T08:12:23.000Z</time>
      </trkpt>
      <trkpt lat="49.026039" lon="15.012344">
        <time>2025-08-30T08:12:24.000Z</time>
      </trkpt>
      <trkpt lat="49.026035" lon="15.012335">
        <time>2025-08-30T08:12:25.000Z</time>
      </trkpt>
      <trkpt lat="49.02603" lon="15.012325">
        <time>2025-08-30T08:12:26.000Z</time>
      </trkpt>
      <trkpt lat="49.026023" lon="15.012317">
        <time>2025-08-30T08:12:27.000Z</time>
      </trkpt>
      <trkpt lat="49.026022" lon="15.012302">
        <time>2025-08-30T08:12:28.000Z</time>
      </trkpt>
      <trkpt lat="49.026014" lon="15.012302">
        <time>2025-08-30T08:12:29.000Z</time>
      </trkpt>
      <trkpt lat="49.026009" lon="15.012304">
        <time>2025-08-30T08:12:30.000Z</time>
      </trkpt>
      <trkpt lat="49.026005" lon="15.0123">
        <time>2025-08-30T08:12:31.000Z</time>
      </trkpt>
      <trkpt lat="49.026" lon="15.012298">
        <time>2025-08-30T08:12:32.000Z</time>
      </trkpt>
      <trkpt lat="49.025991" lon="15.012298">
        <time>2025-08-30T08:12:33.000Z</time>
      </trkpt>
      <trkpt lat="49.025985" lon="15.012292">
        <time>2025-08-30T08:12:34.000Z</time>
      </trkpt>
      <trkpt lat="49.025982" lon="15.01229">
        <time>2025-08-30T08:12:35.000Z</time>
      </trkpt>
      <trkpt lat="49.025985" lon="15.012297">
        <time>2025-08-30T08:12:36.000Z</time>
      </trkpt>
      <trkpt lat="49.025991" lon="15.012301">
        <time>2025-08-30T08:12:37.000Z</time>
      </trkpt>
      <trkpt lat="49.02602" lon="15.012334">
        <time>2025-08-30T08:12:38.000Z</time>
      </trkpt>
      <trkpt lat="49.026045" lon="15.012363">
        <time>2025-08-30T08:12:39.000Z</time>
      </trkpt>
      <trkpt lat="49.026075" lon="15.012374">
        <time>2025-08-30T08:12:40.000Z</time>
      </trkpt>
      <trkpt lat="49.026119" lon="15.012357">
        <time>2025-08-30T08:12:41.000Z</time>
      </trkpt>
      <trkpt lat="49.026148" lon="15.01236">
        <time>2025-08-30T08:12:42.000Z</time>
      </trkpt>
      <trkpt lat="49.02618" lon="15.012358">
        <time>2025-08-30T08:12:43.000Z</time>
      </trkpt>
      <trkpt lat="49.02621" lon="15.012351">
        <time>2025-08-30T08:12:44.000Z</time>
      </trkpt>
      <trkpt lat="49.026241" lon="15.012341">
        <time>2025-08-30T08:12:45.000Z</time>
      </trkpt>
      <trkpt lat="49.026273" lon="15.012329">
        <time>2025-08-30T08:12:46.000Z</time>
      </trkpt>
      <trkpt lat="49.026307" lon="15.012289">
        <time>2025-08-30T08:12:47.000Z</time>
      </trkpt>
      <trkpt lat="49.026344" lon="15.012274">
        <time>2025-08-30T08:12:48.000Z</time>
      </trkpt>
      <trkpt lat="49.026378" lon="15.012254">
        <time>2025-08-30T08:12:49.000Z</time>
      </trkpt>
      <trkpt lat="49.026415" lon="15.012249">
        <time>2025-08-30T08:12:50.000Z</time>
      </trkpt>
      <trkpt lat="49.026455" lon="15.012249">
        <time>2025-08-30T08:12:51.000Z</time>
      </trkpt>
      <trkpt lat="49.026488" lon="15.012241">
        <time>2025-08-30T08:12:52.000Z</time>
      </trkpt>
      <trkpt lat="49.026519" lon="15.012216">
        <time>2025-08-30T08:12:53.000Z</time>
      </trkpt>
      <trkpt lat="49.026551" lon="15.012195">
        <time>2025-08-30T08:12:54.000Z</time>
      </trkpt>
      <trkpt lat="49.026573" lon="15.012171">
        <time>2025-08-30T08:12:55.000Z</time>
      </trkpt>
      <trkpt lat="49.0266" lon="15.012145">
        <time>2025-08-30T08:12:56.000Z</time>
      </trkpt>
      <trkpt lat="49.026632" lon="15.012117">
        <time>2025-08-30T08:12:57.000Z</time>
      </trkpt>
      <trkpt lat="49.026661" lon="15.012094">
        <time>2025-08-30T08:12:58.000Z</time>
      </trkpt>
      <trkpt lat="49.026685" lon="15.012073">
        <time>2025-08-30T08:12:59.000Z</time>
      </trkpt>
      <trkpt lat="49.026719" lon="15.012046">
        <time>2025-08-30T08:13:00.000Z</time>
      </trkpt>
      <trkpt lat="49.026751" lon="15.012027">
        <time>2025-08-30T08:13:01.000Z</time>
      </trkpt>
      <trkpt lat="49.026781" lon="15.012007">
        <time>2025-08-30T08:13:02.000Z</time>
      </trkpt>
      <trkpt lat="49.026807" lon="15.011981">
        <time>2025-08-30T08:13:03.000Z</time>
      </trkpt>
      <trkpt lat="49.02684" lon="15.011966">
        <time>2025-08-30T08:13:04.000Z</time>
      </trkpt>
      <trkpt lat="49.026859" lon="15.01195">
        <time>2025-08-30T08:13:05.000Z</time>
      </trkpt>
      <trkpt lat="49.026886" lon="15.011924">
        <time>2025-08-30T08:13:06.000Z</time>
      </trkpt>
      <trkpt lat="49.026921" lon="15.0119">
        <time>2025-08-30T08:13:07.000Z</time>
      </trkpt>
      <trkpt lat="49.026946" lon="15.01188">
        <time>2025-08-30T08:13:08.000Z</time>
      </trkpt>
      <trkpt lat="49.026966" lon="15.011855">
        <time>2025-08-30T08:13:09.000Z</time>
      </trkpt>
      <trkpt lat="49.026989" lon="15.011827">
        <time>2025-08-30T08:13:10.000Z</time>
      </trkpt>
      <trkpt lat="49.027014" lon="15.011795">
        <time>2025-08-30T08:13:11.000Z</time>
      </trkpt>
      <trkpt lat="49.027034" lon="15.011765">
        <time>2025-08-30T08:13:12.000Z</time>
      </trkpt>
      <trkpt lat="49.027051" lon="15.011723">
        <time>2025-08-30T08:13:13.000Z</time>
      </trkpt>
      <trkpt lat="49.027066" lon="15.011678">
        <time>2025-08-30T08:13:14.000Z</time>
      </trkpt>
      <trkpt lat="49.02709" lon="15.011645">
        <time>2025-08-30T08:13:15.000Z</time>
      </trkpt>
      <trkpt lat="49.027109" lon="15.011615">
        <time>2025-08-30T08:13:16.000Z</time>
      </trkpt>
      <trkpt lat="49.027139" lon="15.01158">
        <time>2025-08-30T08:13:17.000Z</time>
      </trkpt>
      <trkpt lat="49.027168" lon="15.011559">
        <time>2025-08-30T08:13:18.000Z</time>
      </trkpt>
      <trkpt lat="49.027192" lon="15.011536">
        <time>2025-08-30T08:13:19.000Z</time>
      </trkpt>
      <trkpt lat="49.027217" lon="15.011507">
        <time>2025-08-30T08:13:20.000Z</time>
      </trkpt>
      <trkpt lat="49.027254" lon="15.011484">
        <time>2025-08-30T08:13:21.000Z</time>
      </trkpt>
      <trkpt lat="49.027279" lon="15.011461">
        <time>2025-08-30T08:13:22.000Z</time>
      </trkpt>
      <trkpt lat="49.027304" lon="15.011447">
        <time>2025-08-30T08:13:23.000Z</time>
      </trkpt>
      <trkpt lat="49.02733" lon="15.011424">
        <time>2025-08-30T08:13:24.000Z</time>
      </trkpt>
      <trkpt lat="49.027352" lon="15.011387">
        <time>2025-08-30T08:13:25.000Z</time>
      </trkpt>
      <trkpt lat="49.027371" lon="15.011351">
        <time>2025-08-30T08:13:26.000Z</time>
      </trkpt>
      <trkpt lat="49.02739" lon="15.011301">
        <time>2025-08-30T08:13:27.000Z</time>
      </trkpt>
      <trkpt lat="49.027411" lon="15.01126">
        <time>2025-08-30T08:13:28.000Z</time>
      </trkpt>
      <trkpt lat="49.027426" lon="15.011221">
        <time>2025-08-30T08:13:29.000Z</time>
      </trkpt>
      <trkpt lat="49.027437" lon="15.011181">
        <time>2025-08-30T08:13:30.000Z</time>
      </trkpt>
      <trkpt lat="49.027439" lon="15.011127">
        <time>2025-08-30T08:13:31.000Z</time>
      </trkpt>
      <trkpt lat="49.027439" lon="15.011076">
        <time>2025-08-30T08:13:32.000Z</time>
      </trkpt>
      <trkpt lat="49.027443" lon="15.011035">
        <time>2025-08-30T08:13:33.000Z</time>
      </trkpt>
      <trkpt lat="49.027455" lon="15.010982">
        <time>2025-08-30T08:13:34.000Z</time>
      </trkpt>
      <trkpt lat="49.027461" lon="15.010948">
        <time>2025-08-30T08:13:35.000Z</time>
      </trkpt>
      <trkpt lat="49.027476" lon="15.010903">
        <time>2025-08-30T08:13:36.000Z</time>
      </trkpt>
      <trkpt lat="49.027491" lon="15.010858">
        <time>2025-08-30T08:13:37.000Z</time>
      </trkpt>
      <trkpt lat="49.027512" lon="15.010824">
        <time>2025-08-30T08:13:38.000Z</time>
      </trkpt>
      <trkpt lat="49.02753" lon="15.010794">
        <time>2025-08-30T08:13:39.000Z</time>
      </trkpt>
      <trkpt lat="49.027549" lon="15.010755">
        <time>2025-08-30T08:13:40.000Z</time>
      </trkpt>
      <trkpt lat="49.027569" lon="15.010713">
        <time>2025-08-30T08:13:41.000Z</time>
      </trkpt>
      <trkpt lat="49.027584" lon="15.010685">
        <time>2025-08-30T08:13:42.000Z</time>
      </trkpt>
      <trkpt lat="49.027594" lon="15.010645">
        <time>2025-08-30T08:13:43.000Z</time>
      </trkpt>
      <trkpt lat="49.027605" lon="15.010599">
        <time>2025-08-30T08:13:44.000Z</time>
      </trkpt>
      <trkpt lat="49.02762" lon="15.010564">
        <time>2025-08-30T08:13:45.000Z</time>
      </trkpt>
      <trkpt lat="49.027628" lon="15.010538">
        <time>2025-08-30T08:13:46.000Z</time>
      </trkpt>
      <trkpt lat="49.027635" lon="15.010505">
        <time>2025-08-30T08:13:47.000Z</time>
      </trkpt>
      <trkpt lat="49.027642" lon="15.010461">
        <time>2025-08-30T08:13:48.000Z</time>
      </trkpt>
      <trkpt lat="49.027649" lon="15.010426">
        <time>2025-08-30T08:13:49.000Z</time>
      </trkpt>
      <trkpt lat="49.027659" lon="15.010383">
        <time>2025-08-30T08:13:50.000Z</time>
      </trkpt>
      <trkpt lat="49.027669" lon="15.010334">
        <time>2025-08-30T08:13:51.000Z</time>
      </trkpt>
      <trkpt lat="49.027678" lon="15.01029">
        <time>2025-08-30T08:13:52.000Z</time>
      </trkpt>
      <trkpt lat="49.02768" lon="15.010248">
        <time>2025-08-30T08:13:53.000Z</time>
      </trkpt>
      <trkpt lat="49.027686" lon="15.010205">
        <time>2025-08-30T08:13:54.000Z</time>
      </trkpt>
      <trkpt lat="49.027697" lon="15.010157">
        <time>2025-08-30T08:13:55.000Z</time>
      </trkpt>
      <trkpt lat="49.027707" lon="15.010123">
        <time>2025-08-30T08:13:56.000Z</time>
      </trkpt>
      <trkpt lat="49.027717" lon="15.010083">
        <time>2025-08-30T08:13:57.000Z</time>
      </trkpt>
      <trkpt lat="49.027734" lon="15.010046">
        <time>2025-08-30T08:13:58.000Z</time>
      </trkpt>
      <trkpt lat="49.027751" lon="15.010011">
        <time>2025-08-30T08:13:59.000Z</time>
      </trkpt>
      <trkpt lat="49.027767" lon="15.009982">
        <time>2025-08-30T08:14:00.000Z</time>
      </trkpt>
      <trkpt lat="49.027786" lon="15.009948">
        <time>2025-08-30T08:14:01.000Z</time>
      </trkpt>
      <trkpt lat="49.027808" lon="15.009908">
        <time>2025-08-30T08:14:02.000Z</time>
      </trkpt>
      <trkpt lat="49.02783" lon="15.009882">
        <time>2025-08-30T08:14:03.000Z</time>
      </trkpt>
      <trkpt lat="49.027853" lon="15.009842">
        <time>2025-08-30T08:14:04.000Z</time>
      </trkpt>
      <trkpt lat="49.027873" lon="15.009795">
        <time>2025-08-30T08:14:05.000Z</time>
      </trkpt>
      <trkpt lat="49.027893" lon="15.009755">
        <time>2025-08-30T08:14:06.000Z</time>
      </trkpt>
      <trkpt lat="49.027909" lon="15.009728">
        <time>2025-08-30T08:14:07.000Z</time>
      </trkpt>
      <trkpt lat="49.027926" lon="15.009686">
        <time>2025-08-30T08:14:08.000Z</time>
      </trkpt>
      <trkpt lat="49.027946" lon="15.009657">
        <time>2025-08-30T08:14:09.000Z</time>
      </trkpt>
      <trkpt lat="49.027968" lon="15.009618">
        <time>2025-08-30T08:14:10.000Z</time>
      </trkpt>
      <trkpt lat="49.02798" lon="15.009583">
        <time>2025-08-30T08:14:11.000Z</time>
      </trkpt>
      <trkpt lat="49.027994" lon="15.009545">
        <time>2025-08-30T08:14:12.000Z</time>
      </trkpt>
      <trkpt lat="49.028013" lon="15.009512">
        <time>2025-08-30T08:14:13.000Z</time>
      </trkpt>
      <trkpt lat="49.028029" lon="15.009472">
        <time>2025-08-30T08:14:14.000Z</time>
      </trkpt>
      <trkpt lat="49.028037" lon="15.009436">
        <time>2025-08-30T08:14:15.000Z</time>
      </trkpt>
      <trkpt lat="49.028051" lon="15.009397">
        <time>2025-08-30T08:14:16.000Z</time>
      </trkpt>
      <trkpt lat="49.028062" lon="15.009345">
        <time>2025-08-30T08:14:17.000Z</time>
      </trkpt>
      <trkpt lat="49.028076" lon="15.009311">
        <time>2025-08-30T08:14:18.000Z</time>
      </trkpt>
      <trkpt lat="49.028081" lon="15.009281">
        <time>2025-08-30T08:14:19.000Z</time>
      </trkpt>
      <trkpt lat="49.028097" lon="15.009242">
        <time>2025-08-30T08:14:20.000Z</time>
      </trkpt>
      <trkpt lat="49.028117" lon="15.009209">
        <time>2025-08-30T08:14:21.000Z</time>
      </trkpt>
      <trkpt lat="49.028135" lon="15.009182">
        <time>2025-08-30T08:14:22.000Z</time>
      </trkpt>
      <trkpt lat="49.028145" lon="15.009153">
        <time>2025-08-30T08:14:23.000Z</time>
      </trkpt>
      <trkpt lat="49.028158" lon="15.009108">
        <time>2025-08-30T08:14:24.000Z</time>
      </trkpt>
      <trkpt lat="49.028178" lon="15.009083">
        <time>2025-08-30T08:14:25.000Z</time>
      </trkpt>
      <trkpt lat="49.028195" lon="15.009064">
        <time>2025-08-30T08:14:26.000Z</time>
      </trkpt>
      <trkpt lat="49.028216" lon="15.009047">
        <time>2025-08-30T08:14:27.000Z</time>
      </trkpt>
      <trkpt lat="49.028233" lon="15.00902">
        <time>2025-08-30T08:14:28.000Z</time>
      </trkpt>
      <trkpt lat="49.02826" lon="15.008995">
        <time>2025-08-30T08:14:29.000Z</time>
      </trkpt>
      <trkpt lat="49.028288" lon="15.008982">
        <time>2025-08-30T08:14:30.000Z</time>
      </trkpt>
      <trkpt lat="49.028311" lon="15.008981">
        <time>2025-08-30T08:14:31.000Z</time>
      </trkpt>
      <trkpt lat="49.028336" lon="15.008969">
        <time>2025-08-30T08:14:32.000Z</time>
      </trkpt>
      <trkpt lat="49.028364" lon="15.008959">
        <time>2025-08-30T08:14:33.000Z</time>
      </trkpt>
      <trkpt lat="49.028392" lon="15.008947">
        <time>2025-08-30T08:14:34.000Z</time>
      </trkpt>
      <trkpt lat="49.028423" lon="15.008933">
        <time>2025-08-30T08:14:35.000Z</time>
      </trkpt>
      <trkpt lat="49.028448" lon="15.008922">
        <time>2025-08-30T08:14:36.000Z</time>
      </trkpt>
      <trkpt lat="49.028469" lon="15.008901">
        <time>2025-08-30T08:14:37.000Z</time>
      </trkpt>
      <trkpt lat="49.028492" lon="15.008886">
        <time>2025-08-30T08:14:38.000Z</time>
      </trkpt>
      <trkpt lat="49.028516" lon="15.008882">
        <time>2025-08-30T08:14:39.000Z</time>
      </trkpt>
      <trkpt lat="49.028541" lon="15.008877">
        <time>2025-08-30T08:14:40.000Z</time>
      </trkpt>
      <trkpt lat="49.02856" lon="15.008869">
        <time>2025-08-30T08:14:41.000Z</time>
      </trkpt>
      <trkpt lat="49.028583" lon="15.008861">
        <time>2025-08-30T08:14:42.000Z</time>
      </trkpt>
      <trkpt lat="49.028605" lon="15.008845">
        <time>2025-08-30T08:14:43.000Z</time>
      </trkpt>
      <trkpt lat="49.028626" lon="15.008832">
        <time>2025-08-30T08:14:44.000Z</time>
      </trkpt>
      <trkpt lat="49.028648" lon="15.00882">
        <time>2025-08-30T08:14:45.000Z</time>
      </trkpt>
      <trkpt lat="49.02867" lon="15.008805">
        <time>2025-08-30T08:14:46.000Z</time>
      </trkpt>
      <trkpt lat="49.028691" lon="15.008796">
        <time>2025-08-30T08:14:47.000Z</time>
      </trkpt>
      <trkpt lat="49.028724" lon="15.008798">
        <time>2025-08-30T08:14:48.000Z</time>
      </trkpt>
      <trkpt lat="49.028749" lon="15.008787">
        <time>2025-08-30T08:14:49.000Z</time>
      </trkpt>
      <trkpt lat="49.028778" lon="15.008773">
        <time>2025-08-30T08:14:50.000Z</time>
      </trkpt>
      <trkpt lat="49.028804" lon="15.008758">
        <time>2025-08-30T08:14:51.000Z</time>
      </trkpt>
      <trkpt lat="49.028835" lon="15.008746">
        <time>2025-08-30T08:14:52.000Z</time>
      </trkpt>
      <trkpt lat="49.028864" lon="15.008739">
        <time>2025-08-30T08:14:53.000Z</time>
      </trkpt>
      <trkpt lat="49.028896" lon="15.00872">
        <time>2025-08-30T08:14:54.000Z</time>
      </trkpt>
      <trkpt lat="49.028932" lon="15.008699">
        <time>2025-08-30T08:14:55.000Z</time>
      </trkpt>
      <trkpt lat="49.028966" lon="15.008679">
        <time>2025-08-30T08:14:56.000Z</time>
      </trkpt>
      <trkpt lat="49.028994" lon="15.008663">
        <time>2025-08-30T08:14:57.000Z</time>
      </trkpt>
      <trkpt lat="49.029023" lon="15.008641">
        <time>2025-08-30T08:14:58.000Z</time>
      </trkpt>
      <trkpt lat="49.029058" lon="15.008629">
        <time>2025-08-30T08:14:59.000Z</time>
      </trkpt>
      <trkpt lat="49.029089" lon="15.008618">
        <time>2025-08-30T08:15:00.000Z</time>
      </trkpt>
      <trkpt lat="49.029115" lon="15.008606">
        <time>2025-08-30T08:15:01.000Z</time>
      </trkpt>
      <trkpt lat="49.029146" lon="15.008586">
        <time>2025-08-30T08:15:02.000Z</time>
      </trkpt>
      <trkpt lat="49.02917" lon="15.008584">
        <time>2025-08-30T08:15:03.000Z</time>
      </trkpt>
      <trkpt lat="49.0292" lon="15.008584">
        <time>2025-08-30T08:15:04.000Z</time>
      </trkpt>
      <trkpt lat="49.02923" lon="15.008584">
        <time>2025-08-30T08:15:05.000Z</time>
      </trkpt>
      <trkpt lat="49.029264" lon="15.008576">
        <time>2025-08-30T08:15:06.000Z</time>
      </trkpt>
      <trkpt lat="49.029309" lon="15.008572">
        <time>2025-08-30T08:15:07.000Z</time>
      </trkpt>
      <trkpt lat="49.029344" lon="15.008568">
        <time>2025-08-30T08:15:08.000Z</time>
      </trkpt>
      <trkpt lat="49.029376" lon="15.008562">
        <time>2025-08-30T08:15:09.000Z</time>
      </trkpt>
      <trkpt lat="49.029414" lon="15.008557">
        <time>2025-08-30T08:15:10.000Z</time>
      </trkpt>
      <trkpt lat="49.029451" lon="15.008551">
        <time>2025-08-30T08:15:11.000Z</time>
      </trkpt>
      <trkpt lat="49.029481" lon="15.008544">
        <time>2025-08-30T08:15:12.000Z</time>
      </trkpt>
      <trkpt lat="49.029508" lon="15.008531">
        <time>2025-08-30T08:15:13.000Z</time>
      </trkpt>
      <trkpt lat="49.029547" lon="15.008522">
        <time>2025-08-30T08:15:14.000Z</time>
      </trkpt>
      <trkpt lat="49.029578" lon="15.008519">
        <time>2025-08-30T08:15:15.000Z</time>
      </trkpt>
      <trkpt lat="49.029607" lon="15.008505">
        <time>2025-08-30T08:15:16.000Z</time>
      </trkpt>
      <trkpt lat="49.029636" lon="15.008481">
        <time>2025-08-30T08:15:17.000Z</time>
      </trkpt>
      <trkpt lat="49.02967" lon="15.00847">
        <time>2025-08-30T08:15:18.000Z</time>
      </trkpt>
      <trkpt lat="49.029701" lon="15.008453">
        <time>2025-08-30T08:15:19.000Z</time>
      </trkpt>
      <trkpt lat="49.029733" lon="15.008436">
        <time>2025-08-30T08:15:20.000Z</time>
      </trkpt>
      <trkpt lat="49.029765" lon="15.00842">
        <time>2025-08-30T08:15:21.000Z</time>
      </trkpt>
      <trkpt lat="49.029804" lon="15.008407">
        <time>2025-08-30T08:15:22.000Z</time>
      </trkpt>
      <trkpt lat="49.029833" lon="15.008393">
        <time>2025-08-30T08:15:23.000Z</time>
      </trkpt>
      <trkpt lat="49.029864" lon="15.00837">
        <time>2025-08-30T08:15:24.000Z</time>
      </trkpt>
      <trkpt lat="49.029901" lon="15.008345">
        <time>2025-08-30T08:15:25.000Z</time>
      </trkpt>
      <trkpt lat="49.029933" lon="15.008324">
        <time>2025-08-30T08:15:26.000Z</time>
      </trkpt>
      <trkpt lat="49.029953" lon="15.008299">
        <time>2025-08-30T08:15:27.000Z</time>
      </trkpt>
      <trkpt lat="49.029978" lon="15.008267">
        <time>2025-08-30T08:15:28.000Z</time>
      </trkpt>
      <trkpt lat="49.030004" lon="15.00824">
        <time>2025-08-30T08:15:29.000Z</time>
      </trkpt>
      <trkpt lat="49.030025" lon="15.008211">
        <time>2025-08-30T08:15:30.000Z</time>
      </trkpt>
      <trkpt lat="49.030045" lon="15.008188">
        <time>2025-08-30T08:15:31.000Z</time>
      </trkpt>
      <trkpt lat="49.030073" lon="15.008163">
        <time>2025-08-30T08:15:32.000Z</time>
      </trkpt>
      <trkpt lat="49.030096" lon="15.008141">
        <time>2025-08-30T08:15:33.000Z</time>
      </trkpt>
      <trkpt lat="49.030109" lon="15.008114">
        <time>2025-08-30T08:15:34.000Z</time>
      </trkpt>
      <trkpt lat="49.030129" lon="15.008086">
        <time>2025-08-30T08:15:35.000Z</time>
      </trkpt>
      <trkpt lat="49.030165" lon="15.008052">
        <time>2025-08-30T08:15:36.000Z</time>
      </trkpt>
      <trkpt lat="49.030188" lon="15.008022">
        <time>2025-08-30T08:15:37.000Z</time>
      </trkpt>
      <trkpt lat="49.030205" lon="15.00799">
        <time>2025-08-30T08:15:38.000Z</time>
      </trkpt>
      <trkpt lat="49.030224" lon="15.007963">
        <time>2025-08-30T08:15:39.000Z</time>
      </trkpt>
      <trkpt lat="49.030248" lon="15.007929">
        <time>2025-08-30T08:15:40.000Z</time>
      </trkpt>
      <trkpt lat="49.030265" lon="15.007898">
        <time>2025-08-30T08:15:41.000Z</time>
      </trkpt>
      <trkpt lat="49.030281" lon="15.007869">
        <time>2025-08-30T08:15:42.000Z</time>
      </trkpt>
      <trkpt lat="49.030299" lon="15.007838">
        <time>2025-08-30T08:15:43.000Z</time>
      </trkpt>
      <trkpt lat="49.030327" lon="15.00782">
        <time>2025-08-30T08:15:44.000Z</time>
      </trkpt>
      <trkpt lat="49.030354" lon="15.007808">
        <time>2025-08-30T08:15:45.000Z</time>
      </trkpt>
      <trkpt lat="49.030377" lon="15.0078">
        <time>2025-08-30T08:15:46.000Z</time>
      </trkpt>
      <trkpt lat="49.030395" lon="15.007776">
        <time>2025-08-30T08:15:47.000Z</time>
      </trkpt>
      <trkpt lat="49.030426" lon="15.007753">
        <time>2025-08-30T08:15:48.000Z</time>
      </trkpt>
      <trkpt lat="49.030453" lon="15.007728">
        <time>2025-08-30T08:15:49.000Z</time>
      </trkpt>
      <trkpt lat="49.030475" lon="15.00771">
        <time>2025-08-30T08:15:50.000Z</time>
      </trkpt>
      <trkpt lat="49.030494" lon="15.007683">
        <time>2025-08-30T08:15:51.000Z</time>
      </trkpt>
      <trkpt lat="49.030513" lon="15.007649">
        <time>2025-08-30T08:15:52.000Z</time>
      </trkpt>
      <trkpt lat="49.030531" lon="15.007616">
        <time>2025-08-30T08:15:53.000Z</time>
      </trkpt>
      <trkpt lat="49.030546" lon="15.007582">
        <time>2025-08-30T08:15:54.000Z</time>
      </trkpt>
      <trkpt lat="49.030564" lon="15.007558">
        <time>2025-08-30T08:15:55.000Z</time>
      </trkpt>
      <trkpt lat="49.030592" lon="15.007537">
        <time>2025-08-30T08:15:56.000Z</time>
      </trkpt>
      <trkpt lat="49.030617" lon="15.007517">
        <time>2025-08-30T08:15:57.000Z</time>
      </trkpt>
      <trkpt lat="49.030636" lon="15.007489">
        <time>2025-08-30T08:15:58.000Z</time>
      </trkpt>
      <trkpt lat="49.03066" lon="15.007463">
        <time>2025-08-30T08:15:59.000Z</time>
      </trkpt>
      <trkpt lat="49.03069" lon="15.007437">
        <time>2025-08-30T08:16:00.000Z</time>
      </trkpt>
      <trkpt lat="49.030716" lon="15.007422">
        <time>2025-08-30T08:16:01.000Z</time>
      </trkpt>
      <trkpt lat="49.030737" lon="15.007391">
        <time>2025-08-30T08:16:02.000Z</time>
      </trkpt>
      <trkpt lat="49.030769" lon="15.007359">
        <time>2025-08-30T08:16:03.000Z</time>
      </trkpt>
      <trkpt lat="49.030797" lon="15.007333">
        <time>2025-08-30T08:16:04.000Z</time>
      </trkpt>
      <trkpt lat="49.030822" lon="15.007307">
        <time>2025-08-30T08:16:05.000Z</time>
      </trkpt>
      <trkpt lat="49.030852" lon="15.007268">
        <time>2025-08-30T08:16:06.000Z</time>
      </trkpt>
      <trkpt lat="49.030887" lon="15.007248">
        <time>2025-08-30T08:16:07.000Z</time>
      </trkpt>
      <trkpt lat="49.030915" lon="15.007226">
        <time>2025-08-30T08:16:08.000Z</time>
      </trkpt>
      <trkpt lat="49.030941" lon="15.007208">
        <time>2025-08-30T08:16:09.000Z</time>
      </trkpt>
      <trkpt lat="49.030971" lon="15.007186">
        <time>2025-08-30T08:16:10.000Z</time>
      </trkpt>
      <trkpt lat="49.031001" lon="15.007167">
        <time>2025-08-30T08:16:11.000Z</time>
      </trkpt>
      <trkpt lat="49.031017" lon="15.007138">
        <time>2025-08-30T08:16:12.000Z</time>
      </trkpt>
      <trkpt lat="49.031037" lon="15.00711">
        <time>2025-08-30T08:16:13.000Z</time>
      </trkpt>
      <trkpt lat="49.031057" lon="15.007086">
        <time>2025-08-30T08:16:14.000Z</time>
      </trkpt>
      <trkpt lat="49.031053" lon="15.00706">
        <time>2025-08-30T08:16:15.000Z</time>
      </trkpt>
      <trkpt lat="49.031055" lon="15.007028">
        <time>2025-08-30T08:16:16.000Z</time>
      </trkpt>
      <trkpt lat="49.031056" lon="15.007008">
        <time>2025-08-30T08:16:17.000Z</time>
      </trkpt>
      <trkpt lat="49.031067" lon="15.00699">
        <time>2025-08-30T08:16:18.000Z</time>
      </trkpt>
      <trkpt lat="49.031078" lon="15.006964">
        <time>2025-08-30T08:16:19.000Z</time>
      </trkpt>
      <trkpt lat="49.031087" lon="15.006936">
        <time>2025-08-30T08:16:20.000Z</time>
      </trkpt>
      <trkpt lat="49.031096" lon="15.006901">
        <time>2025-08-30T08:16:21.000Z</time>
      </trkpt>
      <trkpt lat="49.031098" lon="15.006869">
        <time>2025-08-30T08:16:22.000Z</time>
      </trkpt>
      <trkpt lat="49.031101" lon="15.006839">
        <time>2025-08-30T08:16:23.000Z</time>
      </trkpt>
      <trkpt lat="49.031107" lon="15.006805">
        <time>2025-08-30T08:16:24.000Z</time>
      </trkpt>
      <trkpt lat="49.031116" lon="15.006755">
        <time>2025-08-30T08:16:25.000Z</time>
      </trkpt>
      <trkpt lat="49.031119" lon="15.006719">
        <time>2025-08-30T08:16:26.000Z</time>
      </trkpt>
      <trkpt lat="49.031122" lon="15.006691">
        <time>2025-08-30T08:16:27.000Z</time>
      </trkpt>
      <trkpt lat="49.031122" lon="15.006649">
        <time>2025-08-30T08:16:28.000Z</time>
      </trkpt>
      <trkpt lat="49.031122" lon="15.006618">
        <time>2025-08-30T08:16:29.000Z</time>
      </trkpt>
      <trkpt lat="49.031126" lon="15.006575">
        <time>2025-08-30T08:16:30.000Z</time>
      </trkpt>
      <trkpt lat="49.031127" lon="15.006538">
        <time>2025-08-30T08:16:31.000Z</time>
      </trkpt>
      <trkpt lat="49.031123" lon="15.006503">
        <time>2025-08-30T08:16:32.000Z</time>
      </trkpt>
      <trkpt lat="49.031115" lon="15.006464">
        <time>2025-08-30T08:16:33.000Z</time>
      </trkpt>
      <trkpt lat="49.031109" lon="15.006427">
        <time>2025-08-30T08:16:34.000Z</time>
      </trkpt>
      <trkpt lat="49.031104" lon="15.006391">
        <time>2025-08-30T08:16:35.000Z</time>
      </trkpt>
      <trkpt lat="49.031099" lon="15.006356">
        <time>2025-08-30T08:16:36.000Z</time>
      </trkpt>
      <trkpt lat="49.031085" lon="15.006328">
        <time>2025-08-30T08:16:37.000Z</time>
      </trkpt>
      <trkpt lat="49.031073" lon="15.006287">
        <time>2025-08-30T08:16:38.000Z</time>
      </trkpt>
      <trkpt lat="49.031065" lon="15.006244">
        <time>2025-08-30T08:16:39.000Z</time>
      </trkpt>
      <trkpt lat="49.031058" lon="15.006209">
        <time>2025-08-30T08:16:40.000Z</time>
      </trkpt>
      <trkpt lat="49.03105" lon="15.006177">
        <time>2025-08-30T08:16:41.000Z</time>
      </trkpt>
      <trkpt lat="49.031043" lon="15.006142">
        <time>2025-08-30T08:16:42.000Z</time>
      </trkpt>
      <trkpt lat="49.031036" lon="15.006114">
        <time>2025-08-30T08:16:43.000Z</time>
      </trkpt>
      <trkpt lat="49.031028" lon="15.006086">
        <time>2025-08-30T08:16:44.000Z</time>
      </trkpt>
      <trkpt lat="49.031033" lon="15.006058">
        <time>2025-08-30T08:16:45.000Z</time>
      </trkpt>
      <trkpt lat="49.03104" lon="15.00602">
        <time>2025-08-30T08:16:46.000Z</time>
      </trkpt>
      <trkpt lat="49.031061" lon="15.005975">
        <time>2025-08-30T08:16:47.000Z</time>
      </trkpt>
      <trkpt lat="49.031071" lon="15.005948">
        <time>2025-08-30T08:16:48.000Z</time>
      </trkpt>
      <trkpt lat="49.031086" lon="15.005909">
        <time>2025-08-30T08:16:49.000Z</time>
      </trkpt>
      <trkpt lat="49.031099" lon="15.005869">
        <time>2025-08-30T08:16:50.000Z</time>
      </trkpt>
      <trkpt lat="49.031116" lon="15.005823">
        <time>2025-08-30T08:16:51.000Z</time>
      </trkpt>
      <trkpt lat="49.031126" lon="15.00579">
        <time>2025-08-30T08:16:52.000Z</time>
      </trkpt>
      <trkpt lat="49.031132" lon="15.005762">
        <time>2025-08-30T08:16:53.000Z</time>
      </trkpt>
      <trkpt lat="49.031134" lon="15.005726">
        <time>2025-08-30T08:16:54.000Z</time>
      </trkpt>
      <trkpt lat="49.031138" lon="15.005694">
        <time>2025-08-30T08:16:55.000Z</time>
      </trkpt>
      <trkpt lat="49.031143" lon="15.005653">
        <time>2025-08-30T08:16:56.000Z</time>
      </trkpt>
      <trkpt lat="49.031148" lon="15.005619">
        <time>2025-08-30T08:16:57.000Z</time>
      </trkpt>
      <trkpt lat="49.031149" lon="15.005592">
        <time>2025-08-30T08:16:58.000Z</time>
      </trkpt>
      <trkpt lat="49.031153" lon="15.005556">
        <time>2025-08-30T08:16:59.000Z</time>
      </trkpt>
      <trkpt lat="49.031166" lon="15.005521">
        <time>2025-08-30T08:17:00.000Z</time>
      </trkpt>
      <trkpt lat="49.031177" lon="15.00548">
        <time>2025-08-30T08:17:01.000Z</time>
      </trkpt>
      <trkpt lat="49.031191" lon="15.00545">
        <time>2025-08-30T08:17:02.000Z</time>
      </trkpt>
      <trkpt lat="49.031191" lon="15.005418">
        <time>2025-08-30T08:17:03.000Z</time>
      </trkpt>
      <trkpt lat="49.031193" lon="15.005378">
        <time>2025-08-30T08:17:04.000Z</time>
      </trkpt>
      <trkpt lat="49.0312" lon="15.005335">
        <time>2025-08-30T08:17:05.000Z</time>
      </trkpt>
      <trkpt lat="49.031208" lon="15.005283">
        <time>2025-08-30T08:17:06.000Z</time>
      </trkpt>
      <trkpt lat="49.031217" lon="15.005254">
        <time>2025-08-30T08:17:07.000Z</time>
      </trkpt>
      <trkpt lat="49.031216" lon="15.005227">
        <time>2025-08-30T08:17:08.000Z</time>
      </trkpt>
      <trkpt lat="49.031225" lon="15.005183">
        <time>2025-08-30T08:17:09.000Z</time>
      </trkpt>
      <trkpt lat="49.031243" lon="15.005152">
        <time>2025-08-30T08:17:10.000Z</time>
      </trkpt>
      <trkpt lat="49.031256" lon="15.005105">
        <time>2025-08-30T08:17:11.000Z</time>
      </trkpt>
      <trkpt lat="49.031261" lon="15.005084">
        <time>2025-08-30T08:17:12.000Z</time>
      </trkpt>
      <trkpt lat="49.03127" lon="15.005055">
        <time>2025-08-30T08:17:13.000Z</time>
      </trkpt>
      <trkpt lat="49.031279" lon="15.005016">
        <time>2025-08-30T08:17:14.000Z</time>
      </trkpt>
      <trkpt lat="49.031286" lon="15.004976">
        <time>2025-08-30T08:17:15.000Z</time>
      </trkpt>
      <trkpt lat="49.031292" lon="15.004945">
        <time>2025-08-30T08:17:16.000Z</time>
      </trkpt>
      <trkpt lat="49.031297" lon="15.00492">
        <time>2025-08-30T08:17:17.000Z</time>
      </trkpt>
      <trkpt lat="49.031302" lon="15.004881">
        <time>2025-08-30T08:17:18.000Z</time>
      </trkpt>
      <trkpt lat="49.031314" lon="15.004838">
        <time>2025-08-30T08:17:19.000Z</time>
      </trkpt>
      <trkpt lat="49.031332" lon="15.004808">
        <time>2025-08-30T08:17:20.000Z</time>
      </trkpt>
      <trkpt lat="49.03135" lon="15.004766">
        <time>2025-08-30T08:17:21.000Z</time>
      </trkpt>
      <trkpt lat="49.031356" lon="15.004739">
        <time>2025-08-30T08:17:22.000Z</time>
      </trkpt>
      <trkpt lat="49.031362" lon="15.004714">
        <time>2025-08-30T08:17:23.000Z</time>
      </trkpt>
      <trkpt lat="49.031364" lon="15.004692">
        <time>2025-08-30T08:17:24.000Z</time>
      </trkpt>
      <trkpt lat="49.031362" lon="15.004673">
        <time>2025-08-30T08:17:25.000Z</time>
      </trkpt>
      <trkpt lat="49.031364" lon="15.004653">
        <time>2025-08-30T08:17:26.000Z</time>
      </trkpt>
      <trkpt lat="49.031372" lon="15.004618">
        <time>2025-08-30T08:17:27.000Z</time>
      </trkpt>
      <trkpt lat="49.031378" lon="15.004582">
        <time>2025-08-30T08:17:28.000Z</time>
      </trkpt>
      <trkpt lat="49.031386" lon="15.004557">
        <time>2025-08-30T08:17:29.000Z</time>
      </trkpt>
      <trkpt lat="49.031395" lon="15.004532">
        <time>2025-08-30T08:17:30.000Z</time>
      </trkpt>
      <trkpt lat="49.031405" lon="15.004501">
        <time>2025-08-30T08:17:31.000Z</time>
      </trkpt>
      <trkpt lat="49.031415" lon="15.004472">
        <time>2025-08-30T08:17:32.000Z</time>
      </trkpt>
      <trkpt lat="49.031428" lon="15.004436">
        <time>2025-08-30T08:17:33.000Z</time>
      </trkpt>
      <trkpt lat="49.031439" lon="15.004404">
        <time>2025-08-30T08:17:34.000Z</time>
      </trkpt>
      <trkpt lat="49.031448" lon="15.004366">
        <time>2025-08-30T08:17:35.000Z</time>
      </trkpt>
      <trkpt lat="49.031456" lon="15.004326">
        <time>2025-08-30T08:17:36.000Z</time>
      </trkpt>
      <trkpt lat="49.031462" lon="15.004282">
        <time>2025-08-30T08:17:37.000Z</time>
      </trkpt>
      <trkpt lat="49.031466" lon="15.004242">
        <time>2025-08-30T08:17:38.000Z</time>
      </trkpt>
      <trkpt lat="49.031453" lon="15.004201">
        <time>2025-08-30T08:17:39.000Z</time>
      </trkpt>
      <trkpt lat="49.031449" lon="15.004156">
        <time>2025-08-30T08:17:40.000Z</time>
      </trkpt>
      <trkpt lat="49.031449" lon="15.004109">
        <time>2025-08-30T08:17:41.000Z</time>
      </trkpt>
      <trkpt lat="49.03145" lon="15.004072">
        <time>2025-08-30T08:17:42.000Z</time>
      </trkpt>
      <trkpt lat="49.031455" lon="15.004034">
        <time>2025-08-30T08:17:43.000Z</time>
      </trkpt>
      <trkpt lat="49.031463" lon="15.004">
        <time>2025-08-30T08:17:44.000Z</time>
      </trkpt>
      <trkpt lat="49.031478" lon="15.00396">
        <time>2025-08-30T08:17:45.000Z</time>
      </trkpt>
      <trkpt lat="49.031495" lon="15.00392">
        <time>2025-08-30T08:17:46.000Z</time>
      </trkpt>
      <trkpt lat="49.031504" lon="15.003895">
        <time>2025-08-30T08:17:47.000Z</time>
      </trkpt>
      <trkpt lat="49.031501" lon="15.003873">
        <time>2025-08-30T08:17:48.000Z</time>
      </trkpt>
      <trkpt lat="49.031506" lon="15.003838">
        <time>2025-08-30T08:17:49.000Z</time>
      </trkpt>
      <trkpt lat="49.031508" lon="15.003804">
        <time>2025-08-30T08:17:50.000Z</time>
      </trkpt>
      <trkpt lat="49.031509" lon="15.00377">
        <time>2025-08-30T08:17:51.000Z</time>
      </trkpt>
      <trkpt lat="49.031507" lon="15.003742">
        <time>2025-08-30T08:17:52.000Z</time>
      </trkpt>
      <trkpt lat="49.031508" lon="15.003718">
        <time>2025-08-30T08:17:53.000Z</time>
      </trkpt>
      <trkpt lat="49.031512" lon="15.00369">
        <time>2025-08-30T08:17:54.000Z</time>
      </trkpt>
      <trkpt lat="49.031523" lon="15.003659">
        <time>2025-08-30T08:17:55.000Z</time>
      </trkpt>
      <trkpt lat="49.031534" lon="15.003624">
        <time>2025-08-30T08:17:56.000Z</time>
      </trkpt>
      <trkpt lat="49.031553" lon="15.003593">
        <time>2025-08-30T08:17:57.000Z</time>
      </trkpt>
      <trkpt lat="49.031566" lon="15.003564">
        <time>2025-08-30T08:17:58.000Z</time>
      </trkpt>
      <trkpt lat="49.031579" lon="15.003544">
        <time>2025-08-30T08:17:59.000Z</time>
      </trkpt>
      <trkpt lat="49.031596" lon="15.003514">
        <time>2025-08-30T08:18:00.000Z</time>
      </trkpt>
      <trkpt lat="49.031614" lon="15.00348">
        <time>2025-08-30T08:18:01.000Z</time>
      </trkpt>
      <trkpt lat="49.031636" lon="15.003452">
        <time>2025-08-30T08:18:02.000Z</time>
      </trkpt>
      <trkpt lat="49.031655" lon="15.003425">
        <time>2025-08-30T08:18:03.000Z</time>
      </trkpt>
      <trkpt lat="49.031669" lon="15.003394">
        <time>2025-08-30T08:18:04.000Z</time>
      </trkpt>
      <trkpt lat="49.031684" lon="15.003366">
        <time>2025-08-30T08:18:05.000Z</time>
      </trkpt>
      <trkpt lat="49.031699" lon="15.003344">
        <time>2025-08-30T08:18:06.000Z</time>
      </trkpt>
      <trkpt lat="49.031716" lon="15.003323">
        <time>2025-08-30T08:18:07.000Z</time>
      </trkpt>
      <trkpt lat="49.03173" lon="15.003304">
        <time>2025-08-30T08:18:08.000Z</time>
      </trkpt>
      <trkpt lat="49.031749" lon="15.003281">
        <time>2025-08-30T08:18:09.000Z</time>
      </trkpt>
      <trkpt lat="49.031798" lon="15.003255">
        <time>2025-08-30T08:18:10.000Z</time>
      </trkpt>
      <trkpt lat="49.031809" lon="15.003235">
        <time>2025-08-30T08:18:11.000Z</time>
      </trkpt>
      <trkpt lat="49.03183" lon="15.003216">
        <time>2025-08-30T08:18:12.000Z</time>
      </trkpt>
      <trkpt lat="49.031846" lon="15.003202">
        <time>2025-08-30T08:18:13.000Z</time>
      </trkpt>
      <trkpt lat="49.031867" lon="15.003178">
        <time>2025-08-30T08:18:14.000Z</time>
      </trkpt>
      <trkpt lat="49.031883" lon="15.003149">
        <time>2025-08-30T08:18:15.000Z</time>
      </trkpt>
      <trkpt lat="49.031896" lon="15.00312">
        <time>2025-08-30T08:18:16.000Z</time>
      </trkpt>
      <trkpt lat="49.031912" lon="15.003094">
        <time>2025-08-30T08:18:17.000Z</time>
      </trkpt>
      <trkpt lat="49.031926" lon="15.003068">
        <time>2025-08-30T08:18:18.000Z</time>
      </trkpt>
      <trkpt lat="49.031944" lon="15.003046">
        <time>2025-08-30T08:18:19.000Z</time>
      </trkpt>
      <trkpt lat="49.031959" lon="15.003032">
        <time>2025-08-30T08:18:20.000Z</time>
      </trkpt>
      <trkpt lat="49.031974" lon="15.003008">
        <time>2025-08-30T08:18:21.000Z</time>
      </trkpt>
      <trkpt lat="49.031989" lon="15.002981">
        <time>2025-08-30T08:18:22.000Z</time>
      </trkpt>
      <trkpt lat="49.032017" lon="15.002956">
        <time>2025-08-30T08:18:23.000Z</time>
      </trkpt>
      <trkpt lat="49.032048" lon="15.00294">
        <time>2025-08-30T08:18:24.000Z</time>
      </trkpt>
      <trkpt lat="49.032071" lon="15.002927">
        <time>2025-08-30T08:18:25.000Z</time>
      </trkpt>
      <trkpt lat="49.032088" lon="15.002918">
        <time>2025-08-30T08:18:26.000Z</time>
      </trkpt>
      <trkpt lat="49.032089" lon="15.002901">
        <time>2025-08-30T08:18:27.000Z</time>
      </trkpt>
      <trkpt lat="49.032095" lon="15.002888">
        <time>2025-08-30T08:18:28.000Z</time>
      </trkpt>
      <trkpt lat="49.032103" lon="15.002879">
        <time>2025-08-30T08:18:29.000Z</time>
      </trkpt>
      <trkpt lat="49.032112" lon="15.00287">
        <time>2025-08-30T08:18:30.000Z</time>
      </trkpt>
      <trkpt lat="49.03213" lon="15.002863">
        <time>2025-08-30T08:18:31.000Z</time>
      </trkpt>
      <trkpt lat="49.032165" lon="15.002857">
        <time>2025-08-30T08:18:32.000Z</time>
      </trkpt>
      <trkpt lat="49.032189" lon="15.002843">
        <time>2025-08-30T08:18:33.000Z</time>
      </trkpt>
      <trkpt lat="49.032218" lon="15.002825">
        <time>2025-08-30T08:18:34.000Z</time>
      </trkpt>
      <trkpt lat="49.032249" lon="15.002813">
        <time>2025-08-30T08:18:35.000Z</time>
      </trkpt>
      <trkpt lat="49.032285" lon="15.002815">
        <time>2025-08-30T08:18:36.000Z</time>
      </trkpt>
      <trkpt lat="49.032315" lon="15.00282">
        <time>2025-08-30T08:18:37.000Z</time>
      </trkpt>
      <trkpt lat="49.032346" lon="15.002822">
        <time>2025-08-30T08:18:38.000Z</time>
      </trkpt>
      <trkpt lat="49.032371" lon="15.002809">
        <time>2025-08-30T08:18:39.000Z</time>
      </trkpt>
      <trkpt lat="49.032408" lon="15.002823">
        <time>2025-08-30T08:18:40.000Z</time>
      </trkpt>
      <trkpt lat="49.032433" lon="15.002835">
        <time>2025-08-30T08:18:41.000Z</time>
      </trkpt>
      <trkpt lat="49.032451" lon="15.002848">
        <time>2025-08-30T08:18:42.000Z</time>
      </trkpt>
      <trkpt lat="49.032463" lon="15.002849">
        <time>2025-08-30T08:18:43.000Z</time>
      </trkpt>
      <trkpt lat="49.032463" lon="15.002854">
        <time>2025-08-30T08:18:44.000Z</time>
      </trkpt>
      <trkpt lat="49.032461" lon="15.002855">
        <time>2025-08-30T08:18:45.000Z</time>
      </trkpt>
      <trkpt lat="49.032455" lon="15.002851">
        <time>2025-08-30T08:18:46.000Z</time>
      </trkpt>
      <trkpt lat="49.032454" lon="15.002841">
        <time>2025-08-30T08:18:47.000Z</time>
      </trkpt>
      <trkpt lat="49.032451" lon="15.002825">
        <time>2025-08-30T08:18:48.000Z</time>
      </trkpt>
      <trkpt lat="49.032452" lon="15.002803">
        <time>2025-08-30T08:18:49.000Z</time>
      </trkpt>
      <trkpt lat="49.032452" lon="15.002787">
        <time>2025-08-30T08:18:50.000Z</time>
      </trkpt>
      <trkpt lat="49.032452" lon="15.00277">
        <time>2025-08-30T08:18:51.000Z</time>
      </trkpt>
      <trkpt lat="49.032454" lon="15.002756">
        <time>2025-08-30T08:18:52.000Z</time>
      </trkpt>
      <trkpt lat="49.032455" lon="15.002741">
        <time>2025-08-30T08:18:53.000Z</time>
      </trkpt>
      <trkpt lat="49.032458" lon="15.00273">
        <time>2025-08-30T08:18:54.000Z</time>
      </trkpt>
      <trkpt lat="49.032461" lon="15.002716">
        <time>2025-08-30T08:18:55.000Z</time>
      </trkpt>
      <trkpt lat="49.032465" lon="15.002701">
        <time>2025-08-30T08:18:56.000Z</time>
      </trkpt>
      <trkpt lat="49.032471" lon="15.002687">
        <time>2025-08-30T08:18:57.000Z</time>
      </trkpt>
      <trkpt lat="49.032478" lon="15.002673">
        <time>2025-08-30T08:18:58.000Z</time>
      </trkpt>
      <trkpt lat="49.032482" lon="15.002659">
        <time>2025-08-30T08:18:59.000Z</time>
      </trkpt>
      <trkpt lat="49.032485" lon="15.002641">
        <time>2025-08-30T08:19:00.000Z</time>
      </trkpt>
      <trkpt lat="49.032495" lon="15.002612">
        <time>2025-08-30T08:19:01.000Z</time>
      </trkpt>
      <trkpt lat="49.032504" lon="15.002584">
        <time>2025-08-30T08:19:02.000Z</time>
      </trkpt>
      <trkpt lat="49.032513" lon="15.002551">
        <time>2025-08-30T08:19:03.000Z</time>
      </trkpt>
      <trkpt lat="49.032527" lon="15.002523">
        <time>2025-08-30T08:19:04.000Z</time>
      </trkpt>
      <trkpt lat="49.032543" lon="15.002484">
        <time>2025-08-30T08:19:05.000Z</time>
      </trkpt>
      <trkpt lat="49.032557" lon="15.002444">
        <time>2025-08-30T08:19:06.000Z</time>
      </trkpt>
      <trkpt lat="49.032568" lon="15.002411">
        <time>2025-08-30T08:19:07.000Z</time>
      </trkpt>
      <trkpt lat="49.032589" lon="15.002379">
        <time>2025-08-30T08:19:08.000Z</time>
      </trkpt>
      <trkpt lat="49.032609" lon="15.002357">
        <time>2025-08-30T08:19:09.000Z</time>
      </trkpt>
      <trkpt lat="49.032632" lon="15.002335">
        <time>2025-08-30T08:19:10.000Z</time>
      </trkpt>
      <trkpt lat="49.032663" lon="15.002305">
        <time>2025-08-30T08:19:11.000Z</time>
      </trkpt>
      <trkpt lat="49.032702" lon="15.002278">
        <time>2025-08-30T08:19:12.000Z</time>
      </trkpt>
      <trkpt lat="49.032737" lon="15.00226">
        <time>2025-08-30T08:19:13.000Z</time>
      </trkpt>
      <trkpt lat="49.032769" lon="15.002248">
        <time>2025-08-30T08:19:14.000Z</time>
      </trkpt>
      <trkpt lat="49.032805" lon="15.002231">
        <time>2025-08-30T08:19:15.000Z</time>
      </trkpt>
      <trkpt lat="49.032846" lon="15.00222">
        <time>2025-08-30T08:19:16.000Z</time>
      </trkpt>
      <trkpt lat="49.032872" lon="15.002201">
        <time>2025-08-30T08:19:17.000Z</time>
      </trkpt>
      <trkpt lat="49.032905" lon="15.002166">
        <time>2025-08-30T08:19:18.000Z</time>
      </trkpt>
      <trkpt lat="49.032942" lon="15.002142">
        <time>2025-08-30T08:19:19.000Z</time>
      </trkpt>
      <trkpt lat="49.032967" lon="15.002119">
        <time>2025-08-30T08:19:20.000Z</time>
      </trkpt>
      <trkpt lat="49.032991" lon="15.002096">
        <time>2025-08-30T08:19:21.000Z</time>
      </trkpt>
      <trkpt lat="49.033021" lon="15.002068">
        <time>2025-08-30T08:19:22.000Z</time>
      </trkpt>
      <trkpt lat="49.03305" lon="15.002049">
        <time>2025-08-30T08:19:23.000Z</time>
      </trkpt>
      <trkpt lat="49.033074" lon="15.002033">
        <time>2025-08-30T08:19:24.000Z</time>
      </trkpt>
      <trkpt lat="49.033098" lon="15.002004">
        <time>2025-08-30T08:19:25.000Z</time>
      </trkpt>
      <trkpt lat="49.033127" lon="15.001973">
        <time>2025-08-30T08:19:26.000Z</time>
      </trkpt>
      <trkpt lat="49.033147" lon="15.001943">
        <time>2025-08-30T08:19:27.000Z</time>
      </trkpt>
      <trkpt lat="49.033166" lon="15.001914">
        <time>2025-08-30T08:19:28.000Z</time>
      </trkpt>
      <trkpt lat="49.033191" lon="15.001887">
        <time>2025-08-30T08:19:29.000Z</time>
      </trkpt>
      <trkpt lat="49.033215" lon="15.001865">
        <time>2025-08-30T08:19:30.000Z</time>
      </trkpt>
      <trkpt lat="49.033236" lon="15.00184">
        <time>2025-08-30T08:19:31.000Z</time>
      </trkpt>
      <trkpt lat="49.033258" lon="15.001804">
        <time>2025-08-30T08:19:32.000Z</time>
      </trkpt>
      <trkpt lat="49.033287" lon="15.001771">
        <time>2025-08-30T08:19:33.000Z</time>
      </trkpt>
      <trkpt lat="49.033309" lon="15.00175">
        <time>2025-08-30T08:19:34.000Z</time>
      </trkpt>
      <trkpt lat="49.033333" lon="15.001719">
        <time>2025-08-30T08:19:35.000Z</time>
      </trkpt>
      <trkpt lat="49.033354" lon="15.001687">
        <time>2025-08-30T08:19:36.000Z</time>
      </trkpt>
      <trkpt lat="49.033382" lon="15.001654">
        <time>2025-08-30T08:19:37.000Z</time>
      </trkpt>
      <trkpt lat="49.03341" lon="15.001625">
        <time>2025-08-30T08:19:38.000Z</time>
      </trkpt>
      <trkpt lat="49.03344" lon="15.001592">
        <time>2025-08-30T08:19:39.000Z</time>
      </trkpt>
      <trkpt lat="49.033466" lon="15.001575">
        <time>2025-08-30T08:19:40.000Z</time>
      </trkpt>
      <trkpt lat="49.033489" lon="15.001552">
        <time>2025-08-30T08:19:41.000Z</time>
      </trkpt>
      <trkpt lat="49.03351" lon="15.001513">
        <time>2025-08-30T08:19:42.000Z</time>
      </trkpt>
      <trkpt lat="49.033542" lon="15.001473">
        <time>2025-08-30T08:19:43.000Z</time>
      </trkpt>
      <trkpt lat="49.033568" lon="15.001442">
        <time>2025-08-30T08:19:44.000Z</time>
      </trkpt>
      <trkpt lat="49.033591" lon="15.001411">
        <time>2025-08-30T08:19:45.000Z</time>
      </trkpt>
      <trkpt lat="49.033614" lon="15.001374">
        <time>2025-08-30T08:19:46.000Z</time>
      </trkpt>
      <trkpt lat="49.033637" lon="15.001356">
        <time>2025-08-30T08:19:47.000Z</time>
      </trkpt>
      <trkpt lat="49.033652" lon="15.001331">
        <time>2025-08-30T08:19:48.000Z</time>
      </trkpt>
      <trkpt lat="49.033673" lon="15.001293">
        <time>2025-08-30T08:19:49.000Z</time>
      </trkpt>
      <trkpt lat="49.033696" lon="15.001259">
        <time>2025-08-30T08:19:50.000Z</time>
      </trkpt>
      <trkpt lat="49.033714" lon="15.001234">
        <time>2025-08-30T08:19:51.000Z</time>
      </trkpt>
      <trkpt lat="49.033734" lon="15.001197">
        <time>2025-08-30T08:19:52.000Z</time>
      </trkpt>
      <trkpt lat="49.033758" lon="15.001155">
        <time>2025-08-30T08:19:53.000Z</time>
      </trkpt>
      <trkpt lat="49.03378" lon="15.001119">
        <time>2025-08-30T08:19:54.000Z</time>
      </trkpt>
      <trkpt lat="49.033801" lon="15.001075">
        <time>2025-08-30T08:19:55.000Z</time>
      </trkpt>
      <trkpt lat="49.033827" lon="15.001038">
        <time>2025-08-30T08:19:56.000Z</time>
      </trkpt>
      <trkpt lat="49.033848" lon="15.001003">
        <time>2025-08-30T08:19:57.000Z</time>
      </trkpt>
      <trkpt lat="49.033867" lon="15.000965">
        <time>2025-08-30T08:19:58.000Z</time>
      </trkpt>
      <trkpt lat="49.033888" lon="15.000922">
        <time>2025-08-30T08:19:59.000Z</time>
      </trkpt>
      <trkpt lat="49.033919" lon="15.000885">
        <time>2025-08-30T08:20:00.000Z</time>
      </trkpt>
      <trkpt lat="49.033943" lon="15.000862">
        <time>2025-08-30T08:20:01.000Z</time>
      </trkpt>
      <trkpt lat="49.033966" lon="15.000831">
        <time>2025-08-30T08:20:02.000Z</time>
      </trkpt>
      <trkpt lat="49.033977" lon="15.00079">
        <time>2025-08-30T08:20:03.000Z</time>
      </trkpt>
      <trkpt lat="49.033983" lon="15.000744">
        <time>2025-08-30T08:20:04.000Z</time>
      </trkpt>
      <trkpt lat="49.033977" lon="15.000696">
        <time>2025-08-30T08:20:05.000Z</time>
      </trkpt>
      <trkpt lat="49.033963" lon="15.00064">
        <time>2025-08-30T08:20:06.000Z</time>
      </trkpt>
      <trkpt lat="49.033952" lon="15.0006">
        <time>2025-08-30T08:20:07.000Z</time>
      </trkpt>
      <trkpt lat="49.033937" lon="15.000563">
        <time>2025-08-30T08:20:08.000Z</time>
      </trkpt>
      <trkpt lat="49.033924" lon="15.000505">
        <time>2025-08-30T08:20:09.000Z</time>
      </trkpt>
      <trkpt lat="49.033916" lon="15.000466">
        <time>2025-08-30T08:20:10.000Z</time>
      </trkpt>
      <trkpt lat="49.033912" lon="15.000422">
        <time>2025-08-30T08:20:11.000Z</time>
      </trkpt>
      <trkpt lat="49.033916" lon="15.000362">
        <time>2025-08-30T08:20:12.000Z</time>
      </trkpt>
      <trkpt lat="49.033921" lon="15.000331">
        <time>2025-08-30T08:20:13.000Z</time>
      </trkpt>
      <trkpt lat="49.033925" lon="15.000279">
        <time>2025-08-30T08:20:14.000Z</time>
      </trkpt>
      <trkpt lat="49.03393" lon="15.000228">
        <time>2025-08-30T08:20:15.000Z</time>
      </trkpt>
      <trkpt lat="49.033933" lon="15.000188">
        <time>2025-08-30T08:20:16.000Z</time>
      </trkpt>
      <trkpt lat="49.03394" lon="15.000139">
        <time>2025-08-30T08:20:17.000Z</time>
      </trkpt>
      <trkpt lat="49.033951" lon="15.000088">
        <time>2025-08-30T08:20:18.000Z</time>
      </trkpt>
      <trkpt lat="49.033961" lon="15.000047">
        <time>2025-08-30T08:20:19.000Z</time>
      </trkpt>
      <trkpt lat="49.033974" lon="15.000005">
        <time>2025-08-30T08:20:20.000Z</time>
      </trkpt>
      <trkpt lat="49.033986" lon="14.999946">
        <time>2025-08-30T08:20:21.000Z</time>
      </trkpt>
      <trkpt lat="49.033993" lon="14.999897">
        <time>2025-08-30T08:20:22.000Z</time>
      </trkpt>
      <trkpt lat="49.033991" lon="14.999847">
        <time>2025-08-30T08:20:23.000Z</time>
      </trkpt>
      <trkpt lat="49.033989" lon="14.999788">
        <time>2025-08-30T08:20:24.000Z</time>
      </trkpt>
      <trkpt lat="49.033984" lon="14.999742">
        <time>2025-08-30T08:20:25.000Z</time>
      </trkpt>
      <trkpt lat="49.033976" lon="14.999697">
        <time>2025-08-30T08:20:26.000Z</time>
      </trkpt>
      <trkpt lat="49.033967" lon="14.999644">
        <time>2025-08-30T08:20:27.000Z</time>
      </trkpt>
      <trkpt lat="49.033955" lon="14.999618">
        <time>2025-08-30T08:20:28.000Z</time>
      </trkpt>
      <trkpt lat="49.033936" lon="14.999576">
        <time>2025-08-30T08:20:29.000Z</time>
      </trkpt>
      <trkpt lat="49.033918" lon="14.999527">
        <time>2025-08-30T08:20:30.000Z</time>
      </trkpt>
      <trkpt lat="49.033901" lon="14.999489">
        <time>2025-08-30T08:20:31.000Z</time>
      </trkpt>
      <trkpt lat="49.033878" lon="14.999445">
        <time>2025-08-30T08:20:32.000Z</time>
      </trkpt>
      <trkpt lat="49.033856" lon="14.999393">
        <time>2025-08-30T08:20:33.000Z</time>
      </trkpt>
      <trkpt lat="49.033836" lon="14.999354">
        <time>2025-08-30T08:20:34.000Z</time>
      </trkpt>
      <trkpt lat="49.033817" lon="14.99932">
        <time>2025-08-30T08:20:35.000Z</time>
      </trkpt>
      <trkpt lat="49.033801" lon="14.999263">
        <time>2025-08-30T08:20:36.000Z</time>
      </trkpt>
      <trkpt lat="49.033809" lon="14.999219">
        <time>2025-08-30T08:20:37.000Z</time>
      </trkpt>
      <trkpt lat="49.033809" lon="14.999168">
        <time>2025-08-30T08:20:38.000Z</time>
      </trkpt>
      <trkpt lat="49.033816" lon="14.999116">
        <time>2025-08-30T08:20:39.000Z</time>
      </trkpt>
      <trkpt lat="49.033822" lon="14.999061">
        <time>2025-08-30T08:20:40.000Z</time>
      </trkpt>
      <trkpt lat="49.033818" lon="14.999011">
        <time>2025-08-30T08:20:41.000Z</time>
      </trkpt>
      <trkpt lat="49.033819" lon="14.998953">
        <time>2025-08-30T08:20:42.000Z</time>
      </trkpt>
      <trkpt lat="49.033822" lon="14.998895">
        <time>2025-08-30T08:20:43.000Z</time>
      </trkpt>
      <trkpt lat="49.033814" lon="14.998871">
        <time>2025-08-30T08:20:44.000Z</time>
      </trkpt>
      <trkpt lat="49.033803" lon="14.998832">
        <time>2025-08-30T08:20:45.000Z</time>
      </trkpt>
      <trkpt lat="49.03379" lon="14.998793">
        <time>2025-08-30T08:20:46.000Z</time>
      </trkpt>
      <trkpt lat="49.033777" lon="14.998761">
        <time>2025-08-30T08:20:47.000Z</time>
      </trkpt>
      <trkpt lat="49.033766" lon="14.998719">
        <time>2025-08-30T08:20:48.000Z</time>
      </trkpt>
      <trkpt lat="49.033754" lon="14.998671">
        <time>2025-08-30T08:20:49.000Z</time>
      </trkpt>
      <trkpt lat="49.033743" lon="14.998642">
        <time>2025-08-30T08:20:50.000Z</time>
      </trkpt>
      <trkpt lat="49.033725" lon="14.998597">
        <time>2025-08-30T08:20:51.000Z</time>
      </trkpt>
      <trkpt lat="49.033711" lon="14.998553">
        <time>2025-08-30T08:20:52.000Z</time>
      </trkpt>
      <trkpt lat="49.033696" lon="14.998514">
        <time>2025-08-30T08:20:53.000Z</time>
      </trkpt>
      <trkpt lat="49.033678" lon="14.998472">
        <time>2025-08-30T08:20:54.000Z</time>
      </trkpt>
      <trkpt lat="49.033657" lon="14.99842">
        <time>2025-08-30T08:20:55.000Z</time>
      </trkpt>
      <trkpt lat="49.033642" lon="14.99838">
        <time>2025-08-30T08:20:56.000Z</time>
      </trkpt>
      <trkpt lat="49.033618" lon="14.998335">
        <time>2025-08-30T08:20:57.000Z</time>
      </trkpt>
      <trkpt lat="49.033605" lon="14.998284">
        <time>2025-08-30T08:20:58.000Z</time>
      </trkpt>
      <trkpt lat="49.033588" lon="14.998245">
        <time>2025-08-30T08:20:59.000Z</time>
      </trkpt>
      <trkpt lat="49.03357" lon="14.998205">
        <time>2025-08-30T08:21:00.000Z</time>
      </trkpt>
      <trkpt lat="49.033552" lon="14.998169">
        <time>2025-08-30T08:21:01.000Z</time>
      </trkpt>
      <trkpt lat="49.033536" lon="14.998137">
        <time>2025-08-30T08:21:02.000Z</time>
      </trkpt>
      <trkpt lat="49.033515" lon="14.998103">
        <time>2025-08-30T08:21:03.000Z</time>
      </trkpt>
      <trkpt lat="49.033499" lon="14.998071">
        <time>2025-08-30T08:21:04.000Z</time>
      </trkpt>
      <trkpt lat="49.033483" lon="14.998033">
        <time>2025-08-30T08:21:05.000Z</time>
      </trkpt>
      <trkpt lat="49.033465" lon="14.998006">
        <time>2025-08-30T08:21:06.000Z</time>
      </trkpt>
      <trkpt lat="49.033451" lon="14.997962">
        <time>2025-08-30T08:21:07.000Z</time>
      </trkpt>
      <trkpt lat="49.033444" lon="14.997915">
        <time>2025-08-30T08:21:08.000Z</time>
      </trkpt>
      <trkpt lat="49.033434" lon="14.997886">
        <time>2025-08-30T08:21:09.000Z</time>
      </trkpt>
      <trkpt lat="49.033416" lon="14.997853">
        <time>2025-08-30T08:21:10.000Z</time>
      </trkpt>
      <trkpt lat="49.033406" lon="14.997821">
        <time>2025-08-30T08:21:11.000Z</time>
      </trkpt>
      <trkpt lat="49.033389" lon="14.997795">
        <time>2025-08-30T08:21:12.000Z</time>
      </trkpt>
      <trkpt lat="49.03337" lon="14.997764">
        <time>2025-08-30T08:21:13.000Z</time>
      </trkpt>
      <trkpt lat="49.033351" lon="14.997719">
        <time>2025-08-30T08:21:14.000Z</time>
      </trkpt>
      <trkpt lat="49.033335" lon="14.99768">
        <time>2025-08-30T08:21:15.000Z</time>
      </trkpt>
      <trkpt lat="49.033315" lon="14.997644">
        <time>2025-08-30T08:21:16.000Z</time>
      </trkpt>
      <trkpt lat="49.033297" lon="14.9976">
        <time>2025-08-30T08:21:17.000Z</time>
      </trkpt>
      <trkpt lat="49.033282" lon="14.99756">
        <time>2025-08-30T08:21:18.000Z</time>
      </trkpt>
      <trkpt lat="49.033264" lon="14.997519">
        <time>2025-08-30T08:21:19.000Z</time>
      </trkpt>
      <trkpt lat="49.033256" lon="14.997466">
        <time>2025-08-30T08:21:20.000Z</time>
      </trkpt>
      <trkpt lat="49.033246" lon="14.997429">
        <time>2025-08-30T08:21:21.000Z</time>
      </trkpt>
      <trkpt lat="49.03323" lon="14.997386">
        <time>2025-08-30T08:21:22.000Z</time>
      </trkpt>
      <trkpt lat="49.033213" lon="14.997347">
        <time>2025-08-30T08:21:23.000Z</time>
      </trkpt>
      <trkpt lat="49.033195" lon="14.997315">
        <time>2025-08-30T08:21:24.000Z</time>
      </trkpt>
      <trkpt lat="49.033176" lon="14.997284">
        <time>2025-08-30T08:21:25.000Z</time>
      </trkpt>
      <trkpt lat="49.033148" lon="14.99722">
        <time>2025-08-30T08:21:26.000Z</time>
      </trkpt>
      <trkpt lat="49.033125" lon="14.997183">
        <time>2025-08-30T08:21:27.000Z</time>
      </trkpt>
      <trkpt lat="49.033098" lon="14.997147">
        <time>2025-08-30T08:21:28.000Z</time>
      </trkpt>
      <trkpt lat="49.033075" lon="14.997101">
        <time>2025-08-30T08:21:29.000Z</time>
      </trkpt>
      <trkpt lat="49.033054" lon="14.997079">
        <time>2025-08-30T08:21:30.000Z</time>
      </trkpt>
      <trkpt lat="49.033035" lon="14.997045">
        <time>2025-08-30T08:21:31.000Z</time>
      </trkpt>
      <trkpt lat="49.033012" lon="14.996995">
        <time>2025-08-30T08:21:32.000Z</time>
      </trkpt>
      <trkpt lat="49.032994" lon="14.996952">
        <time>2025-08-30T08:21:33.000Z</time>
      </trkpt>
      <trkpt lat="49.032967" lon="14.996913">
        <time>2025-08-30T08:21:34.000Z</time>
      </trkpt>
      <trkpt lat="49.032941" lon="14.996873">
        <time>2025-08-30T08:21:35.000Z</time>
      </trkpt>
      <trkpt lat="49.032923" lon="14.99684">
        <time>2025-08-30T08:21:36.000Z</time>
      </trkpt>
      <trkpt lat="49.032903" lon="14.996809">
        <time>2025-08-30T08:21:37.000Z</time>
      </trkpt>
      <trkpt lat="49.032884" lon="14.996769">
        <time>2025-08-30T08:21:38.000Z</time>
      </trkpt>
      <trkpt lat="49.032868" lon="14.996732">
        <time>2025-08-30T08:21:39.000Z</time>
      </trkpt>
      <trkpt lat="49.03285" lon="14.996711">
        <time>2025-08-30T08:21:40.000Z</time>
      </trkpt>
      <trkpt lat="49.032831" lon="14.996671">
        <time>2025-08-30T08:21:41.000Z</time>
      </trkpt>
      <trkpt lat="49.032813" lon="14.996641">
        <time>2025-08-30T08:21:42.000Z</time>
      </trkpt>
      <trkpt lat="49.032793" lon="14.996607">
        <time>2025-08-30T08:21:43.000Z</time>
      </trkpt>
      <trkpt lat="49.032771" lon="14.996584">
        <time>2025-08-30T08:21:44.000Z</time>
      </trkpt>
      <trkpt lat="49.032751" lon="14.996555">
        <time>2025-08-30T08:21:45.000Z</time>
      </trkpt>
      <trkpt lat="49.032731" lon="14.996535">
        <time>2025-08-30T08:21:46.000Z</time>
      </trkpt>
      <trkpt lat="49.032704" lon="14.996506">
        <time>2025-08-30T08:21:47.000Z</time>
      </trkpt>
      <trkpt lat="49.032678" lon="14.996465">
        <time>2025-08-30T08:21:48.000Z</time>
      </trkpt>
      <trkpt lat="49.032654" lon="14.996435">
        <time>2025-08-30T08:21:49.000Z</time>
      </trkpt>
      <trkpt lat="49.032629" lon="14.996409">
        <time>2025-08-30T08:21:50.000Z</time>
      </trkpt>
      <trkpt lat="49.032606" lon="14.996373">
        <time>2025-08-30T08:21:51.000Z</time>
      </trkpt>
      <trkpt lat="49.032588" lon="14.996335">
        <time>2025-08-30T08:21:52.000Z</time>
      </trkpt>
      <trkpt lat="49.032569" lon="14.99631">
        <time>2025-08-30T08:21:53.000Z</time>
      </trkpt>
      <trkpt lat="49.032547" lon="14.99627">
        <time>2025-08-30T08:21:54.000Z</time>
      </trkpt>
      <trkpt lat="49.032532" lon="14.996232">
        <time>2025-08-30T08:21:55.000Z</time>
      </trkpt>
      <trkpt lat="49.032519" lon="14.996194">
        <time>2025-08-30T08:21:56.000Z</time>
      </trkpt>
      <trkpt lat="49.032508" lon="14.996141">
        <time>2025-08-30T08:21:57.000Z</time>
      </trkpt>
      <trkpt lat="49.032498" lon="14.996098">
        <time>2025-08-30T08:21:58.000Z</time>
      </trkpt>
      <trkpt lat="49.03249" lon="14.996061">
        <time>2025-08-30T08:21:59.000Z</time>
      </trkpt>
      <trkpt lat="49.032484" lon="14.996012">
        <time>2025-08-30T08:22:00.000Z</time>
      </trkpt>
      <trkpt lat="49.032474" lon="14.995968">
        <time>2025-08-30T08:22:01.000Z</time>
      </trkpt>
      <trkpt lat="49.032465" lon="14.995926">
        <time>2025-08-30T08:22:02.000Z</time>
      </trkpt>
      <trkpt lat="49.032453" lon="14.995876">
        <time>2025-08-30T08:22:03.000Z</time>
      </trkpt>
      <trkpt lat="49.032442" lon="14.995828">
        <time>2025-08-30T08:22:04.000Z</time>
      </trkpt>
      <trkpt lat="49.032433" lon="14.995795">
        <time>2025-08-30T08:22:05.000Z</time>
      </trkpt>
      <trkpt lat="49.032421" lon="14.995758">
        <time>2025-08-30T08:22:06.000Z</time>
      </trkpt>
      <trkpt lat="49.032412" lon="14.995719">
        <time>2025-08-30T08:22:07.000Z</time>
      </trkpt>
      <trkpt lat="49.032393" lon="14.995689">
        <time>2025-08-30T08:22:08.000Z</time>
      </trkpt>
      <trkpt lat="49.032373" lon="14.995638">
        <time>2025-08-30T08:22:09.000Z</time>
      </trkpt>
      <trkpt lat="49.032362" lon="14.995594">
        <time>2025-08-30T08:22:10.000Z</time>
      </trkpt>
      <trkpt lat="49.032349" lon="14.995557">
        <time>2025-08-30T08:22:11.000Z</time>
      </trkpt>
      <trkpt lat="49.032333" lon="14.995514">
        <time>2025-08-30T08:22:12.000Z</time>
      </trkpt>
      <trkpt lat="49.032315" lon="14.995477">
        <time>2025-08-30T08:22:13.000Z</time>
      </trkpt>
      <trkpt lat="49.032295" lon="14.995455">
        <time>2025-08-30T08:22:14.000Z</time>
      </trkpt>
      <trkpt lat="49.03227" lon="14.995432">
        <time>2025-08-30T08:22:15.000Z</time>
      </trkpt>
      <trkpt lat="49.032238" lon="14.995398">
        <time>2025-08-30T08:22:16.000Z</time>
      </trkpt>
      <trkpt lat="49.032211" lon="14.995386">
        <time>2025-08-30T08:22:17.000Z</time>
      </trkpt>
      <trkpt lat="49.032186" lon="14.995388">
        <time>2025-08-30T08:22:18.000Z</time>
      </trkpt>
      <trkpt lat="49.032157" lon="14.995399">
        <time>2025-08-30T08:22:19.000Z</time>
      </trkpt>
      <trkpt lat="49.032116" lon="14.995414">
        <time>2025-08-30T08:22:20.000Z</time>
      </trkpt>
      <trkpt lat="49.032083" lon="14.995418">
        <time>2025-08-30T08:22:21.000Z</time>
      </trkpt>
      <trkpt lat="49.032057" lon="14.995434">
        <time>2025-08-30T08:22:22.000Z</time>
      </trkpt>
      <trkpt lat="49.032021" lon="14.995434">
        <time>2025-08-30T08:22:23.000Z</time>
      </trkpt>
      <trkpt lat="49.031988" lon="14.995425">
        <time>2025-08-30T08:22:24.000Z</time>
      </trkpt>
      <trkpt lat="49.03197" lon="14.995422">
        <time>2025-08-30T08:22:25.000Z</time>
      </trkpt>
      <trkpt lat="49.03194" lon="14.995415">
        <time>2025-08-30T08:22:26.000Z</time>
      </trkpt>
      <trkpt lat="49.031912" lon="14.995407">
        <time>2025-08-30T08:22:27.000Z</time>
      </trkpt>
      <trkpt lat="49.031879" lon="14.995399">
        <time>2025-08-30T08:22:28.000Z</time>
      </trkpt>
      <trkpt lat="49.031848" lon="14.995398">
        <time>2025-08-30T08:22:29.000Z</time>
      </trkpt>
      <trkpt lat="49.031817" lon="14.995381">
        <time>2025-08-30T08:22:30.000Z</time>
      </trkpt>
      <trkpt lat="49.031789" lon="14.995354">
        <time>2025-08-30T08:22:31.000Z</time>
      </trkpt>
      <trkpt lat="49.031764" lon="14.995334">
        <time>2025-08-30T08:22:32.000Z</time>
      </trkpt>
      <trkpt lat="49.031738" lon="14.995319">
        <time>2025-08-30T08:22:33.000Z</time>
      </trkpt>
      <trkpt lat="49.031711" lon="14.995288">
        <time>2025-08-30T08:22:34.000Z</time>
      </trkpt>
      <trkpt lat="49.031689" lon="14.995263">
        <time>2025-08-30T08:22:35.000Z</time>
      </trkpt>
      <trkpt lat="49.031666" lon="14.995239">
        <time>2025-08-30T08:22:36.000Z</time>
      </trkpt>
      <trkpt lat="49.031645" lon="14.995206">
        <time>2025-08-30T08:22:37.000Z</time>
      </trkpt>
      <trkpt lat="49.031626" lon="14.99516">
        <time>2025-08-30T08:22:38.000Z</time>
      </trkpt>
      <trkpt lat="49.031615" lon="14.99513">
        <time>2025-08-30T08:22:39.000Z</time>
      </trkpt>
      <trkpt lat="49.031604" lon="14.995092">
        <time>2025-08-30T08:22:40.000Z</time>
      </trkpt>
      <trkpt lat="49.031606" lon="14.995051">
        <time>2025-08-30T08:22:41.000Z</time>
      </trkpt>
      <trkpt lat="49.031608" lon="14.995011">
        <time>2025-08-30T08:22:42.000Z</time>
      </trkpt>
      <trkpt lat="49.031605" lon="14.994967">
        <time>2025-08-30T08:22:43.000Z</time>
      </trkpt>
      <trkpt lat="49.031609" lon="14.994923">
        <time>2025-08-30T08:22:44.000Z</time>
      </trkpt>
      <trkpt lat="49.031612" lon="14.994886">
        <time>2025-08-30T08:22:45.000Z</time>
      </trkpt>
      <trkpt lat="49.031607" lon="14.994853">
        <time>2025-08-30T08:22:46.000Z</time>
      </trkpt>
      <trkpt lat="49.031594" lon="14.994816">
        <time>2025-08-30T08:22:47.000Z</time>
      </trkpt>
      <trkpt lat="49.031586" lon="14.994776">
        <time>2025-08-30T08:22:48.000Z</time>
      </trkpt>
      <trkpt lat="49.031577" lon="14.994742">
        <time>2025-08-30T08:22:49.000Z</time>
      </trkpt>
      <trkpt lat="49.03157" lon="14.99471">
        <time>2025-08-30T08:22:50.000Z</time>
      </trkpt>
      <trkpt lat="49.031568" lon="14.994672">
        <time>2025-08-30T08:22:51.000Z</time>
      </trkpt>
      <trkpt lat="49.031563" lon="14.994628">
        <time>2025-08-30T08:22:52.000Z</time>
      </trkpt>
      <trkpt lat="49.031556" lon="14.994586">
        <time>2025-08-30T08:22:53.000Z</time>
      </trkpt>
      <trkpt lat="49.031546" lon="14.994556">
        <time>2025-08-30T08:22:54.000Z</time>
      </trkpt>
      <trkpt lat="49.031535" lon="14.994516">
        <time>2025-08-30T08:22:55.000Z</time>
      </trkpt>
      <trkpt lat="49.031523" lon="14.994485">
        <time>2025-08-30T08:22:56.000Z</time>
      </trkpt>
      <trkpt lat="49.031515" lon="14.994448">
        <time>2025-08-30T08:22:57.000Z</time>
      </trkpt>
      <trkpt lat="49.031501" lon="14.994419">
        <time>2025-08-30T08:22:58.000Z</time>
      </trkpt>
      <trkpt lat="49.031493" lon="14.994398">
        <time>2025-08-30T08:22:59.000Z</time>
      </trkpt>
      <trkpt lat="49.031481" lon="14.994372">
        <time>2025-08-30T08:23:00.000Z</time>
      </trkpt>
      <trkpt lat="49.031466" lon="14.994347">
        <time>2025-08-30T08:23:01.000Z</time>
      </trkpt>
      <trkpt lat="49.031456" lon="14.994322">
        <time>2025-08-30T08:23:02.000Z</time>
      </trkpt>
      <trkpt lat="49.031444" lon="14.994301">
        <time>2025-08-30T08:23:03.000Z</time>
      </trkpt>
      <trkpt lat="49.031434" lon="14.994278">
        <time>2025-08-30T08:23:04.000Z</time>
      </trkpt>
      <trkpt lat="49.031418" lon="14.99426">
        <time>2025-08-30T08:23:05.000Z</time>
      </trkpt>
      <trkpt lat="49.031407" lon="14.994212">
        <time>2025-08-30T08:23:06.000Z</time>
      </trkpt>
      <trkpt lat="49.03139" lon="14.994182">
        <time>2025-08-30T08:23:07.000Z</time>
      </trkpt>
      <trkpt lat="49.031373" lon="14.994156">
        <time>2025-08-30T08:23:08.000Z</time>
      </trkpt>
      <trkpt lat="49.031354" lon="14.994148">
        <time>2025-08-30T08:23:09.000Z</time>
      </trkpt>
      <trkpt lat="49.031334" lon="14.994129">
        <time>2025-08-30T08:23:10.000Z</time>
      </trkpt>
      <trkpt lat="49.031321" lon="14.994101">
        <time>2025-08-30T08:23:11.000Z</time>
      </trkpt>
      <trkpt lat="49.031314" lon="14.994059">
        <time>2025-08-30T08:23:12.000Z</time>
      </trkpt>
      <trkpt lat="49.03131" lon="14.994025">
        <time>2025-08-30T08:23:13.000Z</time>
      </trkpt>
      <trkpt lat="49.031304" lon="14.994001">
        <time>2025-08-30T08:23:14.000Z</time>
      </trkpt>
      <trkpt lat="49.031292" lon="14.993969">
        <time>2025-08-30T08:23:15.000Z</time>
      </trkpt>
      <trkpt lat="49.031281" lon="14.993935">
        <time>2025-08-30T08:23:16.000Z</time>
      </trkpt>
      <trkpt lat="49.031269" lon="14.993901">
        <time>2025-08-30T08:23:17.000Z</time>
      </trkpt>
      <trkpt lat="49.031263" lon="14.993869">
        <time>2025-08-30T08:23:18.000Z</time>
      </trkpt>
      <trkpt lat="49.031255" lon="14.993844">
        <time>2025-08-30T08:23:19.000Z</time>
      </trkpt>
      <trkpt lat="49.031248" lon="14.993811">
        <time>2025-08-30T08:23:20.000Z</time>
      </trkpt>
      <trkpt lat="49.031241" lon="14.993787">
        <time>2025-08-30T08:23:21.000Z</time>
      </trkpt>
      <trkpt lat="49.031237" lon="14.993758">
        <time>2025-08-30T08:23:22.000Z</time>
      </trkpt>
      <trkpt lat="49.031227" lon="14.993725">
        <time>2025-08-30T08:23:23.000Z</time>
      </trkpt>
      <trkpt lat="49.031217" lon="14.993692">
        <time>2025-08-30T08:23:24.000Z</time>
      </trkpt>
      <trkpt lat="49.031203" lon="14.993677">
        <time>2025-08-30T08:23:25.000Z</time>
      </trkpt>
      <trkpt lat="49.031186" lon="14.993651">
        <time>2025-08-30T08:23:26.000Z</time>
      </trkpt>
      <trkpt lat="49.031166" lon="14.99364">
        <time>2025-08-30T08:23:27.000Z</time>
      </trkpt>
      <trkpt lat="49.031143" lon="14.993625">
        <time>2025-08-30T08:23:28.000Z</time>
      </trkpt>
      <trkpt lat="49.031118" lon="14.993611">
        <time>2025-08-30T08:23:29.000Z</time>
      </trkpt>
      <trkpt lat="49.031096" lon="14.993599">
        <time>2025-08-30T08:23:30.000Z</time>
      </trkpt>
      <trkpt lat="49.031073" lon="14.993576">
        <time>2025-08-30T08:23:31.000Z</time>
      </trkpt>
      <trkpt lat="49.031059" lon="14.993543">
        <time>2025-08-30T08:23:32.000Z</time>
      </trkpt>
      <trkpt lat="49.031047" lon="14.993508">
        <time>2025-08-30T08:23:33.000Z</time>
      </trkpt>
      <trkpt lat="49.031036" lon="14.993478">
        <time>2025-08-30T08:23:34.000Z</time>
      </trkpt>
      <trkpt lat="49.031021" lon="14.993445">
        <time>2025-08-30T08:23:35.000Z</time>
      </trkpt>
      <trkpt lat="49.031014" lon="14.9934">
        <time>2025-08-30T08:23:36.000Z</time>
      </trkpt>
      <trkpt lat="49.031007" lon="14.993365">
        <time>2025-08-30T08:23:37.000Z</time>
      </trkpt>
      <trkpt lat="49.030997" lon="14.993343">
        <time>2025-08-30T08:23:38.000Z</time>
      </trkpt>
      <trkpt lat="49.030984" lon="14.993304">
        <time>2025-08-30T08:23:39.000Z</time>
      </trkpt>
      <trkpt lat="49.030972" lon="14.993265">
        <time>2025-08-30T08:23:40.000Z</time>
      </trkpt>
      <trkpt lat="49.030957" lon="14.993227">
        <time>2025-08-30T08:23:41.000Z</time>
      </trkpt>
      <trkpt lat="49.030945" lon="14.993192">
        <time>2025-08-30T08:23:42.000Z</time>
      </trkpt>
      <trkpt lat="49.030926" lon="14.99317">
        <time>2025-08-30T08:23:43.000Z</time>
      </trkpt>
      <trkpt lat="49.030905" lon="14.993142">
        <time>2025-08-30T08:23:44.000Z</time>
      </trkpt>
      <trkpt lat="49.030881" lon="14.99312">
        <time>2025-08-30T08:23:45.000Z</time>
      </trkpt>
      <trkpt lat="49.03085" lon="14.993113">
        <time>2025-08-30T08:23:46.000Z</time>
      </trkpt>
      <trkpt lat="49.03082" lon="14.993122">
        <time>2025-08-30T08:23:47.000Z</time>
      </trkpt>
      <trkpt lat="49.030795" lon="14.993138">
        <time>2025-08-30T08:23:48.000Z</time>
      </trkpt>
      <trkpt lat="49.030763" lon="14.993152">
        <time>2025-08-30T08:23:49.000Z</time>
      </trkpt>
      <trkpt lat="49.030733" lon="14.993163">
        <time>2025-08-30T08:23:50.000Z</time>
      </trkpt>
      <trkpt lat="49.030709" lon="14.993176">
        <time>2025-08-30T08:23:51.000Z</time>
      </trkpt>
      <trkpt lat="49.030675" lon="14.993202">
        <time>2025-08-30T08:23:52.000Z</time>
      </trkpt>
      <trkpt lat="49.03064" lon="14.993218">
        <time>2025-08-30T08:23:53.000Z</time>
      </trkpt>
      <trkpt lat="49.03061" lon="14.993238">
        <time>2025-08-30T08:23:54.000Z</time>
      </trkpt>
      <trkpt lat="49.030583" lon="14.993262">
        <time>2025-08-30T08:23:55.000Z</time>
      </trkpt>
      <trkpt lat="49.03055" lon="14.993291">
        <time>2025-08-30T08:23:56.000Z</time>
      </trkpt>
      <trkpt lat="49.030523" lon="14.993306">
        <time>2025-08-30T08:23:57.000Z</time>
      </trkpt>
      <trkpt lat="49.030488" lon="14.993331">
        <time>2025-08-30T08:23:58.000Z</time>
      </trkpt>
      <trkpt lat="49.030449" lon="14.993357">
        <time>2025-08-30T08:23:59.000Z</time>
      </trkpt>
      <trkpt lat="49.030413" lon="14.993375">
        <time>2025-08-30T08:24:00.000Z</time>
      </trkpt>
      <trkpt lat="49.030383" lon="14.993393">
        <time>2025-08-30T08:24:01.000Z</time>
      </trkpt>
      <trkpt lat="49.030349" lon="14.993419">
        <time>2025-08-30T08:24:02.000Z</time>
      </trkpt>
      <trkpt lat="49.030313" lon="14.993433">
        <time>2025-08-30T08:24:03.000Z</time>
      </trkpt>
      <trkpt lat="49.030285" lon="14.993446">
        <time>2025-08-30T08:24:04.000Z</time>
      </trkpt>
      <trkpt lat="49.030252" lon="14.993462">
        <time>2025-08-30T08:24:05.000Z</time>
      </trkpt>
      <trkpt lat="49.030213" lon="14.993475">
        <time>2025-08-30T08:24:06.000Z</time>
      </trkpt>
      <trkpt lat="49.030179" lon="14.993478">
        <time>2025-08-30T08:24:07.000Z</time>
      </trkpt>
      <trkpt lat="49.030145" lon="14.993481">
        <time>2025-08-30T08:24:08.000Z</time>
      </trkpt>
      <trkpt lat="49.030099" lon="14.993475">
        <time>2025-08-30T08:24:09.000Z</time>
      </trkpt>
      <trkpt lat="49.030056" lon="14.993465">
        <time>2025-08-30T08:24:10.000Z</time>
      </trkpt>
      <trkpt lat="49.030021" lon="14.993448">
        <time>2025-08-30T08:24:11.000Z</time>
      </trkpt>
      <trkpt lat="49.029985" lon="14.993422">
        <time>2025-08-30T08:24:12.000Z</time>
      </trkpt>
      <trkpt lat="49.029957" lon="14.993395">
        <time>2025-08-30T08:24:13.000Z</time>
      </trkpt>
      <trkpt lat="49.029927" lon="14.993365">
        <time>2025-08-30T08:24:14.000Z</time>
      </trkpt>
      <trkpt lat="49.029897" lon="14.993321">
        <time>2025-08-30T08:24:15.000Z</time>
      </trkpt>
      <trkpt lat="49.029872" lon="14.993283">
        <time>2025-08-30T08:24:16.000Z</time>
      </trkpt>
      <trkpt lat="49.02984" lon="14.993249">
        <time>2025-08-30T08:24:17.000Z</time>
      </trkpt>
      <trkpt lat="49.029811" lon="14.9932">
        <time>2025-08-30T08:24:18.000Z</time>
      </trkpt>
      <trkpt lat="49.029794" lon="14.993153">
        <time>2025-08-30T08:24:19.000Z</time>
      </trkpt>
      <trkpt lat="49.029773" lon="14.993113">
        <time>2025-08-30T08:24:20.000Z</time>
      </trkpt>
      <trkpt lat="49.029756" lon="14.993063">
        <time>2025-08-30T08:24:21.000Z</time>
      </trkpt>
      <trkpt lat="49.029737" lon="14.993017">
        <time>2025-08-30T08:24:22.000Z</time>
      </trkpt>
      <trkpt lat="49.029718" lon="14.992986">
        <time>2025-08-30T08:24:23.000Z</time>
      </trkpt>
      <trkpt lat="49.02969" lon="14.99294">
        <time>2025-08-30T08:24:24.000Z</time>
      </trkpt>
      <trkpt lat="49.029672" lon="14.99291">
        <time>2025-08-30T08:24:25.000Z</time>
      </trkpt>
      <trkpt lat="49.02965" lon="14.992876">
        <time>2025-08-30T08:24:26.000Z</time>
      </trkpt>
      <trkpt lat="49.029623" lon="14.992846">
        <time>2025-08-30T08:24:27.000Z</time>
      </trkpt>
      <trkpt lat="49.029591" lon="14.992828">
        <time>2025-08-30T08:24:28.000Z</time>
      </trkpt>
      <trkpt lat="49.02956" lon="14.992816">
        <time>2025-08-30T08:24:29.000Z</time>
      </trkpt>
      <trkpt lat="49.029528" lon="14.992797">
        <time>2025-08-30T08:24:30.000Z</time>
      </trkpt>
      <trkpt lat="49.029502" lon="14.992781">
        <time>2025-08-30T08:24:31.000Z</time>
      </trkpt>
      <trkpt lat="49.029471" lon="14.992763">
        <time>2025-08-30T08:24:32.000Z</time>
      </trkpt>
      <trkpt lat="49.029436" lon="14.992735">
        <time>2025-08-30T08:24:33.000Z</time>
      </trkpt>
      <trkpt lat="49.029408" lon="14.992711">
        <time>2025-08-30T08:24:34.000Z</time>
      </trkpt>
      <trkpt lat="49.029384" lon="14.992691">
        <time>2025-08-30T08:24:35.000Z</time>
      </trkpt>
      <trkpt lat="49.029361" lon="14.992662">
        <time>2025-08-30T08:24:36.000Z</time>
      </trkpt>
      <trkpt lat="49.029341" lon="14.992629">
        <time>2025-08-30T08:24:37.000Z</time>
      </trkpt>
      <trkpt lat="49.029322" lon="14.992606">
        <time>2025-08-30T08:24:38.000Z</time>
      </trkpt>
      <trkpt lat="49.029298" lon="14.992577">
        <time>2025-08-30T08:24:39.000Z</time>
      </trkpt>
      <trkpt lat="49.029281" lon="14.992542">
        <time>2025-08-30T08:24:40.000Z</time>
      </trkpt>
      <trkpt lat="49.029265" lon="14.992519">
        <time>2025-08-30T08:24:41.000Z</time>
      </trkpt>
      <trkpt lat="49.029248" lon="14.992486">
        <time>2025-08-30T08:24:42.000Z</time>
      </trkpt>
      <trkpt lat="49.029225" lon="14.99244">
        <time>2025-08-30T08:24:43.000Z</time>
      </trkpt>
      <trkpt lat="49.029206" lon="14.992406">
        <time>2025-08-30T08:24:44.000Z</time>
      </trkpt>
      <trkpt lat="49.029184" lon="14.992362">
        <time>2025-08-30T08:24:45.000Z</time>
      </trkpt>
      <trkpt lat="49.029168" lon="14.992315">
        <time>2025-08-30T08:24:46.000Z</time>
      </trkpt>
      <trkpt lat="49.029153" lon="14.992277">
        <time>2025-08-30T08:24:47.000Z</time>
      </trkpt>
      <trkpt lat="49.029134" lon="14.992238">
        <time>2025-08-30T08:24:48.000Z</time>
      </trkpt>
      <trkpt lat="49.029114" lon="14.992194">
        <time>2025-08-30T08:24:49.000Z</time>
      </trkpt>
      <trkpt lat="49.029102" lon="14.992171">
        <time>2025-08-30T08:24:50.000Z</time>
      </trkpt>
      <trkpt lat="49.029085" lon="14.992137">
        <time>2025-08-30T08:24:51.000Z</time>
      </trkpt>
      <trkpt lat="49.029069" lon="14.9921">
        <time>2025-08-30T08:24:52.000Z</time>
      </trkpt>
      <trkpt lat="49.029055" lon="14.992079">
        <time>2025-08-30T08:24:53.000Z</time>
      </trkpt>
      <trkpt lat="49.029035" lon="14.992043">
        <time>2025-08-30T08:24:54.000Z</time>
      </trkpt>
      <trkpt lat="49.029017" lon="14.992002">
        <time>2025-08-30T08:24:55.000Z</time>
      </trkpt>
      <trkpt lat="49.028997" lon="14.991975">
        <time>2025-08-30T08:24:56.000Z</time>
      </trkpt>
      <trkpt lat="49.028983" lon="14.991946">
        <time>2025-08-30T08:24:57.000Z</time>
      </trkpt>
      <trkpt lat="49.028964" lon="14.991898">
        <time>2025-08-30T08:24:58.000Z</time>
      </trkpt>
      <trkpt lat="49.028951" lon="14.991858">
        <time>2025-08-30T08:24:59.000Z</time>
      </trkpt>
      <trkpt lat="49.02893" lon="14.991839">
        <time>2025-08-30T08:25:00.000Z</time>
      </trkpt>
      <trkpt lat="49.028906" lon="14.991804">
        <time>2025-08-30T08:25:01.000Z</time>
      </trkpt>
      <trkpt lat="49.028886" lon="14.991775">
        <time>2025-08-30T08:25:02.000Z</time>
      </trkpt>
      <trkpt lat="49.028875" lon="14.991747">
        <time>2025-08-30T08:25:03.000Z</time>
      </trkpt>
      <trkpt lat="49.028856" lon="14.991718">
        <time>2025-08-30T08:25:04.000Z</time>
      </trkpt>
      <trkpt lat="49.028839" lon="14.99169">
        <time>2025-08-30T08:25:05.000Z</time>
      </trkpt>
      <trkpt lat="49.028819" lon="14.991666">
        <time>2025-08-30T08:25:06.000Z</time>
      </trkpt>
      <trkpt lat="49.0288" lon="14.991647">
        <time>2025-08-30T08:25:07.000Z</time>
      </trkpt>
      <trkpt lat="49.028784" lon="14.991619">
        <time>2025-08-30T08:25:08.000Z</time>
      </trkpt>
      <trkpt lat="49.02877" lon="14.991583">
        <time>2025-08-30T08:25:09.000Z</time>
      </trkpt>
      <trkpt lat="49.028754" lon="14.991556">
        <time>2025-08-30T08:25:10.000Z</time>
      </trkpt>
      <trkpt lat="49.028735" lon="14.991529">
        <time>2025-08-30T08:25:11.000Z</time>
      </trkpt>
      <trkpt lat="49.028715" lon="14.991494">
        <time>2025-08-30T08:25:12.000Z</time>
      </trkpt>
      <trkpt lat="49.028696" lon="14.991472">
        <time>2025-08-30T08:25:13.000Z</time>
      </trkpt>
      <trkpt lat="49.028678" lon="14.991464">
        <time>2025-08-30T08:25:14.000Z</time>
      </trkpt>
      <trkpt lat="49.028653" lon="14.991432">
        <time>2025-08-30T08:25:15.000Z</time>
      </trkpt>
      <trkpt lat="49.028633" lon="14.991389">
        <time>2025-08-30T08:25:16.000Z</time>
      </trkpt>
      <trkpt lat="49.028617" lon="14.99136">
        <time>2025-08-30T08:25:17.000Z</time>
      </trkpt>
      <trkpt lat="49.028588" lon="14.991328">
        <time>2025-08-30T08:25:18.000Z</time>
      </trkpt>
      <trkpt lat="49.028565" lon="14.991289">
        <time>2025-08-30T08:25:19.000Z</time>
      </trkpt>
      <trkpt lat="49.028545" lon="14.991252">
        <time>2025-08-30T08:25:20.000Z</time>
      </trkpt>
      <trkpt lat="49.028526" lon="14.991234">
        <time>2025-08-30T08:25:21.000Z</time>
      </trkpt>
      <trkpt lat="49.028499" lon="14.991202">
        <time>2025-08-30T08:25:22.000Z</time>
      </trkpt>
      <trkpt lat="49.028478" lon="14.991165">
        <time>2025-08-30T08:25:23.000Z</time>
      </trkpt>
      <trkpt lat="49.02846" lon="14.991135">
        <time>2025-08-30T08:25:24.000Z</time>
      </trkpt>
      <trkpt lat="49.028443" lon="14.991117">
        <time>2025-08-30T08:25:25.000Z</time>
      </trkpt>
      <trkpt lat="49.02842" lon="14.991087">
        <time>2025-08-30T08:25:26.000Z</time>
      </trkpt>
      <trkpt lat="49.028406" lon="14.991049">
        <time>2025-08-30T08:25:27.000Z</time>
      </trkpt>
      <trkpt lat="49.02839" lon="14.991025">
        <time>2025-08-30T08:25:28.000Z</time>
      </trkpt>
      <trkpt lat="49.028367" lon="14.990991">
        <time>2025-08-30T08:25:29.000Z</time>
      </trkpt>
      <trkpt lat="49.028343" lon="14.990963">
        <time>2025-08-30T08:25:30.000Z</time>
      </trkpt>
      <trkpt lat="49.028321" lon="14.990943">
        <time>2025-08-30T08:25:31.000Z</time>
      </trkpt>
      <trkpt lat="49.0283" lon="14.990924">
        <time>2025-08-30T08:25:32.000Z</time>
      </trkpt>
      <trkpt lat="49.028272" lon="14.990902">
        <time>2025-08-30T08:25:33.000Z</time>
      </trkpt>
      <trkpt lat="49.028244" lon="14.990877">
        <time>2025-08-30T08:25:34.000Z</time>
      </trkpt>
      <trkpt lat="49.028221" lon="14.990861">
        <time>2025-08-30T08:25:35.000Z</time>
      </trkpt>
      <trkpt lat="49.028194" lon="14.990837">
        <time>2025-08-30T08:25:36.000Z</time>
      </trkpt>
      <trkpt lat="49.028177" lon="14.990795">
        <time>2025-08-30T08:25:37.000Z</time>
      </trkpt>
      <trkpt lat="49.028162" lon="14.990759">
        <time>2025-08-30T08:25:38.000Z</time>
      </trkpt>
      <trkpt lat="49.028142" lon="14.990733">
        <time>2025-08-30T08:25:39.000Z</time>
      </trkpt>
      <trkpt lat="49.028127" lon="14.99069">
        <time>2025-08-30T08:25:40.000Z</time>
      </trkpt>
      <trkpt lat="49.028121" lon="14.990651">
        <time>2025-08-30T08:25:41.000Z</time>
      </trkpt>
      <trkpt lat="49.028116" lon="14.990614">
        <time>2025-08-30T08:25:42.000Z</time>
      </trkpt>
      <trkpt lat="49.02811" lon="14.990578">
        <time>2025-08-30T08:25:43.000Z</time>
      </trkpt>
      <trkpt lat="49.028098" lon="14.990539">
        <time>2025-08-30T08:25:44.000Z</time>
      </trkpt>
      <trkpt lat="49.028082" lon="14.990507">
        <time>2025-08-30T08:25:45.000Z</time>
      </trkpt>
      <trkpt lat="49.028062" lon="14.990484">
        <time>2025-08-30T08:25:46.000Z</time>
      </trkpt>
      <trkpt lat="49.028041" lon="14.990448">
        <time>2025-08-30T08:25:47.000Z</time>
      </trkpt>
      <trkpt lat="49.028027" lon="14.990415">
        <time>2025-08-30T08:25:48.000Z</time>
      </trkpt>
      <trkpt lat="49.028011" lon="14.990392">
        <time>2025-08-30T08:25:49.000Z</time>
      </trkpt>
      <trkpt lat="49.027985" lon="14.990355">
        <time>2025-08-30T08:25:50.000Z</time>
      </trkpt>
      <trkpt lat="49.027969" lon="14.990325">
        <time>2025-08-30T08:25:51.000Z</time>
      </trkpt>
      <trkpt lat="49.027949" lon="14.990289">
        <time>2025-08-30T08:25:52.000Z</time>
      </trkpt>
      <trkpt lat="49.027931" lon="14.990262">
        <time>2025-08-30T08:25:53.000Z</time>
      </trkpt>
      <trkpt lat="49.027911" lon="14.990231">
        <time>2025-08-30T08:25:54.000Z</time>
      </trkpt>
      <trkpt lat="49.027889" lon="14.990188">
        <time>2025-08-30T08:25:55.000Z</time>
      </trkpt>
      <trkpt lat="49.027873" lon="14.990154">
        <time>2025-08-30T08:25:56.000Z</time>
      </trkpt>
      <trkpt lat="49.027854" lon="14.990126">
        <time>2025-08-30T08:25:57.000Z</time>
      </trkpt>
      <trkpt lat="49.027831" lon="14.9901">
        <time>2025-08-30T08:25:58.000Z</time>
      </trkpt>
      <trkpt lat="49.0278" lon="14.990068">
        <time>2025-08-30T08:25:59.000Z</time>
      </trkpt>
      <trkpt lat="49.027774" lon="14.990038">
        <time>2025-08-30T08:26:00.000Z</time>
      </trkpt>
      <trkpt lat="49.027756" lon="14.990023">
        <time>2025-08-30T08:26:01.000Z</time>
      </trkpt>
      <trkpt lat="49.027735" lon="14.989999">
        <time>2025-08-30T08:26:02.000Z</time>
      </trkpt>
      <trkpt lat="49.027722" lon="14.989961">
        <time>2025-08-30T08:26:03.000Z</time>
      </trkpt>
      <trkpt lat="49.02773" lon="14.989912">
        <time>2025-08-30T08:26:04.000Z</time>
      </trkpt>
      <trkpt lat="49.027734" lon="14.98987">
        <time>2025-08-30T08:26:05.000Z</time>
      </trkpt>
      <trkpt lat="49.027728" lon="14.98984">
        <time>2025-08-30T08:26:06.000Z</time>
      </trkpt>
      <trkpt lat="49.02772" lon="14.989796">
        <time>2025-08-30T08:26:07.000Z</time>
      </trkpt>
      <trkpt lat="49.027711" lon="14.989756">
        <time>2025-08-30T08:26:08.000Z</time>
      </trkpt>
      <trkpt lat="49.027688" lon="14.989712">
        <time>2025-08-30T08:26:09.000Z</time>
      </trkpt>
      <trkpt lat="49.027671" lon="14.989683">
        <time>2025-08-30T08:26:10.000Z</time>
      </trkpt>
      <trkpt lat="49.027649" lon="14.989644">
        <time>2025-08-30T08:26:11.000Z</time>
      </trkpt>
      <trkpt lat="49.027624" lon="14.989603">
        <time>2025-08-30T08:26:12.000Z</time>
      </trkpt>
      <trkpt lat="49.027612" lon="14.989572">
        <time>2025-08-30T08:26:13.000Z</time>
      </trkpt>
      <trkpt lat="49.027592" lon="14.989542">
        <time>2025-08-30T08:26:14.000Z</time>
      </trkpt>
      <trkpt lat="49.027574" lon="14.989507">
        <time>2025-08-30T08:26:15.000Z</time>
      </trkpt>
      <trkpt lat="49.027552" lon="14.989469">
        <time>2025-08-30T08:26:16.000Z</time>
      </trkpt>
      <trkpt lat="49.027534" lon="14.98944">
        <time>2025-08-30T08:26:17.000Z</time>
      </trkpt>
      <trkpt lat="49.027518" lon="14.989403">
        <time>2025-08-30T08:26:18.000Z</time>
      </trkpt>
      <trkpt lat="49.027501" lon="14.989375">
        <time>2025-08-30T08:26:19.000Z</time>
      </trkpt>
      <trkpt lat="49.027478" lon="14.989347">
        <time>2025-08-30T08:26:20.000Z</time>
      </trkpt>
      <trkpt lat="49.027464" lon="14.989323">
        <time>2025-08-30T08:26:21.000Z</time>
      </trkpt>
      <trkpt lat="49.027451" lon="14.989278">
        <time>2025-08-30T08:26:22.000Z</time>
      </trkpt>
      <trkpt lat="49.02745" lon="14.98923">
        <time>2025-08-30T08:26:23.000Z</time>
      </trkpt>
      <trkpt lat="49.027447" lon="14.989189">
        <time>2025-08-30T08:26:24.000Z</time>
      </trkpt>
      <trkpt lat="49.027442" lon="14.989156">
        <time>2025-08-30T08:26:25.000Z</time>
      </trkpt>
      <trkpt lat="49.027432" lon="14.989135">
        <time>2025-08-30T08:26:26.000Z</time>
      </trkpt>
      <trkpt lat="49.027416" lon="14.989107">
        <time>2025-08-30T08:26:27.000Z</time>
      </trkpt>
      <trkpt lat="49.0274" lon="14.989077">
        <time>2025-08-30T08:26:28.000Z</time>
      </trkpt>
      <trkpt lat="49.027387" lon="14.989037">
        <time>2025-08-30T08:26:29.000Z</time>
      </trkpt>
      <trkpt lat="49.027381" lon="14.989012">
        <time>2025-08-30T08:26:30.000Z</time>
      </trkpt>
      <trkpt lat="49.027367" lon="14.988983">
        <time>2025-08-30T08:26:31.000Z</time>
      </trkpt>
      <trkpt lat="49.027344" lon="14.988957">
        <time>2025-08-30T08:26:32.000Z</time>
      </trkpt>
      <trkpt lat="49.027323" lon="14.988928">
        <time>2025-08-30T08:26:33.000Z</time>
      </trkpt>
      <trkpt lat="49.02731" lon="14.988896">
        <time>2025-08-30T08:26:34.000Z</time>
      </trkpt>
      <trkpt lat="49.027301" lon="14.988859">
        <time>2025-08-30T08:26:35.000Z</time>
      </trkpt>
      <trkpt lat="49.027298" lon="14.988819">
        <time>2025-08-30T08:26:36.000Z</time>
      </trkpt>
      <trkpt lat="49.027294" lon="14.988776">
        <time>2025-08-30T08:26:37.000Z</time>
      </trkpt>
      <trkpt lat="49.027286" lon="14.988742">
        <time>2025-08-30T08:26:38.000Z</time>
      </trkpt>
      <trkpt lat="49.027272" lon="14.988702">
        <time>2025-08-30T08:26:39.000Z</time>
      </trkpt>
      <trkpt lat="49.027257" lon="14.988659">
        <time>2025-08-30T08:26:40.000Z</time>
      </trkpt>
      <trkpt lat="49.027233" lon="14.988609">
        <time>2025-08-30T08:26:41.000Z</time>
      </trkpt>
      <trkpt lat="49.027214" lon="14.988566">
        <time>2025-08-30T08:26:42.000Z</time>
      </trkpt>
      <trkpt lat="49.027191" lon="14.988524">
        <time>2025-08-30T08:26:43.000Z</time>
      </trkpt>
      <trkpt lat="49.027178" lon="14.98848">
        <time>2025-08-30T08:26:44.000Z</time>
      </trkpt>
      <trkpt lat="49.027165" lon="14.988417">
        <time>2025-08-30T08:26:45.000Z</time>
      </trkpt>
      <trkpt lat="49.027156" lon="14.988373">
        <time>2025-08-30T08:26:46.000Z</time>
      </trkpt>
      <trkpt lat="49.027142" lon="14.98832">
        <time>2025-08-30T08:26:47.000Z</time>
      </trkpt>
      <trkpt lat="49.027126" lon="14.988255">
        <time>2025-08-30T08:26:48.000Z</time>
      </trkpt>
      <trkpt lat="49.027118" lon="14.988218">
        <time>2025-08-30T08:26:49.000Z</time>
      </trkpt>
      <trkpt lat="49.0271" lon="14.988179">
        <time>2025-08-30T08:26:50.000Z</time>
      </trkpt>
      <trkpt lat="49.027086" lon="14.988137">
        <time>2025-08-30T08:26:51.000Z</time>
      </trkpt>
      <trkpt lat="49.027073" lon="14.988086">
        <time>2025-08-30T08:26:52.000Z</time>
      </trkpt>
      <trkpt lat="49.027068" lon="14.988046">
        <time>2025-08-30T08:26:53.000Z</time>
      </trkpt>
      <trkpt lat="49.027057" lon="14.987997">
        <time>2025-08-30T08:26:54.000Z</time>
      </trkpt>
      <trkpt lat="49.027047" lon="14.987957">
        <time>2025-08-30T08:26:55.000Z</time>
      </trkpt>
      <trkpt lat="49.027035" lon="14.987917">
        <time>2025-08-30T08:26:56.000Z</time>
      </trkpt>
      <trkpt lat="49.027029" lon="14.987886">
        <time>2025-08-30T08:26:57.000Z</time>
      </trkpt>
      <trkpt lat="49.027043" lon="14.987841">
        <time>2025-08-30T08:26:58.000Z</time>
      </trkpt>
      <trkpt lat="49.027062" lon="14.987803">
        <time>2025-08-30T08:26:59.000Z</time>
      </trkpt>
      <trkpt lat="49.027081" lon="14.987756">
        <time>2025-08-30T08:27:00.000Z</time>
      </trkpt>
      <trkpt lat="49.027102" lon="14.987705">
        <time>2025-08-30T08:27:01.000Z</time>
      </trkpt>
      <trkpt lat="49.027117" lon="14.987667">
        <time>2025-08-30T08:27:02.000Z</time>
      </trkpt>
      <trkpt lat="49.02714" lon="14.987609">
        <time>2025-08-30T08:27:03.000Z</time>
      </trkpt>
      <trkpt lat="49.027158" lon="14.987565">
        <time>2025-08-30T08:27:04.000Z</time>
      </trkpt>
      <trkpt lat="49.027172" lon="14.987526">
        <time>2025-08-30T08:27:05.000Z</time>
      </trkpt>
      <trkpt lat="49.027195" lon="14.987474">
        <time>2025-08-30T08:27:06.000Z</time>
      </trkpt>
      <trkpt lat="49.027211" lon="14.987435">
        <time>2025-08-30T08:27:07.000Z</time>
      </trkpt>
      <trkpt lat="49.027227" lon="14.987394">
        <time>2025-08-30T08:27:08.000Z</time>
      </trkpt>
      <trkpt lat="49.027249" lon="14.987345">
        <time>2025-08-30T08:27:09.000Z</time>
      </trkpt>
      <trkpt lat="49.027269" lon="14.98731">
        <time>2025-08-30T08:27:10.000Z</time>
      </trkpt>
      <trkpt lat="49.027284" lon="14.98726">
        <time>2025-08-30T08:27:11.000Z</time>
      </trkpt>
      <trkpt lat="49.027306" lon="14.987214">
        <time>2025-08-30T08:27:12.000Z</time>
      </trkpt>
      <trkpt lat="49.027322" lon="14.987174">
        <time>2025-08-30T08:27:13.000Z</time>
      </trkpt>
      <trkpt lat="49.027338" lon="14.98713">
        <time>2025-08-30T08:27:14.000Z</time>
      </trkpt>
      <trkpt lat="49.027364" lon="14.987082">
        <time>2025-08-30T08:27:15.000Z</time>
      </trkpt>
      <trkpt lat="49.027381" lon="14.987052">
        <time>2025-08-30T08:27:16.000Z</time>
      </trkpt>
      <trkpt lat="49.027399" lon="14.987009">
        <time>2025-08-30T08:27:17.000Z</time>
      </trkpt>
      <trkpt lat="49.027416" lon="14.98697">
        <time>2025-08-30T08:27:18.000Z</time>
      </trkpt>
      <trkpt lat="49.027421" lon="14.986938">
        <time>2025-08-30T08:27:19.000Z</time>
      </trkpt>
      <trkpt lat="49.027411" lon="14.986899">
        <time>2025-08-30T08:27:20.000Z</time>
      </trkpt>
      <trkpt lat="49.0274" lon="14.986846">
        <time>2025-08-30T08:27:21.000Z</time>
      </trkpt>
      <trkpt lat="49.027392" lon="14.986798">
        <time>2025-08-30T08:27:22.000Z</time>
      </trkpt>
      <trkpt lat="49.027386" lon="14.986763">
        <time>2025-08-30T08:27:23.000Z</time>
      </trkpt>
      <trkpt lat="49.027364" lon="14.986733">
        <time>2025-08-30T08:27:24.000Z</time>
      </trkpt>
      <trkpt lat="49.02734" lon="14.986721">
        <time>2025-08-30T08:27:25.000Z</time>
      </trkpt>
      <trkpt lat="49.027307" lon="14.986726">
        <time>2025-08-30T08:27:26.000Z</time>
      </trkpt>
      <trkpt lat="49.027276" lon="14.986727">
        <time>2025-08-30T08:27:27.000Z</time>
      </trkpt>
      <trkpt lat="49.027238" lon="14.986723">
        <time>2025-08-30T08:27:28.000Z</time>
      </trkpt>
      <trkpt lat="49.027204" lon="14.986729">
        <time>2025-08-30T08:27:29.000Z</time>
      </trkpt>
      <trkpt lat="49.027172" lon="14.986729">
        <time>2025-08-30T08:27:30.000Z</time>
      </trkpt>
      <trkpt lat="49.027139" lon="14.986724">
        <time>2025-08-30T08:27:31.000Z</time>
      </trkpt>
      <trkpt lat="49.027108" lon="14.986724">
        <time>2025-08-30T08:27:32.000Z</time>
      </trkpt>
      <trkpt lat="49.027075" lon="14.986728">
        <time>2025-08-30T08:27:33.000Z</time>
      </trkpt>
      <trkpt lat="49.027045" lon="14.986733">
        <time>2025-08-30T08:27:34.000Z</time>
      </trkpt>
      <trkpt lat="49.027019" lon="14.986734">
        <time>2025-08-30T08:27:35.000Z</time>
      </trkpt>
      <trkpt lat="49.026991" lon="14.986731">
        <time>2025-08-30T08:27:36.000Z</time>
      </trkpt>
      <trkpt lat="49.026959" lon="14.986724">
        <time>2025-08-30T08:27:37.000Z</time>
      </trkpt>
      <trkpt lat="49.026929" lon="14.986718">
        <time>2025-08-30T08:27:38.000Z</time>
      </trkpt>
      <trkpt lat="49.026902" lon="14.986708">
        <time>2025-08-30T08:27:39.000Z</time>
      </trkpt>
      <trkpt lat="49.026864" lon="14.98668">
        <time>2025-08-30T08:27:40.000Z</time>
      </trkpt>
      <trkpt lat="49.026835" lon="14.986664">
        <time>2025-08-30T08:27:41.000Z</time>
      </trkpt>
      <trkpt lat="49.026796" lon="14.98666">
        <time>2025-08-30T08:27:42.000Z</time>
      </trkpt>
      <trkpt lat="49.026755" lon="14.986639">
        <time>2025-08-30T08:27:43.000Z</time>
      </trkpt>
      <trkpt lat="49.02672" lon="14.986637">
        <time>2025-08-30T08:27:44.000Z</time>
      </trkpt>
      <trkpt lat="49.026687" lon="14.986632">
        <time>2025-08-30T08:27:45.000Z</time>
      </trkpt>
      <trkpt lat="49.026645" lon="14.98662">
        <time>2025-08-30T08:27:46.000Z</time>
      </trkpt>
      <trkpt lat="49.026615" lon="14.986616">
        <time>2025-08-30T08:27:47.000Z</time>
      </trkpt>
      <trkpt lat="49.026575" lon="14.986609">
        <time>2025-08-30T08:27:48.000Z</time>
      </trkpt>
      <trkpt lat="49.026534" lon="14.986583">
        <time>2025-08-30T08:27:49.000Z</time>
      </trkpt>
      <trkpt lat="49.026505" lon="14.986568">
        <time>2025-08-30T08:27:50.000Z</time>
      </trkpt>
      <trkpt lat="49.026471" lon="14.986557">
        <time>2025-08-30T08:27:51.000Z</time>
      </trkpt>
      <trkpt lat="49.026441" lon="14.986515">
        <time>2025-08-30T08:27:52.000Z</time>
      </trkpt>
      <trkpt lat="49.026416" lon="14.986479">
        <time>2025-08-30T08:27:53.000Z</time>
      </trkpt>
      <trkpt lat="49.026391" lon="14.986444">
        <time>2025-08-30T08:27:54.000Z</time>
      </trkpt>
      <trkpt lat="49.02636" lon="14.98639">
        <time>2025-08-30T08:27:55.000Z</time>
      </trkpt>
      <trkpt lat="49.026341" lon="14.98635">
        <time>2025-08-30T08:27:56.000Z</time>
      </trkpt>
      <trkpt lat="49.026314" lon="14.986308">
        <time>2025-08-30T08:27:57.000Z</time>
      </trkpt>
      <trkpt lat="49.02629" lon="14.986251">
        <time>2025-08-30T08:27:58.000Z</time>
      </trkpt>
      <trkpt lat="49.02627" lon="14.986203">
        <time>2025-08-30T08:27:59.000Z</time>
      </trkpt>
      <trkpt lat="49.026249" lon="14.986167">
        <time>2025-08-30T08:28:00.000Z</time>
      </trkpt>
      <trkpt lat="49.026216" lon="14.986108">
        <time>2025-08-30T08:28:01.000Z</time>
      </trkpt>
      <trkpt lat="49.026191" lon="14.986067">
        <time>2025-08-30T08:28:02.000Z</time>
      </trkpt>
      <trkpt lat="49.026164" lon="14.98603">
        <time>2025-08-30T08:28:03.000Z</time>
      </trkpt>
      <trkpt lat="49.026142" lon="14.985982">
        <time>2025-08-30T08:28:04.000Z</time>
      </trkpt>
      <trkpt lat="49.026118" lon="14.98594">
        <time>2025-08-30T08:28:05.000Z</time>
      </trkpt>
      <trkpt lat="49.026093" lon="14.985905">
        <time>2025-08-30T08:28:06.000Z</time>
      </trkpt>
      <trkpt lat="49.026067" lon="14.985851">
        <time>2025-08-30T08:28:07.000Z</time>
      </trkpt>
      <trkpt lat="49.026047" lon="14.985813">
        <time>2025-08-30T08:28:08.000Z</time>
      </trkpt>
      <trkpt lat="49.026021" lon="14.98577">
        <time>2025-08-30T08:28:09.000Z</time>
      </trkpt>
      <trkpt lat="49.025996" lon="14.985715">
        <time>2025-08-30T08:28:10.000Z</time>
      </trkpt>
      <trkpt lat="49.025978" lon="14.985682">
        <time>2025-08-30T08:28:11.000Z</time>
      </trkpt>
      <trkpt lat="49.02595" lon="14.985637">
        <time>2025-08-30T08:28:12.000Z</time>
      </trkpt>
      <trkpt lat="49.02593" lon="14.985582">
        <time>2025-08-30T08:28:13.000Z</time>
      </trkpt>
      <trkpt lat="49.025909" lon="14.985536">
        <time>2025-08-30T08:28:14.000Z</time>
      </trkpt>
      <trkpt lat="49.025881" lon="14.9855">
        <time>2025-08-30T08:28:15.000Z</time>
      </trkpt>
      <trkpt lat="49.02586" lon="14.985452">
        <time>2025-08-30T08:28:16.000Z</time>
      </trkpt>
      <trkpt lat="49.025838" lon="14.985407">
        <time>2025-08-30T08:28:17.000Z</time>
      </trkpt>
      <trkpt lat="49.025815" lon="14.985365">
        <time>2025-08-30T08:28:18.000Z</time>
      </trkpt>
      <trkpt lat="49.025795" lon="14.985315">
        <time>2025-08-30T08:28:19.000Z</time>
      </trkpt>
      <trkpt lat="49.025775" lon="14.985273">
        <time>2025-08-30T08:28:20.000Z</time>
      </trkpt>
      <trkpt lat="49.025754" lon="14.985237">
        <time>2025-08-30T08:28:21.000Z</time>
      </trkpt>
      <trkpt lat="49.025728" lon="14.985176">
        <time>2025-08-30T08:28:22.000Z</time>
      </trkpt>
      <trkpt lat="49.025716" lon="14.98512">
        <time>2025-08-30T08:28:23.000Z</time>
      </trkpt>
      <trkpt lat="49.025696" lon="14.985077">
        <time>2025-08-30T08:28:24.000Z</time>
      </trkpt>
      <trkpt lat="49.025674" lon="14.985021">
        <time>2025-08-30T08:28:25.000Z</time>
      </trkpt>
      <trkpt lat="49.025655" lon="14.98497">
        <time>2025-08-30T08:28:26.000Z</time>
      </trkpt>
      <trkpt lat="49.025639" lon="14.984922">
        <time>2025-08-30T08:28:27.000Z</time>
      </trkpt>
      <trkpt lat="49.025611" lon="14.98486">
        <time>2025-08-30T08:28:28.000Z</time>
      </trkpt>
      <trkpt lat="49.025588" lon="14.984803">
        <time>2025-08-30T08:28:29.000Z</time>
      </trkpt>
      <trkpt lat="49.025565" lon="14.984762">
        <time>2025-08-30T08:28:30.000Z</time>
      </trkpt>
      <trkpt lat="49.025538" lon="14.984707">
        <time>2025-08-30T08:28:31.000Z</time>
      </trkpt>
      <trkpt lat="49.025521" lon="14.984654">
        <time>2025-08-30T08:28:32.000Z</time>
      </trkpt>
      <trkpt lat="49.025506" lon="14.984607">
        <time>2025-08-30T08:28:33.000Z</time>
      </trkpt>
      <trkpt lat="49.025483" lon="14.984552">
        <time>2025-08-30T08:28:34.000Z</time>
      </trkpt>
      <trkpt lat="49.025465" lon="14.984499">
        <time>2025-08-30T08:28:35.000Z</time>
      </trkpt>
      <trkpt lat="49.025454" lon="14.984452">
        <time>2025-08-30T08:28:36.000Z</time>
      </trkpt>
      <trkpt lat="49.025443" lon="14.9844">
        <time>2025-08-30T08:28:37.000Z</time>
      </trkpt>
      <trkpt lat="49.025432" lon="14.984359">
        <time>2025-08-30T08:28:38.000Z</time>
      </trkpt>
      <trkpt lat="49.025423" lon="14.984301">
        <time>2025-08-30T08:28:39.000Z</time>
      </trkpt>
      <trkpt lat="49.025414" lon="14.984249">
        <time>2025-08-30T08:28:40.000Z</time>
      </trkpt>
      <trkpt lat="49.025404" lon="14.984206">
        <time>2025-08-30T08:28:41.000Z</time>
      </trkpt>
      <trkpt lat="49.025385" lon="14.984166">
        <time>2025-08-30T08:28:42.000Z</time>
      </trkpt>
      <trkpt lat="49.025369" lon="14.984109">
        <time>2025-08-30T08:28:43.000Z</time>
      </trkpt>
      <trkpt lat="49.02536" lon="14.984064">
        <time>2025-08-30T08:28:44.000Z</time>
      </trkpt>
      <trkpt lat="49.025339" lon="14.984017">
        <time>2025-08-30T08:28:45.000Z</time>
      </trkpt>
      <trkpt lat="49.025321" lon="14.983971">
        <time>2025-08-30T08:28:46.000Z</time>
      </trkpt>
      <trkpt lat="49.025302" lon="14.983937">
        <time>2025-08-30T08:28:47.000Z</time>
      </trkpt>
      <trkpt lat="49.025283" lon="14.983912">
        <time>2025-08-30T08:28:48.000Z</time>
      </trkpt>
      <trkpt lat="49.025263" lon="14.983881">
        <time>2025-08-30T08:28:49.000Z</time>
      </trkpt>
      <trkpt lat="49.025246" lon="14.983856">
        <time>2025-08-30T08:28:50.000Z</time>
      </trkpt>
      <trkpt lat="49.025228" lon="14.983827">
        <time>2025-08-30T08:28:51.000Z</time>
      </trkpt>
      <trkpt lat="49.025205" lon="14.98381">
        <time>2025-08-30T08:28:52.000Z</time>
      </trkpt>
      <trkpt lat="49.025193" lon="14.983788">
        <time>2025-08-30T08:28:53.000Z</time>
      </trkpt>
      <trkpt lat="49.025179" lon="14.98377">
        <time>2025-08-30T08:28:54.000Z</time>
      </trkpt>
      <trkpt lat="49.02517" lon="14.983744">
        <time>2025-08-30T08:28:55.000Z</time>
      </trkpt>
      <trkpt lat="49.025159" lon="14.983719">
        <time>2025-08-30T08:28:56.000Z</time>
      </trkpt>
      <trkpt lat="49.025144" lon="14.983699">
        <time>2025-08-30T08:28:57.000Z</time>
      </trkpt>
      <trkpt lat="49.025132" lon="14.983686">
        <time>2025-08-30T08:28:58.000Z</time>
      </trkpt>
      <trkpt lat="49.02512" lon="14.983685">
        <time>2025-08-30T08:28:59.000Z</time>
      </trkpt>
      <trkpt lat="49.025104" lon="14.983687">
        <time>2025-08-30T08:29:00.000Z</time>
      </trkpt>
      <trkpt lat="49.025095" lon="14.983677">
        <time>2025-08-30T08:29:01.000Z</time>
      </trkpt>
      <trkpt lat="49.02509" lon="14.983654">
        <time>2025-08-30T08:29:02.000Z</time>
      </trkpt>
      <trkpt lat="49.025083" lon="14.983617">
        <time>2025-08-30T08:29:03.000Z</time>
      </trkpt>
      <trkpt lat="49.025075" lon="14.983587">
        <time>2025-08-30T08:29:04.000Z</time>
      </trkpt>
      <trkpt lat="49.025065" lon="14.983546">
        <time>2025-08-30T08:29:05.000Z</time>
      </trkpt>
      <trkpt lat="49.025054" lon="14.983504">
        <time>2025-08-30T08:29:06.000Z</time>
      </trkpt>
      <trkpt lat="49.025045" lon="14.983458">
        <time>2025-08-30T08:29:07.000Z</time>
      </trkpt>
      <trkpt lat="49.025037" lon="14.983417">
        <time>2025-08-30T08:29:08.000Z</time>
      </trkpt>
      <trkpt lat="49.02503" lon="14.983383">
        <time>2025-08-30T08:29:09.000Z</time>
      </trkpt>
      <trkpt lat="49.025024" lon="14.983351">
        <time>2025-08-30T08:29:10.000Z</time>
      </trkpt>
      <trkpt lat="49.02502" lon="14.983322">
        <time>2025-08-30T08:29:11.000Z</time>
      </trkpt>
      <trkpt lat="49.025016" lon="14.983294">
        <time>2025-08-30T08:29:12.000Z</time>
      </trkpt>
      <trkpt lat="49.025012" lon="14.983269">
        <time>2025-08-30T08:29:13.000Z</time>
      </trkpt>
      <trkpt lat="49.025031" lon="14.983243">
        <time>2025-08-30T08:29:14.000Z</time>
      </trkpt>
      <trkpt lat="49.025054" lon="14.983192">
        <time>2025-08-30T08:29:15.000Z</time>
      </trkpt>
      <trkpt lat="49.025064" lon="14.983148">
        <time>2025-08-30T08:29:16.000Z</time>
      </trkpt>
      <trkpt lat="49.025077" lon="14.983108">
        <time>2025-08-30T08:29:17.000Z</time>
      </trkpt>
      <trkpt lat="49.02509" lon="14.983048">
        <time>2025-08-30T08:29:18.000Z</time>
      </trkpt>
      <trkpt lat="49.025102" lon="14.983001">
        <time>2025-08-30T08:29:19.000Z</time>
      </trkpt>
      <trkpt lat="49.025126" lon="14.982938">
        <time>2025-08-30T08:29:20.000Z</time>
      </trkpt>
      <trkpt lat="49.025133" lon="14.982888">
        <time>2025-08-30T08:29:21.000Z</time>
      </trkpt>
      <trkpt lat="49.025152" lon="14.982832">
        <time>2025-08-30T08:29:22.000Z</time>
      </trkpt>
      <trkpt lat="49.025169" lon="14.982768">
        <time>2025-08-30T08:29:23.000Z</time>
      </trkpt>
      <trkpt lat="49.02518" lon="14.982722">
        <time>2025-08-30T08:29:24.000Z</time>
      </trkpt>
      <trkpt lat="49.025195" lon="14.982657">
        <time>2025-08-30T08:29:25.000Z</time>
      </trkpt>
      <trkpt lat="49.025199" lon="14.982611">
        <time>2025-08-30T08:29:26.000Z</time>
      </trkpt>
      <trkpt lat="49.025207" lon="14.982548">
        <time>2025-08-30T08:29:27.000Z</time>
      </trkpt>
      <trkpt lat="49.02523" lon="14.982484">
        <time>2025-08-30T08:29:28.000Z</time>
      </trkpt>
      <trkpt lat="49.025232" lon="14.982433">
        <time>2025-08-30T08:29:29.000Z</time>
      </trkpt>
      <trkpt lat="49.025234" lon="14.982371">
        <time>2025-08-30T08:29:30.000Z</time>
      </trkpt>
      <trkpt lat="49.025242" lon="14.982307">
        <time>2025-08-30T08:29:31.000Z</time>
      </trkpt>
      <trkpt lat="49.02525" lon="14.982264">
        <time>2025-08-30T08:29:32.000Z</time>
      </trkpt>
      <trkpt lat="49.025263" lon="14.982207">
        <time>2025-08-30T08:29:33.000Z</time>
      </trkpt>
      <trkpt lat="49.025273" lon="14.982163">
        <time>2025-08-30T08:29:34.000Z</time>
      </trkpt>
      <trkpt lat="49.02528" lon="14.98212">
        <time>2025-08-30T08:29:35.000Z</time>
      </trkpt>
      <trkpt lat="49.025286" lon="14.982063">
        <time>2025-08-30T08:29:36.000Z</time>
      </trkpt>
      <trkpt lat="49.025286" lon="14.982011">
        <time>2025-08-30T08:29:37.000Z</time>
      </trkpt>
      <trkpt lat="49.025293" lon="14.981976">
        <time>2025-08-30T08:29:38.000Z</time>
      </trkpt>
      <trkpt lat="49.025306" lon="14.98191">
        <time>2025-08-30T08:29:39.000Z</time>
      </trkpt>
      <trkpt lat="49.025326" lon="14.981864">
        <time>2025-08-30T08:29:40.000Z</time>
      </trkpt>
      <trkpt lat="49.025343" lon="14.981814">
        <time>2025-08-30T08:29:41.000Z</time>
      </trkpt>
      <trkpt lat="49.025361" lon="14.981764">
        <time>2025-08-30T08:29:42.000Z</time>
      </trkpt>
      <trkpt lat="49.025385" lon="14.981719">
        <time>2025-08-30T08:29:43.000Z</time>
      </trkpt>
      <trkpt lat="49.025397" lon="14.981673">
        <time>2025-08-30T08:29:44.000Z</time>
      </trkpt>
      <trkpt lat="49.025414" lon="14.981617">
        <time>2025-08-30T08:29:45.000Z</time>
      </trkpt>
      <trkpt lat="49.025436" lon="14.981549">
        <time>2025-08-30T08:29:46.000Z</time>
      </trkpt>
      <trkpt lat="49.025444" lon="14.981496">
        <time>2025-08-30T08:29:47.000Z</time>
      </trkpt>
      <trkpt lat="49.025452" lon="14.981441">
        <time>2025-08-30T08:29:48.000Z</time>
      </trkpt>
      <trkpt lat="49.025469" lon="14.981377">
        <time>2025-08-30T08:29:49.000Z</time>
      </trkpt>
      <trkpt lat="49.025481" lon="14.981327">
        <time>2025-08-30T08:29:50.000Z</time>
      </trkpt>
      <trkpt lat="49.025491" lon="14.981283">
        <time>2025-08-30T08:29:51.000Z</time>
      </trkpt>
      <trkpt lat="49.0255" lon="14.981233">
        <time>2025-08-30T08:29:52.000Z</time>
      </trkpt>
      <trkpt lat="49.025508" lon="14.981178">
        <time>2025-08-30T08:29:53.000Z</time>
      </trkpt>
      <trkpt lat="49.025513" lon="14.981137">
        <time>2025-08-30T08:29:54.000Z</time>
      </trkpt>
      <trkpt lat="49.025522" lon="14.981073">
        <time>2025-08-30T08:29:55.000Z</time>
      </trkpt>
      <trkpt lat="49.02553" lon="14.981017">
        <time>2025-08-30T08:29:56.000Z</time>
      </trkpt>
      <trkpt lat="49.025529" lon="14.980972">
        <time>2025-08-30T08:29:57.000Z</time>
      </trkpt>
      <trkpt lat="49.025538" lon="14.980913">
        <time>2025-08-30T08:29:58.000Z</time>
      </trkpt>
      <trkpt lat="49.02552" lon="14.980858">
        <time>2025-08-30T08:29:59.000Z</time>
      </trkpt>
      <trkpt lat="49.025494" lon="14.980795">
        <time>2025-08-30T08:30:00.000Z</time>
      </trkpt>
      <trkpt lat="49.02547" lon="14.980752">
        <time>2025-08-30T08:30:01.000Z</time>
      </trkpt>
      <trkpt lat="49.025443" lon="14.980708">
        <time>2025-08-30T08:30:02.000Z</time>
      </trkpt>
      <trkpt lat="49.025416" lon="14.980646">
        <time>2025-08-30T08:30:03.000Z</time>
      </trkpt>
      <trkpt lat="49.025391" lon="14.980596">
        <time>2025-08-30T08:30:04.000Z</time>
      </trkpt>
      <trkpt lat="49.025364" lon="14.980538">
        <time>2025-08-30T08:30:05.000Z</time>
      </trkpt>
      <trkpt lat="49.025336" lon="14.980482">
        <time>2025-08-30T08:30:06.000Z</time>
      </trkpt>
      <trkpt lat="49.025311" lon="14.98042">
        <time>2025-08-30T08:30:07.000Z</time>
      </trkpt>
      <trkpt lat="49.025286" lon="14.980344">
        <time>2025-08-30T08:30:08.000Z</time>
      </trkpt>
      <trkpt lat="49.025259" lon="14.980284">
        <time>2025-08-30T08:30:09.000Z</time>
      </trkpt>
      <trkpt lat="49.025236" lon="14.98022">
        <time>2025-08-30T08:30:10.000Z</time>
      </trkpt>
      <trkpt lat="49.025219" lon="14.980168">
        <time>2025-08-30T08:30:11.000Z</time>
      </trkpt>
      <trkpt lat="49.025206" lon="14.980104">
        <time>2025-08-30T08:30:12.000Z</time>
      </trkpt>
      <trkpt lat="49.025205" lon="14.980031">
        <time>2025-08-30T08:30:13.000Z</time>
      </trkpt>
      <trkpt lat="49.025196" lon="14.979973">
        <time>2025-08-30T08:30:14.000Z</time>
      </trkpt>
      <trkpt lat="49.025189" lon="14.979894">
        <time>2025-08-30T08:30:15.000Z</time>
      </trkpt>
      <trkpt lat="49.025186" lon="14.979829">
        <time>2025-08-30T08:30:16.000Z</time>
      </trkpt>
      <trkpt lat="49.025189" lon="14.979777">
        <time>2025-08-30T08:30:17.000Z</time>
      </trkpt>
      <trkpt lat="49.025198" lon="14.979711">
        <time>2025-08-30T08:30:18.000Z</time>
      </trkpt>
      <trkpt lat="49.025212" lon="14.97965">
        <time>2025-08-30T08:30:19.000Z</time>
      </trkpt>
      <trkpt lat="49.025224" lon="14.979593">
        <time>2025-08-30T08:30:20.000Z</time>
      </trkpt>
      <trkpt lat="49.025242" lon="14.979524">
        <time>2025-08-30T08:30:21.000Z</time>
      </trkpt>
      <trkpt lat="49.025257" lon="14.979466">
        <time>2025-08-30T08:30:22.000Z</time>
      </trkpt>
      <trkpt lat="49.025288" lon="14.979397">
        <time>2025-08-30T08:30:23.000Z</time>
      </trkpt>
      <trkpt lat="49.025302" lon="14.979331">
        <time>2025-08-30T08:30:24.000Z</time>
      </trkpt>
      <trkpt lat="49.025316" lon="14.979267">
        <time>2025-08-30T08:30:25.000Z</time>
      </trkpt>
      <trkpt lat="49.025323" lon="14.979193">
        <time>2025-08-30T08:30:26.000Z</time>
      </trkpt>
      <trkpt lat="49.025332" lon="14.979123">
        <time>2025-08-30T08:30:27.000Z</time>
      </trkpt>
      <trkpt lat="49.025343" lon="14.979054">
        <time>2025-08-30T08:30:28.000Z</time>
      </trkpt>
      <trkpt lat="49.025345" lon="14.978967">
        <time>2025-08-30T08:30:29.000Z</time>
      </trkpt>
      <trkpt lat="49.025348" lon="14.978892">
        <time>2025-08-30T08:30:30.000Z</time>
      </trkpt>
      <trkpt lat="49.025344" lon="14.97883">
        <time>2025-08-30T08:30:31.000Z</time>
      </trkpt>
      <trkpt lat="49.025349" lon="14.978762">
        <time>2025-08-30T08:30:32.000Z</time>
      </trkpt>
      <trkpt lat="49.025358" lon="14.978705">
        <time>2025-08-30T08:30:33.000Z</time>
      </trkpt>
      <trkpt lat="49.025364" lon="14.978648">
        <time>2025-08-30T08:30:34.000Z</time>
      </trkpt>
      <trkpt lat="49.025364" lon="14.978572">
        <time>2025-08-30T08:30:35.000Z</time>
      </trkpt>
      <trkpt lat="49.025361" lon="14.978504">
        <time>2025-08-30T08:30:36.000Z</time>
      </trkpt>
      <trkpt lat="49.025357" lon="14.978427">
        <time>2025-08-30T08:30:37.000Z</time>
      </trkpt>
      <trkpt lat="49.02536" lon="14.978352">
        <time>2025-08-30T08:30:38.000Z</time>
      </trkpt>
      <trkpt lat="49.025357" lon="14.978289">
        <time>2025-08-30T08:30:39.000Z</time>
      </trkpt>
      <trkpt lat="49.02535" lon="14.978215">
        <time>2025-08-30T08:30:40.000Z</time>
      </trkpt>
      <trkpt lat="49.025344" lon="14.978151">
        <time>2025-08-30T08:30:41.000Z</time>
      </trkpt>
      <trkpt lat="49.025341" lon="14.978075">
        <time>2025-08-30T08:30:42.000Z</time>
      </trkpt>
      <trkpt lat="49.025338" lon="14.978002">
        <time>2025-08-30T08:30:43.000Z</time>
      </trkpt>
      <trkpt lat="49.025342" lon="14.977926">
        <time>2025-08-30T08:30:44.000Z</time>
      </trkpt>
      <trkpt lat="49.025359" lon="14.977861">
        <time>2025-08-30T08:30:45.000Z</time>
      </trkpt>
      <trkpt lat="49.025368" lon="14.977801">
        <time>2025-08-30T08:30:46.000Z</time>
      </trkpt>
      <trkpt lat="49.025374" lon="14.97774">
        <time>2025-08-30T08:30:47.000Z</time>
      </trkpt>
      <trkpt lat="49.025379" lon="14.977681">
        <time>2025-08-30T08:30:48.000Z</time>
      </trkpt>
      <trkpt lat="49.025387" lon="14.977624">
        <time>2025-08-30T08:30:49.000Z</time>
      </trkpt>
      <trkpt lat="49.02539" lon="14.977559">
        <time>2025-08-30T08:30:50.000Z</time>
      </trkpt>
      <trkpt lat="49.025393" lon="14.9775">
        <time>2025-08-30T08:30:51.000Z</time>
      </trkpt>
      <trkpt lat="49.02539" lon="14.977449">
        <time>2025-08-30T08:30:52.000Z</time>
      </trkpt>
      <trkpt lat="49.02539" lon="14.977382">
        <time>2025-08-30T08:30:53.000Z</time>
      </trkpt>
      <trkpt lat="49.025398" lon="14.977328">
        <time>2025-08-30T08:30:54.000Z</time>
      </trkpt>
      <trkpt lat="49.025405" lon="14.977261">
        <time>2025-08-30T08:30:55.000Z</time>
      </trkpt>
      <trkpt lat="49.025416" lon="14.977185">
        <time>2025-08-30T08:30:56.000Z</time>
      </trkpt>
      <trkpt lat="49.025419" lon="14.977128">
        <time>2025-08-30T08:30:57.000Z</time>
      </trkpt>
      <trkpt lat="49.025426" lon="14.97706">
        <time>2025-08-30T08:30:58.000Z</time>
      </trkpt>
      <trkpt lat="49.025424" lon="14.976999">
        <time>2025-08-30T08:30:59.000Z</time>
      </trkpt>
      <trkpt lat="49.025415" lon="14.976919">
        <time>2025-08-30T08:31:00.000Z</time>
      </trkpt>
      <trkpt lat="49.025414" lon="14.976852">
        <time>2025-08-30T08:31:01.000Z</time>
      </trkpt>
      <trkpt lat="49.025404" lon="14.976796">
        <time>2025-08-30T08:31:02.000Z</time>
      </trkpt>
      <trkpt lat="49.025395" lon="14.976735">
        <time>2025-08-30T08:31:03.000Z</time>
      </trkpt>
      <trkpt lat="49.025391" lon="14.976683">
        <time>2025-08-30T08:31:04.000Z</time>
      </trkpt>
      <trkpt lat="49.025398" lon="14.976622">
        <time>2025-08-30T08:31:05.000Z</time>
      </trkpt>
      <trkpt lat="49.025397" lon="14.976568">
        <time>2025-08-30T08:31:06.000Z</time>
      </trkpt>
      <trkpt lat="49.025403" lon="14.976512">
        <time>2025-08-30T08:31:07.000Z</time>
      </trkpt>
      <trkpt lat="49.025411" lon="14.976444">
        <time>2025-08-30T08:31:08.000Z</time>
      </trkpt>
      <trkpt lat="49.025399" lon="14.97638">
        <time>2025-08-30T08:31:09.000Z</time>
      </trkpt>
      <trkpt lat="49.025389" lon="14.976313">
        <time>2025-08-30T08:31:10.000Z</time>
      </trkpt>
      <trkpt lat="49.025376" lon="14.976254">
        <time>2025-08-30T08:31:11.000Z</time>
      </trkpt>
      <trkpt lat="49.025366" lon="14.976198">
        <time>2025-08-30T08:31:12.000Z</time>
      </trkpt>
      <trkpt lat="49.025364" lon="14.976127">
        <time>2025-08-30T08:31:13.000Z</time>
      </trkpt>
      <trkpt lat="49.025354" lon="14.976071">
        <time>2025-08-30T08:31:14.000Z</time>
      </trkpt>
      <trkpt lat="49.025354" lon="14.975998">
        <time>2025-08-30T08:31:15.000Z</time>
      </trkpt>
      <trkpt lat="49.025341" lon="14.975944">
        <time>2025-08-30T08:31:16.000Z</time>
      </trkpt>
      <trkpt lat="49.025334" lon="14.975894">
        <time>2025-08-30T08:31:17.000Z</time>
      </trkpt>
      <trkpt lat="49.02533" lon="14.975824">
        <time>2025-08-30T08:31:18.000Z</time>
      </trkpt>
      <trkpt lat="49.025329" lon="14.975776">
        <time>2025-08-30T08:31:19.000Z</time>
      </trkpt>
      <trkpt lat="49.025345" lon="14.97573">
        <time>2025-08-30T08:31:20.000Z</time>
      </trkpt>
      <trkpt lat="49.025354" lon="14.975671">
        <time>2025-08-30T08:31:21.000Z</time>
      </trkpt>
      <trkpt lat="49.025357" lon="14.975622">
        <time>2025-08-30T08:31:22.000Z</time>
      </trkpt>
      <trkpt lat="49.025368" lon="14.975558">
        <time>2025-08-30T08:31:23.000Z</time>
      </trkpt>
      <trkpt lat="49.025375" lon="14.975512">
        <time>2025-08-30T08:31:24.000Z</time>
      </trkpt>
      <trkpt lat="49.025394" lon="14.975477">
        <time>2025-08-30T08:31:25.000Z</time>
      </trkpt>
      <trkpt lat="49.025397" lon="14.975436">
        <time>2025-08-30T08:31:26.000Z</time>
      </trkpt>
      <trkpt lat="49.025399" lon="14.975404">
        <time>2025-08-30T08:31:27.000Z</time>
      </trkpt>
      <trkpt lat="49.025396" lon="14.975363">
        <time>2025-08-30T08:31:28.000Z</time>
      </trkpt>
      <trkpt lat="49.02539" lon="14.975317">
        <time>2025-08-30T08:31:29.000Z</time>
      </trkpt>
      <trkpt lat="49.025393" lon="14.975267">
        <time>2025-08-30T08:31:30.000Z</time>
      </trkpt>
      <trkpt lat="49.025394" lon="14.975227">
        <time>2025-08-30T08:31:31.000Z</time>
      </trkpt>
      <trkpt lat="49.0254" lon="14.975178">
        <time>2025-08-30T08:31:32.000Z</time>
      </trkpt>
      <trkpt lat="49.025408" lon="14.975115">
        <time>2025-08-30T08:31:33.000Z</time>
      </trkpt>
      <trkpt lat="49.025407" lon="14.975074">
        <time>2025-08-30T08:31:34.000Z</time>
      </trkpt>
      <trkpt lat="49.02542" lon="14.975021">
        <time>2025-08-30T08:31:35.000Z</time>
      </trkpt>
      <trkpt lat="49.025427" lon="14.974977">
        <time>2025-08-30T08:31:36.000Z</time>
      </trkpt>
      <trkpt lat="49.025435" lon="14.974942">
        <time>2025-08-30T08:31:37.000Z</time>
      </trkpt>
      <trkpt lat="49.025445" lon="14.974896">
        <time>2025-08-30T08:31:38.000Z</time>
      </trkpt>
      <trkpt lat="49.025463" lon="14.974857">
        <time>2025-08-30T08:31:39.000Z</time>
      </trkpt>
      <trkpt lat="49.025478" lon="14.974812">
        <time>2025-08-30T08:31:40.000Z</time>
      </trkpt>
      <trkpt lat="49.025486" lon="14.97478">
        <time>2025-08-30T08:31:41.000Z</time>
      </trkpt>
      <trkpt lat="49.025491" lon="14.974739">
        <time>2025-08-30T08:31:42.000Z</time>
      </trkpt>
      <trkpt lat="49.025495" lon="14.974694">
        <time>2025-08-30T08:31:43.000Z</time>
      </trkpt>
      <trkpt lat="49.025494" lon="14.974654">
        <time>2025-08-30T08:31:44.000Z</time>
      </trkpt>
      <trkpt lat="49.025488" lon="14.974608">
        <time>2025-08-30T08:31:45.000Z</time>
      </trkpt>
      <trkpt lat="49.025486" lon="14.974564">
        <time>2025-08-30T08:31:46.000Z</time>
      </trkpt>
      <trkpt lat="49.025484" lon="14.974522">
        <time>2025-08-30T08:31:47.000Z</time>
      </trkpt>
      <trkpt lat="49.025485" lon="14.974476">
        <time>2025-08-30T08:31:48.000Z</time>
      </trkpt>
      <trkpt lat="49.025482" lon="14.974431">
        <time>2025-08-30T08:31:49.000Z</time>
      </trkpt>
      <trkpt lat="49.025478" lon="14.974387">
        <time>2025-08-30T08:31:50.000Z</time>
      </trkpt>
      <trkpt lat="49.025471" lon="14.974331">
        <time>2025-08-30T08:31:51.000Z</time>
      </trkpt>
      <trkpt lat="49.02547" lon="14.974274">
        <time>2025-08-30T08:31:52.000Z</time>
      </trkpt>
      <trkpt lat="49.025474" lon="14.974221">
        <time>2025-08-30T08:31:53.000Z</time>
      </trkpt>
      <trkpt lat="49.025468" lon="14.97418">
        <time>2025-08-30T08:31:54.000Z</time>
      </trkpt>
      <trkpt lat="49.025462" lon="14.974129">
        <time>2025-08-30T08:31:55.000Z</time>
      </trkpt>
      <trkpt lat="49.025467" lon="14.974069">
        <time>2025-08-30T08:31:56.000Z</time>
      </trkpt>
      <trkpt lat="49.025462" lon="14.974022">
        <time>2025-08-30T08:31:57.000Z</time>
      </trkpt>
      <trkpt lat="49.025453" lon="14.97398">
        <time>2025-08-30T08:31:58.000Z</time>
      </trkpt>
      <trkpt lat="49.02545" lon="14.973934">
        <time>2025-08-30T08:31:59.000Z</time>
      </trkpt>
      <trkpt lat="49.025442" lon="14.973892">
        <time>2025-08-30T08:32:00.000Z</time>
      </trkpt>
      <trkpt lat="49.025427" lon="14.973857">
        <time>2025-08-30T08:32:01.000Z</time>
      </trkpt>
      <trkpt lat="49.025417" lon="14.973813">
        <time>2025-08-30T08:32:02.000Z</time>
      </trkpt>
      <trkpt lat="49.025417" lon="14.973749">
        <time>2025-08-30T08:32:03.000Z</time>
      </trkpt>
      <trkpt lat="49.025409" lon="14.973696">
        <time>2025-08-30T08:32:04.000Z</time>
      </trkpt>
      <trkpt lat="49.025391" lon="14.973657">
        <time>2025-08-30T08:32:05.000Z</time>
      </trkpt>
      <trkpt lat="49.025374" lon="14.973623">
        <time>2025-08-30T08:32:06.000Z</time>
      </trkpt>
      <trkpt lat="49.025358" lon="14.973582">
        <time>2025-08-30T08:32:07.000Z</time>
      </trkpt>
      <trkpt lat="49.025358" lon="14.973533">
        <time>2025-08-30T08:32:08.000Z</time>
      </trkpt>
      <trkpt lat="49.02536" lon="14.973488">
        <time>2025-08-30T08:32:09.000Z</time>
      </trkpt>
      <trkpt lat="49.02536" lon="14.973434">
        <time>2025-08-30T08:32:10.000Z</time>
      </trkpt>
      <trkpt lat="49.025362" lon="14.973379">
        <time>2025-08-30T08:32:11.000Z</time>
      </trkpt>
      <trkpt lat="49.02536" lon="14.973332">
        <time>2025-08-30T08:32:12.000Z</time>
      </trkpt>
      <trkpt lat="49.025355" lon="14.973292">
        <time>2025-08-30T08:32:13.000Z</time>
      </trkpt>
      <trkpt lat="49.025337" lon="14.973257">
        <time>2025-08-30T08:32:14.000Z</time>
      </trkpt>
      <trkpt lat="49.025316" lon="14.97322">
        <time>2025-08-30T08:32:15.000Z</time>
      </trkpt>
      <trkpt lat="49.025299" lon="14.973196">
        <time>2025-08-30T08:32:16.000Z</time>
      </trkpt>
      <trkpt lat="49.025283" lon="14.973147">
        <time>2025-08-30T08:32:17.000Z</time>
      </trkpt>
      <trkpt lat="49.025268" lon="14.973102">
        <time>2025-08-30T08:32:18.000Z</time>
      </trkpt>
      <trkpt lat="49.025263" lon="14.973061">
        <time>2025-08-30T08:32:19.000Z</time>
      </trkpt>
      <trkpt lat="49.02526" lon="14.973025">
        <time>2025-08-30T08:32:20.000Z</time>
      </trkpt>
      <trkpt lat="49.025259" lon="14.97299">
        <time>2025-08-30T08:32:21.000Z</time>
      </trkpt>
      <trkpt lat="49.025251" lon="14.97294">
        <time>2025-08-30T08:32:22.000Z</time>
      </trkpt>
      <trkpt lat="49.025243" lon="14.972908">
        <time>2025-08-30T08:32:23.000Z</time>
      </trkpt>
      <trkpt lat="49.025242" lon="14.972859">
        <time>2025-08-30T08:32:24.000Z</time>
      </trkpt>
      <trkpt lat="49.025244" lon="14.972805">
        <time>2025-08-30T08:32:25.000Z</time>
      </trkpt>
      <trkpt lat="49.02524" lon="14.97276">
        <time>2025-08-30T08:32:26.000Z</time>
      </trkpt>
      <trkpt lat="49.025233" lon="14.972718">
        <time>2025-08-30T08:32:27.000Z</time>
      </trkpt>
      <trkpt lat="49.025222" lon="14.972649">
        <time>2025-08-30T08:32:28.000Z</time>
      </trkpt>
      <trkpt lat="49.025209" lon="14.972597">
        <time>2025-08-30T08:32:29.000Z</time>
      </trkpt>
      <trkpt lat="49.025182" lon="14.972566">
        <time>2025-08-30T08:32:30.000Z</time>
      </trkpt>
      <trkpt lat="49.025154" lon="14.972518">
        <time>2025-08-30T08:32:31.000Z</time>
      </trkpt>
      <trkpt lat="49.025132" lon="14.972474">
        <time>2025-08-30T08:32:32.000Z</time>
      </trkpt>
      <trkpt lat="49.02511" lon="14.97245">
        <time>2025-08-30T08:32:33.000Z</time>
      </trkpt>
      <trkpt lat="49.025082" lon="14.972406">
        <time>2025-08-30T08:32:34.000Z</time>
      </trkpt>
      <trkpt lat="49.025071" lon="14.972346">
        <time>2025-08-30T08:32:35.000Z</time>
      </trkpt>
      <trkpt lat="49.025059" lon="14.972304">
        <time>2025-08-30T08:32:36.000Z</time>
      </trkpt>
      <trkpt lat="49.02505" lon="14.972261">
        <time>2025-08-30T08:32:37.000Z</time>
      </trkpt>
      <trkpt lat="49.025041" lon="14.972208">
        <time>2025-08-30T08:32:38.000Z</time>
      </trkpt>
      <trkpt lat="49.025032" lon="14.972165">
        <time>2025-08-30T08:32:39.000Z</time>
      </trkpt>
      <trkpt lat="49.025027" lon="14.97212">
        <time>2025-08-30T08:32:40.000Z</time>
      </trkpt>
      <trkpt lat="49.02502" lon="14.972072">
        <time>2025-08-30T08:32:41.000Z</time>
      </trkpt>
      <trkpt lat="49.025006" lon="14.972022">
        <time>2025-08-30T08:32:42.000Z</time>
      </trkpt>
      <trkpt lat="49.024991" lon="14.971991">
        <time>2025-08-30T08:32:43.000Z</time>
      </trkpt>
      <trkpt lat="49.024975" lon="14.971942">
        <time>2025-08-30T08:32:44.000Z</time>
      </trkpt>
      <trkpt lat="49.024962" lon="14.971894">
        <time>2025-08-30T08:32:45.000Z</time>
      </trkpt>
      <trkpt lat="49.02495" lon="14.971858">
        <time>2025-08-30T08:32:46.000Z</time>
      </trkpt>
      <trkpt lat="49.024941" lon="14.97182">
        <time>2025-08-30T08:32:47.000Z</time>
      </trkpt>
      <trkpt lat="49.024929" lon="14.971783">
        <time>2025-08-30T08:32:48.000Z</time>
      </trkpt>
      <trkpt lat="49.024918" lon="14.971732">
        <time>2025-08-30T08:32:49.000Z</time>
      </trkpt>
      <trkpt lat="49.024912" lon="14.971691">
        <time>2025-08-30T08:32:50.000Z</time>
      </trkpt>
      <trkpt lat="49.024904" lon="14.971648">
        <time>2025-08-30T08:32:51.000Z</time>
      </trkpt>
      <trkpt lat="49.024898" lon="14.97159">
        <time>2025-08-30T08:32:52.000Z</time>
      </trkpt>
      <trkpt lat="49.024898" lon="14.971543">
        <time>2025-08-30T08:32:53.000Z</time>
      </trkpt>
      <trkpt lat="49.024898" lon="14.971502">
        <time>2025-08-30T08:32:54.000Z</time>
      </trkpt>
      <trkpt lat="49.024899" lon="14.971456">
        <time>2025-08-30T08:32:55.000Z</time>
      </trkpt>
      <trkpt lat="49.024895" lon="14.971416">
        <time>2025-08-30T08:32:56.000Z</time>
      </trkpt>
      <trkpt lat="49.024891" lon="14.971356">
        <time>2025-08-30T08:32:57.000Z</time>
      </trkpt>
      <trkpt lat="49.024881" lon="14.971312">
        <time>2025-08-30T08:32:58.000Z</time>
      </trkpt>
      <trkpt lat="49.024871" lon="14.971261">
        <time>2025-08-30T08:32:59.000Z</time>
      </trkpt>
      <trkpt lat="49.024855" lon="14.971207">
        <time>2025-08-30T08:33:00.000Z</time>
      </trkpt>
      <trkpt lat="49.024843" lon="14.97116">
        <time>2025-08-30T08:33:01.000Z</time>
      </trkpt>
      <trkpt lat="49.024828" lon="14.971128">
        <time>2025-08-30T08:33:02.000Z</time>
      </trkpt>
      <trkpt lat="49.024808" lon="14.971104">
        <time>2025-08-30T08:33:03.000Z</time>
      </trkpt>
      <trkpt lat="49.024776" lon="14.971068">
        <time>2025-08-30T08:33:04.000Z</time>
      </trkpt>
      <trkpt lat="49.024755" lon="14.971034">
        <time>2025-08-30T08:33:05.000Z</time>
      </trkpt>
      <trkpt lat="49.024736" lon="14.970999">
        <time>2025-08-30T08:33:06.000Z</time>
      </trkpt>
      <trkpt lat="49.024715" lon="14.970967">
        <time>2025-08-30T08:33:07.000Z</time>
      </trkpt>
      <trkpt lat="49.024693" lon="14.970923">
        <time>2025-08-30T08:33:08.000Z</time>
      </trkpt>
      <trkpt lat="49.024676" lon="14.970884">
        <time>2025-08-30T08:33:09.000Z</time>
      </trkpt>
      <trkpt lat="49.024659" lon="14.970852">
        <time>2025-08-30T08:33:10.000Z</time>
      </trkpt>
      <trkpt lat="49.024637" lon="14.970807">
        <time>2025-08-30T08:33:11.000Z</time>
      </trkpt>
      <trkpt lat="49.024614" lon="14.970764">
        <time>2025-08-30T08:33:12.000Z</time>
      </trkpt>
      <trkpt lat="49.024597" lon="14.970724">
        <time>2025-08-30T08:33:13.000Z</time>
      </trkpt>
      <trkpt lat="49.024567" lon="14.970698">
        <time>2025-08-30T08:33:14.000Z</time>
      </trkpt>
      <trkpt lat="49.024539" lon="14.970662">
        <time>2025-08-30T08:33:15.000Z</time>
      </trkpt>
      <trkpt lat="49.024526" lon="14.970621">
        <time>2025-08-30T08:33:16.000Z</time>
      </trkpt>
      <trkpt lat="49.024509" lon="14.970584">
        <time>2025-08-30T08:33:17.000Z</time>
      </trkpt>
      <trkpt lat="49.024501" lon="14.970548">
        <time>2025-08-30T08:33:18.000Z</time>
      </trkpt>
      <trkpt lat="49.024493" lon="14.970508">
        <time>2025-08-30T08:33:19.000Z</time>
      </trkpt>
      <trkpt lat="49.024473" lon="14.970476">
        <time>2025-08-30T08:33:20.000Z</time>
      </trkpt>
      <trkpt lat="49.024456" lon="14.970447">
        <time>2025-08-30T08:33:21.000Z</time>
      </trkpt>
      <trkpt lat="49.024439" lon="14.970415">
        <time>2025-08-30T08:33:22.000Z</time>
      </trkpt>
      <trkpt lat="49.024426" lon="14.970382">
        <time>2025-08-30T08:33:23.000Z</time>
      </trkpt>
      <trkpt lat="49.024431" lon="14.970332">
        <time>2025-08-30T08:33:24.000Z</time>
      </trkpt>
      <trkpt lat="49.024433" lon="14.970293">
        <time>2025-08-30T08:33:25.000Z</time>
      </trkpt>
      <trkpt lat="49.024435" lon="14.970253">
        <time>2025-08-30T08:33:26.000Z</time>
      </trkpt>
      <trkpt lat="49.024441" lon="14.970205">
        <time>2025-08-30T08:33:27.000Z</time>
      </trkpt>
      <trkpt lat="49.024456" lon="14.970165">
        <time>2025-08-30T08:33:28.000Z</time>
      </trkpt>
      <trkpt lat="49.024459" lon="14.970124">
        <time>2025-08-30T08:33:29.000Z</time>
      </trkpt>
      <trkpt lat="49.024451" lon="14.970082">
        <time>2025-08-30T08:33:30.000Z</time>
      </trkpt>
      <trkpt lat="49.024435" lon="14.970035">
        <time>2025-08-30T08:33:31.000Z</time>
      </trkpt>
      <trkpt lat="49.02441" lon="14.970002">
        <time>2025-08-30T08:33:32.000Z</time>
      </trkpt>
      <trkpt lat="49.024392" lon="14.96998">
        <time>2025-08-30T08:33:33.000Z</time>
      </trkpt>
      <trkpt lat="49.024372" lon="14.969946">
        <time>2025-08-30T08:33:34.000Z</time>
      </trkpt>
      <trkpt lat="49.024353" lon="14.969905">
        <time>2025-08-30T08:33:35.000Z</time>
      </trkpt>
      <trkpt lat="49.024331" lon="14.969883">
        <time>2025-08-30T08:33:36.000Z</time>
      </trkpt>
      <trkpt lat="49.024314" lon="14.96985">
        <time>2025-08-30T08:33:37.000Z</time>
      </trkpt>
      <trkpt lat="49.0243" lon="14.969816">
        <time>2025-08-30T08:33:38.000Z</time>
      </trkpt>
      <trkpt lat="49.024298" lon="14.969778">
        <time>2025-08-30T08:33:39.000Z</time>
      </trkpt>
      <trkpt lat="49.024299" lon="14.96974">
        <time>2025-08-30T08:33:40.000Z</time>
      </trkpt>
      <trkpt lat="49.024305" lon="14.969703">
        <time>2025-08-30T08:33:41.000Z</time>
      </trkpt>
      <trkpt lat="49.024308" lon="14.969674">
        <time>2025-08-30T08:33:42.000Z</time>
      </trkpt>
      <trkpt lat="49.024312" lon="14.969636">
        <time>2025-08-30T08:33:43.000Z</time>
      </trkpt>
      <trkpt lat="49.024316" lon="14.969594">
        <time>2025-08-30T08:33:44.000Z</time>
      </trkpt>
      <trkpt lat="49.024319" lon="14.969563">
        <time>2025-08-30T08:33:45.000Z</time>
      </trkpt>
      <trkpt lat="49.02431" lon="14.969545">
        <time>2025-08-30T08:33:46.000Z</time>
      </trkpt>
      <trkpt lat="49.024301" lon="14.969531">
        <time>2025-08-30T08:33:47.000Z</time>
      </trkpt>
      <trkpt lat="49.024289" lon="14.969522">
        <time>2025-08-30T08:33:48.000Z</time>
      </trkpt>
      <trkpt lat="49.024283" lon="14.969495">
        <time>2025-08-30T08:33:49.000Z</time>
      </trkpt>
      <trkpt lat="49.024281" lon="14.969467">
        <time>2025-08-30T08:33:50.000Z</time>
      </trkpt>
      <trkpt lat="49.024276" lon="14.969429">
        <time>2025-08-30T08:33:51.000Z</time>
      </trkpt>
      <trkpt lat="49.024268" lon="14.969411">
        <time>2025-08-30T08:33:52.000Z</time>
      </trkpt>
      <trkpt lat="49.024252" lon="14.969369">
        <time>2025-08-30T08:33:53.000Z</time>
      </trkpt>
      <trkpt lat="49.024244" lon="14.969337">
        <time>2025-08-30T08:33:54.000Z</time>
      </trkpt>
      <trkpt lat="49.024235" lon="14.969308">
        <time>2025-08-30T08:33:55.000Z</time>
      </trkpt>
      <trkpt lat="49.024221" lon="14.969273">
        <time>2025-08-30T08:33:56.000Z</time>
      </trkpt>
      <trkpt lat="49.024211" lon="14.969232">
        <time>2025-08-30T08:33:57.000Z</time>
      </trkpt>
      <trkpt lat="49.024206" lon="14.969193">
        <time>2025-08-30T08:33:58.000Z</time>
      </trkpt>
      <trkpt lat="49.024199" lon="14.969158">
        <time>2025-08-30T08:33:59.000Z</time>
      </trkpt>
      <trkpt lat="49.024185" lon="14.969127">
        <time>2025-08-30T08:34:00.000Z</time>
      </trkpt>
      <trkpt lat="49.024167" lon="14.969104">
        <time>2025-08-30T08:34:01.000Z</time>
      </trkpt>
      <trkpt lat="49.02415" lon="14.969096">
        <time>2025-08-30T08:34:02.000Z</time>
      </trkpt>
      <trkpt lat="49.024129" lon="14.969086">
        <time>2025-08-30T08:34:03.000Z</time>
      </trkpt>
      <trkpt lat="49.024111" lon="14.96907">
        <time>2025-08-30T08:34:04.000Z</time>
      </trkpt>
      <trkpt lat="49.02409" lon="14.969063">
        <time>2025-08-30T08:34:05.000Z</time>
      </trkpt>
      <trkpt lat="49.024065" lon="14.969047">
        <time>2025-08-30T08:34:06.000Z</time>
      </trkpt>
      <trkpt lat="49.024044" lon="14.969012">
        <time>2025-08-30T08:34:07.000Z</time>
      </trkpt>
      <trkpt lat="49.024026" lon="14.968977">
        <time>2025-08-30T08:34:08.000Z</time>
      </trkpt>
      <trkpt lat="49.024012" lon="14.968949">
        <time>2025-08-30T08:34:09.000Z</time>
      </trkpt>
      <trkpt lat="49.023999" lon="14.968911">
        <time>2025-08-30T08:34:10.000Z</time>
      </trkpt>
      <trkpt lat="49.023987" lon="14.968871">
        <time>2025-08-30T08:34:11.000Z</time>
      </trkpt>
      <trkpt lat="49.023972" lon="14.968827">
        <time>2025-08-30T08:34:12.000Z</time>
      </trkpt>
      <trkpt lat="49.023969" lon="14.968789">
        <time>2025-08-30T08:34:13.000Z</time>
      </trkpt>
      <trkpt lat="49.023959" lon="14.96877">
        <time>2025-08-30T08:34:14.000Z</time>
      </trkpt>
      <trkpt lat="49.02395" lon="14.968752">
        <time>2025-08-30T08:34:15.000Z</time>
      </trkpt>
      <trkpt lat="49.023948" lon="14.968735">
        <time>2025-08-30T08:34:16.000Z</time>
      </trkpt>
      <trkpt lat="49.023947" lon="14.968721">
        <time>2025-08-30T08:34:17.000Z</time>
      </trkpt>
      <trkpt lat="49.023943" lon="14.968708">
        <time>2025-08-30T08:34:18.000Z</time>
      </trkpt>
      <trkpt lat="49.023937" lon="14.968698">
        <time>2025-08-30T08:34:19.000Z</time>
      </trkpt>
      <trkpt lat="49.023932" lon="14.968689">
        <time>2025-08-30T08:34:20.000Z</time>
      </trkpt>
      <trkpt lat="49.02393" lon="14.968669">
        <time>2025-08-30T08:34:21.000Z</time>
      </trkpt>
      <trkpt lat="49.023943" lon="14.96864">
        <time>2025-08-30T08:34:22.000Z</time>
      </trkpt>
      <trkpt lat="49.023961" lon="14.96862">
        <time>2025-08-30T08:34:23.000Z</time>
      </trkpt>
      <trkpt lat="49.023979" lon="14.968575">
        <time>2025-08-30T08:34:24.000Z</time>
      </trkpt>
      <trkpt lat="49.024004" lon="14.968546">
        <time>2025-08-30T08:34:25.000Z</time>
      </trkpt>
      <trkpt lat="49.024036" lon="14.968507">
        <time>2025-08-30T08:34:26.000Z</time>
      </trkpt>
      <trkpt lat="49.024056" lon="14.968472">
        <time>2025-08-30T08:34:27.000Z</time>
      </trkpt>
      <trkpt lat="49.024082" lon="14.968419">
        <time>2025-08-30T08:34:28.000Z</time>
      </trkpt>
      <trkpt lat="49.024107" lon="14.968371">
        <time>2025-08-30T08:34:29.000Z</time>
      </trkpt>
      <trkpt lat="49.02412" lon="14.968337">
        <time>2025-08-30T08:34:30.000Z</time>
      </trkpt>
      <trkpt lat="49.024128" lon="14.96831">
        <time>2025-08-30T08:34:31.000Z</time>
      </trkpt>
      <trkpt lat="49.024147" lon="14.968278">
        <time>2025-08-30T08:34:32.000Z</time>
      </trkpt>
      <trkpt lat="49.024172" lon="14.96825">
        <time>2025-08-30T08:34:33.000Z</time>
      </trkpt>
      <trkpt lat="49.024198" lon="14.968229">
        <time>2025-08-30T08:34:34.000Z</time>
      </trkpt>
      <trkpt lat="49.024221" lon="14.968207">
        <time>2025-08-30T08:34:35.000Z</time>
      </trkpt>
      <trkpt lat="49.024237" lon="14.968172">
        <time>2025-08-30T08:34:36.000Z</time>
      </trkpt>
      <trkpt lat="49.024256" lon="14.968132">
        <time>2025-08-30T08:34:37.000Z</time>
      </trkpt>
      <trkpt lat="49.024282" lon="14.968103">
        <time>2025-08-30T08:34:38.000Z</time>
      </trkpt>
      <trkpt lat="49.024298" lon="14.968077">
        <time>2025-08-30T08:34:39.000Z</time>
      </trkpt>
      <trkpt lat="49.02431" lon="14.968046">
        <time>2025-08-30T08:34:40.000Z</time>
      </trkpt>
      <trkpt lat="49.024329" lon="14.968011">
        <time>2025-08-30T08:34:41.000Z</time>
      </trkpt>
      <trkpt lat="49.024346" lon="14.967999">
        <time>2025-08-30T08:34:42.000Z</time>
      </trkpt>
      <trkpt lat="49.024367" lon="14.968">
        <time>2025-08-30T08:34:43.000Z</time>
      </trkpt>
      <trkpt lat="49.024384" lon="14.967996">
        <time>2025-08-30T08:34:44.000Z</time>
      </trkpt>
      <trkpt lat="49.024398" lon="14.967994">
        <time>2025-08-30T08:34:45.000Z</time>
      </trkpt>
      <trkpt lat="49.024413" lon="14.967987">
        <time>2025-08-30T08:34:46.000Z</time>
      </trkpt>
      <trkpt lat="49.024427" lon="14.967987">
        <time>2025-08-30T08:34:47.000Z</time>
      </trkpt>
      <trkpt lat="49.024441" lon="14.967988">
        <time>2025-08-30T08:34:48.000Z</time>
      </trkpt>
      <trkpt lat="49.024462" lon="14.967983">
        <time>2025-08-30T08:34:49.000Z</time>
      </trkpt>
      <trkpt lat="49.024481" lon="14.967993">
        <time>2025-08-30T08:34:50.000Z</time>
      </trkpt>
      <trkpt lat="49.0245" lon="14.968">
        <time>2025-08-30T08:34:51.000Z</time>
      </trkpt>
      <trkpt lat="49.02452" lon="14.967996">
        <time>2025-08-30T08:34:52.000Z</time>
      </trkpt>
      <trkpt lat="49.024537" lon="14.967993">
        <time>2025-08-30T08:34:53.000Z</time>
      </trkpt>
      <trkpt lat="49.024555" lon="14.967996">
        <time>2025-08-30T08:34:54.000Z</time>
      </trkpt>
      <trkpt lat="49.024575" lon="14.968">
        <time>2025-08-30T08:34:55.000Z</time>
      </trkpt>
      <trkpt lat="49.024596" lon="14.968008">
        <time>2025-08-30T08:34:56.000Z</time>
      </trkpt>
      <trkpt lat="49.024611" lon="14.968017">
        <time>2025-08-30T08:34:57.000Z</time>
      </trkpt>
      <trkpt lat="49.024625" lon="14.968024">
        <time>2025-08-30T08:34:58.000Z</time>
      </trkpt>
      <trkpt lat="49.024639" lon="14.968032">
        <time>2025-08-30T08:34:59.000Z</time>
      </trkpt>
      <trkpt lat="49.024617" lon="14.968033">
        <time>2025-08-30T08:35:00.000Z</time>
      </trkpt>
      <trkpt lat="49.024603" lon="14.968034">
        <time>2025-08-30T08:35:01.000Z</time>
      </trkpt>
      <trkpt lat="49.024594" lon="14.96804">
        <time>2025-08-30T08:35:02.000Z</time>
      </trkpt>
      <trkpt lat="49.024585" lon="14.96804">
        <time>2025-08-30T08:35:03.000Z</time>
      </trkpt>
      <trkpt lat="49.024574" lon="14.96804">
        <time>2025-08-30T08:35:04.000Z</time>
      </trkpt>
      <trkpt lat="49.024563" lon="14.968037">
        <time>2025-08-30T08:35:05.000Z</time>
      </trkpt>
      <trkpt lat="49.024556" lon="14.96803">
        <time>2025-08-30T08:35:06.000Z</time>
      </trkpt>
      <trkpt lat="49.024558" lon="14.968021">
        <time>2025-08-30T08:35:07.000Z</time>
      </trkpt>
      <trkpt lat="49.024559" lon="14.968009">
        <time>2025-08-30T08:35:08.000Z</time>
      </trkpt>
      <trkpt lat="49.024557" lon="14.967975">
        <time>2025-08-30T08:35:09.000Z</time>
      </trkpt>
      <trkpt lat="49.024563" lon="14.967944">
        <time>2025-08-30T08:35:10.000Z</time>
      </trkpt>
      <trkpt lat="49.024551" lon="14.967913">
        <time>2025-08-30T08:35:11.000Z</time>
      </trkpt>
      <trkpt lat="49.024536" lon="14.967865">
        <time>2025-08-30T08:35:12.000Z</time>
      </trkpt>
      <trkpt lat="49.024524" lon="14.967812">
        <time>2025-08-30T08:35:13.000Z</time>
      </trkpt>
      <trkpt lat="49.024525" lon="14.967752">
        <time>2025-08-30T08:35:14.000Z</time>
      </trkpt>
      <trkpt lat="49.024522" lon="14.96771">
        <time>2025-08-30T08:35:15.000Z</time>
      </trkpt>
      <trkpt lat="49.024524" lon="14.967675">
        <time>2025-08-30T08:35:16.000Z</time>
      </trkpt>
      <trkpt lat="49.024519" lon="14.967644">
        <time>2025-08-30T08:35:17.000Z</time>
      </trkpt>
      <trkpt lat="49.024514" lon="14.96763">
        <time>2025-08-30T08:35:18.000Z</time>
      </trkpt>
      <trkpt lat="49.024501" lon="14.967621">
        <time>2025-08-30T08:35:19.000Z</time>
      </trkpt>
      <trkpt lat="49.024488" lon="14.96761">
        <time>2025-08-30T08:35:20.000Z</time>
      </trkpt>
      <trkpt lat="49.02447" lon="14.9676">
        <time>2025-08-30T08:35:21.000Z</time>
      </trkpt>
      <trkpt lat="49.02445" lon="14.96759">
        <time>2025-08-30T08:35:22.000Z</time>
      </trkpt>
      <trkpt lat="49.024433" lon="14.967583">
        <time>2025-08-30T08:35:23.000Z</time>
      </trkpt>
      <trkpt lat="49.024405" lon="14.967566">
        <time>2025-08-30T08:35:24.000Z</time>
      </trkpt>
      <trkpt lat="49.024387" lon="14.967554">
        <time>2025-08-30T08:35:25.000Z</time>
      </trkpt>
      <trkpt lat="49.024374" lon="14.967534">
        <time>2025-08-30T08:35:26.000Z</time>
      </trkpt>
      <trkpt lat="49.024358" lon="14.967531">
        <time>2025-08-30T08:35:27.000Z</time>
      </trkpt>
      <trkpt lat="49.024351" lon="14.967534">
        <time>2025-08-30T08:35:28.000Z</time>
      </trkpt>
      <trkpt lat="49.02434" lon="14.967541">
        <time>2025-08-30T08:35:29.000Z</time>
      </trkpt>
      <trkpt lat="49.024333" lon="14.967536">
        <time>2025-08-30T08:35:30.000Z</time>
      </trkpt>
      <trkpt lat="49.024324" lon="14.967538">
        <time>2025-08-30T08:35:31.000Z</time>
      </trkpt>
      <trkpt lat="49.024315" lon="14.967537">
        <time>2025-08-30T08:35:32.000Z</time>
      </trkpt>
      <trkpt lat="49.024305" lon="14.967533">
        <time>2025-08-30T08:35:33.000Z</time>
      </trkpt>
      <trkpt lat="49.02429" lon="14.967528">
        <time>2025-08-30T08:35:34.000Z</time>
      </trkpt>
      <trkpt lat="49.024278" lon="14.967522">
        <time>2025-08-30T08:35:35.000Z</time>
      </trkpt>
      <trkpt lat="49.024267" lon="14.967518">
        <time>2025-08-30T08:35:36.000Z</time>
      </trkpt>
      <trkpt lat="49.024268" lon="14.96752">
        <time>2025-08-30T08:35:37.000Z</time>
      </trkpt>
      <trkpt lat="49.024271" lon="14.967523">
        <time>2025-08-30T08:35:38.000Z</time>
      </trkpt>
      <trkpt lat="49.024278" lon="14.967526">
        <time>2025-08-30T08:35:39.000Z</time>
      </trkpt>
      <trkpt lat="49.024308" lon="14.967536">
        <time>2025-08-30T08:35:40.000Z</time>
      </trkpt>
      <trkpt lat="49.024331" lon="14.967544">
        <time>2025-08-30T08:35:41.000Z</time>
      </trkpt>
      <trkpt lat="49.02436" lon="14.967575">
        <time>2025-08-30T08:35:42.000Z</time>
      </trkpt>
      <trkpt lat="49.02438" lon="14.967603">
        <time>2025-08-30T08:35:43.000Z</time>
      </trkpt>
      <trkpt lat="49.024399" lon="14.967622">
        <time>2025-08-30T08:35:44.000Z</time>
      </trkpt>
      <trkpt lat="49.02443" lon="14.967659">
        <time>2025-08-30T08:35:45.000Z</time>
      </trkpt>
      <trkpt lat="49.024447" lon="14.967691">
        <time>2025-08-30T08:35:46.000Z</time>
      </trkpt>
      <trkpt lat="49.02447" lon="14.967726">
        <time>2025-08-30T08:35:47.000Z</time>
      </trkpt>
      <trkpt lat="49.024495" lon="14.967765">
        <time>2025-08-30T08:35:48.000Z</time>
      </trkpt>
      <trkpt lat="49.024519" lon="14.9678">
        <time>2025-08-30T08:35:49.000Z</time>
      </trkpt>
      <trkpt lat="49.024547" lon="14.967814">
        <time>2025-08-30T08:35:50.000Z</time>
      </trkpt>
      <trkpt lat="49.024579" lon="14.967825">
        <time>2025-08-30T08:35:51.000Z</time>
      </trkpt>
      <trkpt lat="49.024605" lon="14.967821">
        <time>2025-08-30T08:35:52.000Z</time>
      </trkpt>
      <trkpt lat="49.024633" lon="14.967806">
        <time>2025-08-30T08:35:53.000Z</time>
      </trkpt>
      <trkpt lat="49.024654" lon="14.967799">
        <time>2025-08-30T08:35:54.000Z</time>
      </trkpt>
      <trkpt lat="49.024671" lon="14.967803">
        <time>2025-08-30T08:35:55.000Z</time>
      </trkpt>
      <trkpt lat="49.024687" lon="14.967798">
        <time>2025-08-30T08:35:56.000Z</time>
      </trkpt>
      <trkpt lat="49.02469" lon="14.967797">
        <time>2025-08-30T08:35:57.000Z</time>
      </trkpt>
      <trkpt lat="49.024693" lon="14.967803">
        <time>2025-08-30T08:35:58.000Z</time>
      </trkpt>
      <trkpt lat="49.0247" lon="14.967805">
        <time>2025-08-30T08:35:59.000Z</time>
      </trkpt>
      <trkpt lat="49.024711" lon="14.967806">
        <time>2025-08-30T08:36:00.000Z</time>
      </trkpt>
      <trkpt lat="49.024722" lon="14.967799">
        <time>2025-08-30T08:36:01.000Z</time>
      </trkpt>
      <trkpt lat="49.024728" lon="14.967791">
        <time>2025-08-30T08:36:02.000Z</time>
      </trkpt>
      <trkpt lat="49.024739" lon="14.96779">
        <time>2025-08-30T08:36:03.000Z</time>
      </trkpt>
      <trkpt lat="49.024752" lon="14.967811">
        <time>2025-08-30T08:36:04.000Z</time>
      </trkpt>
      <trkpt lat="49.024764" lon="14.967834">
        <time>2025-08-30T08:36:05.000Z</time>
      </trkpt>
      <trkpt lat="49.024772" lon="14.967858">
        <time>2025-08-30T08:36:06.000Z</time>
      </trkpt>
      <trkpt lat="49.024782" lon="14.967883">
        <time>2025-08-30T08:36:07.000Z</time>
      </trkpt>
      <trkpt lat="49.024787" lon="14.967906">
        <time>2025-08-30T08:36:08.000Z</time>
      </trkpt>
      <trkpt lat="49.024789" lon="14.967927">
        <time>2025-08-30T08:36:09.000Z</time>
      </trkpt>
      <trkpt lat="49.024793" lon="14.967953">
        <time>2025-08-30T08:36:10.000Z</time>
      </trkpt>
      <trkpt lat="49.024793" lon="14.967962">
        <time>2025-08-30T08:36:11.000Z</time>
      </trkpt>
      <trkpt lat="49.024794" lon="14.967948">
        <time>2025-08-30T08:36:12.000Z</time>
      </trkpt>
      <trkpt lat="49.024793" lon="14.96792">
        <time>2025-08-30T08:36:13.000Z</time>
      </trkpt>
      <trkpt lat="49.024792" lon="14.967901">
        <time>2025-08-30T08:36:14.000Z</time>
      </trkpt>
      <trkpt lat="49.024784" lon="14.967867">
        <time>2025-08-30T08:36:15.000Z</time>
      </trkpt>
      <trkpt lat="49.024775" lon="14.967831">
        <time>2025-08-30T08:36:16.000Z</time>
      </trkpt>
      <trkpt lat="49.024765" lon="14.967807">
        <time>2025-08-30T08:36:17.000Z</time>
      </trkpt>
      <trkpt lat="49.024754" lon="14.967795">
        <time>2025-08-30T08:36:18.000Z</time>
      </trkpt>
      <trkpt lat="49.02474" lon="14.967802">
        <time>2025-08-30T08:36:19.000Z</time>
      </trkpt>
      <trkpt lat="49.024724" lon="14.967807">
        <time>2025-08-30T08:36:20.000Z</time>
      </trkpt>
      <trkpt lat="49.024702" lon="14.967819">
        <time>2025-08-30T08:36:21.000Z</time>
      </trkpt>
      <trkpt lat="49.024675" lon="14.96781">
        <time>2025-08-30T08:36:22.000Z</time>
      </trkpt>
      <trkpt lat="49.024642" lon="14.967807">
        <time>2025-08-30T08:36:23.000Z</time>
      </trkpt>
      <trkpt lat="49.024614" lon="14.967817">
        <time>2025-08-30T08:36:24.000Z</time>
      </trkpt>
      <trkpt lat="49.024583" lon="14.96781">
        <time>2025-08-30T08:36:25.000Z</time>
      </trkpt>
      <trkpt lat="49.02455" lon="14.967786">
        <time>2025-08-30T08:36:26.000Z</time>
      </trkpt>
      <trkpt lat="49.024521" lon="14.967773">
        <time>2025-08-30T08:36:27.000Z</time>
      </trkpt>
      <trkpt lat="49.024484" lon="14.967759">
        <time>2025-08-30T08:36:28.000Z</time>
      </trkpt>
      <trkpt lat="49.024447" lon="14.967754">
        <time>2025-08-30T08:36:29.000Z</time>
      </trkpt>
      <trkpt lat="49.024414" lon="14.967751">
        <time>2025-08-30T08:36:30.000Z</time>
      </trkpt>
      <trkpt lat="49.024378" lon="14.96775">
        <time>2025-08-30T08:36:31.000Z</time>
      </trkpt>
      <trkpt lat="49.024338" lon="14.967719">
        <time>2025-08-30T08:36:32.000Z</time>
      </trkpt>
      <trkpt lat="49.024307" lon="14.967695">
        <time>2025-08-30T08:36:33.000Z</time>
      </trkpt>
      <trkpt lat="49.024272" lon="14.967669">
        <time>2025-08-30T08:36:34.000Z</time>
      </trkpt>
      <trkpt lat="49.024237" lon="14.967644">
        <time>2025-08-30T08:36:35.000Z</time>
      </trkpt>
      <trkpt lat="49.024209" lon="14.967629">
        <time>2025-08-30T08:36:36.000Z</time>
      </trkpt>
      <trkpt lat="49.024174" lon="14.967629">
        <time>2025-08-30T08:36:37.000Z</time>
      </trkpt>
      <trkpt lat="49.024132" lon="14.967625">
        <time>2025-08-30T08:36:38.000Z</time>
      </trkpt>
      <trkpt lat="49.024098" lon="14.967629">
        <time>2025-08-30T08:36:39.000Z</time>
      </trkpt>
      <trkpt lat="49.024059" lon="14.967615">
        <time>2025-08-30T08:36:40.000Z</time>
      </trkpt>
      <trkpt lat="49.024021" lon="14.967601">
        <time>2025-08-30T08:36:41.000Z</time>
      </trkpt>
      <trkpt lat="49.023984" lon="14.967588">
        <time>2025-08-30T08:36:42.000Z</time>
      </trkpt>
      <trkpt lat="49.023944" lon="14.967568">
        <time>2025-08-30T08:36:43.000Z</time>
      </trkpt>
      <trkpt lat="49.02391" lon="14.967556">
        <time>2025-08-30T08:36:44.000Z</time>
      </trkpt>
      <trkpt lat="49.023866" lon="14.967539">
        <time>2025-08-30T08:36:45.000Z</time>
      </trkpt>
      <trkpt lat="49.023825" lon="14.967528">
        <time>2025-08-30T08:36:46.000Z</time>
      </trkpt>
      <trkpt lat="49.023777" lon="14.967515">
        <time>2025-08-30T08:36:47.000Z</time>
      </trkpt>
      <trkpt lat="49.023734" lon="14.967487">
        <time>2025-08-30T08:36:48.000Z</time>
      </trkpt>
      <trkpt lat="49.023694" lon="14.967472">
        <time>2025-08-30T08:36:49.000Z</time>
      </trkpt>
      <trkpt lat="49.023639" lon="14.967447">
        <time>2025-08-30T08:36:50.000Z</time>
      </trkpt>
      <trkpt lat="49.023599" lon="14.96745">
        <time>2025-08-30T08:36:51.000Z</time>
      </trkpt>
      <trkpt lat="49.023551" lon="14.967436">
        <time>2025-08-30T08:36:52.000Z</time>
      </trkpt>
      <trkpt lat="49.02351" lon="14.967405">
        <time>2025-08-30T08:36:53.000Z</time>
      </trkpt>
      <trkpt lat="49.023472" lon="14.967389">
        <time>2025-08-30T08:36:54.000Z</time>
      </trkpt>
      <trkpt lat="49.02343" lon="14.967368">
        <time>2025-08-30T08:36:55.000Z</time>
      </trkpt>
      <trkpt lat="49.023396" lon="14.967357">
        <time>2025-08-30T08:36:56.000Z</time>
      </trkpt>
      <trkpt lat="49.023361" lon="14.96735">
        <time>2025-08-30T08:36:57.000Z</time>
      </trkpt>
      <trkpt lat="49.02332" lon="14.967345">
        <time>2025-08-30T08:36:58.000Z</time>
      </trkpt>
      <trkpt lat="49.02329" lon="14.967353">
        <time>2025-08-30T08:36:59.000Z</time>
      </trkpt>
      <trkpt lat="49.023248" lon="14.967352">
        <time>2025-08-30T08:37:00.000Z</time>
      </trkpt>
      <trkpt lat="49.023212" lon="14.96736">
        <time>2025-08-30T08:37:01.000Z</time>
      </trkpt>
      <trkpt lat="49.023177" lon="14.967374">
        <time>2025-08-30T08:37:02.000Z</time>
      </trkpt>
      <trkpt lat="49.023139" lon="14.967381">
        <time>2025-08-30T08:37:03.000Z</time>
      </trkpt>
      <trkpt lat="49.023111" lon="14.967406">
        <time>2025-08-30T08:37:04.000Z</time>
      </trkpt>
      <trkpt lat="49.02307" lon="14.967438">
        <time>2025-08-30T08:37:05.000Z</time>
      </trkpt>
      <trkpt lat="49.02303" lon="14.967457">
        <time>2025-08-30T08:37:06.000Z</time>
      </trkpt>
      <trkpt lat="49.022993" lon="14.96747">
        <time>2025-08-30T08:37:07.000Z</time>
      </trkpt>
      <trkpt lat="49.022951" lon="14.967467">
        <time>2025-08-30T08:37:08.000Z</time>
      </trkpt>
      <trkpt lat="49.022915" lon="14.967465">
        <time>2025-08-30T08:37:09.000Z</time>
      </trkpt>
      <trkpt lat="49.022872" lon="14.967473">
        <time>2025-08-30T08:37:10.000Z</time>
      </trkpt>
      <trkpt lat="49.022826" lon="14.96747">
        <time>2025-08-30T08:37:11.000Z</time>
      </trkpt>
      <trkpt lat="49.022792" lon="14.967477">
        <time>2025-08-30T08:37:12.000Z</time>
      </trkpt>
      <trkpt lat="49.022758" lon="14.967484">
        <time>2025-08-30T08:37:13.000Z</time>
      </trkpt>
      <trkpt lat="49.022716" lon="14.967482">
        <time>2025-08-30T08:37:14.000Z</time>
      </trkpt>
      <trkpt lat="49.022678" lon="14.967485">
        <time>2025-08-30T08:37:15.000Z</time>
      </trkpt>
      <trkpt lat="49.022634" lon="14.96747">
        <time>2025-08-30T08:37:16.000Z</time>
      </trkpt>
      <trkpt lat="49.022593" lon="14.967445">
        <time>2025-08-30T08:37:17.000Z</time>
      </trkpt>
      <trkpt lat="49.022558" lon="14.967433">
        <time>2025-08-30T08:37:18.000Z</time>
      </trkpt>
      <trkpt lat="49.022514" lon="14.967405">
        <time>2025-08-30T08:37:19.000Z</time>
      </trkpt>
      <trkpt lat="49.022482" lon="14.967377">
        <time>2025-08-30T08:37:20.000Z</time>
      </trkpt>
      <trkpt lat="49.022451" lon="14.967354">
        <time>2025-08-30T08:37:21.000Z</time>
      </trkpt>
      <trkpt lat="49.022425" lon="14.967311">
        <time>2025-08-30T08:37:22.000Z</time>
      </trkpt>
      <trkpt lat="49.022414" lon="14.967259">
        <time>2025-08-30T08:37:23.000Z</time>
      </trkpt>
      <trkpt lat="49.022406" lon="14.967216">
        <time>2025-08-30T08:37:24.000Z</time>
      </trkpt>
      <trkpt lat="49.022405" lon="14.967158">
        <time>2025-08-30T08:37:25.000Z</time>
      </trkpt>
      <trkpt lat="49.022406" lon="14.967107">
        <time>2025-08-30T08:37:26.000Z</time>
      </trkpt>
      <trkpt lat="49.022398" lon="14.967055">
        <time>2025-08-30T08:37:27.000Z</time>
      </trkpt>
      <trkpt lat="49.022389" lon="14.96699">
        <time>2025-08-30T08:37:28.000Z</time>
      </trkpt>
      <trkpt lat="49.022383" lon="14.96694">
        <time>2025-08-30T08:37:29.000Z</time>
      </trkpt>
      <trkpt lat="49.022368" lon="14.966906">
        <time>2025-08-30T08:37:30.000Z</time>
      </trkpt>
      <trkpt lat="49.022358" lon="14.966878">
        <time>2025-08-30T08:37:31.000Z</time>
      </trkpt>
      <trkpt lat="49.022358" lon="14.966844">
        <time>2025-08-30T08:37:32.000Z</time>
      </trkpt>
      <trkpt lat="49.022366" lon="14.966802">
        <time>2025-08-30T08:37:33.000Z</time>
      </trkpt>
      <trkpt lat="49.022374" lon="14.966772">
        <time>2025-08-30T08:37:34.000Z</time>
      </trkpt>
      <trkpt lat="49.022382" lon="14.966724">
        <time>2025-08-30T08:37:35.000Z</time>
      </trkpt>
      <trkpt lat="49.022394" lon="14.966663">
        <time>2025-08-30T08:37:36.000Z</time>
      </trkpt>
      <trkpt lat="49.022387" lon="14.966621">
        <time>2025-08-30T08:37:37.000Z</time>
      </trkpt>
      <trkpt lat="49.022378" lon="14.966584">
        <time>2025-08-30T08:37:38.000Z</time>
      </trkpt>
      <trkpt lat="49.022356" lon="14.966558">
        <time>2025-08-30T08:37:39.000Z</time>
      </trkpt>
      <trkpt lat="49.022331" lon="14.966529">
        <time>2025-08-30T08:37:40.000Z</time>
      </trkpt>
      <trkpt lat="49.022305" lon="14.966515">
        <time>2025-08-30T08:37:41.000Z</time>
      </trkpt>
      <trkpt lat="49.022281" lon="14.9665">
        <time>2025-08-30T08:37:42.000Z</time>
      </trkpt>
      <trkpt lat="49.022264" lon="14.966473">
        <time>2025-08-30T08:37:43.000Z</time>
      </trkpt>
      <trkpt lat="49.022254" lon="14.966448">
        <time>2025-08-30T08:37:44.000Z</time>
      </trkpt>
      <trkpt lat="49.022263" lon="14.966416">
        <time>2025-08-30T08:37:45.000Z</time>
      </trkpt>
      <trkpt lat="49.022266" lon="14.96638">
        <time>2025-08-30T08:37:46.000Z</time>
      </trkpt>
      <trkpt lat="49.02227" lon="14.966349">
        <time>2025-08-30T08:37:47.000Z</time>
      </trkpt>
      <trkpt lat="49.022271" lon="14.966321">
        <time>2025-08-30T08:37:48.000Z</time>
      </trkpt>
      <trkpt lat="49.022275" lon="14.96629">
        <time>2025-08-30T08:37:49.000Z</time>
      </trkpt>
      <trkpt lat="49.022279" lon="14.966253">
        <time>2025-08-30T08:37:50.000Z</time>
      </trkpt>
      <trkpt lat="49.022275" lon="14.966214">
        <time>2025-08-30T08:37:51.000Z</time>
      </trkpt>
      <trkpt lat="49.022259" lon="14.966132">
        <time>2025-08-30T08:37:52.000Z</time>
      </trkpt>
      <trkpt lat="49.022255" lon="14.966076">
        <time>2025-08-30T08:37:53.000Z</time>
      </trkpt>
      <trkpt lat="49.022246" lon="14.966031">
        <time>2025-08-30T08:37:54.000Z</time>
      </trkpt>
      <trkpt lat="49.022231" lon="14.965982">
        <time>2025-08-30T08:37:55.000Z</time>
      </trkpt>
      <trkpt lat="49.022225" lon="14.965933">
        <time>2025-08-30T08:37:56.000Z</time>
      </trkpt>
      <trkpt lat="49.022227" lon="14.965885">
        <time>2025-08-30T08:37:57.000Z</time>
      </trkpt>
      <trkpt lat="49.022222" lon="14.965836">
        <time>2025-08-30T08:37:58.000Z</time>
      </trkpt>
      <trkpt lat="49.022214" lon="14.965785">
        <time>2025-08-30T08:37:59.000Z</time>
      </trkpt>
      <trkpt lat="49.022203" lon="14.965739">
        <time>2025-08-30T08:38:00.000Z</time>
      </trkpt>
      <trkpt lat="49.022192" lon="14.965673">
        <time>2025-08-30T08:38:01.000Z</time>
      </trkpt>
      <trkpt lat="49.022185" lon="14.965628">
        <time>2025-08-30T08:38:02.000Z</time>
      </trkpt>
      <trkpt lat="49.022176" lon="14.965572">
        <time>2025-08-30T08:38:03.000Z</time>
      </trkpt>
      <trkpt lat="49.022171" lon="14.965516">
        <time>2025-08-30T08:38:04.000Z</time>
      </trkpt>
      <trkpt lat="49.022176" lon="14.965462">
        <time>2025-08-30T08:38:05.000Z</time>
      </trkpt>
      <trkpt lat="49.022167" lon="14.96543">
        <time>2025-08-30T08:38:06.000Z</time>
      </trkpt>
      <trkpt lat="49.022166" lon="14.965388">
        <time>2025-08-30T08:38:07.000Z</time>
      </trkpt>
      <trkpt lat="49.022165" lon="14.965355">
        <time>2025-08-30T08:38:08.000Z</time>
      </trkpt>
      <trkpt lat="49.02215" lon="14.965325">
        <time>2025-08-30T08:38:09.000Z</time>
      </trkpt>
      <trkpt lat="49.022134" lon="14.965293">
        <time>2025-08-30T08:38:10.000Z</time>
      </trkpt>
      <trkpt lat="49.022117" lon="14.965256">
        <time>2025-08-30T08:38:11.000Z</time>
      </trkpt>
      <trkpt lat="49.022085" lon="14.965217">
        <time>2025-08-30T08:38:12.000Z</time>
      </trkpt>
      <trkpt lat="49.022063" lon="14.965187">
        <time>2025-08-30T08:38:13.000Z</time>
      </trkpt>
      <trkpt lat="49.022049" lon="14.965149">
        <time>2025-08-30T08:38:14.000Z</time>
      </trkpt>
      <trkpt lat="49.022036" lon="14.965105">
        <time>2025-08-30T08:38:15.000Z</time>
      </trkpt>
      <trkpt lat="49.022022" lon="14.965064">
        <time>2025-08-30T08:38:16.000Z</time>
      </trkpt>
      <trkpt lat="49.022019" lon="14.965026">
        <time>2025-08-30T08:38:17.000Z</time>
      </trkpt>
      <trkpt lat="49.02202" lon="14.964981">
        <time>2025-08-30T08:38:18.000Z</time>
      </trkpt>
      <trkpt lat="49.022019" lon="14.96494">
        <time>2025-08-30T08:38:19.000Z</time>
      </trkpt>
      <trkpt lat="49.022013" lon="14.964898">
        <time>2025-08-30T08:38:20.000Z</time>
      </trkpt>
      <trkpt lat="49.022006" lon="14.964855">
        <time>2025-08-30T08:38:21.000Z</time>
      </trkpt>
      <trkpt lat="49.021994" lon="14.964811">
        <time>2025-08-30T08:38:22.000Z</time>
      </trkpt>
      <trkpt lat="49.021992" lon="14.964766">
        <time>2025-08-30T08:38:23.000Z</time>
      </trkpt>
      <trkpt lat="49.021985" lon="14.964741">
        <time>2025-08-30T08:38:24.000Z</time>
      </trkpt>
      <trkpt lat="49.021972" lon="14.964712">
        <time>2025-08-30T08:38:25.000Z</time>
      </trkpt>
      <trkpt lat="49.021942" lon="14.964665">
        <time>2025-08-30T08:38:26.000Z</time>
      </trkpt>
      <trkpt lat="49.021921" lon="14.964617">
        <time>2025-08-30T08:38:27.000Z</time>
      </trkpt>
      <trkpt lat="49.021907" lon="14.964572">
        <time>2025-08-30T08:38:28.000Z</time>
      </trkpt>
      <trkpt lat="49.021896" lon="14.964502">
        <time>2025-08-30T08:38:29.000Z</time>
      </trkpt>
      <trkpt lat="49.021877" lon="14.964452">
        <time>2025-08-30T08:38:30.000Z</time>
      </trkpt>
      <trkpt lat="49.021867" lon="14.964409">
        <time>2025-08-30T08:38:31.000Z</time>
      </trkpt>
      <trkpt lat="49.021864" lon="14.964347">
        <time>2025-08-30T08:38:32.000Z</time>
      </trkpt>
      <trkpt lat="49.02185" lon="14.964308">
        <time>2025-08-30T08:38:33.000Z</time>
      </trkpt>
      <trkpt lat="49.021838" lon="14.964244">
        <time>2025-08-30T08:38:34.000Z</time>
      </trkpt>
      <trkpt lat="49.021821" lon="14.964206">
        <time>2025-08-30T08:38:35.000Z</time>
      </trkpt>
      <trkpt lat="49.021796" lon="14.964166">
        <time>2025-08-30T08:38:36.000Z</time>
      </trkpt>
      <trkpt lat="49.021787" lon="14.964125">
        <time>2025-08-30T08:38:37.000Z</time>
      </trkpt>
      <trkpt lat="49.021779" lon="14.964085">
        <time>2025-08-30T08:38:38.000Z</time>
      </trkpt>
      <trkpt lat="49.021765" lon="14.964053">
        <time>2025-08-30T08:38:39.000Z</time>
      </trkpt>
      <trkpt lat="49.021751" lon="14.963996">
        <time>2025-08-30T08:38:40.000Z</time>
      </trkpt>
      <trkpt lat="49.021745" lon="14.963942">
        <time>2025-08-30T08:38:41.000Z</time>
      </trkpt>
      <trkpt lat="49.021728" lon="14.963904">
        <time>2025-08-30T08:38:42.000Z</time>
      </trkpt>
      <trkpt lat="49.021709" lon="14.963839">
        <time>2025-08-30T08:38:43.000Z</time>
      </trkpt>
      <trkpt lat="49.021696" lon="14.963786">
        <time>2025-08-30T08:38:44.000Z</time>
      </trkpt>
      <trkpt lat="49.021683" lon="14.963731">
        <time>2025-08-30T08:38:45.000Z</time>
      </trkpt>
      <trkpt lat="49.02167" lon="14.963661">
        <time>2025-08-30T08:38:46.000Z</time>
      </trkpt>
      <trkpt lat="49.021669" lon="14.963602">
        <time>2025-08-30T08:38:47.000Z</time>
      </trkpt>
      <trkpt lat="49.02167" lon="14.963546">
        <time>2025-08-30T08:38:48.000Z</time>
      </trkpt>
      <trkpt lat="49.021675" lon="14.963481">
        <time>2025-08-30T08:38:49.000Z</time>
      </trkpt>
      <trkpt lat="49.021679" lon="14.963431">
        <time>2025-08-30T08:38:50.000Z</time>
      </trkpt>
      <trkpt lat="49.021682" lon="14.963366">
        <time>2025-08-30T08:38:51.000Z</time>
      </trkpt>
      <trkpt lat="49.021693" lon="14.963305">
        <time>2025-08-30T08:38:52.000Z</time>
      </trkpt>
      <trkpt lat="49.021691" lon="14.96325">
        <time>2025-08-30T08:38:53.000Z</time>
      </trkpt>
      <trkpt lat="49.02168" lon="14.963195">
        <time>2025-08-30T08:38:54.000Z</time>
      </trkpt>
      <trkpt lat="49.021669" lon="14.96315">
        <time>2025-08-30T08:38:55.000Z</time>
      </trkpt>
      <trkpt lat="49.021642" lon="14.963106">
        <time>2025-08-30T08:38:56.000Z</time>
      </trkpt>
      <trkpt lat="49.021609" lon="14.963041">
        <time>2025-08-30T08:38:57.000Z</time>
      </trkpt>
      <trkpt lat="49.021586" lon="14.962998">
        <time>2025-08-30T08:38:58.000Z</time>
      </trkpt>
      <trkpt lat="49.021557" lon="14.962925">
        <time>2025-08-30T08:38:59.000Z</time>
      </trkpt>
      <trkpt lat="49.021534" lon="14.962875">
        <time>2025-08-30T08:39:00.000Z</time>
      </trkpt>
      <trkpt lat="49.021499" lon="14.96279">
        <time>2025-08-30T08:39:01.000Z</time>
      </trkpt>
      <trkpt lat="49.021471" lon="14.962734">
        <time>2025-08-30T08:39:02.000Z</time>
      </trkpt>
      <trkpt lat="49.021451" lon="14.962653">
        <time>2025-08-30T08:39:03.000Z</time>
      </trkpt>
      <trkpt lat="49.021426" lon="14.962568">
        <time>2025-08-30T08:39:04.000Z</time>
      </trkpt>
      <trkpt lat="49.021406" lon="14.962506">
        <time>2025-08-30T08:39:05.000Z</time>
      </trkpt>
      <trkpt lat="49.021386" lon="14.96242">
        <time>2025-08-30T08:39:06.000Z</time>
      </trkpt>
      <trkpt lat="49.021366" lon="14.962356">
        <time>2025-08-30T08:39:07.000Z</time>
      </trkpt>
      <trkpt lat="49.021339" lon="14.962277">
        <time>2025-08-30T08:39:08.000Z</time>
      </trkpt>
      <trkpt lat="49.021314" lon="14.962215">
        <time>2025-08-30T08:39:09.000Z</time>
      </trkpt>
      <trkpt lat="49.021286" lon="14.962151">
        <time>2025-08-30T08:39:10.000Z</time>
      </trkpt>
      <trkpt lat="49.02125" lon="14.962074">
        <time>2025-08-30T08:39:11.000Z</time>
      </trkpt>
      <trkpt lat="49.021216" lon="14.96202">
        <time>2025-08-30T08:39:12.000Z</time>
      </trkpt>
      <trkpt lat="49.02118" lon="14.961964">
        <time>2025-08-30T08:39:13.000Z</time>
      </trkpt>
      <trkpt lat="49.021149" lon="14.961916">
        <time>2025-08-30T08:39:14.000Z</time>
      </trkpt>
      <trkpt lat="49.02111" lon="14.961849">
        <time>2025-08-30T08:39:15.000Z</time>
      </trkpt>
      <trkpt lat="49.021077" lon="14.961803">
        <time>2025-08-30T08:39:16.000Z</time>
      </trkpt>
      <trkpt lat="49.021033" lon="14.961735">
        <time>2025-08-30T08:39:17.000Z</time>
      </trkpt>
      <trkpt lat="49.020998" lon="14.961683">
        <time>2025-08-30T08:39:18.000Z</time>
      </trkpt>
      <trkpt lat="49.020952" lon="14.96162">
        <time>2025-08-30T08:39:19.000Z</time>
      </trkpt>
      <trkpt lat="49.020924" lon="14.961576">
        <time>2025-08-30T08:39:20.000Z</time>
      </trkpt>
      <trkpt lat="49.020904" lon="14.961544">
        <time>2025-08-30T08:39:21.000Z</time>
      </trkpt>
      <trkpt lat="49.020889" lon="14.9615">
        <time>2025-08-30T08:39:22.000Z</time>
      </trkpt>
      <trkpt lat="49.02088" lon="14.961444">
        <time>2025-08-30T08:39:23.000Z</time>
      </trkpt>
      <trkpt lat="49.020877" lon="14.96138">
        <time>2025-08-30T08:39:24.000Z</time>
      </trkpt>
      <trkpt lat="49.020868" lon="14.961307">
        <time>2025-08-30T08:39:25.000Z</time>
      </trkpt>
      <trkpt lat="49.020868" lon="14.961231">
        <time>2025-08-30T08:39:26.000Z</time>
      </trkpt>
      <trkpt lat="49.020875" lon="14.961163">
        <time>2025-08-30T08:39:27.000Z</time>
      </trkpt>
      <trkpt lat="49.020878" lon="14.961108">
        <time>2025-08-30T08:39:28.000Z</time>
      </trkpt>
      <trkpt lat="49.02088" lon="14.961051">
        <time>2025-08-30T08:39:29.000Z</time>
      </trkpt>
      <trkpt lat="49.020885" lon="14.961027">
        <time>2025-08-30T08:39:30.000Z</time>
      </trkpt>
      <trkpt lat="49.020889" lon="14.961015">
        <time>2025-08-30T08:39:31.000Z</time>
      </trkpt>
    </trkseg>
  </trk>
</gpx>
