<?xml version="1.0" encoding="UTF-8"?>
<gpx version="1.1" creator="Livelox" xmlns="http://www.topografix.com/GPX/1/1" xmlns:xsi="http://www.w3.org/2001/XMLSchema-instance" xsi:schemaLocation="http://www.topografix.com/GPX/1/1 http://www.topografix.com/GPX/1/1/gpx.xsd http://www.garmin.com/xmlschemas/GpxExtensions/v3 http://www.garmin.com/xmlschemas/GpxExtensionsv3.xsd http://www.garmin.com/xmlschemas/TrackPointExtension/v1 http://www.garmin.com/xmlschemas/TrackPointExtensionv1.xsd http://www.garmin.com/xmlschemas/PowerExtension/v1 http://www.garmin.com/xmlschemas/PowerExtensionv1.xsd http://www.topografix.com/GPX/gpx_style/0/2 http://www.topografix.com/GPX/gpx_style/0/2/gpx_style.xsd" xmlns:gpxtpx="http://www.garmin.com/xmlschemas/TrackPointExtension/v1" xmlns:gpxx="http://www.garmin.com/xmlschemas/GpxExtensions/v3" xmlns:gpxpx="http://www.garmin.com/xmlschemas/PowerExtension/v1" xmlns:gpx_style="http://www.topografix.com/GPX/gpx_style/0/2">
  <metadata>
    <name>5. 4. 2026 Velikonoce PGP - middle, H18-21_Top Masters, Radek Laciga</name>
    <author>
      <name>gpx.studio</name>
      <link href="https://gpx.studio"/>
    </author>
  </metadata>
  <trk>
    <name>5. 4. 2026 Velikonoce PGP - middle, H18-21_Top Masters, Radek Laciga</name>
    <trkseg>
      <trkpt lat="49.049962" lon="15.018053">
        <time>2026-04-05T07:58:16.000Z</time>
      </trkpt>
      <trkpt lat="49.049978" lon="15.018068">
        <time>2026-04-05T07:58:17.000Z</time>
      </trkpt>
      <trkpt lat="49.05" lon="15.018078">
        <time>2026-04-05T07:58:18.000Z</time>
      </trkpt>
      <trkpt lat="49.050025" lon="15.018092">
        <time>2026-04-05T07:58:19.000Z</time>
      </trkpt>
      <trkpt lat="49.05005" lon="15.018105">
        <time>2026-04-05T07:58:20.000Z</time>
      </trkpt>
      <trkpt lat="49.050072" lon="15.018118">
        <time>2026-04-05T07:58:21.000Z</time>
      </trkpt>
      <trkpt lat="49.050102" lon="15.018132">
        <time>2026-04-05T07:58:22.000Z</time>
      </trkpt>
      <trkpt lat="49.050125" lon="15.018142">
        <time>2026-04-05T07:58:23.000Z</time>
      </trkpt>
      <trkpt lat="49.050147" lon="15.01816">
        <time>2026-04-05T07:58:24.000Z</time>
      </trkpt>
      <trkpt lat="49.05017" lon="15.018177">
        <time>2026-04-05T07:58:25.000Z</time>
      </trkpt>
      <trkpt lat="49.05019" lon="15.018193">
        <time>2026-04-05T07:58:26.000Z</time>
      </trkpt>
      <trkpt lat="49.050213" lon="15.018202">
        <time>2026-04-05T07:58:27.000Z</time>
      </trkpt>
      <trkpt lat="49.050238" lon="15.018207">
        <time>2026-04-05T07:58:28.000Z</time>
      </trkpt>
      <trkpt lat="49.050267" lon="15.018218">
        <time>2026-04-05T07:58:29.000Z</time>
      </trkpt>
      <trkpt lat="49.050293" lon="15.01823">
        <time>2026-04-05T07:58:30.000Z</time>
      </trkpt>
      <trkpt lat="49.05032" lon="15.018238">
        <time>2026-04-05T07:58:31.000Z</time>
      </trkpt>
      <trkpt lat="49.05035" lon="15.018257">
        <time>2026-04-05T07:58:32.000Z</time>
      </trkpt>
      <trkpt lat="49.050373" lon="15.018272">
        <time>2026-04-05T07:58:33.000Z</time>
      </trkpt>
      <trkpt lat="49.050397" lon="15.01829">
        <time>2026-04-05T07:58:34.000Z</time>
      </trkpt>
      <trkpt lat="49.050423" lon="15.018307">
        <time>2026-04-05T07:58:35.000Z</time>
      </trkpt>
      <trkpt lat="49.050445" lon="15.018325">
        <time>2026-04-05T07:58:36.000Z</time>
      </trkpt>
      <trkpt lat="49.050472" lon="15.018352">
        <time>2026-04-05T07:58:37.000Z</time>
      </trkpt>
      <trkpt lat="49.050497" lon="15.018375">
        <time>2026-04-05T07:58:38.000Z</time>
      </trkpt>
      <trkpt lat="49.050522" lon="15.018402">
        <time>2026-04-05T07:58:39.000Z</time>
      </trkpt>
      <trkpt lat="49.050545" lon="15.018428">
        <time>2026-04-05T07:58:40.000Z</time>
      </trkpt>
      <trkpt lat="49.050563" lon="15.018447">
        <time>2026-04-05T07:58:41.000Z</time>
      </trkpt>
      <trkpt lat="49.050582" lon="15.018453">
        <time>2026-04-05T07:58:42.000Z</time>
      </trkpt>
      <trkpt lat="49.050605" lon="15.018458">
        <time>2026-04-05T07:58:43.000Z</time>
      </trkpt>
      <trkpt lat="49.050627" lon="15.018468">
        <time>2026-04-05T07:58:44.000Z</time>
      </trkpt>
      <trkpt lat="49.050642" lon="15.018487">
        <time>2026-04-05T07:58:45.000Z</time>
      </trkpt>
      <trkpt lat="49.050657" lon="15.018515">
        <time>2026-04-05T07:58:46.000Z</time>
      </trkpt>
      <trkpt lat="49.050675" lon="15.01856">
        <time>2026-04-05T07:58:48.000Z</time>
      </trkpt>
      <trkpt lat="49.05068" lon="15.018593">
        <time>2026-04-05T07:58:49.000Z</time>
      </trkpt>
      <trkpt lat="49.050687" lon="15.018633">
        <time>2026-04-05T07:58:50.000Z</time>
      </trkpt>
      <trkpt lat="49.050697" lon="15.018672">
        <time>2026-04-05T07:58:51.000Z</time>
      </trkpt>
      <trkpt lat="49.050703" lon="15.018707">
        <time>2026-04-05T07:58:52.000Z</time>
      </trkpt>
      <trkpt lat="49.050705" lon="15.018745">
        <time>2026-04-05T07:58:53.000Z</time>
      </trkpt>
      <trkpt lat="49.050717" lon="15.018778">
        <time>2026-04-05T07:58:54.000Z</time>
      </trkpt>
      <trkpt lat="49.050728" lon="15.018815">
        <time>2026-04-05T07:58:55.000Z</time>
      </trkpt>
      <trkpt lat="49.050742" lon="15.018845">
        <time>2026-04-05T07:58:56.000Z</time>
      </trkpt>
      <trkpt lat="49.050753" lon="15.018887">
        <time>2026-04-05T07:58:57.000Z</time>
      </trkpt>
      <trkpt lat="49.050767" lon="15.018915">
        <time>2026-04-05T07:58:58.000Z</time>
      </trkpt>
      <trkpt lat="49.050777" lon="15.018942">
        <time>2026-04-05T07:58:59.000Z</time>
      </trkpt>
      <trkpt lat="49.050793" lon="15.01899">
        <time>2026-04-05T07:59:01.000Z</time>
      </trkpt>
      <trkpt lat="49.050795" lon="15.01902">
        <time>2026-04-05T07:59:02.000Z</time>
      </trkpt>
      <trkpt lat="49.050797" lon="15.019052">
        <time>2026-04-05T07:59:03.000Z</time>
      </trkpt>
      <trkpt lat="49.050802" lon="15.019083">
        <time>2026-04-05T07:59:04.000Z</time>
      </trkpt>
      <trkpt lat="49.050798" lon="15.019117">
        <time>2026-04-05T07:59:05.000Z</time>
      </trkpt>
      <trkpt lat="49.050788" lon="15.01916">
        <time>2026-04-05T07:59:06.000Z</time>
      </trkpt>
      <trkpt lat="49.050787" lon="15.019202">
        <time>2026-04-05T07:59:07.000Z</time>
      </trkpt>
      <trkpt lat="49.050783" lon="15.019235">
        <time>2026-04-05T07:59:08.000Z</time>
      </trkpt>
      <trkpt lat="49.050788" lon="15.019262">
        <time>2026-04-05T07:59:09.000Z</time>
      </trkpt>
      <trkpt lat="49.050788" lon="15.01932">
        <time>2026-04-05T07:59:10.000Z</time>
      </trkpt>
      <trkpt lat="49.050788" lon="15.019362">
        <time>2026-04-05T07:59:11.000Z</time>
      </trkpt>
      <trkpt lat="49.050787" lon="15.019407">
        <time>2026-04-05T07:59:12.000Z</time>
      </trkpt>
      <trkpt lat="49.050773" lon="15.019443">
        <time>2026-04-05T07:59:13.000Z</time>
      </trkpt>
      <trkpt lat="49.050767" lon="15.019472">
        <time>2026-04-05T07:59:14.000Z</time>
      </trkpt>
      <trkpt lat="49.05076" lon="15.019505">
        <time>2026-04-05T07:59:15.000Z</time>
      </trkpt>
      <trkpt lat="49.05075" lon="15.019543">
        <time>2026-04-05T07:59:16.000Z</time>
      </trkpt>
      <trkpt lat="49.050742" lon="15.019573">
        <time>2026-04-05T07:59:17.000Z</time>
      </trkpt>
      <trkpt lat="49.05074" lon="15.019635">
        <time>2026-04-05T07:59:19.000Z</time>
      </trkpt>
      <trkpt lat="49.050737" lon="15.019663">
        <time>2026-04-05T07:59:20.000Z</time>
      </trkpt>
      <trkpt lat="49.050738" lon="15.019708">
        <time>2026-04-05T07:59:22.000Z</time>
      </trkpt>
      <trkpt lat="49.050745" lon="15.019735">
        <time>2026-04-05T07:59:23.000Z</time>
      </trkpt>
      <trkpt lat="49.05075" lon="15.019763">
        <time>2026-04-05T07:59:24.000Z</time>
      </trkpt>
      <trkpt lat="49.05076" lon="15.01979">
        <time>2026-04-05T07:59:25.000Z</time>
      </trkpt>
      <trkpt lat="49.050775" lon="15.01982">
        <time>2026-04-05T07:59:26.000Z</time>
      </trkpt>
      <trkpt lat="49.050793" lon="15.019845">
        <time>2026-04-05T07:59:27.000Z</time>
      </trkpt>
      <trkpt lat="49.050808" lon="15.019868">
        <time>2026-04-05T07:59:28.000Z</time>
      </trkpt>
      <trkpt lat="49.050825" lon="15.019905">
        <time>2026-04-05T07:59:29.000Z</time>
      </trkpt>
      <trkpt lat="49.050842" lon="15.01994">
        <time>2026-04-05T07:59:30.000Z</time>
      </trkpt>
      <trkpt lat="49.050857" lon="15.019972">
        <time>2026-04-05T07:59:31.000Z</time>
      </trkpt>
      <trkpt lat="49.050873" lon="15.020007">
        <time>2026-04-05T07:59:32.000Z</time>
      </trkpt>
      <trkpt lat="49.050887" lon="15.020035">
        <time>2026-04-05T07:59:33.000Z</time>
      </trkpt>
      <trkpt lat="49.050903" lon="15.020062">
        <time>2026-04-05T07:59:34.000Z</time>
      </trkpt>
      <trkpt lat="49.05092" lon="15.020083">
        <time>2026-04-05T07:59:35.000Z</time>
      </trkpt>
      <trkpt lat="49.050933" lon="15.020113">
        <time>2026-04-05T07:59:36.000Z</time>
      </trkpt>
      <trkpt lat="49.050947" lon="15.020148">
        <time>2026-04-05T07:59:37.000Z</time>
      </trkpt>
      <trkpt lat="49.050955" lon="15.020177">
        <time>2026-04-05T07:59:38.000Z</time>
      </trkpt>
      <trkpt lat="49.050983" lon="15.020208">
        <time>2026-04-05T07:59:40.000Z</time>
      </trkpt>
      <trkpt lat="49.051007" lon="15.02022">
        <time>2026-04-05T07:59:43.000Z</time>
      </trkpt>
      <trkpt lat="49.05103" lon="15.020215">
        <time>2026-04-05T07:59:45.000Z</time>
      </trkpt>
      <trkpt lat="49.051048" lon="15.02021">
        <time>2026-04-05T07:59:46.000Z</time>
      </trkpt>
      <trkpt lat="49.051072" lon="15.020205">
        <time>2026-04-05T07:59:47.000Z</time>
      </trkpt>
      <trkpt lat="49.05109" lon="15.020207">
        <time>2026-04-05T07:59:48.000Z</time>
      </trkpt>
      <trkpt lat="49.051128" lon="15.020195">
        <time>2026-04-05T07:59:50.000Z</time>
      </trkpt>
      <trkpt lat="49.051148" lon="15.020187">
        <time>2026-04-05T07:59:51.000Z</time>
      </trkpt>
      <trkpt lat="49.051178" lon="15.020172">
        <time>2026-04-05T07:59:52.000Z</time>
      </trkpt>
      <trkpt lat="49.0512" lon="15.020165">
        <time>2026-04-05T07:59:53.000Z</time>
      </trkpt>
      <trkpt lat="49.051222" lon="15.020152">
        <time>2026-04-05T07:59:54.000Z</time>
      </trkpt>
      <trkpt lat="49.051257" lon="15.020143">
        <time>2026-04-05T07:59:56.000Z</time>
      </trkpt>
      <trkpt lat="49.05129" lon="15.020132">
        <time>2026-04-05T07:59:58.000Z</time>
      </trkpt>
      <trkpt lat="49.05131" lon="15.020127">
        <time>2026-04-05T07:59:59.000Z</time>
      </trkpt>
      <trkpt lat="49.051333" lon="15.020125">
        <time>2026-04-05T08:00:00.000Z</time>
      </trkpt>
      <trkpt lat="49.051353" lon="15.020128">
        <time>2026-04-05T08:00:01.000Z</time>
      </trkpt>
      <trkpt lat="49.051375" lon="15.020123">
        <time>2026-04-05T08:00:02.000Z</time>
      </trkpt>
      <trkpt lat="49.051393" lon="15.020115">
        <time>2026-04-05T08:00:03.000Z</time>
      </trkpt>
      <trkpt lat="49.051422" lon="15.020103">
        <time>2026-04-05T08:00:04.000Z</time>
      </trkpt>
      <trkpt lat="49.05145" lon="15.02009">
        <time>2026-04-05T08:00:05.000Z</time>
      </trkpt>
      <trkpt lat="49.051477" lon="15.020083">
        <time>2026-04-05T08:00:06.000Z</time>
      </trkpt>
      <trkpt lat="49.051503" lon="15.02008">
        <time>2026-04-05T08:00:07.000Z</time>
      </trkpt>
      <trkpt lat="49.051525" lon="15.020078">
        <time>2026-04-05T08:00:08.000Z</time>
      </trkpt>
      <trkpt lat="49.051548" lon="15.020077">
        <time>2026-04-05T08:00:09.000Z</time>
      </trkpt>
      <trkpt lat="49.051572" lon="15.020073">
        <time>2026-04-05T08:00:10.000Z</time>
      </trkpt>
      <trkpt lat="49.051608" lon="15.020073">
        <time>2026-04-05T08:00:12.000Z</time>
      </trkpt>
      <trkpt lat="49.051628" lon="15.020067">
        <time>2026-04-05T08:00:13.000Z</time>
      </trkpt>
      <trkpt lat="49.051655" lon="15.020052">
        <time>2026-04-05T08:00:14.000Z</time>
      </trkpt>
      <trkpt lat="49.05168" lon="15.020007">
        <time>2026-04-05T08:00:16.000Z</time>
      </trkpt>
      <trkpt lat="49.051697" lon="15.019985">
        <time>2026-04-05T08:00:17.000Z</time>
      </trkpt>
      <trkpt lat="49.051717" lon="15.019965">
        <time>2026-04-05T08:00:18.000Z</time>
      </trkpt>
      <trkpt lat="49.051737" lon="15.019948">
        <time>2026-04-05T08:00:19.000Z</time>
      </trkpt>
      <trkpt lat="49.051757" lon="15.019937">
        <time>2026-04-05T08:00:20.000Z</time>
      </trkpt>
      <trkpt lat="49.051778" lon="15.019915">
        <time>2026-04-05T08:00:21.000Z</time>
      </trkpt>
      <trkpt lat="49.051802" lon="15.01991">
        <time>2026-04-05T08:00:22.000Z</time>
      </trkpt>
      <trkpt lat="49.05184" lon="15.019882">
        <time>2026-04-05T08:00:24.000Z</time>
      </trkpt>
      <trkpt lat="49.051862" lon="15.019868">
        <time>2026-04-05T08:00:25.000Z</time>
      </trkpt>
      <trkpt lat="49.051888" lon="15.019863">
        <time>2026-04-05T08:00:27.000Z</time>
      </trkpt>
      <trkpt lat="49.051908" lon="15.01986">
        <time>2026-04-05T08:00:29.000Z</time>
      </trkpt>
      <trkpt lat="49.05193" lon="15.019828">
        <time>2026-04-05T08:00:32.000Z</time>
      </trkpt>
      <trkpt lat="49.051945" lon="15.019807">
        <time>2026-04-05T08:00:33.000Z</time>
      </trkpt>
      <trkpt lat="49.051972" lon="15.019763">
        <time>2026-04-05T08:00:35.000Z</time>
      </trkpt>
      <trkpt lat="49.05199" lon="15.019738">
        <time>2026-04-05T08:00:36.000Z</time>
      </trkpt>
      <trkpt lat="49.052007" lon="15.019717">
        <time>2026-04-05T08:00:37.000Z</time>
      </trkpt>
      <trkpt lat="49.052023" lon="15.01969">
        <time>2026-04-05T08:00:38.000Z</time>
      </trkpt>
      <trkpt lat="49.052043" lon="15.019665">
        <time>2026-04-05T08:00:39.000Z</time>
      </trkpt>
      <trkpt lat="49.052057" lon="15.019633">
        <time>2026-04-05T08:00:40.000Z</time>
      </trkpt>
      <trkpt lat="49.052063" lon="15.0196">
        <time>2026-04-05T08:00:41.000Z</time>
      </trkpt>
      <trkpt lat="49.05207" lon="15.019567">
        <time>2026-04-05T08:00:42.000Z</time>
      </trkpt>
      <trkpt lat="49.05208" lon="15.019538">
        <time>2026-04-05T08:00:43.000Z</time>
      </trkpt>
      <trkpt lat="49.052092" lon="15.019515">
        <time>2026-04-05T08:00:44.000Z</time>
      </trkpt>
      <trkpt lat="49.0521" lon="15.019555">
        <time>2026-04-05T08:00:50.000Z</time>
      </trkpt>
      <trkpt lat="49.052103" lon="15.019592">
        <time>2026-04-05T08:00:51.000Z</time>
      </trkpt>
      <trkpt lat="49.05211" lon="15.019632">
        <time>2026-04-05T08:00:52.000Z</time>
      </trkpt>
      <trkpt lat="49.052113" lon="15.019672">
        <time>2026-04-05T08:00:53.000Z</time>
      </trkpt>
      <trkpt lat="49.052112" lon="15.019712">
        <time>2026-04-05T08:00:54.000Z</time>
      </trkpt>
      <trkpt lat="49.052102" lon="15.019748">
        <time>2026-04-05T08:00:55.000Z</time>
      </trkpt>
      <trkpt lat="49.052088" lon="15.019792">
        <time>2026-04-05T08:00:56.000Z</time>
      </trkpt>
      <trkpt lat="49.05208" lon="15.019825">
        <time>2026-04-05T08:00:57.000Z</time>
      </trkpt>
      <trkpt lat="49.052073" lon="15.019858">
        <time>2026-04-05T08:00:58.000Z</time>
      </trkpt>
      <trkpt lat="49.052068" lon="15.019898">
        <time>2026-04-05T08:00:59.000Z</time>
      </trkpt>
      <trkpt lat="49.052065" lon="15.019948">
        <time>2026-04-05T08:01:00.000Z</time>
      </trkpt>
      <trkpt lat="49.052063" lon="15.019988">
        <time>2026-04-05T08:01:01.000Z</time>
      </trkpt>
      <trkpt lat="49.052065" lon="15.020028">
        <time>2026-04-05T08:01:02.000Z</time>
      </trkpt>
      <trkpt lat="49.052073" lon="15.020065">
        <time>2026-04-05T08:01:03.000Z</time>
      </trkpt>
      <trkpt lat="49.052083" lon="15.020097">
        <time>2026-04-05T08:01:04.000Z</time>
      </trkpt>
      <trkpt lat="49.05209" lon="15.020133">
        <time>2026-04-05T08:01:05.000Z</time>
      </trkpt>
      <trkpt lat="49.0521" lon="15.020167">
        <time>2026-04-05T08:01:06.000Z</time>
      </trkpt>
      <trkpt lat="49.052108" lon="15.020193">
        <time>2026-04-05T08:01:07.000Z</time>
      </trkpt>
      <trkpt lat="49.052123" lon="15.020225">
        <time>2026-04-05T08:01:09.000Z</time>
      </trkpt>
      <trkpt lat="49.05214" lon="15.020248">
        <time>2026-04-05T08:01:11.000Z</time>
      </trkpt>
      <trkpt lat="49.052157" lon="15.020263">
        <time>2026-04-05T08:01:13.000Z</time>
      </trkpt>
      <trkpt lat="49.052188" lon="15.02027">
        <time>2026-04-05T08:01:15.000Z</time>
      </trkpt>
      <trkpt lat="49.052222" lon="15.020292">
        <time>2026-04-05T08:01:17.000Z</time>
      </trkpt>
      <trkpt lat="49.052242" lon="15.020305">
        <time>2026-04-05T08:01:18.000Z</time>
      </trkpt>
      <trkpt lat="49.052263" lon="15.020315">
        <time>2026-04-05T08:01:19.000Z</time>
      </trkpt>
      <trkpt lat="49.052288" lon="15.020323">
        <time>2026-04-05T08:01:20.000Z</time>
      </trkpt>
      <trkpt lat="49.05231" lon="15.020337">
        <time>2026-04-05T08:01:21.000Z</time>
      </trkpt>
      <trkpt lat="49.05233" lon="15.02035">
        <time>2026-04-05T08:01:22.000Z</time>
      </trkpt>
      <trkpt lat="49.052352" lon="15.020363">
        <time>2026-04-05T08:01:23.000Z</time>
      </trkpt>
      <trkpt lat="49.052385" lon="15.020388">
        <time>2026-04-05T08:01:25.000Z</time>
      </trkpt>
      <trkpt lat="49.052403" lon="15.020397">
        <time>2026-04-05T08:01:26.000Z</time>
      </trkpt>
      <trkpt lat="49.05242" lon="15.02041">
        <time>2026-04-05T08:01:27.000Z</time>
      </trkpt>
      <trkpt lat="49.052433" lon="15.02043">
        <time>2026-04-05T08:01:28.000Z</time>
      </trkpt>
      <trkpt lat="49.052445" lon="15.020455">
        <time>2026-04-05T08:01:29.000Z</time>
      </trkpt>
      <trkpt lat="49.05246" lon="15.02048">
        <time>2026-04-05T08:01:30.000Z</time>
      </trkpt>
      <trkpt lat="49.052477" lon="15.020508">
        <time>2026-04-05T08:01:31.000Z</time>
      </trkpt>
      <trkpt lat="49.052498" lon="15.020535">
        <time>2026-04-05T08:01:32.000Z</time>
      </trkpt>
      <trkpt lat="49.052513" lon="15.020562">
        <time>2026-04-05T08:01:33.000Z</time>
      </trkpt>
      <trkpt lat="49.052528" lon="15.02059">
        <time>2026-04-05T08:01:34.000Z</time>
      </trkpt>
      <trkpt lat="49.05255" lon="15.020613">
        <time>2026-04-05T08:01:35.000Z</time>
      </trkpt>
      <trkpt lat="49.052575" lon="15.020625">
        <time>2026-04-05T08:01:36.000Z</time>
      </trkpt>
      <trkpt lat="49.052598" lon="15.02064">
        <time>2026-04-05T08:01:37.000Z</time>
      </trkpt>
      <trkpt lat="49.05262" lon="15.020663">
        <time>2026-04-05T08:01:38.000Z</time>
      </trkpt>
      <trkpt lat="49.052642" lon="15.02069">
        <time>2026-04-05T08:01:39.000Z</time>
      </trkpt>
      <trkpt lat="49.052667" lon="15.02071">
        <time>2026-04-05T08:01:40.000Z</time>
      </trkpt>
      <trkpt lat="49.05269" lon="15.020733">
        <time>2026-04-05T08:01:41.000Z</time>
      </trkpt>
      <trkpt lat="49.052713" lon="15.020752">
        <time>2026-04-05T08:01:42.000Z</time>
      </trkpt>
      <trkpt lat="49.052738" lon="15.020765">
        <time>2026-04-05T08:01:43.000Z</time>
      </trkpt>
      <trkpt lat="49.052758" lon="15.020788">
        <time>2026-04-05T08:01:44.000Z</time>
      </trkpt>
      <trkpt lat="49.05278" lon="15.020808">
        <time>2026-04-05T08:01:45.000Z</time>
      </trkpt>
      <trkpt lat="49.052798" lon="15.020823">
        <time>2026-04-05T08:01:46.000Z</time>
      </trkpt>
      <trkpt lat="49.052817" lon="15.020843">
        <time>2026-04-05T08:01:47.000Z</time>
      </trkpt>
      <trkpt lat="49.052835" lon="15.020863">
        <time>2026-04-05T08:01:48.000Z</time>
      </trkpt>
      <trkpt lat="49.052853" lon="15.02088">
        <time>2026-04-05T08:01:49.000Z</time>
      </trkpt>
      <trkpt lat="49.052873" lon="15.020905">
        <time>2026-04-05T08:01:50.000Z</time>
      </trkpt>
      <trkpt lat="49.052888" lon="15.02093">
        <time>2026-04-05T08:01:51.000Z</time>
      </trkpt>
      <trkpt lat="49.0529" lon="15.020962">
        <time>2026-04-05T08:01:52.000Z</time>
      </trkpt>
      <trkpt lat="49.052913" lon="15.020982">
        <time>2026-04-05T08:01:53.000Z</time>
      </trkpt>
      <trkpt lat="49.052928" lon="15.021">
        <time>2026-04-05T08:01:54.000Z</time>
      </trkpt>
      <trkpt lat="49.052942" lon="15.02102">
        <time>2026-04-05T08:01:55.000Z</time>
      </trkpt>
      <trkpt lat="49.05296" lon="15.021028">
        <time>2026-04-05T08:01:56.000Z</time>
      </trkpt>
      <trkpt lat="49.052975" lon="15.021047">
        <time>2026-04-05T08:01:57.000Z</time>
      </trkpt>
      <trkpt lat="49.052987" lon="15.02107">
        <time>2026-04-05T08:01:58.000Z</time>
      </trkpt>
      <trkpt lat="49.05301" lon="15.0211">
        <time>2026-04-05T08:02:00.000Z</time>
      </trkpt>
      <trkpt lat="49.053033" lon="15.02112">
        <time>2026-04-05T08:02:02.000Z</time>
      </trkpt>
      <trkpt lat="49.053052" lon="15.021153">
        <time>2026-04-05T08:02:04.000Z</time>
      </trkpt>
      <trkpt lat="49.053067" lon="15.021173">
        <time>2026-04-05T08:02:05.000Z</time>
      </trkpt>
      <trkpt lat="49.053085" lon="15.021197">
        <time>2026-04-05T08:02:06.000Z</time>
      </trkpt>
      <trkpt lat="49.053103" lon="15.02121">
        <time>2026-04-05T08:02:07.000Z</time>
      </trkpt>
      <trkpt lat="49.053132" lon="15.02123">
        <time>2026-04-05T08:02:09.000Z</time>
      </trkpt>
      <trkpt lat="49.053148" lon="15.021257">
        <time>2026-04-05T08:02:10.000Z</time>
      </trkpt>
      <trkpt lat="49.053163" lon="15.021273">
        <time>2026-04-05T08:02:11.000Z</time>
      </trkpt>
      <trkpt lat="49.053178" lon="15.02129">
        <time>2026-04-05T08:02:12.000Z</time>
      </trkpt>
      <trkpt lat="49.053208" lon="15.021315">
        <time>2026-04-05T08:02:14.000Z</time>
      </trkpt>
      <trkpt lat="49.05323" lon="15.021358">
        <time>2026-04-05T08:02:16.000Z</time>
      </trkpt>
      <trkpt lat="49.05325" lon="15.021393">
        <time>2026-04-05T08:02:18.000Z</time>
      </trkpt>
      <trkpt lat="49.053273" lon="15.021423">
        <time>2026-04-05T08:02:20.000Z</time>
      </trkpt>
      <trkpt lat="49.053298" lon="15.021455">
        <time>2026-04-05T08:02:22.000Z</time>
      </trkpt>
      <trkpt lat="49.053323" lon="15.021475">
        <time>2026-04-05T08:02:24.000Z</time>
      </trkpt>
      <trkpt lat="49.053355" lon="15.021495">
        <time>2026-04-05T08:02:26.000Z</time>
      </trkpt>
      <trkpt lat="49.053377" lon="15.021498">
        <time>2026-04-05T08:02:27.000Z</time>
      </trkpt>
      <trkpt lat="49.0534" lon="15.021513">
        <time>2026-04-05T08:02:28.000Z</time>
      </trkpt>
      <trkpt lat="49.053418" lon="15.021528">
        <time>2026-04-05T08:02:29.000Z</time>
      </trkpt>
      <trkpt lat="49.053433" lon="15.021552">
        <time>2026-04-05T08:02:30.000Z</time>
      </trkpt>
      <trkpt lat="49.053462" lon="15.021582">
        <time>2026-04-05T08:02:32.000Z</time>
      </trkpt>
      <trkpt lat="49.053488" lon="15.021602">
        <time>2026-04-05T08:02:34.000Z</time>
      </trkpt>
      <trkpt lat="49.053508" lon="15.021633">
        <time>2026-04-05T08:02:36.000Z</time>
      </trkpt>
      <trkpt lat="49.053533" lon="15.021652">
        <time>2026-04-05T08:02:38.000Z</time>
      </trkpt>
      <trkpt lat="49.053552" lon="15.021667">
        <time>2026-04-05T08:02:39.000Z</time>
      </trkpt>
      <trkpt lat="49.053568" lon="15.02168">
        <time>2026-04-05T08:02:40.000Z</time>
      </trkpt>
      <trkpt lat="49.053585" lon="15.021693">
        <time>2026-04-05T08:02:41.000Z</time>
      </trkpt>
      <trkpt lat="49.05361" lon="15.021713">
        <time>2026-04-05T08:02:43.000Z</time>
      </trkpt>
      <trkpt lat="49.053627" lon="15.021733">
        <time>2026-04-05T08:02:44.000Z</time>
      </trkpt>
      <trkpt lat="49.053642" lon="15.02175">
        <time>2026-04-05T08:02:45.000Z</time>
      </trkpt>
      <trkpt lat="49.053662" lon="15.021763">
        <time>2026-04-05T08:02:46.000Z</time>
      </trkpt>
      <trkpt lat="49.05368" lon="15.021775">
        <time>2026-04-05T08:02:47.000Z</time>
      </trkpt>
      <trkpt lat="49.053698" lon="15.021788">
        <time>2026-04-05T08:02:48.000Z</time>
      </trkpt>
      <trkpt lat="49.053723" lon="15.021803">
        <time>2026-04-05T08:02:49.000Z</time>
      </trkpt>
      <trkpt lat="49.053737" lon="15.021823">
        <time>2026-04-05T08:02:50.000Z</time>
      </trkpt>
      <trkpt lat="49.053745" lon="15.021848">
        <time>2026-04-05T08:02:51.000Z</time>
      </trkpt>
      <trkpt lat="49.053757" lon="15.02187">
        <time>2026-04-05T08:02:52.000Z</time>
      </trkpt>
      <trkpt lat="49.053768" lon="15.021908">
        <time>2026-04-05T08:02:54.000Z</time>
      </trkpt>
      <trkpt lat="49.053783" lon="15.021933">
        <time>2026-04-05T08:02:55.000Z</time>
      </trkpt>
      <trkpt lat="49.053793" lon="15.021958">
        <time>2026-04-05T08:02:56.000Z</time>
      </trkpt>
      <trkpt lat="49.053802" lon="15.022025">
        <time>2026-04-05T08:02:58.000Z</time>
      </trkpt>
      <trkpt lat="49.053805" lon="15.022068">
        <time>2026-04-05T08:02:59.000Z</time>
      </trkpt>
      <trkpt lat="49.053812" lon="15.022112">
        <time>2026-04-05T08:03:00.000Z</time>
      </trkpt>
      <trkpt lat="49.053822" lon="15.022157">
        <time>2026-04-05T08:03:01.000Z</time>
      </trkpt>
      <trkpt lat="49.053835" lon="15.022198">
        <time>2026-04-05T08:03:02.000Z</time>
      </trkpt>
      <trkpt lat="49.053847" lon="15.022235">
        <time>2026-04-05T08:03:03.000Z</time>
      </trkpt>
      <trkpt lat="49.053855" lon="15.022272">
        <time>2026-04-05T08:03:04.000Z</time>
      </trkpt>
      <trkpt lat="49.053867" lon="15.022308">
        <time>2026-04-05T08:03:05.000Z</time>
      </trkpt>
      <trkpt lat="49.053875" lon="15.022345">
        <time>2026-04-05T08:03:06.000Z</time>
      </trkpt>
      <trkpt lat="49.053883" lon="15.022375">
        <time>2026-04-05T08:03:07.000Z</time>
      </trkpt>
      <trkpt lat="49.053888" lon="15.022403">
        <time>2026-04-05T08:03:08.000Z</time>
      </trkpt>
      <trkpt lat="49.0539" lon="15.022438">
        <time>2026-04-05T08:03:09.000Z</time>
      </trkpt>
      <trkpt lat="49.053905" lon="15.022473">
        <time>2026-04-05T08:03:10.000Z</time>
      </trkpt>
      <trkpt lat="49.053907" lon="15.022512">
        <time>2026-04-05T08:03:11.000Z</time>
      </trkpt>
      <trkpt lat="49.053907" lon="15.022548">
        <time>2026-04-05T08:03:12.000Z</time>
      </trkpt>
      <trkpt lat="49.053905" lon="15.022582">
        <time>2026-04-05T08:03:13.000Z</time>
      </trkpt>
      <trkpt lat="49.053903" lon="15.022615">
        <time>2026-04-05T08:03:14.000Z</time>
      </trkpt>
      <trkpt lat="49.053903" lon="15.02265">
        <time>2026-04-05T08:03:15.000Z</time>
      </trkpt>
      <trkpt lat="49.053902" lon="15.022687">
        <time>2026-04-05T08:03:16.000Z</time>
      </trkpt>
      <trkpt lat="49.053902" lon="15.022717">
        <time>2026-04-05T08:03:17.000Z</time>
      </trkpt>
      <trkpt lat="49.053903" lon="15.022747">
        <time>2026-04-05T08:03:18.000Z</time>
      </trkpt>
      <trkpt lat="49.053905" lon="15.022782">
        <time>2026-04-05T08:03:19.000Z</time>
      </trkpt>
      <trkpt lat="49.053905" lon="15.022818">
        <time>2026-04-05T08:03:20.000Z</time>
      </trkpt>
      <trkpt lat="49.053903" lon="15.02285">
        <time>2026-04-05T08:03:21.000Z</time>
      </trkpt>
      <trkpt lat="49.053898" lon="15.022878">
        <time>2026-04-05T08:03:22.000Z</time>
      </trkpt>
      <trkpt lat="49.053892" lon="15.022917">
        <time>2026-04-05T08:03:23.000Z</time>
      </trkpt>
      <trkpt lat="49.053888" lon="15.022958">
        <time>2026-04-05T08:03:24.000Z</time>
      </trkpt>
      <trkpt lat="49.053892" lon="15.022998">
        <time>2026-04-05T08:03:25.000Z</time>
      </trkpt>
      <trkpt lat="49.053897" lon="15.023028">
        <time>2026-04-05T08:03:26.000Z</time>
      </trkpt>
      <trkpt lat="49.0539" lon="15.023073">
        <time>2026-04-05T08:03:28.000Z</time>
      </trkpt>
      <trkpt lat="49.0539" lon="15.023105">
        <time>2026-04-05T08:03:30.000Z</time>
      </trkpt>
      <trkpt lat="49.053892" lon="15.023153">
        <time>2026-04-05T08:03:32.000Z</time>
      </trkpt>
      <trkpt lat="49.053887" lon="15.02319">
        <time>2026-04-05T08:03:33.000Z</time>
      </trkpt>
      <trkpt lat="49.05388" lon="15.023217">
        <time>2026-04-05T08:03:34.000Z</time>
      </trkpt>
      <trkpt lat="49.053865" lon="15.023243">
        <time>2026-04-05T08:03:36.000Z</time>
      </trkpt>
      <trkpt lat="49.053875" lon="15.023205">
        <time>2026-04-05T08:03:41.000Z</time>
      </trkpt>
      <trkpt lat="49.053908" lon="15.023195">
        <time>2026-04-05T08:03:43.000Z</time>
      </trkpt>
      <trkpt lat="49.05393" lon="15.023195">
        <time>2026-04-05T08:03:44.000Z</time>
      </trkpt>
      <trkpt lat="49.053953" lon="15.023188">
        <time>2026-04-05T08:03:45.000Z</time>
      </trkpt>
      <trkpt lat="49.053972" lon="15.023175">
        <time>2026-04-05T08:03:46.000Z</time>
      </trkpt>
      <trkpt lat="49.054003" lon="15.023167">
        <time>2026-04-05T08:03:48.000Z</time>
      </trkpt>
      <trkpt lat="49.054028" lon="15.023167">
        <time>2026-04-05T08:03:49.000Z</time>
      </trkpt>
      <trkpt lat="49.054058" lon="15.023173">
        <time>2026-04-05T08:03:50.000Z</time>
      </trkpt>
      <trkpt lat="49.05408" lon="15.023188">
        <time>2026-04-05T08:03:51.000Z</time>
      </trkpt>
      <trkpt lat="49.054098" lon="15.023215">
        <time>2026-04-05T08:03:52.000Z</time>
      </trkpt>
      <trkpt lat="49.054112" lon="15.023245">
        <time>2026-04-05T08:03:53.000Z</time>
      </trkpt>
      <trkpt lat="49.05413" lon="15.02328">
        <time>2026-04-05T08:03:54.000Z</time>
      </trkpt>
      <trkpt lat="49.054148" lon="15.023303">
        <time>2026-04-05T08:03:55.000Z</time>
      </trkpt>
      <trkpt lat="49.054168" lon="15.02332">
        <time>2026-04-05T08:03:56.000Z</time>
      </trkpt>
      <trkpt lat="49.054193" lon="15.02334">
        <time>2026-04-05T08:03:57.000Z</time>
      </trkpt>
      <trkpt lat="49.054213" lon="15.023368">
        <time>2026-04-05T08:03:58.000Z</time>
      </trkpt>
      <trkpt lat="49.054235" lon="15.023388">
        <time>2026-04-05T08:03:59.000Z</time>
      </trkpt>
      <trkpt lat="49.054255" lon="15.023413">
        <time>2026-04-05T08:04:00.000Z</time>
      </trkpt>
      <trkpt lat="49.054278" lon="15.02344">
        <time>2026-04-05T08:04:01.000Z</time>
      </trkpt>
      <trkpt lat="49.054302" lon="15.023455">
        <time>2026-04-05T08:04:02.000Z</time>
      </trkpt>
      <trkpt lat="49.054323" lon="15.023478">
        <time>2026-04-05T08:04:03.000Z</time>
      </trkpt>
      <trkpt lat="49.05434" lon="15.023515">
        <time>2026-04-05T08:04:04.000Z</time>
      </trkpt>
      <trkpt lat="49.054358" lon="15.023548">
        <time>2026-04-05T08:04:05.000Z</time>
      </trkpt>
      <trkpt lat="49.054375" lon="15.023568">
        <time>2026-04-05T08:04:06.000Z</time>
      </trkpt>
      <trkpt lat="49.054395" lon="15.023585">
        <time>2026-04-05T08:04:07.000Z</time>
      </trkpt>
      <trkpt lat="49.054412" lon="15.023597">
        <time>2026-04-05T08:04:08.000Z</time>
      </trkpt>
      <trkpt lat="49.054433" lon="15.023613">
        <time>2026-04-05T08:04:10.000Z</time>
      </trkpt>
      <trkpt lat="49.054462" lon="15.023625">
        <time>2026-04-05T08:04:13.000Z</time>
      </trkpt>
      <trkpt lat="49.05449" lon="15.023637">
        <time>2026-04-05T08:04:14.000Z</time>
      </trkpt>
      <trkpt lat="49.054527" lon="15.023653">
        <time>2026-04-05T08:04:15.000Z</time>
      </trkpt>
      <trkpt lat="49.054558" lon="15.02366">
        <time>2026-04-05T08:04:16.000Z</time>
      </trkpt>
      <trkpt lat="49.054592" lon="15.023667">
        <time>2026-04-05T08:04:17.000Z</time>
      </trkpt>
      <trkpt lat="49.054622" lon="15.023673">
        <time>2026-04-05T08:04:18.000Z</time>
      </trkpt>
      <trkpt lat="49.05465" lon="15.023675">
        <time>2026-04-05T08:04:19.000Z</time>
      </trkpt>
      <trkpt lat="49.054678" lon="15.023675">
        <time>2026-04-05T08:04:20.000Z</time>
      </trkpt>
      <trkpt lat="49.054708" lon="15.02368">
        <time>2026-04-05T08:04:21.000Z</time>
      </trkpt>
      <trkpt lat="49.054735" lon="15.023687">
        <time>2026-04-05T08:04:22.000Z</time>
      </trkpt>
      <trkpt lat="49.054763" lon="15.023693">
        <time>2026-04-05T08:04:23.000Z</time>
      </trkpt>
      <trkpt lat="49.05479" lon="15.023702">
        <time>2026-04-05T08:04:24.000Z</time>
      </trkpt>
      <trkpt lat="49.05482" lon="15.023708">
        <time>2026-04-05T08:04:25.000Z</time>
      </trkpt>
      <trkpt lat="49.05485" lon="15.023718">
        <time>2026-04-05T08:04:26.000Z</time>
      </trkpt>
      <trkpt lat="49.054878" lon="15.023723">
        <time>2026-04-05T08:04:27.000Z</time>
      </trkpt>
      <trkpt lat="49.054905" lon="15.023735">
        <time>2026-04-05T08:04:28.000Z</time>
      </trkpt>
      <trkpt lat="49.054932" lon="15.023747">
        <time>2026-04-05T08:04:29.000Z</time>
      </trkpt>
      <trkpt lat="49.054958" lon="15.023757">
        <time>2026-04-05T08:04:30.000Z</time>
      </trkpt>
      <trkpt lat="49.054987" lon="15.023763">
        <time>2026-04-05T08:04:31.000Z</time>
      </trkpt>
      <trkpt lat="49.05501" lon="15.02377">
        <time>2026-04-05T08:04:32.000Z</time>
      </trkpt>
      <trkpt lat="49.055042" lon="15.023775">
        <time>2026-04-05T08:04:34.000Z</time>
      </trkpt>
      <trkpt lat="49.055062" lon="15.023788">
        <time>2026-04-05T08:04:35.000Z</time>
      </trkpt>
      <trkpt lat="49.055085" lon="15.023803">
        <time>2026-04-05T08:04:36.000Z</time>
      </trkpt>
      <trkpt lat="49.05511" lon="15.023815">
        <time>2026-04-05T08:04:37.000Z</time>
      </trkpt>
      <trkpt lat="49.055132" lon="15.023823">
        <time>2026-04-05T08:04:38.000Z</time>
      </trkpt>
      <trkpt lat="49.055153" lon="15.023827">
        <time>2026-04-05T08:04:39.000Z</time>
      </trkpt>
      <trkpt lat="49.055178" lon="15.023828">
        <time>2026-04-05T08:04:40.000Z</time>
      </trkpt>
      <trkpt lat="49.055202" lon="15.023815">
        <time>2026-04-05T08:04:41.000Z</time>
      </trkpt>
      <trkpt lat="49.05522" lon="15.023792">
        <time>2026-04-05T08:04:42.000Z</time>
      </trkpt>
      <trkpt lat="49.055233" lon="15.023758">
        <time>2026-04-05T08:04:43.000Z</time>
      </trkpt>
      <trkpt lat="49.055238" lon="15.02372">
        <time>2026-04-05T08:04:44.000Z</time>
      </trkpt>
      <trkpt lat="49.055245" lon="15.023677">
        <time>2026-04-05T08:04:45.000Z</time>
      </trkpt>
      <trkpt lat="49.055253" lon="15.023643">
        <time>2026-04-05T08:04:46.000Z</time>
      </trkpt>
      <trkpt lat="49.055265" lon="15.02361">
        <time>2026-04-05T08:04:47.000Z</time>
      </trkpt>
      <trkpt lat="49.055273" lon="15.023573">
        <time>2026-04-05T08:04:48.000Z</time>
      </trkpt>
      <trkpt lat="49.055275" lon="15.023538">
        <time>2026-04-05T08:04:49.000Z</time>
      </trkpt>
      <trkpt lat="49.055278" lon="15.023508">
        <time>2026-04-05T08:04:50.000Z</time>
      </trkpt>
      <trkpt lat="49.055283" lon="15.023473">
        <time>2026-04-05T08:04:51.000Z</time>
      </trkpt>
      <trkpt lat="49.055293" lon="15.023435">
        <time>2026-04-05T08:04:52.000Z</time>
      </trkpt>
      <trkpt lat="49.055305" lon="15.023395">
        <time>2026-04-05T08:04:53.000Z</time>
      </trkpt>
      <trkpt lat="49.055308" lon="15.023355">
        <time>2026-04-05T08:04:54.000Z</time>
      </trkpt>
      <trkpt lat="49.055315" lon="15.023315">
        <time>2026-04-05T08:04:55.000Z</time>
      </trkpt>
      <trkpt lat="49.055323" lon="15.02328">
        <time>2026-04-05T08:04:56.000Z</time>
      </trkpt>
      <trkpt lat="49.055327" lon="15.023245">
        <time>2026-04-05T08:04:57.000Z</time>
      </trkpt>
      <trkpt lat="49.05533" lon="15.023203">
        <time>2026-04-05T08:04:58.000Z</time>
      </trkpt>
      <trkpt lat="49.055335" lon="15.023167">
        <time>2026-04-05T08:04:59.000Z</time>
      </trkpt>
      <trkpt lat="49.055337" lon="15.023138">
        <time>2026-04-05T08:05:00.000Z</time>
      </trkpt>
      <trkpt lat="49.055365" lon="15.023102">
        <time>2026-04-05T08:05:02.000Z</time>
      </trkpt>
      <trkpt lat="49.055385" lon="15.023095">
        <time>2026-04-05T08:05:03.000Z</time>
      </trkpt>
      <trkpt lat="49.055405" lon="15.0231">
        <time>2026-04-05T08:05:04.000Z</time>
      </trkpt>
      <trkpt lat="49.055425" lon="15.023112">
        <time>2026-04-05T08:05:05.000Z</time>
      </trkpt>
      <trkpt lat="49.055448" lon="15.023127">
        <time>2026-04-05T08:05:06.000Z</time>
      </trkpt>
      <trkpt lat="49.055468" lon="15.023135">
        <time>2026-04-05T08:05:07.000Z</time>
      </trkpt>
      <trkpt lat="49.055492" lon="15.023133">
        <time>2026-04-05T08:05:08.000Z</time>
      </trkpt>
      <trkpt lat="49.05551" lon="15.023112">
        <time>2026-04-05T08:05:10.000Z</time>
      </trkpt>
      <trkpt lat="49.055542" lon="15.023083">
        <time>2026-04-05T08:05:12.000Z</time>
      </trkpt>
      <trkpt lat="49.055567" lon="15.02305">
        <time>2026-04-05T08:05:14.000Z</time>
      </trkpt>
      <trkpt lat="49.055598" lon="15.023035">
        <time>2026-04-05T08:05:16.000Z</time>
      </trkpt>
      <trkpt lat="49.055635" lon="15.023038">
        <time>2026-04-05T08:05:18.000Z</time>
      </trkpt>
      <trkpt lat="49.055665" lon="15.023022">
        <time>2026-04-05T08:05:19.000Z</time>
      </trkpt>
      <trkpt lat="49.055687" lon="15.022998">
        <time>2026-04-05T08:05:20.000Z</time>
      </trkpt>
      <trkpt lat="49.055707" lon="15.02297">
        <time>2026-04-05T08:05:21.000Z</time>
      </trkpt>
      <trkpt lat="49.05572" lon="15.02295">
        <time>2026-04-05T08:05:22.000Z</time>
      </trkpt>
      <trkpt lat="49.05573" lon="15.022922">
        <time>2026-04-05T08:05:23.000Z</time>
      </trkpt>
      <trkpt lat="49.05574" lon="15.022877">
        <time>2026-04-05T08:05:25.000Z</time>
      </trkpt>
      <trkpt lat="49.055758" lon="15.022858">
        <time>2026-04-05T08:05:26.000Z</time>
      </trkpt>
      <trkpt lat="49.055772" lon="15.02284">
        <time>2026-04-05T08:05:27.000Z</time>
      </trkpt>
      <trkpt lat="49.0558" lon="15.02283">
        <time>2026-04-05T08:05:30.000Z</time>
      </trkpt>
      <trkpt lat="49.055822" lon="15.022838">
        <time>2026-04-05T08:05:31.000Z</time>
      </trkpt>
      <trkpt lat="49.055848" lon="15.022833">
        <time>2026-04-05T08:05:32.000Z</time>
      </trkpt>
      <trkpt lat="49.055872" lon="15.022825">
        <time>2026-04-05T08:05:33.000Z</time>
      </trkpt>
      <trkpt lat="49.05589" lon="15.022818">
        <time>2026-04-05T08:05:34.000Z</time>
      </trkpt>
      <trkpt lat="49.055908" lon="15.022813">
        <time>2026-04-05T08:05:35.000Z</time>
      </trkpt>
      <trkpt lat="49.055927" lon="15.022805">
        <time>2026-04-05T08:05:36.000Z</time>
      </trkpt>
      <trkpt lat="49.055955" lon="15.022785">
        <time>2026-04-05T08:05:38.000Z</time>
      </trkpt>
      <trkpt lat="49.055963" lon="15.022757">
        <time>2026-04-05T08:05:41.000Z</time>
      </trkpt>
      <trkpt lat="49.055977" lon="15.022727">
        <time>2026-04-05T08:05:45.000Z</time>
      </trkpt>
      <trkpt lat="49.055965" lon="15.022695">
        <time>2026-04-05T08:05:47.000Z</time>
      </trkpt>
      <trkpt lat="49.055953" lon="15.02265">
        <time>2026-04-05T08:05:49.000Z</time>
      </trkpt>
      <trkpt lat="49.05595" lon="15.022598">
        <time>2026-04-05T08:05:51.000Z</time>
      </trkpt>
      <trkpt lat="49.055945" lon="15.02257">
        <time>2026-04-05T08:05:52.000Z</time>
      </trkpt>
      <trkpt lat="49.05594" lon="15.022542">
        <time>2026-04-05T08:05:53.000Z</time>
      </trkpt>
      <trkpt lat="49.055932" lon="15.022517">
        <time>2026-04-05T08:05:54.000Z</time>
      </trkpt>
      <trkpt lat="49.055933" lon="15.022478">
        <time>2026-04-05T08:05:56.000Z</time>
      </trkpt>
      <trkpt lat="49.055938" lon="15.022437">
        <time>2026-04-05T08:05:58.000Z</time>
      </trkpt>
      <trkpt lat="49.055933" lon="15.022403">
        <time>2026-04-05T08:05:59.000Z</time>
      </trkpt>
      <trkpt lat="49.055938" lon="15.022377">
        <time>2026-04-05T08:06:00.000Z</time>
      </trkpt>
      <trkpt lat="49.055943" lon="15.022345">
        <time>2026-04-05T08:06:01.000Z</time>
      </trkpt>
      <trkpt lat="49.055948" lon="15.022315">
        <time>2026-04-05T08:06:02.000Z</time>
      </trkpt>
      <trkpt lat="49.055947" lon="15.022285">
        <time>2026-04-05T08:06:03.000Z</time>
      </trkpt>
      <trkpt lat="49.055942" lon="15.022252">
        <time>2026-04-05T08:06:04.000Z</time>
      </trkpt>
      <trkpt lat="49.05594" lon="15.022222">
        <time>2026-04-05T08:06:05.000Z</time>
      </trkpt>
      <trkpt lat="49.05594" lon="15.022188">
        <time>2026-04-05T08:06:06.000Z</time>
      </trkpt>
      <trkpt lat="49.055935" lon="15.022147">
        <time>2026-04-05T08:06:07.000Z</time>
      </trkpt>
      <trkpt lat="49.055938" lon="15.02211">
        <time>2026-04-05T08:06:08.000Z</time>
      </trkpt>
      <trkpt lat="49.055942" lon="15.022073">
        <time>2026-04-05T08:06:09.000Z</time>
      </trkpt>
      <trkpt lat="49.05594" lon="15.022033">
        <time>2026-04-05T08:06:10.000Z</time>
      </trkpt>
      <trkpt lat="49.055945" lon="15.021992">
        <time>2026-04-05T08:06:11.000Z</time>
      </trkpt>
      <trkpt lat="49.055943" lon="15.02195">
        <time>2026-04-05T08:06:12.000Z</time>
      </trkpt>
      <trkpt lat="49.055945" lon="15.021887">
        <time>2026-04-05T08:06:14.000Z</time>
      </trkpt>
      <trkpt lat="49.055953" lon="15.021852">
        <time>2026-04-05T08:06:15.000Z</time>
      </trkpt>
      <trkpt lat="49.055958" lon="15.021818">
        <time>2026-04-05T08:06:16.000Z</time>
      </trkpt>
      <trkpt lat="49.055962" lon="15.021783">
        <time>2026-04-05T08:06:17.000Z</time>
      </trkpt>
      <trkpt lat="49.055968" lon="15.021748">
        <time>2026-04-05T08:06:18.000Z</time>
      </trkpt>
      <trkpt lat="49.055973" lon="15.021718">
        <time>2026-04-05T08:06:19.000Z</time>
      </trkpt>
      <trkpt lat="49.055972" lon="15.021685">
        <time>2026-04-05T08:06:20.000Z</time>
      </trkpt>
      <trkpt lat="49.055975" lon="15.021653">
        <time>2026-04-05T08:06:21.000Z</time>
      </trkpt>
      <trkpt lat="49.055987" lon="15.021622">
        <time>2026-04-05T08:06:22.000Z</time>
      </trkpt>
      <trkpt lat="49.055987" lon="15.02159">
        <time>2026-04-05T08:06:23.000Z</time>
      </trkpt>
      <trkpt lat="49.055993" lon="15.021557">
        <time>2026-04-05T08:06:24.000Z</time>
      </trkpt>
      <trkpt lat="49.055995" lon="15.021508">
        <time>2026-04-05T08:06:25.000Z</time>
      </trkpt>
      <trkpt lat="49.055997" lon="15.021462">
        <time>2026-04-05T08:06:26.000Z</time>
      </trkpt>
      <trkpt lat="49.055992" lon="15.021413">
        <time>2026-04-05T08:06:27.000Z</time>
      </trkpt>
      <trkpt lat="49.055987" lon="15.021378">
        <time>2026-04-05T08:06:28.000Z</time>
      </trkpt>
      <trkpt lat="49.055985" lon="15.021348">
        <time>2026-04-05T08:06:29.000Z</time>
      </trkpt>
      <trkpt lat="49.05599" lon="15.02132">
        <time>2026-04-05T08:06:30.000Z</time>
      </trkpt>
      <trkpt lat="49.055997" lon="15.02129">
        <time>2026-04-05T08:06:31.000Z</time>
      </trkpt>
      <trkpt lat="49.056002" lon="15.02126">
        <time>2026-04-05T08:06:32.000Z</time>
      </trkpt>
      <trkpt lat="49.056003" lon="15.021223">
        <time>2026-04-05T08:06:33.000Z</time>
      </trkpt>
      <trkpt lat="49.056" lon="15.021187">
        <time>2026-04-05T08:06:34.000Z</time>
      </trkpt>
      <trkpt lat="49.055995" lon="15.021145">
        <time>2026-04-05T08:06:35.000Z</time>
      </trkpt>
      <trkpt lat="49.055995" lon="15.02111">
        <time>2026-04-05T08:06:36.000Z</time>
      </trkpt>
      <trkpt lat="49.055992" lon="15.021078">
        <time>2026-04-05T08:06:37.000Z</time>
      </trkpt>
      <trkpt lat="49.055987" lon="15.021048">
        <time>2026-04-05T08:06:38.000Z</time>
      </trkpt>
      <trkpt lat="49.055978" lon="15.021018">
        <time>2026-04-05T08:06:39.000Z</time>
      </trkpt>
      <trkpt lat="49.055967" lon="15.020993">
        <time>2026-04-05T08:06:40.000Z</time>
      </trkpt>
      <trkpt lat="49.055957" lon="15.020953">
        <time>2026-04-05T08:06:42.000Z</time>
      </trkpt>
      <trkpt lat="49.055953" lon="15.020925">
        <time>2026-04-05T08:06:43.000Z</time>
      </trkpt>
      <trkpt lat="49.05595" lon="15.020893">
        <time>2026-04-05T08:06:44.000Z</time>
      </trkpt>
      <trkpt lat="49.055943" lon="15.020857">
        <time>2026-04-05T08:06:45.000Z</time>
      </trkpt>
      <trkpt lat="49.055942" lon="15.0208">
        <time>2026-04-05T08:06:47.000Z</time>
      </trkpt>
      <trkpt lat="49.05594" lon="15.020772">
        <time>2026-04-05T08:06:48.000Z</time>
      </trkpt>
      <trkpt lat="49.055942" lon="15.020733">
        <time>2026-04-05T08:06:50.000Z</time>
      </trkpt>
      <trkpt lat="49.055937" lon="15.020698">
        <time>2026-04-05T08:06:55.000Z</time>
      </trkpt>
      <trkpt lat="49.055923" lon="15.020675">
        <time>2026-04-05T08:06:57.000Z</time>
      </trkpt>
      <trkpt lat="49.055912" lon="15.02062">
        <time>2026-04-05T08:06:59.000Z</time>
      </trkpt>
      <trkpt lat="49.055902" lon="15.020588">
        <time>2026-04-05T08:07:00.000Z</time>
      </trkpt>
      <trkpt lat="49.05589" lon="15.020552">
        <time>2026-04-05T08:07:01.000Z</time>
      </trkpt>
      <trkpt lat="49.055878" lon="15.02053">
        <time>2026-04-05T08:07:02.000Z</time>
      </trkpt>
      <trkpt lat="49.055867" lon="15.0205">
        <time>2026-04-05T08:07:03.000Z</time>
      </trkpt>
      <trkpt lat="49.055858" lon="15.02047">
        <time>2026-04-05T08:07:04.000Z</time>
      </trkpt>
      <trkpt lat="49.055848" lon="15.020447">
        <time>2026-04-05T08:07:05.000Z</time>
      </trkpt>
      <trkpt lat="49.055835" lon="15.020423">
        <time>2026-04-05T08:07:06.000Z</time>
      </trkpt>
      <trkpt lat="49.055818" lon="15.020395">
        <time>2026-04-05T08:07:08.000Z</time>
      </trkpt>
      <trkpt lat="49.055807" lon="15.020373">
        <time>2026-04-05T08:07:09.000Z</time>
      </trkpt>
      <trkpt lat="49.055792" lon="15.020343">
        <time>2026-04-05T08:07:11.000Z</time>
      </trkpt>
      <trkpt lat="49.055788" lon="15.020315">
        <time>2026-04-05T08:07:13.000Z</time>
      </trkpt>
      <trkpt lat="49.055792" lon="15.020272">
        <time>2026-04-05T08:07:19.000Z</time>
      </trkpt>
      <trkpt lat="49.055808" lon="15.020238">
        <time>2026-04-05T08:07:21.000Z</time>
      </trkpt>
      <trkpt lat="49.05582" lon="15.020217">
        <time>2026-04-05T08:07:22.000Z</time>
      </trkpt>
      <trkpt lat="49.055842" lon="15.020187">
        <time>2026-04-05T08:07:24.000Z</time>
      </trkpt>
      <trkpt lat="49.055865" lon="15.020177">
        <time>2026-04-05T08:07:26.000Z</time>
      </trkpt>
      <trkpt lat="49.055898" lon="15.020165">
        <time>2026-04-05T08:07:28.000Z</time>
      </trkpt>
      <trkpt lat="49.055922" lon="15.02015">
        <time>2026-04-05T08:07:30.000Z</time>
      </trkpt>
      <trkpt lat="49.05596" lon="15.02014">
        <time>2026-04-05T08:07:32.000Z</time>
      </trkpt>
      <trkpt lat="49.05598" lon="15.020142">
        <time>2026-04-05T08:07:33.000Z</time>
      </trkpt>
      <trkpt lat="49.056" lon="15.020133">
        <time>2026-04-05T08:07:34.000Z</time>
      </trkpt>
      <trkpt lat="49.056022" lon="15.020103">
        <time>2026-04-05T08:07:36.000Z</time>
      </trkpt>
      <trkpt lat="49.056048" lon="15.020078">
        <time>2026-04-05T08:07:38.000Z</time>
      </trkpt>
      <trkpt lat="49.056062" lon="15.020058">
        <time>2026-04-05T08:07:39.000Z</time>
      </trkpt>
      <trkpt lat="49.056075" lon="15.02003">
        <time>2026-04-05T08:07:40.000Z</time>
      </trkpt>
      <trkpt lat="49.056087" lon="15.019998">
        <time>2026-04-05T08:07:41.000Z</time>
      </trkpt>
      <trkpt lat="49.056102" lon="15.019975">
        <time>2026-04-05T08:07:42.000Z</time>
      </trkpt>
      <trkpt lat="49.056115" lon="15.019948">
        <time>2026-04-05T08:07:43.000Z</time>
      </trkpt>
      <trkpt lat="49.056127" lon="15.019923">
        <time>2026-04-05T08:07:44.000Z</time>
      </trkpt>
      <trkpt lat="49.056147" lon="15.019907">
        <time>2026-04-05T08:07:45.000Z</time>
      </trkpt>
      <trkpt lat="49.056162" lon="15.019887">
        <time>2026-04-05T08:07:46.000Z</time>
      </trkpt>
      <trkpt lat="49.05617" lon="15.01986">
        <time>2026-04-05T08:07:47.000Z</time>
      </trkpt>
      <trkpt lat="49.056182" lon="15.019837">
        <time>2026-04-05T08:07:48.000Z</time>
      </trkpt>
      <trkpt lat="49.056195" lon="15.01981">
        <time>2026-04-05T08:07:49.000Z</time>
      </trkpt>
      <trkpt lat="49.056222" lon="15.019768">
        <time>2026-04-05T08:07:51.000Z</time>
      </trkpt>
      <trkpt lat="49.056232" lon="15.01974">
        <time>2026-04-05T08:07:52.000Z</time>
      </trkpt>
      <trkpt lat="49.056248" lon="15.019722">
        <time>2026-04-05T08:07:53.000Z</time>
      </trkpt>
      <trkpt lat="49.056268" lon="15.019697">
        <time>2026-04-05T08:07:55.000Z</time>
      </trkpt>
      <trkpt lat="49.056267" lon="15.019743">
        <time>2026-04-05T08:08:02.000Z</time>
      </trkpt>
      <trkpt lat="49.056262" lon="15.019805">
        <time>2026-04-05T08:08:04.000Z</time>
      </trkpt>
      <trkpt lat="49.05626" lon="15.019835">
        <time>2026-04-05T08:08:05.000Z</time>
      </trkpt>
      <trkpt lat="49.056258" lon="15.019863">
        <time>2026-04-05T08:08:06.000Z</time>
      </trkpt>
      <trkpt lat="49.056273" lon="15.019908">
        <time>2026-04-05T08:08:08.000Z</time>
      </trkpt>
      <trkpt lat="49.056287" lon="15.019937">
        <time>2026-04-05T08:08:09.000Z</time>
      </trkpt>
      <trkpt lat="49.056295" lon="15.019962">
        <time>2026-04-05T08:08:10.000Z</time>
      </trkpt>
      <trkpt lat="49.056307" lon="15.019992">
        <time>2026-04-05T08:08:12.000Z</time>
      </trkpt>
      <trkpt lat="49.056317" lon="15.020017">
        <time>2026-04-05T08:08:14.000Z</time>
      </trkpt>
      <trkpt lat="49.05632" lon="15.020048">
        <time>2026-04-05T08:08:16.000Z</time>
      </trkpt>
      <trkpt lat="49.056308" lon="15.020077">
        <time>2026-04-05T08:08:19.000Z</time>
      </trkpt>
      <trkpt lat="49.0563" lon="15.02011">
        <time>2026-04-05T08:08:28.000Z</time>
      </trkpt>
      <trkpt lat="49.056292" lon="15.02014">
        <time>2026-04-05T08:08:30.000Z</time>
      </trkpt>
      <trkpt lat="49.056292" lon="15.020173">
        <time>2026-04-05T08:08:33.000Z</time>
      </trkpt>
      <trkpt lat="49.056277" lon="15.020192">
        <time>2026-04-05T08:08:43.000Z</time>
      </trkpt>
      <trkpt lat="49.056273" lon="15.020157">
        <time>2026-04-05T08:08:47.000Z</time>
      </trkpt>
      <trkpt lat="49.056273" lon="15.020125">
        <time>2026-04-05T08:08:51.000Z</time>
      </trkpt>
      <trkpt lat="49.056258" lon="15.020088">
        <time>2026-04-05T08:08:53.000Z</time>
      </trkpt>
      <trkpt lat="49.056248" lon="15.020035">
        <time>2026-04-05T08:08:55.000Z</time>
      </trkpt>
      <trkpt lat="49.05625" lon="15.019973">
        <time>2026-04-05T08:08:57.000Z</time>
      </trkpt>
      <trkpt lat="49.056253" lon="15.01994">
        <time>2026-04-05T08:08:58.000Z</time>
      </trkpt>
      <trkpt lat="49.056253" lon="15.019908">
        <time>2026-04-05T08:08:59.000Z</time>
      </trkpt>
      <trkpt lat="49.056243" lon="15.019878">
        <time>2026-04-05T08:09:00.000Z</time>
      </trkpt>
      <trkpt lat="49.056232" lon="15.019855">
        <time>2026-04-05T08:09:01.000Z</time>
      </trkpt>
      <trkpt lat="49.056217" lon="15.019837">
        <time>2026-04-05T08:09:02.000Z</time>
      </trkpt>
      <trkpt lat="49.056198" lon="15.019825">
        <time>2026-04-05T08:09:03.000Z</time>
      </trkpt>
      <trkpt lat="49.056177" lon="15.019802">
        <time>2026-04-05T08:09:04.000Z</time>
      </trkpt>
      <trkpt lat="49.056165" lon="15.01977">
        <time>2026-04-05T08:09:05.000Z</time>
      </trkpt>
      <trkpt lat="49.056155" lon="15.019742">
        <time>2026-04-05T08:09:06.000Z</time>
      </trkpt>
      <trkpt lat="49.056152" lon="15.019705">
        <time>2026-04-05T08:09:07.000Z</time>
      </trkpt>
      <trkpt lat="49.056147" lon="15.01967">
        <time>2026-04-05T08:09:08.000Z</time>
      </trkpt>
      <trkpt lat="49.056145" lon="15.019615">
        <time>2026-04-05T08:09:10.000Z</time>
      </trkpt>
      <trkpt lat="49.056143" lon="15.019585">
        <time>2026-04-05T08:09:11.000Z</time>
      </trkpt>
      <trkpt lat="49.056138" lon="15.019558">
        <time>2026-04-05T08:09:12.000Z</time>
      </trkpt>
      <trkpt lat="49.056132" lon="15.019517">
        <time>2026-04-05T08:09:14.000Z</time>
      </trkpt>
      <trkpt lat="49.056133" lon="15.019483">
        <time>2026-04-05T08:09:16.000Z</time>
      </trkpt>
      <trkpt lat="49.05615" lon="15.019447">
        <time>2026-04-05T08:09:18.000Z</time>
      </trkpt>
      <trkpt lat="49.056165" lon="15.01943">
        <time>2026-04-05T08:09:19.000Z</time>
      </trkpt>
      <trkpt lat="49.05618" lon="15.019405">
        <time>2026-04-05T08:09:20.000Z</time>
      </trkpt>
      <trkpt lat="49.056208" lon="15.01936">
        <time>2026-04-05T08:09:22.000Z</time>
      </trkpt>
      <trkpt lat="49.056227" lon="15.019347">
        <time>2026-04-05T08:09:23.000Z</time>
      </trkpt>
      <trkpt lat="49.05625" lon="15.019333">
        <time>2026-04-05T08:09:24.000Z</time>
      </trkpt>
      <trkpt lat="49.056268" lon="15.019315">
        <time>2026-04-05T08:09:25.000Z</time>
      </trkpt>
      <trkpt lat="49.056285" lon="15.019297">
        <time>2026-04-05T08:09:26.000Z</time>
      </trkpt>
      <trkpt lat="49.056312" lon="15.019267">
        <time>2026-04-05T08:09:28.000Z</time>
      </trkpt>
      <trkpt lat="49.056328" lon="15.019255">
        <time>2026-04-05T08:09:29.000Z</time>
      </trkpt>
      <trkpt lat="49.056337" lon="15.01923">
        <time>2026-04-05T08:09:30.000Z</time>
      </trkpt>
      <trkpt lat="49.05635" lon="15.019185">
        <time>2026-04-05T08:09:32.000Z</time>
      </trkpt>
      <trkpt lat="49.05638" lon="15.01918">
        <time>2026-04-05T08:09:34.000Z</time>
      </trkpt>
      <trkpt lat="49.056397" lon="15.019202">
        <time>2026-04-05T08:09:36.000Z</time>
      </trkpt>
      <trkpt lat="49.056418" lon="15.019222">
        <time>2026-04-05T08:09:39.000Z</time>
      </trkpt>
      <trkpt lat="49.05644" lon="15.019237">
        <time>2026-04-05T08:09:43.000Z</time>
      </trkpt>
      <trkpt lat="49.056462" lon="15.019232">
        <time>2026-04-05T08:09:44.000Z</time>
      </trkpt>
      <trkpt lat="49.056482" lon="15.019233">
        <time>2026-04-05T08:09:45.000Z</time>
      </trkpt>
      <trkpt lat="49.05651" lon="15.019255">
        <time>2026-04-05T08:09:47.000Z</time>
      </trkpt>
      <trkpt lat="49.056527" lon="15.019283">
        <time>2026-04-05T08:09:48.000Z</time>
      </trkpt>
      <trkpt lat="49.056547" lon="15.01931">
        <time>2026-04-05T08:09:49.000Z</time>
      </trkpt>
      <trkpt lat="49.056568" lon="15.01932">
        <time>2026-04-05T08:09:50.000Z</time>
      </trkpt>
      <trkpt lat="49.056588" lon="15.01933">
        <time>2026-04-05T08:09:51.000Z</time>
      </trkpt>
      <trkpt lat="49.056607" lon="15.019337">
        <time>2026-04-05T08:09:52.000Z</time>
      </trkpt>
      <trkpt lat="49.05664" lon="15.019352">
        <time>2026-04-05T08:09:54.000Z</time>
      </trkpt>
      <trkpt lat="49.056673" lon="15.019373">
        <time>2026-04-05T08:09:56.000Z</time>
      </trkpt>
      <trkpt lat="49.056693" lon="15.019383">
        <time>2026-04-05T08:09:57.000Z</time>
      </trkpt>
      <trkpt lat="49.056725" lon="15.019393">
        <time>2026-04-05T08:09:58.000Z</time>
      </trkpt>
      <trkpt lat="49.05675" lon="15.019412">
        <time>2026-04-05T08:09:59.000Z</time>
      </trkpt>
      <trkpt lat="49.056778" lon="15.019442">
        <time>2026-04-05T08:10:00.000Z</time>
      </trkpt>
      <trkpt lat="49.056802" lon="15.019465">
        <time>2026-04-05T08:10:01.000Z</time>
      </trkpt>
      <trkpt lat="49.056825" lon="15.019482">
        <time>2026-04-05T08:10:02.000Z</time>
      </trkpt>
      <trkpt lat="49.056848" lon="15.019503">
        <time>2026-04-05T08:10:03.000Z</time>
      </trkpt>
      <trkpt lat="49.056865" lon="15.019523">
        <time>2026-04-05T08:10:04.000Z</time>
      </trkpt>
      <trkpt lat="49.056885" lon="15.019537">
        <time>2026-04-05T08:10:05.000Z</time>
      </trkpt>
      <trkpt lat="49.056905" lon="15.01955">
        <time>2026-04-05T08:10:06.000Z</time>
      </trkpt>
      <trkpt lat="49.056928" lon="15.019565">
        <time>2026-04-05T08:10:07.000Z</time>
      </trkpt>
      <trkpt lat="49.056955" lon="15.019583">
        <time>2026-04-05T08:10:08.000Z</time>
      </trkpt>
      <trkpt lat="49.056977" lon="15.019608">
        <time>2026-04-05T08:10:09.000Z</time>
      </trkpt>
      <trkpt lat="49.056998" lon="15.019628">
        <time>2026-04-05T08:10:10.000Z</time>
      </trkpt>
      <trkpt lat="49.057017" lon="15.019658">
        <time>2026-04-05T08:10:11.000Z</time>
      </trkpt>
      <trkpt lat="49.057032" lon="15.01968">
        <time>2026-04-05T08:10:12.000Z</time>
      </trkpt>
      <trkpt lat="49.057053" lon="15.019698">
        <time>2026-04-05T08:10:13.000Z</time>
      </trkpt>
      <trkpt lat="49.057072" lon="15.019722">
        <time>2026-04-05T08:10:14.000Z</time>
      </trkpt>
      <trkpt lat="49.057088" lon="15.019747">
        <time>2026-04-05T08:10:15.000Z</time>
      </trkpt>
      <trkpt lat="49.057108" lon="15.019765">
        <time>2026-04-05T08:10:16.000Z</time>
      </trkpt>
      <trkpt lat="49.057127" lon="15.01978">
        <time>2026-04-05T08:10:17.000Z</time>
      </trkpt>
      <trkpt lat="49.057145" lon="15.0198">
        <time>2026-04-05T08:10:18.000Z</time>
      </trkpt>
      <trkpt lat="49.057165" lon="15.019817">
        <time>2026-04-05T08:10:19.000Z</time>
      </trkpt>
      <trkpt lat="49.05719" lon="15.019837">
        <time>2026-04-05T08:10:20.000Z</time>
      </trkpt>
      <trkpt lat="49.057212" lon="15.019853">
        <time>2026-04-05T08:10:21.000Z</time>
      </trkpt>
      <trkpt lat="49.05723" lon="15.019872">
        <time>2026-04-05T08:10:22.000Z</time>
      </trkpt>
      <trkpt lat="49.057248" lon="15.019893">
        <time>2026-04-05T08:10:23.000Z</time>
      </trkpt>
      <trkpt lat="49.057268" lon="15.019925">
        <time>2026-04-05T08:10:24.000Z</time>
      </trkpt>
      <trkpt lat="49.057295" lon="15.019968">
        <time>2026-04-05T08:10:25.000Z</time>
      </trkpt>
      <trkpt lat="49.057325" lon="15.020005">
        <time>2026-04-05T08:10:26.000Z</time>
      </trkpt>
      <trkpt lat="49.057355" lon="15.020043">
        <time>2026-04-05T08:10:27.000Z</time>
      </trkpt>
      <trkpt lat="49.057382" lon="15.020082">
        <time>2026-04-05T08:10:28.000Z</time>
      </trkpt>
      <trkpt lat="49.057403" lon="15.020113">
        <time>2026-04-05T08:10:29.000Z</time>
      </trkpt>
      <trkpt lat="49.057425" lon="15.020142">
        <time>2026-04-05T08:10:30.000Z</time>
      </trkpt>
      <trkpt lat="49.057447" lon="15.020172">
        <time>2026-04-05T08:10:31.000Z</time>
      </trkpt>
      <trkpt lat="49.057468" lon="15.020195">
        <time>2026-04-05T08:10:32.000Z</time>
      </trkpt>
      <trkpt lat="49.057495" lon="15.020215">
        <time>2026-04-05T08:10:33.000Z</time>
      </trkpt>
      <trkpt lat="49.057518" lon="15.020238">
        <time>2026-04-05T08:10:34.000Z</time>
      </trkpt>
      <trkpt lat="49.057543" lon="15.02025">
        <time>2026-04-05T08:10:35.000Z</time>
      </trkpt>
      <trkpt lat="49.057567" lon="15.020263">
        <time>2026-04-05T08:10:36.000Z</time>
      </trkpt>
      <trkpt lat="49.057592" lon="15.020278">
        <time>2026-04-05T08:10:37.000Z</time>
      </trkpt>
      <trkpt lat="49.057617" lon="15.020297">
        <time>2026-04-05T08:10:38.000Z</time>
      </trkpt>
      <trkpt lat="49.057645" lon="15.020313">
        <time>2026-04-05T08:10:39.000Z</time>
      </trkpt>
      <trkpt lat="49.05767" lon="15.020332">
        <time>2026-04-05T08:10:40.000Z</time>
      </trkpt>
      <trkpt lat="49.05769" lon="15.020345">
        <time>2026-04-05T08:10:41.000Z</time>
      </trkpt>
      <trkpt lat="49.05771" lon="15.020353">
        <time>2026-04-05T08:10:42.000Z</time>
      </trkpt>
      <trkpt lat="49.057732" lon="15.020355">
        <time>2026-04-05T08:10:43.000Z</time>
      </trkpt>
      <trkpt lat="49.057752" lon="15.020355">
        <time>2026-04-05T08:10:44.000Z</time>
      </trkpt>
      <trkpt lat="49.057772" lon="15.020362">
        <time>2026-04-05T08:10:45.000Z</time>
      </trkpt>
      <trkpt lat="49.057795" lon="15.020375">
        <time>2026-04-05T08:10:46.000Z</time>
      </trkpt>
      <trkpt lat="49.057815" lon="15.020388">
        <time>2026-04-05T08:10:48.000Z</time>
      </trkpt>
      <trkpt lat="49.057823" lon="15.020425">
        <time>2026-04-05T08:10:50.000Z</time>
      </trkpt>
      <trkpt lat="49.057837" lon="15.020448">
        <time>2026-04-05T08:10:51.000Z</time>
      </trkpt>
      <trkpt lat="49.057843" lon="15.020483">
        <time>2026-04-05T08:10:52.000Z</time>
      </trkpt>
      <trkpt lat="49.057855" lon="15.020522">
        <time>2026-04-05T08:10:53.000Z</time>
      </trkpt>
      <trkpt lat="49.057863" lon="15.020553">
        <time>2026-04-05T08:10:54.000Z</time>
      </trkpt>
      <trkpt lat="49.057873" lon="15.020583">
        <time>2026-04-05T08:10:55.000Z</time>
      </trkpt>
      <trkpt lat="49.057885" lon="15.020608">
        <time>2026-04-05T08:10:56.000Z</time>
      </trkpt>
      <trkpt lat="49.0579" lon="15.020625">
        <time>2026-04-05T08:10:57.000Z</time>
      </trkpt>
      <trkpt lat="49.057928" lon="15.020622">
        <time>2026-04-05T08:10:59.000Z</time>
      </trkpt>
      <trkpt lat="49.057942" lon="15.020603">
        <time>2026-04-05T08:11:03.000Z</time>
      </trkpt>
      <trkpt lat="49.057932" lon="15.020652">
        <time>2026-04-05T08:11:07.000Z</time>
      </trkpt>
      <trkpt lat="49.057937" lon="15.020685">
        <time>2026-04-05T08:11:08.000Z</time>
      </trkpt>
      <trkpt lat="49.057945" lon="15.020713">
        <time>2026-04-05T08:11:09.000Z</time>
      </trkpt>
      <trkpt lat="49.057947" lon="15.020753">
        <time>2026-04-05T08:11:11.000Z</time>
      </trkpt>
      <trkpt lat="49.057968" lon="15.020787">
        <time>2026-04-05T08:11:15.000Z</time>
      </trkpt>
      <trkpt lat="49.057985" lon="15.020828">
        <time>2026-04-05T08:11:17.000Z</time>
      </trkpt>
      <trkpt lat="49.05799" lon="15.020857">
        <time>2026-04-05T08:11:18.000Z</time>
      </trkpt>
      <trkpt lat="49.058" lon="15.020893">
        <time>2026-04-05T08:11:19.000Z</time>
      </trkpt>
      <trkpt lat="49.058012" lon="15.020922">
        <time>2026-04-05T08:11:20.000Z</time>
      </trkpt>
      <trkpt lat="49.058027" lon="15.020953">
        <time>2026-04-05T08:11:21.000Z</time>
      </trkpt>
      <trkpt lat="49.058045" lon="15.020983">
        <time>2026-04-05T08:11:22.000Z</time>
      </trkpt>
      <trkpt lat="49.058055" lon="15.021012">
        <time>2026-04-05T08:11:23.000Z</time>
      </trkpt>
      <trkpt lat="49.058067" lon="15.021042">
        <time>2026-04-05T08:11:24.000Z</time>
      </trkpt>
      <trkpt lat="49.058053" lon="15.021072">
        <time>2026-04-05T08:11:27.000Z</time>
      </trkpt>
      <trkpt lat="49.05804" lon="15.021093">
        <time>2026-04-05T08:11:28.000Z</time>
      </trkpt>
      <trkpt lat="49.058018" lon="15.021112">
        <time>2026-04-05T08:11:29.000Z</time>
      </trkpt>
      <trkpt lat="49.058003" lon="15.02114">
        <time>2026-04-05T08:11:30.000Z</time>
      </trkpt>
      <trkpt lat="49.05799" lon="15.021175">
        <time>2026-04-05T08:11:31.000Z</time>
      </trkpt>
      <trkpt lat="49.057977" lon="15.021205">
        <time>2026-04-05T08:11:32.000Z</time>
      </trkpt>
      <trkpt lat="49.057965" lon="15.021237">
        <time>2026-04-05T08:11:33.000Z</time>
      </trkpt>
      <trkpt lat="49.057953" lon="15.021263">
        <time>2026-04-05T08:11:34.000Z</time>
      </trkpt>
      <trkpt lat="49.057937" lon="15.02129">
        <time>2026-04-05T08:11:35.000Z</time>
      </trkpt>
      <trkpt lat="49.057925" lon="15.021317">
        <time>2026-04-05T08:11:36.000Z</time>
      </trkpt>
      <trkpt lat="49.057907" lon="15.021343">
        <time>2026-04-05T08:11:37.000Z</time>
      </trkpt>
      <trkpt lat="49.057892" lon="15.021362">
        <time>2026-04-05T08:11:38.000Z</time>
      </trkpt>
      <trkpt lat="49.057877" lon="15.021385">
        <time>2026-04-05T08:11:39.000Z</time>
      </trkpt>
      <trkpt lat="49.057867" lon="15.021437">
        <time>2026-04-05T08:11:41.000Z</time>
      </trkpt>
      <trkpt lat="49.05787" lon="15.021485">
        <time>2026-04-05T08:11:43.000Z</time>
      </trkpt>
      <trkpt lat="49.057872" lon="15.021525">
        <time>2026-04-05T08:11:45.000Z</time>
      </trkpt>
      <trkpt lat="49.05787" lon="15.021568">
        <time>2026-04-05T08:11:47.000Z</time>
      </trkpt>
      <trkpt lat="49.05788" lon="15.021615">
        <time>2026-04-05T08:11:49.000Z</time>
      </trkpt>
      <trkpt lat="49.057895" lon="15.021663">
        <time>2026-04-05T08:11:51.000Z</time>
      </trkpt>
      <trkpt lat="49.057902" lon="15.02169">
        <time>2026-04-05T08:11:52.000Z</time>
      </trkpt>
      <trkpt lat="49.057907" lon="15.021717">
        <time>2026-04-05T08:11:53.000Z</time>
      </trkpt>
      <trkpt lat="49.057905" lon="15.021752">
        <time>2026-04-05T08:11:54.000Z</time>
      </trkpt>
      <trkpt lat="49.057907" lon="15.02178">
        <time>2026-04-05T08:11:55.000Z</time>
      </trkpt>
      <trkpt lat="49.057908" lon="15.021813">
        <time>2026-04-05T08:11:57.000Z</time>
      </trkpt>
      <trkpt lat="49.057905" lon="15.021855">
        <time>2026-04-05T08:11:59.000Z</time>
      </trkpt>
      <trkpt lat="49.057898" lon="15.021885">
        <time>2026-04-05T08:12:01.000Z</time>
      </trkpt>
      <trkpt lat="49.057893" lon="15.021925">
        <time>2026-04-05T08:12:04.000Z</time>
      </trkpt>
      <trkpt lat="49.057887" lon="15.021955">
        <time>2026-04-05T08:12:06.000Z</time>
      </trkpt>
      <trkpt lat="49.057883" lon="15.022">
        <time>2026-04-05T08:12:08.000Z</time>
      </trkpt>
      <trkpt lat="49.057865" lon="15.022045">
        <time>2026-04-05T08:12:10.000Z</time>
      </trkpt>
      <trkpt lat="49.05785" lon="15.022063">
        <time>2026-04-05T08:12:11.000Z</time>
      </trkpt>
      <trkpt lat="49.057832" lon="15.022072">
        <time>2026-04-05T08:12:12.000Z</time>
      </trkpt>
      <trkpt lat="49.0578" lon="15.022072">
        <time>2026-04-05T08:12:14.000Z</time>
      </trkpt>
      <trkpt lat="49.05778" lon="15.022072">
        <time>2026-04-05T08:12:15.000Z</time>
      </trkpt>
      <trkpt lat="49.05776" lon="15.022075">
        <time>2026-04-05T08:12:16.000Z</time>
      </trkpt>
      <trkpt lat="49.057732" lon="15.022063">
        <time>2026-04-05T08:12:18.000Z</time>
      </trkpt>
      <trkpt lat="49.057713" lon="15.022053">
        <time>2026-04-05T08:12:19.000Z</time>
      </trkpt>
      <trkpt lat="49.057687" lon="15.022043">
        <time>2026-04-05T08:12:21.000Z</time>
      </trkpt>
      <trkpt lat="49.057662" lon="15.022045">
        <time>2026-04-05T08:12:23.000Z</time>
      </trkpt>
      <trkpt lat="49.057645" lon="15.022062">
        <time>2026-04-05T08:12:25.000Z</time>
      </trkpt>
      <trkpt lat="49.057635" lon="15.02209">
        <time>2026-04-05T08:12:27.000Z</time>
      </trkpt>
      <trkpt lat="49.057623" lon="15.022118">
        <time>2026-04-05T08:12:29.000Z</time>
      </trkpt>
      <trkpt lat="49.057593" lon="15.022138">
        <time>2026-04-05T08:12:31.000Z</time>
      </trkpt>
      <trkpt lat="49.057575" lon="15.022137">
        <time>2026-04-05T08:12:32.000Z</time>
      </trkpt>
      <trkpt lat="49.057553" lon="15.022132">
        <time>2026-04-05T08:12:33.000Z</time>
      </trkpt>
      <trkpt lat="49.05753" lon="15.022122">
        <time>2026-04-05T08:12:34.000Z</time>
      </trkpt>
      <trkpt lat="49.0575" lon="15.022095">
        <time>2026-04-05T08:12:36.000Z</time>
      </trkpt>
      <trkpt lat="49.057527" lon="15.02212">
        <time>2026-04-05T08:12:41.000Z</time>
      </trkpt>
      <trkpt lat="49.05756" lon="15.022115">
        <time>2026-04-05T08:12:43.000Z</time>
      </trkpt>
      <trkpt lat="49.057585" lon="15.022118">
        <time>2026-04-05T08:12:44.000Z</time>
      </trkpt>
      <trkpt lat="49.057603" lon="15.022127">
        <time>2026-04-05T08:12:45.000Z</time>
      </trkpt>
      <trkpt lat="49.057623" lon="15.022133">
        <time>2026-04-05T08:12:46.000Z</time>
      </trkpt>
      <trkpt lat="49.057647" lon="15.022152">
        <time>2026-04-05T08:12:47.000Z</time>
      </trkpt>
      <trkpt lat="49.057667" lon="15.022175">
        <time>2026-04-05T08:12:48.000Z</time>
      </trkpt>
      <trkpt lat="49.05769" lon="15.02219">
        <time>2026-04-05T08:12:49.000Z</time>
      </trkpt>
      <trkpt lat="49.057712" lon="15.022195">
        <time>2026-04-05T08:12:50.000Z</time>
      </trkpt>
      <trkpt lat="49.05773" lon="15.022197">
        <time>2026-04-05T08:12:51.000Z</time>
      </trkpt>
      <trkpt lat="49.057755" lon="15.022205">
        <time>2026-04-05T08:12:53.000Z</time>
      </trkpt>
      <trkpt lat="49.05778" lon="15.022227">
        <time>2026-04-05T08:12:55.000Z</time>
      </trkpt>
      <trkpt lat="49.0578" lon="15.022243">
        <time>2026-04-05T08:12:56.000Z</time>
      </trkpt>
      <trkpt lat="49.057823" lon="15.022257">
        <time>2026-04-05T08:12:57.000Z</time>
      </trkpt>
      <trkpt lat="49.057842" lon="15.022267">
        <time>2026-04-05T08:12:58.000Z</time>
      </trkpt>
      <trkpt lat="49.057855" lon="15.022287">
        <time>2026-04-05T08:12:59.000Z</time>
      </trkpt>
      <trkpt lat="49.057865" lon="15.022315">
        <time>2026-04-05T08:13:00.000Z</time>
      </trkpt>
      <trkpt lat="49.05787" lon="15.022343">
        <time>2026-04-05T08:13:01.000Z</time>
      </trkpt>
      <trkpt lat="49.057873" lon="15.022378">
        <time>2026-04-05T08:13:02.000Z</time>
      </trkpt>
      <trkpt lat="49.057873" lon="15.022418">
        <time>2026-04-05T08:13:03.000Z</time>
      </trkpt>
      <trkpt lat="49.057873" lon="15.022453">
        <time>2026-04-05T08:13:04.000Z</time>
      </trkpt>
      <trkpt lat="49.057862" lon="15.02249">
        <time>2026-04-05T08:13:05.000Z</time>
      </trkpt>
      <trkpt lat="49.057847" lon="15.022525">
        <time>2026-04-05T08:13:06.000Z</time>
      </trkpt>
      <trkpt lat="49.057838" lon="15.022562">
        <time>2026-04-05T08:13:07.000Z</time>
      </trkpt>
      <trkpt lat="49.057832" lon="15.022595">
        <time>2026-04-05T08:13:08.000Z</time>
      </trkpt>
      <trkpt lat="49.057827" lon="15.022633">
        <time>2026-04-05T08:13:09.000Z</time>
      </trkpt>
      <trkpt lat="49.057823" lon="15.022665">
        <time>2026-04-05T08:13:10.000Z</time>
      </trkpt>
      <trkpt lat="49.057822" lon="15.022698">
        <time>2026-04-05T08:13:11.000Z</time>
      </trkpt>
      <trkpt lat="49.057823" lon="15.022727">
        <time>2026-04-05T08:13:14.000Z</time>
      </trkpt>
      <trkpt lat="49.057845" lon="15.022747">
        <time>2026-04-05T08:13:16.000Z</time>
      </trkpt>
      <trkpt lat="49.057865" lon="15.02276">
        <time>2026-04-05T08:13:17.000Z</time>
      </trkpt>
      <trkpt lat="49.05789" lon="15.022773">
        <time>2026-04-05T08:13:18.000Z</time>
      </trkpt>
      <trkpt lat="49.057913" lon="15.02278">
        <time>2026-04-05T08:13:19.000Z</time>
      </trkpt>
      <trkpt lat="49.057937" lon="15.022787">
        <time>2026-04-05T08:13:20.000Z</time>
      </trkpt>
      <trkpt lat="49.057962" lon="15.022797">
        <time>2026-04-05T08:13:21.000Z</time>
      </trkpt>
      <trkpt lat="49.057987" lon="15.022808">
        <time>2026-04-05T08:13:22.000Z</time>
      </trkpt>
      <trkpt lat="49.058013" lon="15.022823">
        <time>2026-04-05T08:13:23.000Z</time>
      </trkpt>
      <trkpt lat="49.058032" lon="15.022833">
        <time>2026-04-05T08:13:24.000Z</time>
      </trkpt>
      <trkpt lat="49.058067" lon="15.022858">
        <time>2026-04-05T08:13:26.000Z</time>
      </trkpt>
      <trkpt lat="49.058092" lon="15.022875">
        <time>2026-04-05T08:13:27.000Z</time>
      </trkpt>
      <trkpt lat="49.058108" lon="15.022892">
        <time>2026-04-05T08:13:28.000Z</time>
      </trkpt>
      <trkpt lat="49.058125" lon="15.022907">
        <time>2026-04-05T08:13:29.000Z</time>
      </trkpt>
      <trkpt lat="49.058143" lon="15.022925">
        <time>2026-04-05T08:13:30.000Z</time>
      </trkpt>
      <trkpt lat="49.058157" lon="15.022945">
        <time>2026-04-05T08:13:31.000Z</time>
      </trkpt>
      <trkpt lat="49.058177" lon="15.022963">
        <time>2026-04-05T08:13:32.000Z</time>
      </trkpt>
      <trkpt lat="49.058197" lon="15.022978">
        <time>2026-04-05T08:13:33.000Z</time>
      </trkpt>
      <trkpt lat="49.058218" lon="15.02299">
        <time>2026-04-05T08:13:34.000Z</time>
      </trkpt>
      <trkpt lat="49.058242" lon="15.022995">
        <time>2026-04-05T08:13:35.000Z</time>
      </trkpt>
      <trkpt lat="49.05826" lon="15.023003">
        <time>2026-04-05T08:13:36.000Z</time>
      </trkpt>
      <trkpt lat="49.058285" lon="15.023007">
        <time>2026-04-05T08:13:38.000Z</time>
      </trkpt>
      <trkpt lat="49.058315" lon="15.023037">
        <time>2026-04-05T08:13:40.000Z</time>
      </trkpt>
      <trkpt lat="49.05833" lon="15.023053">
        <time>2026-04-05T08:13:41.000Z</time>
      </trkpt>
      <trkpt lat="49.058347" lon="15.023065">
        <time>2026-04-05T08:13:42.000Z</time>
      </trkpt>
      <trkpt lat="49.058363" lon="15.023082">
        <time>2026-04-05T08:13:43.000Z</time>
      </trkpt>
      <trkpt lat="49.058378" lon="15.023098">
        <time>2026-04-05T08:13:44.000Z</time>
      </trkpt>
      <trkpt lat="49.058395" lon="15.02313">
        <time>2026-04-05T08:13:46.000Z</time>
      </trkpt>
      <trkpt lat="49.058415" lon="15.023162">
        <time>2026-04-05T08:13:48.000Z</time>
      </trkpt>
      <trkpt lat="49.058443" lon="15.023198">
        <time>2026-04-05T08:13:50.000Z</time>
      </trkpt>
      <trkpt lat="49.058462" lon="15.023208">
        <time>2026-04-05T08:13:51.000Z</time>
      </trkpt>
      <trkpt lat="49.05848" lon="15.023212">
        <time>2026-04-05T08:13:52.000Z</time>
      </trkpt>
      <trkpt lat="49.058505" lon="15.023212">
        <time>2026-04-05T08:13:54.000Z</time>
      </trkpt>
      <trkpt lat="49.058527" lon="15.023213">
        <time>2026-04-05T08:13:56.000Z</time>
      </trkpt>
      <trkpt lat="49.058547" lon="15.023208">
        <time>2026-04-05T08:13:58.000Z</time>
      </trkpt>
      <trkpt lat="49.05857" lon="15.023203">
        <time>2026-04-05T08:14:00.000Z</time>
      </trkpt>
      <trkpt lat="49.058592" lon="15.023198">
        <time>2026-04-05T08:14:02.000Z</time>
      </trkpt>
      <trkpt lat="49.058612" lon="15.023178">
        <time>2026-04-05T08:14:04.000Z</time>
      </trkpt>
      <trkpt lat="49.05863" lon="15.02318">
        <time>2026-04-05T08:14:06.000Z</time>
      </trkpt>
      <trkpt lat="49.058653" lon="15.023192">
        <time>2026-04-05T08:14:08.000Z</time>
      </trkpt>
      <trkpt lat="49.058677" lon="15.023207">
        <time>2026-04-05T08:14:11.000Z</time>
      </trkpt>
      <trkpt lat="49.058698" lon="15.023215">
        <time>2026-04-05T08:14:13.000Z</time>
      </trkpt>
      <trkpt lat="49.058727" lon="15.023235">
        <time>2026-04-05T08:14:15.000Z</time>
      </trkpt>
      <trkpt lat="49.058755" lon="15.023235">
        <time>2026-04-05T08:14:17.000Z</time>
      </trkpt>
      <trkpt lat="49.058773" lon="15.023238">
        <time>2026-04-05T08:14:26.000Z</time>
      </trkpt>
      <trkpt lat="49.058778" lon="15.023273">
        <time>2026-04-05T08:14:29.000Z</time>
      </trkpt>
      <trkpt lat="49.058787" lon="15.023323">
        <time>2026-04-05T08:14:31.000Z</time>
      </trkpt>
      <trkpt lat="49.05879" lon="15.023355">
        <time>2026-04-05T08:14:32.000Z</time>
      </trkpt>
      <trkpt lat="49.058788" lon="15.023388">
        <time>2026-04-05T08:14:33.000Z</time>
      </trkpt>
      <trkpt lat="49.05878" lon="15.023422">
        <time>2026-04-05T08:14:34.000Z</time>
      </trkpt>
      <trkpt lat="49.058767" lon="15.023447">
        <time>2026-04-05T08:14:35.000Z</time>
      </trkpt>
      <trkpt lat="49.058747" lon="15.023462">
        <time>2026-04-05T08:14:36.000Z</time>
      </trkpt>
      <trkpt lat="49.058723" lon="15.023477">
        <time>2026-04-05T08:14:37.000Z</time>
      </trkpt>
      <trkpt lat="49.058712" lon="15.0235">
        <time>2026-04-05T08:14:38.000Z</time>
      </trkpt>
      <trkpt lat="49.05871" lon="15.02355">
        <time>2026-04-05T08:14:40.000Z</time>
      </trkpt>
      <trkpt lat="49.058692" lon="15.023583">
        <time>2026-04-05T08:14:42.000Z</time>
      </trkpt>
      <trkpt lat="49.058677" lon="15.023603">
        <time>2026-04-05T08:14:43.000Z</time>
      </trkpt>
      <trkpt lat="49.058655" lon="15.02361">
        <time>2026-04-05T08:14:45.000Z</time>
      </trkpt>
      <trkpt lat="49.058672" lon="15.023638">
        <time>2026-04-05T08:14:51.000Z</time>
      </trkpt>
      <trkpt lat="49.058695" lon="15.02363">
        <time>2026-04-05T08:14:53.000Z</time>
      </trkpt>
      <trkpt lat="49.058715" lon="15.023627">
        <time>2026-04-05T08:14:54.000Z</time>
      </trkpt>
      <trkpt lat="49.058732" lon="15.023615">
        <time>2026-04-05T08:14:55.000Z</time>
      </trkpt>
      <trkpt lat="49.058752" lon="15.023607">
        <time>2026-04-05T08:14:56.000Z</time>
      </trkpt>
      <trkpt lat="49.058772" lon="15.023587">
        <time>2026-04-05T08:14:57.000Z</time>
      </trkpt>
      <trkpt lat="49.058785" lon="15.023562">
        <time>2026-04-05T08:14:58.000Z</time>
      </trkpt>
      <trkpt lat="49.058802" lon="15.023542">
        <time>2026-04-05T08:14:59.000Z</time>
      </trkpt>
      <trkpt lat="49.058822" lon="15.023498">
        <time>2026-04-05T08:15:01.000Z</time>
      </trkpt>
      <trkpt lat="49.058833" lon="15.023477">
        <time>2026-04-05T08:15:02.000Z</time>
      </trkpt>
      <trkpt lat="49.058848" lon="15.02345">
        <time>2026-04-05T08:15:03.000Z</time>
      </trkpt>
      <trkpt lat="49.058858" lon="15.023393">
        <time>2026-04-05T08:15:05.000Z</time>
      </trkpt>
      <trkpt lat="49.05886" lon="15.02336">
        <time>2026-04-05T08:15:06.000Z</time>
      </trkpt>
      <trkpt lat="49.058868" lon="15.023323">
        <time>2026-04-05T08:15:08.000Z</time>
      </trkpt>
      <trkpt lat="49.058887" lon="15.02329">
        <time>2026-04-05T08:15:10.000Z</time>
      </trkpt>
      <trkpt lat="49.058915" lon="15.023252">
        <time>2026-04-05T08:15:12.000Z</time>
      </trkpt>
      <trkpt lat="49.058932" lon="15.023222">
        <time>2026-04-05T08:15:13.000Z</time>
      </trkpt>
      <trkpt lat="49.05895" lon="15.023202">
        <time>2026-04-05T08:15:14.000Z</time>
      </trkpt>
      <trkpt lat="49.058968" lon="15.023182">
        <time>2026-04-05T08:15:15.000Z</time>
      </trkpt>
      <trkpt lat="49.058985" lon="15.023162">
        <time>2026-04-05T08:15:16.000Z</time>
      </trkpt>
      <trkpt lat="49.059005" lon="15.023138">
        <time>2026-04-05T08:15:17.000Z</time>
      </trkpt>
      <trkpt lat="49.059023" lon="15.023118">
        <time>2026-04-05T08:15:18.000Z</time>
      </trkpt>
      <trkpt lat="49.059043" lon="15.023093">
        <time>2026-04-05T08:15:19.000Z</time>
      </trkpt>
      <trkpt lat="49.059058" lon="15.023065">
        <time>2026-04-05T08:15:20.000Z</time>
      </trkpt>
      <trkpt lat="49.059077" lon="15.023035">
        <time>2026-04-05T08:15:21.000Z</time>
      </trkpt>
      <trkpt lat="49.059093" lon="15.023002">
        <time>2026-04-05T08:15:22.000Z</time>
      </trkpt>
      <trkpt lat="49.059112" lon="15.022977">
        <time>2026-04-05T08:15:23.000Z</time>
      </trkpt>
      <trkpt lat="49.059127" lon="15.022955">
        <time>2026-04-05T08:15:24.000Z</time>
      </trkpt>
      <trkpt lat="49.05915" lon="15.022942">
        <time>2026-04-05T08:15:25.000Z</time>
      </trkpt>
      <trkpt lat="49.059175" lon="15.022928">
        <time>2026-04-05T08:15:26.000Z</time>
      </trkpt>
      <trkpt lat="49.059203" lon="15.022908">
        <time>2026-04-05T08:15:27.000Z</time>
      </trkpt>
      <trkpt lat="49.059227" lon="15.022882">
        <time>2026-04-05T08:15:28.000Z</time>
      </trkpt>
      <trkpt lat="49.05924" lon="15.022852">
        <time>2026-04-05T08:15:29.000Z</time>
      </trkpt>
      <trkpt lat="49.059255" lon="15.02281">
        <time>2026-04-05T08:15:30.000Z</time>
      </trkpt>
      <trkpt lat="49.059265" lon="15.022775">
        <time>2026-04-05T08:15:31.000Z</time>
      </trkpt>
      <trkpt lat="49.059273" lon="15.022742">
        <time>2026-04-05T08:15:32.000Z</time>
      </trkpt>
      <trkpt lat="49.059282" lon="15.022708">
        <time>2026-04-05T08:15:33.000Z</time>
      </trkpt>
      <trkpt lat="49.059287" lon="15.02267">
        <time>2026-04-05T08:15:34.000Z</time>
      </trkpt>
      <trkpt lat="49.059297" lon="15.022635">
        <time>2026-04-05T08:15:35.000Z</time>
      </trkpt>
      <trkpt lat="49.059305" lon="15.0226">
        <time>2026-04-05T08:15:36.000Z</time>
      </trkpt>
      <trkpt lat="49.059312" lon="15.022567">
        <time>2026-04-05T08:15:37.000Z</time>
      </trkpt>
      <trkpt lat="49.059317" lon="15.022533">
        <time>2026-04-05T08:15:38.000Z</time>
      </trkpt>
      <trkpt lat="49.059325" lon="15.0225">
        <time>2026-04-05T08:15:39.000Z</time>
      </trkpt>
      <trkpt lat="49.059328" lon="15.02247">
        <time>2026-04-05T08:15:40.000Z</time>
      </trkpt>
      <trkpt lat="49.05933" lon="15.022438">
        <time>2026-04-05T08:15:41.000Z</time>
      </trkpt>
      <trkpt lat="49.059333" lon="15.0224">
        <time>2026-04-05T08:15:42.000Z</time>
      </trkpt>
      <trkpt lat="49.059335" lon="15.022358">
        <time>2026-04-05T08:15:43.000Z</time>
      </trkpt>
      <trkpt lat="49.059335" lon="15.022322">
        <time>2026-04-05T08:15:44.000Z</time>
      </trkpt>
      <trkpt lat="49.059335" lon="15.022283">
        <time>2026-04-05T08:15:45.000Z</time>
      </trkpt>
      <trkpt lat="49.059335" lon="15.022248">
        <time>2026-04-05T08:15:46.000Z</time>
      </trkpt>
      <trkpt lat="49.059342" lon="15.022213">
        <time>2026-04-05T08:15:47.000Z</time>
      </trkpt>
      <trkpt lat="49.059342" lon="15.022177">
        <time>2026-04-05T08:15:48.000Z</time>
      </trkpt>
      <trkpt lat="49.05934" lon="15.022138">
        <time>2026-04-05T08:15:49.000Z</time>
      </trkpt>
      <trkpt lat="49.059337" lon="15.022102">
        <time>2026-04-05T08:15:50.000Z</time>
      </trkpt>
      <trkpt lat="49.059342" lon="15.022063">
        <time>2026-04-05T08:15:51.000Z</time>
      </trkpt>
      <trkpt lat="49.059347" lon="15.022027">
        <time>2026-04-05T08:15:52.000Z</time>
      </trkpt>
      <trkpt lat="49.059343" lon="15.021993">
        <time>2026-04-05T08:15:53.000Z</time>
      </trkpt>
      <trkpt lat="49.05933" lon="15.021953">
        <time>2026-04-05T08:15:54.000Z</time>
      </trkpt>
      <trkpt lat="49.059315" lon="15.021922">
        <time>2026-04-05T08:15:55.000Z</time>
      </trkpt>
      <trkpt lat="49.059297" lon="15.021897">
        <time>2026-04-05T08:15:56.000Z</time>
      </trkpt>
      <trkpt lat="49.059283" lon="15.021872">
        <time>2026-04-05T08:15:57.000Z</time>
      </trkpt>
      <trkpt lat="49.059272" lon="15.021837">
        <time>2026-04-05T08:15:58.000Z</time>
      </trkpt>
      <trkpt lat="49.05927" lon="15.021807">
        <time>2026-04-05T08:15:59.000Z</time>
      </trkpt>
      <trkpt lat="49.059273" lon="15.021762">
        <time>2026-04-05T08:16:01.000Z</time>
      </trkpt>
      <trkpt lat="49.059277" lon="15.02172">
        <time>2026-04-05T08:16:03.000Z</time>
      </trkpt>
      <trkpt lat="49.059292" lon="15.021692">
        <time>2026-04-05T08:16:05.000Z</time>
      </trkpt>
      <trkpt lat="49.059302" lon="15.021663">
        <time>2026-04-05T08:16:07.000Z</time>
      </trkpt>
      <trkpt lat="49.05931" lon="15.021632">
        <time>2026-04-05T08:16:09.000Z</time>
      </trkpt>
      <trkpt lat="49.059315" lon="15.021602">
        <time>2026-04-05T08:16:11.000Z</time>
      </trkpt>
      <trkpt lat="49.05932" lon="15.021568">
        <time>2026-04-05T08:16:14.000Z</time>
      </trkpt>
      <trkpt lat="49.059343" lon="15.021555">
        <time>2026-04-05T08:16:16.000Z</time>
      </trkpt>
      <trkpt lat="49.059363" lon="15.021547">
        <time>2026-04-05T08:16:17.000Z</time>
      </trkpt>
      <trkpt lat="49.05938" lon="15.021532">
        <time>2026-04-05T08:16:18.000Z</time>
      </trkpt>
      <trkpt lat="49.059408" lon="15.021497">
        <time>2026-04-05T08:16:20.000Z</time>
      </trkpt>
      <trkpt lat="49.059422" lon="15.021478">
        <time>2026-04-05T08:16:21.000Z</time>
      </trkpt>
      <trkpt lat="49.059437" lon="15.021458">
        <time>2026-04-05T08:16:22.000Z</time>
      </trkpt>
      <trkpt lat="49.059465" lon="15.021428">
        <time>2026-04-05T08:16:24.000Z</time>
      </trkpt>
      <trkpt lat="49.059487" lon="15.021413">
        <time>2026-04-05T08:16:25.000Z</time>
      </trkpt>
      <trkpt lat="49.059505" lon="15.021393">
        <time>2026-04-05T08:16:26.000Z</time>
      </trkpt>
      <trkpt lat="49.059518" lon="15.021372">
        <time>2026-04-05T08:16:27.000Z</time>
      </trkpt>
      <trkpt lat="49.059533" lon="15.021348">
        <time>2026-04-05T08:16:28.000Z</time>
      </trkpt>
      <trkpt lat="49.059547" lon="15.021318">
        <time>2026-04-05T08:16:29.000Z</time>
      </trkpt>
      <trkpt lat="49.059562" lon="15.021283">
        <time>2026-04-05T08:16:30.000Z</time>
      </trkpt>
      <trkpt lat="49.059567" lon="15.021245">
        <time>2026-04-05T08:16:31.000Z</time>
      </trkpt>
      <trkpt lat="49.059577" lon="15.02121">
        <time>2026-04-05T08:16:32.000Z</time>
      </trkpt>
      <trkpt lat="49.05958" lon="15.021175">
        <time>2026-04-05T08:16:33.000Z</time>
      </trkpt>
      <trkpt lat="49.059588" lon="15.021142">
        <time>2026-04-05T08:16:34.000Z</time>
      </trkpt>
      <trkpt lat="49.059597" lon="15.021112">
        <time>2026-04-05T08:16:35.000Z</time>
      </trkpt>
      <trkpt lat="49.059602" lon="15.021075">
        <time>2026-04-05T08:16:36.000Z</time>
      </trkpt>
      <trkpt lat="49.059605" lon="15.021035">
        <time>2026-04-05T08:16:37.000Z</time>
      </trkpt>
      <trkpt lat="49.059603" lon="15.020993">
        <time>2026-04-05T08:16:38.000Z</time>
      </trkpt>
      <trkpt lat="49.059603" lon="15.020955">
        <time>2026-04-05T08:16:39.000Z</time>
      </trkpt>
      <trkpt lat="49.059605" lon="15.020918">
        <time>2026-04-05T08:16:40.000Z</time>
      </trkpt>
      <trkpt lat="49.059607" lon="15.020873">
        <time>2026-04-05T08:16:42.000Z</time>
      </trkpt>
      <trkpt lat="49.059607" lon="15.020832">
        <time>2026-04-05T08:16:44.000Z</time>
      </trkpt>
      <trkpt lat="49.059593" lon="15.020793">
        <time>2026-04-05T08:16:46.000Z</time>
      </trkpt>
      <trkpt lat="49.059588" lon="15.020737">
        <time>2026-04-05T08:16:48.000Z</time>
      </trkpt>
      <trkpt lat="49.059592" lon="15.020707">
        <time>2026-04-05T08:16:49.000Z</time>
      </trkpt>
      <trkpt lat="49.059597" lon="15.02067">
        <time>2026-04-05T08:16:50.000Z</time>
      </trkpt>
      <trkpt lat="49.059597" lon="15.020637">
        <time>2026-04-05T08:16:51.000Z</time>
      </trkpt>
      <trkpt lat="49.059598" lon="15.020608">
        <time>2026-04-05T08:16:52.000Z</time>
      </trkpt>
      <trkpt lat="49.059603" lon="15.02058">
        <time>2026-04-05T08:16:53.000Z</time>
      </trkpt>
      <trkpt lat="49.059608" lon="15.020547">
        <time>2026-04-05T08:16:54.000Z</time>
      </trkpt>
      <trkpt lat="49.059617" lon="15.020512">
        <time>2026-04-05T08:16:55.000Z</time>
      </trkpt>
      <trkpt lat="49.05962" lon="15.02047">
        <time>2026-04-05T08:16:56.000Z</time>
      </trkpt>
      <trkpt lat="49.05962" lon="15.020432">
        <time>2026-04-05T08:16:57.000Z</time>
      </trkpt>
      <trkpt lat="49.05962" lon="15.020392">
        <time>2026-04-05T08:16:58.000Z</time>
      </trkpt>
      <trkpt lat="49.059608" lon="15.020355">
        <time>2026-04-05T08:16:59.000Z</time>
      </trkpt>
      <trkpt lat="49.05959" lon="15.020333">
        <time>2026-04-05T08:17:00.000Z</time>
      </trkpt>
      <trkpt lat="49.059572" lon="15.020317">
        <time>2026-04-05T08:17:01.000Z</time>
      </trkpt>
      <trkpt lat="49.059547" lon="15.020298">
        <time>2026-04-05T08:17:02.000Z</time>
      </trkpt>
      <trkpt lat="49.059525" lon="15.020277">
        <time>2026-04-05T08:17:03.000Z</time>
      </trkpt>
      <trkpt lat="49.059498" lon="15.020253">
        <time>2026-04-05T08:17:04.000Z</time>
      </trkpt>
      <trkpt lat="49.059477" lon="15.020235">
        <time>2026-04-05T08:17:05.000Z</time>
      </trkpt>
      <trkpt lat="49.05946" lon="15.020208">
        <time>2026-04-05T08:17:06.000Z</time>
      </trkpt>
      <trkpt lat="49.05944" lon="15.02018">
        <time>2026-04-05T08:17:07.000Z</time>
      </trkpt>
      <trkpt lat="49.05942" lon="15.020158">
        <time>2026-04-05T08:17:08.000Z</time>
      </trkpt>
      <trkpt lat="49.059402" lon="15.020143">
        <time>2026-04-05T08:17:09.000Z</time>
      </trkpt>
      <trkpt lat="49.059385" lon="15.020125">
        <time>2026-04-05T08:17:10.000Z</time>
      </trkpt>
      <trkpt lat="49.059365" lon="15.020113">
        <time>2026-04-05T08:17:11.000Z</time>
      </trkpt>
      <trkpt lat="49.05934" lon="15.020097">
        <time>2026-04-05T08:17:13.000Z</time>
      </trkpt>
      <trkpt lat="49.059323" lon="15.02007">
        <time>2026-04-05T08:17:16.000Z</time>
      </trkpt>
      <trkpt lat="49.059303" lon="15.02005">
        <time>2026-04-05T08:17:18.000Z</time>
      </trkpt>
      <trkpt lat="49.059285" lon="15.02001">
        <time>2026-04-05T08:17:20.000Z</time>
      </trkpt>
      <trkpt lat="49.059272" lon="15.019978">
        <time>2026-04-05T08:17:21.000Z</time>
      </trkpt>
      <trkpt lat="49.059262" lon="15.019942">
        <time>2026-04-05T08:17:22.000Z</time>
      </trkpt>
      <trkpt lat="49.059255" lon="15.01991">
        <time>2026-04-05T08:17:23.000Z</time>
      </trkpt>
      <trkpt lat="49.059255" lon="15.019877">
        <time>2026-04-05T08:17:24.000Z</time>
      </trkpt>
      <trkpt lat="49.059247" lon="15.019845">
        <time>2026-04-05T08:17:25.000Z</time>
      </trkpt>
      <trkpt lat="49.059233" lon="15.01981">
        <time>2026-04-05T08:17:26.000Z</time>
      </trkpt>
      <trkpt lat="49.059232" lon="15.019782">
        <time>2026-04-05T08:17:27.000Z</time>
      </trkpt>
      <trkpt lat="49.059223" lon="15.019725">
        <time>2026-04-05T08:17:29.000Z</time>
      </trkpt>
      <trkpt lat="49.059213" lon="15.019688">
        <time>2026-04-05T08:17:30.000Z</time>
      </trkpt>
      <trkpt lat="49.059198" lon="15.01966">
        <time>2026-04-05T08:17:31.000Z</time>
      </trkpt>
      <trkpt lat="49.059188" lon="15.019632">
        <time>2026-04-05T08:17:32.000Z</time>
      </trkpt>
      <trkpt lat="49.059178" lon="15.019587">
        <time>2026-04-05T08:17:33.000Z</time>
      </trkpt>
      <trkpt lat="49.059167" lon="15.019552">
        <time>2026-04-05T08:17:34.000Z</time>
      </trkpt>
      <trkpt lat="49.059163" lon="15.01952">
        <time>2026-04-05T08:17:35.000Z</time>
      </trkpt>
      <trkpt lat="49.05916" lon="15.01948">
        <time>2026-04-05T08:17:36.000Z</time>
      </trkpt>
      <trkpt lat="49.059158" lon="15.019443">
        <time>2026-04-05T08:17:37.000Z</time>
      </trkpt>
      <trkpt lat="49.059152" lon="15.019405">
        <time>2026-04-05T08:17:38.000Z</time>
      </trkpt>
      <trkpt lat="49.05914" lon="15.019372">
        <time>2026-04-05T08:17:39.000Z</time>
      </trkpt>
      <trkpt lat="49.059127" lon="15.01934">
        <time>2026-04-05T08:17:40.000Z</time>
      </trkpt>
      <trkpt lat="49.059105" lon="15.019313">
        <time>2026-04-05T08:17:41.000Z</time>
      </trkpt>
      <trkpt lat="49.059083" lon="15.019297">
        <time>2026-04-05T08:17:42.000Z</time>
      </trkpt>
      <trkpt lat="49.059063" lon="15.019275">
        <time>2026-04-05T08:17:43.000Z</time>
      </trkpt>
      <trkpt lat="49.05904" lon="15.019253">
        <time>2026-04-05T08:17:44.000Z</time>
      </trkpt>
      <trkpt lat="49.059023" lon="15.019237">
        <time>2026-04-05T08:17:45.000Z</time>
      </trkpt>
      <trkpt lat="49.059005" lon="15.019218">
        <time>2026-04-05T08:17:46.000Z</time>
      </trkpt>
      <trkpt lat="49.058987" lon="15.0192">
        <time>2026-04-05T08:17:47.000Z</time>
      </trkpt>
      <trkpt lat="49.058975" lon="15.019178">
        <time>2026-04-05T08:17:48.000Z</time>
      </trkpt>
      <trkpt lat="49.05896" lon="15.019142">
        <time>2026-04-05T08:17:49.000Z</time>
      </trkpt>
      <trkpt lat="49.058952" lon="15.0191">
        <time>2026-04-05T08:17:50.000Z</time>
      </trkpt>
      <trkpt lat="49.058945" lon="15.01906">
        <time>2026-04-05T08:17:51.000Z</time>
      </trkpt>
      <trkpt lat="49.058937" lon="15.019013">
        <time>2026-04-05T08:17:52.000Z</time>
      </trkpt>
      <trkpt lat="49.05893" lon="15.018982">
        <time>2026-04-05T08:17:53.000Z</time>
      </trkpt>
      <trkpt lat="49.058925" lon="15.018952">
        <time>2026-04-05T08:17:54.000Z</time>
      </trkpt>
      <trkpt lat="49.058917" lon="15.018918">
        <time>2026-04-05T08:17:55.000Z</time>
      </trkpt>
      <trkpt lat="49.058903" lon="15.018883">
        <time>2026-04-05T08:17:56.000Z</time>
      </trkpt>
      <trkpt lat="49.058893" lon="15.018852">
        <time>2026-04-05T08:17:57.000Z</time>
      </trkpt>
      <trkpt lat="49.05888" lon="15.018822">
        <time>2026-04-05T08:17:58.000Z</time>
      </trkpt>
      <trkpt lat="49.058867" lon="15.01879">
        <time>2026-04-05T08:17:59.000Z</time>
      </trkpt>
      <trkpt lat="49.058855" lon="15.018765">
        <time>2026-04-05T08:18:00.000Z</time>
      </trkpt>
      <trkpt lat="49.058843" lon="15.01874">
        <time>2026-04-05T08:18:01.000Z</time>
      </trkpt>
      <trkpt lat="49.05883" lon="15.018707">
        <time>2026-04-05T08:18:02.000Z</time>
      </trkpt>
      <trkpt lat="49.058815" lon="15.018675">
        <time>2026-04-05T08:18:03.000Z</time>
      </trkpt>
      <trkpt lat="49.058803" lon="15.01864">
        <time>2026-04-05T08:18:04.000Z</time>
      </trkpt>
      <trkpt lat="49.058782" lon="15.018612">
        <time>2026-04-05T08:18:05.000Z</time>
      </trkpt>
      <trkpt lat="49.058763" lon="15.01859">
        <time>2026-04-05T08:18:06.000Z</time>
      </trkpt>
      <trkpt lat="49.058748" lon="15.018562">
        <time>2026-04-05T08:18:07.000Z</time>
      </trkpt>
      <trkpt lat="49.058737" lon="15.018528">
        <time>2026-04-05T08:18:08.000Z</time>
      </trkpt>
      <trkpt lat="49.058718" lon="15.018472">
        <time>2026-04-05T08:18:09.000Z</time>
      </trkpt>
      <trkpt lat="49.058705" lon="15.01843">
        <time>2026-04-05T08:18:10.000Z</time>
      </trkpt>
      <trkpt lat="49.058698" lon="15.018385">
        <time>2026-04-05T08:18:11.000Z</time>
      </trkpt>
      <trkpt lat="49.058695" lon="15.018338">
        <time>2026-04-05T08:18:12.000Z</time>
      </trkpt>
      <trkpt lat="49.05869" lon="15.01829">
        <time>2026-04-05T08:18:13.000Z</time>
      </trkpt>
      <trkpt lat="49.058688" lon="15.018243">
        <time>2026-04-05T08:18:14.000Z</time>
      </trkpt>
      <trkpt lat="49.058687" lon="15.018195">
        <time>2026-04-05T08:18:15.000Z</time>
      </trkpt>
      <trkpt lat="49.058675" lon="15.018157">
        <time>2026-04-05T08:18:16.000Z</time>
      </trkpt>
      <trkpt lat="49.058658" lon="15.018127">
        <time>2026-04-05T08:18:17.000Z</time>
      </trkpt>
      <trkpt lat="49.058642" lon="15.018107">
        <time>2026-04-05T08:18:18.000Z</time>
      </trkpt>
      <trkpt lat="49.058622" lon="15.01808">
        <time>2026-04-05T08:18:19.000Z</time>
      </trkpt>
      <trkpt lat="49.058608" lon="15.01805">
        <time>2026-04-05T08:18:20.000Z</time>
      </trkpt>
      <trkpt lat="49.058593" lon="15.018025">
        <time>2026-04-05T08:18:21.000Z</time>
      </trkpt>
      <trkpt lat="49.05858" lon="15.018">
        <time>2026-04-05T08:18:22.000Z</time>
      </trkpt>
      <trkpt lat="49.058562" lon="15.01798">
        <time>2026-04-05T08:18:23.000Z</time>
      </trkpt>
      <trkpt lat="49.058547" lon="15.017958">
        <time>2026-04-05T08:18:24.000Z</time>
      </trkpt>
      <trkpt lat="49.058532" lon="15.01793">
        <time>2026-04-05T08:18:25.000Z</time>
      </trkpt>
      <trkpt lat="49.058518" lon="15.017895">
        <time>2026-04-05T08:18:26.000Z</time>
      </trkpt>
      <trkpt lat="49.058503" lon="15.01786">
        <time>2026-04-05T08:18:27.000Z</time>
      </trkpt>
      <trkpt lat="49.058488" lon="15.017828">
        <time>2026-04-05T08:18:28.000Z</time>
      </trkpt>
      <trkpt lat="49.058473" lon="15.017808">
        <time>2026-04-05T08:18:29.000Z</time>
      </trkpt>
      <trkpt lat="49.058455" lon="15.01779">
        <time>2026-04-05T08:18:30.000Z</time>
      </trkpt>
      <trkpt lat="49.058437" lon="15.017773">
        <time>2026-04-05T08:18:31.000Z</time>
      </trkpt>
      <trkpt lat="49.058408" lon="15.017757">
        <time>2026-04-05T08:18:33.000Z</time>
      </trkpt>
      <trkpt lat="49.058395" lon="15.017737">
        <time>2026-04-05T08:18:34.000Z</time>
      </trkpt>
      <trkpt lat="49.058375" lon="15.017697">
        <time>2026-04-05T08:18:36.000Z</time>
      </trkpt>
      <trkpt lat="49.05837" lon="15.017663">
        <time>2026-04-05T08:18:37.000Z</time>
      </trkpt>
      <trkpt lat="49.058357" lon="15.017617">
        <time>2026-04-05T08:18:39.000Z</time>
      </trkpt>
      <trkpt lat="49.058347" lon="15.017577">
        <time>2026-04-05T08:18:40.000Z</time>
      </trkpt>
      <trkpt lat="49.058338" lon="15.017542">
        <time>2026-04-05T08:18:41.000Z</time>
      </trkpt>
      <trkpt lat="49.05833" lon="15.017513">
        <time>2026-04-05T08:18:42.000Z</time>
      </trkpt>
      <trkpt lat="49.058318" lon="15.01746">
        <time>2026-04-05T08:18:44.000Z</time>
      </trkpt>
      <trkpt lat="49.058303" lon="15.017427">
        <time>2026-04-05T08:18:45.000Z</time>
      </trkpt>
      <trkpt lat="49.058285" lon="15.017388">
        <time>2026-04-05T08:18:46.000Z</time>
      </trkpt>
      <trkpt lat="49.058268" lon="15.017365">
        <time>2026-04-05T08:18:47.000Z</time>
      </trkpt>
      <trkpt lat="49.058245" lon="15.017338">
        <time>2026-04-05T08:18:48.000Z</time>
      </trkpt>
      <trkpt lat="49.058225" lon="15.017327">
        <time>2026-04-05T08:18:49.000Z</time>
      </trkpt>
      <trkpt lat="49.058205" lon="15.017317">
        <time>2026-04-05T08:18:50.000Z</time>
      </trkpt>
      <trkpt lat="49.058183" lon="15.017298">
        <time>2026-04-05T08:18:51.000Z</time>
      </trkpt>
      <trkpt lat="49.058167" lon="15.017283">
        <time>2026-04-05T08:18:52.000Z</time>
      </trkpt>
      <trkpt lat="49.058147" lon="15.017265">
        <time>2026-04-05T08:18:53.000Z</time>
      </trkpt>
      <trkpt lat="49.058123" lon="15.017243">
        <time>2026-04-05T08:18:55.000Z</time>
      </trkpt>
      <trkpt lat="49.058092" lon="15.017233">
        <time>2026-04-05T08:18:57.000Z</time>
      </trkpt>
      <trkpt lat="49.058078" lon="15.017205">
        <time>2026-04-05T08:18:59.000Z</time>
      </trkpt>
      <trkpt lat="49.05807" lon="15.017155">
        <time>2026-04-05T08:19:01.000Z</time>
      </trkpt>
      <trkpt lat="49.05807" lon="15.017102">
        <time>2026-04-05T08:19:03.000Z</time>
      </trkpt>
      <trkpt lat="49.058072" lon="15.017067">
        <time>2026-04-05T08:19:04.000Z</time>
      </trkpt>
      <trkpt lat="49.058073" lon="15.017033">
        <time>2026-04-05T08:19:05.000Z</time>
      </trkpt>
      <trkpt lat="49.058073" lon="15.016997">
        <time>2026-04-05T08:19:06.000Z</time>
      </trkpt>
      <trkpt lat="49.058072" lon="15.016963">
        <time>2026-04-05T08:19:07.000Z</time>
      </trkpt>
      <trkpt lat="49.058073" lon="15.01693">
        <time>2026-04-05T08:19:08.000Z</time>
      </trkpt>
      <trkpt lat="49.058072" lon="15.016883">
        <time>2026-04-05T08:19:09.000Z</time>
      </trkpt>
      <trkpt lat="49.058078" lon="15.016843">
        <time>2026-04-05T08:19:10.000Z</time>
      </trkpt>
      <trkpt lat="49.058088" lon="15.01681">
        <time>2026-04-05T08:19:11.000Z</time>
      </trkpt>
      <trkpt lat="49.058098" lon="15.016777">
        <time>2026-04-05T08:19:12.000Z</time>
      </trkpt>
      <trkpt lat="49.058107" lon="15.016747">
        <time>2026-04-05T08:19:13.000Z</time>
      </trkpt>
      <trkpt lat="49.05811" lon="15.016707">
        <time>2026-04-05T08:19:14.000Z</time>
      </trkpt>
      <trkpt lat="49.058117" lon="15.016668">
        <time>2026-04-05T08:19:15.000Z</time>
      </trkpt>
      <trkpt lat="49.058123" lon="15.016627">
        <time>2026-04-05T08:19:16.000Z</time>
      </trkpt>
      <trkpt lat="49.058132" lon="15.01659">
        <time>2026-04-05T08:19:17.000Z</time>
      </trkpt>
      <trkpt lat="49.058133" lon="15.01656">
        <time>2026-04-05T08:19:18.000Z</time>
      </trkpt>
      <trkpt lat="49.058127" lon="15.016528">
        <time>2026-04-05T08:19:19.000Z</time>
      </trkpt>
      <trkpt lat="49.058125" lon="15.016472">
        <time>2026-04-05T08:19:21.000Z</time>
      </trkpt>
      <trkpt lat="49.058123" lon="15.016435">
        <time>2026-04-05T08:19:22.000Z</time>
      </trkpt>
      <trkpt lat="49.05812" lon="15.016397">
        <time>2026-04-05T08:19:23.000Z</time>
      </trkpt>
      <trkpt lat="49.058123" lon="15.016358">
        <time>2026-04-05T08:19:24.000Z</time>
      </trkpt>
      <trkpt lat="49.058123" lon="15.01632">
        <time>2026-04-05T08:19:25.000Z</time>
      </trkpt>
      <trkpt lat="49.05812" lon="15.016287">
        <time>2026-04-05T08:19:26.000Z</time>
      </trkpt>
      <trkpt lat="49.058112" lon="15.016255">
        <time>2026-04-05T08:19:27.000Z</time>
      </trkpt>
      <trkpt lat="49.058103" lon="15.016228">
        <time>2026-04-05T08:19:28.000Z</time>
      </trkpt>
      <trkpt lat="49.058088" lon="15.016163">
        <time>2026-04-05T08:19:30.000Z</time>
      </trkpt>
      <trkpt lat="49.058092" lon="15.016123">
        <time>2026-04-05T08:19:31.000Z</time>
      </trkpt>
      <trkpt lat="49.058085" lon="15.016092">
        <time>2026-04-05T08:19:32.000Z</time>
      </trkpt>
      <trkpt lat="49.058075" lon="15.016055">
        <time>2026-04-05T08:19:33.000Z</time>
      </trkpt>
      <trkpt lat="49.058062" lon="15.01602">
        <time>2026-04-05T08:19:34.000Z</time>
      </trkpt>
      <trkpt lat="49.05805" lon="15.015985">
        <time>2026-04-05T08:19:35.000Z</time>
      </trkpt>
      <trkpt lat="49.05804" lon="15.015952">
        <time>2026-04-05T08:19:36.000Z</time>
      </trkpt>
      <trkpt lat="49.05803" lon="15.015913">
        <time>2026-04-05T08:19:37.000Z</time>
      </trkpt>
      <trkpt lat="49.058018" lon="15.015875">
        <time>2026-04-05T08:19:38.000Z</time>
      </trkpt>
      <trkpt lat="49.058003" lon="15.015838">
        <time>2026-04-05T08:19:39.000Z</time>
      </trkpt>
      <trkpt lat="49.057988" lon="15.015805">
        <time>2026-04-05T08:19:40.000Z</time>
      </trkpt>
      <trkpt lat="49.05798" lon="15.01577">
        <time>2026-04-05T08:19:41.000Z</time>
      </trkpt>
      <trkpt lat="49.057972" lon="15.015733">
        <time>2026-04-05T08:19:42.000Z</time>
      </trkpt>
      <trkpt lat="49.057963" lon="15.015695">
        <time>2026-04-05T08:19:43.000Z</time>
      </trkpt>
      <trkpt lat="49.057958" lon="15.015655">
        <time>2026-04-05T08:19:44.000Z</time>
      </trkpt>
      <trkpt lat="49.057953" lon="15.015617">
        <time>2026-04-05T08:19:45.000Z</time>
      </trkpt>
      <trkpt lat="49.05795" lon="15.015573">
        <time>2026-04-05T08:19:46.000Z</time>
      </trkpt>
      <trkpt lat="49.057947" lon="15.015537">
        <time>2026-04-05T08:19:47.000Z</time>
      </trkpt>
      <trkpt lat="49.05794" lon="15.015503">
        <time>2026-04-05T08:19:48.000Z</time>
      </trkpt>
      <trkpt lat="49.057933" lon="15.015467">
        <time>2026-04-05T08:19:49.000Z</time>
      </trkpt>
      <trkpt lat="49.057925" lon="15.015433">
        <time>2026-04-05T08:19:50.000Z</time>
      </trkpt>
      <trkpt lat="49.057918" lon="15.015402">
        <time>2026-04-05T08:19:51.000Z</time>
      </trkpt>
      <trkpt lat="49.057913" lon="15.01537">
        <time>2026-04-05T08:19:52.000Z</time>
      </trkpt>
      <trkpt lat="49.057905" lon="15.015328">
        <time>2026-04-05T08:19:53.000Z</time>
      </trkpt>
      <trkpt lat="49.057902" lon="15.015293">
        <time>2026-04-05T08:19:54.000Z</time>
      </trkpt>
      <trkpt lat="49.057898" lon="15.015255">
        <time>2026-04-05T08:19:55.000Z</time>
      </trkpt>
      <trkpt lat="49.057893" lon="15.015227">
        <time>2026-04-05T08:19:56.000Z</time>
      </trkpt>
      <trkpt lat="49.057882" lon="15.015202">
        <time>2026-04-05T08:19:57.000Z</time>
      </trkpt>
      <trkpt lat="49.057863" lon="15.015158">
        <time>2026-04-05T08:19:59.000Z</time>
      </trkpt>
      <trkpt lat="49.057862" lon="15.015127">
        <time>2026-04-05T08:20:00.000Z</time>
      </trkpt>
      <trkpt lat="49.057862" lon="15.015097">
        <time>2026-04-05T08:20:01.000Z</time>
      </trkpt>
      <trkpt lat="49.057857" lon="15.015062">
        <time>2026-04-05T08:20:02.000Z</time>
      </trkpt>
      <trkpt lat="49.057855" lon="15.01502">
        <time>2026-04-05T08:20:04.000Z</time>
      </trkpt>
      <trkpt lat="49.057853" lon="15.014978">
        <time>2026-04-05T08:20:06.000Z</time>
      </trkpt>
      <trkpt lat="49.05784" lon="15.014928">
        <time>2026-04-05T08:20:08.000Z</time>
      </trkpt>
      <trkpt lat="49.057825" lon="15.01488">
        <time>2026-04-05T08:20:10.000Z</time>
      </trkpt>
      <trkpt lat="49.057815" lon="15.014852">
        <time>2026-04-05T08:20:11.000Z</time>
      </trkpt>
      <trkpt lat="49.057807" lon="15.014822">
        <time>2026-04-05T08:20:12.000Z</time>
      </trkpt>
      <trkpt lat="49.0578" lon="15.014788">
        <time>2026-04-05T08:20:13.000Z</time>
      </trkpt>
      <trkpt lat="49.057803" lon="15.01476">
        <time>2026-04-05T08:20:14.000Z</time>
      </trkpt>
      <trkpt lat="49.057812" lon="15.014728">
        <time>2026-04-05T08:20:15.000Z</time>
      </trkpt>
      <trkpt lat="49.057818" lon="15.014702">
        <time>2026-04-05T08:20:16.000Z</time>
      </trkpt>
      <trkpt lat="49.05783" lon="15.014667">
        <time>2026-04-05T08:20:17.000Z</time>
      </trkpt>
      <trkpt lat="49.057842" lon="15.014635">
        <time>2026-04-05T08:20:18.000Z</time>
      </trkpt>
      <trkpt lat="49.057842" lon="15.014597">
        <time>2026-04-05T08:20:19.000Z</time>
      </trkpt>
      <trkpt lat="49.057847" lon="15.014568">
        <time>2026-04-05T08:20:20.000Z</time>
      </trkpt>
      <trkpt lat="49.057858" lon="15.014545">
        <time>2026-04-05T08:20:21.000Z</time>
      </trkpt>
      <trkpt lat="49.057867" lon="15.014517">
        <time>2026-04-05T08:20:22.000Z</time>
      </trkpt>
      <trkpt lat="49.05788" lon="15.014472">
        <time>2026-04-05T08:20:24.000Z</time>
      </trkpt>
      <trkpt lat="49.057912" lon="15.014455">
        <time>2026-04-05T08:20:26.000Z</time>
      </trkpt>
      <trkpt lat="49.057942" lon="15.014428">
        <time>2026-04-05T08:20:28.000Z</time>
      </trkpt>
      <trkpt lat="49.057968" lon="15.014402">
        <time>2026-04-05T08:20:30.000Z</time>
      </trkpt>
      <trkpt lat="49.057992" lon="15.014387">
        <time>2026-04-05T08:20:33.000Z</time>
      </trkpt>
      <trkpt lat="49.05801" lon="15.014362">
        <time>2026-04-05T08:20:35.000Z</time>
      </trkpt>
      <trkpt lat="49.058023" lon="15.014308">
        <time>2026-04-05T08:20:37.000Z</time>
      </trkpt>
      <trkpt lat="49.058032" lon="15.014278">
        <time>2026-04-05T08:20:38.000Z</time>
      </trkpt>
      <trkpt lat="49.058033" lon="15.014248">
        <time>2026-04-05T08:20:39.000Z</time>
      </trkpt>
      <trkpt lat="49.058033" lon="15.014217">
        <time>2026-04-05T08:20:40.000Z</time>
      </trkpt>
      <trkpt lat="49.058033" lon="15.014187">
        <time>2026-04-05T08:20:41.000Z</time>
      </trkpt>
      <trkpt lat="49.05803" lon="15.014158">
        <time>2026-04-05T08:20:42.000Z</time>
      </trkpt>
      <trkpt lat="49.05802" lon="15.014128">
        <time>2026-04-05T08:20:43.000Z</time>
      </trkpt>
      <trkpt lat="49.058018" lon="15.014088">
        <time>2026-04-05T08:20:45.000Z</time>
      </trkpt>
      <trkpt lat="49.058022" lon="15.014058">
        <time>2026-04-05T08:20:47.000Z</time>
      </trkpt>
      <trkpt lat="49.058028" lon="15.014032">
        <time>2026-04-05T08:20:49.000Z</time>
      </trkpt>
      <trkpt lat="49.058033" lon="15.013985">
        <time>2026-04-05T08:20:52.000Z</time>
      </trkpt>
      <trkpt lat="49.05803" lon="15.013923">
        <time>2026-04-05T08:20:54.000Z</time>
      </trkpt>
      <trkpt lat="49.058018" lon="15.013897">
        <time>2026-04-05T08:20:55.000Z</time>
      </trkpt>
      <trkpt lat="49.058005" lon="15.013865">
        <time>2026-04-05T08:20:56.000Z</time>
      </trkpt>
      <trkpt lat="49.057988" lon="15.013837">
        <time>2026-04-05T08:20:57.000Z</time>
      </trkpt>
      <trkpt lat="49.057973" lon="15.013813">
        <time>2026-04-05T08:20:58.000Z</time>
      </trkpt>
      <trkpt lat="49.05796" lon="15.013788">
        <time>2026-04-05T08:20:59.000Z</time>
      </trkpt>
      <trkpt lat="49.057932" lon="15.013747">
        <time>2026-04-05T08:21:01.000Z</time>
      </trkpt>
      <trkpt lat="49.057915" lon="15.013723">
        <time>2026-04-05T08:21:02.000Z</time>
      </trkpt>
      <trkpt lat="49.057885" lon="15.013712">
        <time>2026-04-05T08:21:04.000Z</time>
      </trkpt>
      <trkpt lat="49.057867" lon="15.013722">
        <time>2026-04-05T08:21:05.000Z</time>
      </trkpt>
      <trkpt lat="49.057852" lon="15.013738">
        <time>2026-04-05T08:21:06.000Z</time>
      </trkpt>
      <trkpt lat="49.057833" lon="15.013742">
        <time>2026-04-05T08:21:07.000Z</time>
      </trkpt>
      <trkpt lat="49.057815" lon="15.013742">
        <time>2026-04-05T08:21:08.000Z</time>
      </trkpt>
      <trkpt lat="49.057797" lon="15.013738">
        <time>2026-04-05T08:21:09.000Z</time>
      </trkpt>
      <trkpt lat="49.057765" lon="15.013725">
        <time>2026-04-05T08:21:11.000Z</time>
      </trkpt>
      <trkpt lat="49.057747" lon="15.013715">
        <time>2026-04-05T08:21:12.000Z</time>
      </trkpt>
      <trkpt lat="49.057712" lon="15.013717">
        <time>2026-04-05T08:21:14.000Z</time>
      </trkpt>
      <trkpt lat="49.057687" lon="15.01371">
        <time>2026-04-05T08:21:15.000Z</time>
      </trkpt>
      <trkpt lat="49.057665" lon="15.013698">
        <time>2026-04-05T08:21:16.000Z</time>
      </trkpt>
      <trkpt lat="49.057638" lon="15.01368">
        <time>2026-04-05T08:21:17.000Z</time>
      </trkpt>
      <trkpt lat="49.05761" lon="15.013678">
        <time>2026-04-05T08:21:18.000Z</time>
      </trkpt>
      <trkpt lat="49.057582" lon="15.013683">
        <time>2026-04-05T08:21:19.000Z</time>
      </trkpt>
      <trkpt lat="49.057557" lon="15.013687">
        <time>2026-04-05T08:21:20.000Z</time>
      </trkpt>
      <trkpt lat="49.057532" lon="15.013692">
        <time>2026-04-05T08:21:21.000Z</time>
      </trkpt>
      <trkpt lat="49.05751" lon="15.013698">
        <time>2026-04-05T08:21:22.000Z</time>
      </trkpt>
      <trkpt lat="49.057488" lon="15.013702">
        <time>2026-04-05T08:21:23.000Z</time>
      </trkpt>
      <trkpt lat="49.057468" lon="15.01371">
        <time>2026-04-05T08:21:24.000Z</time>
      </trkpt>
      <trkpt lat="49.057452" lon="15.013725">
        <time>2026-04-05T08:21:25.000Z</time>
      </trkpt>
      <trkpt lat="49.057437" lon="15.013745">
        <time>2026-04-05T08:21:26.000Z</time>
      </trkpt>
      <trkpt lat="49.057418" lon="15.013757">
        <time>2026-04-05T08:21:27.000Z</time>
      </trkpt>
      <trkpt lat="49.0574" lon="15.013765">
        <time>2026-04-05T08:21:28.000Z</time>
      </trkpt>
      <trkpt lat="49.057378" lon="15.013772">
        <time>2026-04-05T08:21:29.000Z</time>
      </trkpt>
      <trkpt lat="49.057353" lon="15.013777">
        <time>2026-04-05T08:21:30.000Z</time>
      </trkpt>
      <trkpt lat="49.057327" lon="15.013782">
        <time>2026-04-05T08:21:31.000Z</time>
      </trkpt>
      <trkpt lat="49.057302" lon="15.013782">
        <time>2026-04-05T08:21:32.000Z</time>
      </trkpt>
      <trkpt lat="49.057277" lon="15.013787">
        <time>2026-04-05T08:21:33.000Z</time>
      </trkpt>
      <trkpt lat="49.057252" lon="15.013793">
        <time>2026-04-05T08:21:34.000Z</time>
      </trkpt>
      <trkpt lat="49.057232" lon="15.013798">
        <time>2026-04-05T08:21:35.000Z</time>
      </trkpt>
      <trkpt lat="49.057208" lon="15.013797">
        <time>2026-04-05T08:21:36.000Z</time>
      </trkpt>
      <trkpt lat="49.057182" lon="15.013793">
        <time>2026-04-05T08:21:37.000Z</time>
      </trkpt>
      <trkpt lat="49.057158" lon="15.013783">
        <time>2026-04-05T08:21:38.000Z</time>
      </trkpt>
      <trkpt lat="49.057133" lon="15.013778">
        <time>2026-04-05T08:21:39.000Z</time>
      </trkpt>
      <trkpt lat="49.057108" lon="15.013773">
        <time>2026-04-05T08:21:40.000Z</time>
      </trkpt>
      <trkpt lat="49.057085" lon="15.013773">
        <time>2026-04-05T08:21:41.000Z</time>
      </trkpt>
      <trkpt lat="49.057058" lon="15.013782">
        <time>2026-04-05T08:21:42.000Z</time>
      </trkpt>
      <trkpt lat="49.057033" lon="15.013788">
        <time>2026-04-05T08:21:43.000Z</time>
      </trkpt>
      <trkpt lat="49.057007" lon="15.013792">
        <time>2026-04-05T08:21:44.000Z</time>
      </trkpt>
      <trkpt lat="49.056982" lon="15.01379">
        <time>2026-04-05T08:21:45.000Z</time>
      </trkpt>
      <trkpt lat="49.056957" lon="15.013777">
        <time>2026-04-05T08:21:46.000Z</time>
      </trkpt>
      <trkpt lat="49.056933" lon="15.013757">
        <time>2026-04-05T08:21:47.000Z</time>
      </trkpt>
      <trkpt lat="49.056915" lon="15.013738">
        <time>2026-04-05T08:21:48.000Z</time>
      </trkpt>
      <trkpt lat="49.056893" lon="15.013727">
        <time>2026-04-05T08:21:49.000Z</time>
      </trkpt>
      <trkpt lat="49.05687" lon="15.013713">
        <time>2026-04-05T08:21:50.000Z</time>
      </trkpt>
      <trkpt lat="49.056845" lon="15.0137">
        <time>2026-04-05T08:21:51.000Z</time>
      </trkpt>
      <trkpt lat="49.05682" lon="15.013693">
        <time>2026-04-05T08:21:52.000Z</time>
      </trkpt>
      <trkpt lat="49.0568" lon="15.013692">
        <time>2026-04-05T08:21:53.000Z</time>
      </trkpt>
      <trkpt lat="49.056777" lon="15.013687">
        <time>2026-04-05T08:21:54.000Z</time>
      </trkpt>
      <trkpt lat="49.056758" lon="15.013687">
        <time>2026-04-05T08:21:55.000Z</time>
      </trkpt>
      <trkpt lat="49.056725" lon="15.013682">
        <time>2026-04-05T08:21:57.000Z</time>
      </trkpt>
      <trkpt lat="49.056703" lon="15.013672">
        <time>2026-04-05T08:21:58.000Z</time>
      </trkpt>
      <trkpt lat="49.056685" lon="15.01367">
        <time>2026-04-05T08:21:59.000Z</time>
      </trkpt>
      <trkpt lat="49.056652" lon="15.013667">
        <time>2026-04-05T08:22:01.000Z</time>
      </trkpt>
      <trkpt lat="49.056633" lon="15.013657">
        <time>2026-04-05T08:22:02.000Z</time>
      </trkpt>
      <trkpt lat="49.056615" lon="15.013643">
        <time>2026-04-05T08:22:03.000Z</time>
      </trkpt>
      <trkpt lat="49.056592" lon="15.013625">
        <time>2026-04-05T08:22:04.000Z</time>
      </trkpt>
      <trkpt lat="49.056575" lon="15.013607">
        <time>2026-04-05T08:22:05.000Z</time>
      </trkpt>
      <trkpt lat="49.05656" lon="15.013588">
        <time>2026-04-05T08:22:06.000Z</time>
      </trkpt>
      <trkpt lat="49.056542" lon="15.013563">
        <time>2026-04-05T08:22:07.000Z</time>
      </trkpt>
      <trkpt lat="49.056522" lon="15.013535">
        <time>2026-04-05T08:22:08.000Z</time>
      </trkpt>
      <trkpt lat="49.056498" lon="15.013512">
        <time>2026-04-05T08:22:09.000Z</time>
      </trkpt>
      <trkpt lat="49.056477" lon="15.013495">
        <time>2026-04-05T08:22:10.000Z</time>
      </trkpt>
      <trkpt lat="49.056455" lon="15.013483">
        <time>2026-04-05T08:22:11.000Z</time>
      </trkpt>
      <trkpt lat="49.056432" lon="15.013467">
        <time>2026-04-05T08:22:12.000Z</time>
      </trkpt>
      <trkpt lat="49.056405" lon="15.013453">
        <time>2026-04-05T08:22:13.000Z</time>
      </trkpt>
      <trkpt lat="49.056383" lon="15.013443">
        <time>2026-04-05T08:22:14.000Z</time>
      </trkpt>
      <trkpt lat="49.056362" lon="15.013427">
        <time>2026-04-05T08:22:15.000Z</time>
      </trkpt>
      <trkpt lat="49.056337" lon="15.013408">
        <time>2026-04-05T08:22:16.000Z</time>
      </trkpt>
      <trkpt lat="49.056313" lon="15.0134">
        <time>2026-04-05T08:22:17.000Z</time>
      </trkpt>
      <trkpt lat="49.056292" lon="15.013395">
        <time>2026-04-05T08:22:18.000Z</time>
      </trkpt>
      <trkpt lat="49.056265" lon="15.013385">
        <time>2026-04-05T08:22:19.000Z</time>
      </trkpt>
      <trkpt lat="49.056242" lon="15.013382">
        <time>2026-04-05T08:22:20.000Z</time>
      </trkpt>
      <trkpt lat="49.05622" lon="15.013373">
        <time>2026-04-05T08:22:21.000Z</time>
      </trkpt>
      <trkpt lat="49.056197" lon="15.013357">
        <time>2026-04-05T08:22:22.000Z</time>
      </trkpt>
      <trkpt lat="49.056172" lon="15.013345">
        <time>2026-04-05T08:22:23.000Z</time>
      </trkpt>
      <trkpt lat="49.056147" lon="15.013335">
        <time>2026-04-05T08:22:24.000Z</time>
      </trkpt>
      <trkpt lat="49.05612" lon="15.013328">
        <time>2026-04-05T08:22:25.000Z</time>
      </trkpt>
      <trkpt lat="49.056098" lon="15.013325">
        <time>2026-04-05T08:22:26.000Z</time>
      </trkpt>
      <trkpt lat="49.056077" lon="15.013317">
        <time>2026-04-05T08:22:27.000Z</time>
      </trkpt>
      <trkpt lat="49.056053" lon="15.013297">
        <time>2026-04-05T08:22:28.000Z</time>
      </trkpt>
      <trkpt lat="49.056028" lon="15.013283">
        <time>2026-04-05T08:22:29.000Z</time>
      </trkpt>
      <trkpt lat="49.056007" lon="15.013272">
        <time>2026-04-05T08:22:30.000Z</time>
      </trkpt>
      <trkpt lat="49.055985" lon="15.01326">
        <time>2026-04-05T08:22:31.000Z</time>
      </trkpt>
      <trkpt lat="49.05596" lon="15.013243">
        <time>2026-04-05T08:22:32.000Z</time>
      </trkpt>
      <trkpt lat="49.055937" lon="15.013223">
        <time>2026-04-05T08:22:33.000Z</time>
      </trkpt>
      <trkpt lat="49.055912" lon="15.013202">
        <time>2026-04-05T08:22:34.000Z</time>
      </trkpt>
      <trkpt lat="49.055885" lon="15.013192">
        <time>2026-04-05T08:22:35.000Z</time>
      </trkpt>
      <trkpt lat="49.05586" lon="15.013182">
        <time>2026-04-05T08:22:36.000Z</time>
      </trkpt>
      <trkpt lat="49.055835" lon="15.013173">
        <time>2026-04-05T08:22:37.000Z</time>
      </trkpt>
      <trkpt lat="49.05581" lon="15.013167">
        <time>2026-04-05T08:22:38.000Z</time>
      </trkpt>
      <trkpt lat="49.055785" lon="15.013165">
        <time>2026-04-05T08:22:39.000Z</time>
      </trkpt>
      <trkpt lat="49.055762" lon="15.013165">
        <time>2026-04-05T08:22:40.000Z</time>
      </trkpt>
      <trkpt lat="49.055735" lon="15.013163">
        <time>2026-04-05T08:22:41.000Z</time>
      </trkpt>
      <trkpt lat="49.05571" lon="15.01316">
        <time>2026-04-05T08:22:42.000Z</time>
      </trkpt>
      <trkpt lat="49.055682" lon="15.013157">
        <time>2026-04-05T08:22:43.000Z</time>
      </trkpt>
      <trkpt lat="49.055658" lon="15.013148">
        <time>2026-04-05T08:22:44.000Z</time>
      </trkpt>
      <trkpt lat="49.05563" lon="15.013147">
        <time>2026-04-05T08:22:45.000Z</time>
      </trkpt>
      <trkpt lat="49.055605" lon="15.013147">
        <time>2026-04-05T08:22:46.000Z</time>
      </trkpt>
      <trkpt lat="49.055582" lon="15.013143">
        <time>2026-04-05T08:22:47.000Z</time>
      </trkpt>
      <trkpt lat="49.055557" lon="15.013145">
        <time>2026-04-05T08:22:48.000Z</time>
      </trkpt>
      <trkpt lat="49.055528" lon="15.01314">
        <time>2026-04-05T08:22:49.000Z</time>
      </trkpt>
      <trkpt lat="49.055503" lon="15.01314">
        <time>2026-04-05T08:22:50.000Z</time>
      </trkpt>
      <trkpt lat="49.055483" lon="15.013145">
        <time>2026-04-05T08:22:51.000Z</time>
      </trkpt>
      <trkpt lat="49.055458" lon="15.013143">
        <time>2026-04-05T08:22:52.000Z</time>
      </trkpt>
      <trkpt lat="49.055435" lon="15.013133">
        <time>2026-04-05T08:22:53.000Z</time>
      </trkpt>
      <trkpt lat="49.055408" lon="15.013133">
        <time>2026-04-05T08:22:54.000Z</time>
      </trkpt>
      <trkpt lat="49.055382" lon="15.013133">
        <time>2026-04-05T08:22:55.000Z</time>
      </trkpt>
      <trkpt lat="49.055357" lon="15.013128">
        <time>2026-04-05T08:22:56.000Z</time>
      </trkpt>
      <trkpt lat="49.05533" lon="15.013125">
        <time>2026-04-05T08:22:57.000Z</time>
      </trkpt>
      <trkpt lat="49.055305" lon="15.013125">
        <time>2026-04-05T08:22:58.000Z</time>
      </trkpt>
      <trkpt lat="49.055283" lon="15.013132">
        <time>2026-04-05T08:22:59.000Z</time>
      </trkpt>
      <trkpt lat="49.055258" lon="15.013137">
        <time>2026-04-05T08:23:00.000Z</time>
      </trkpt>
      <trkpt lat="49.055233" lon="15.013137">
        <time>2026-04-05T08:23:01.000Z</time>
      </trkpt>
      <trkpt lat="49.05521" lon="15.013145">
        <time>2026-04-05T08:23:02.000Z</time>
      </trkpt>
      <trkpt lat="49.055187" lon="15.01315">
        <time>2026-04-05T08:23:03.000Z</time>
      </trkpt>
      <trkpt lat="49.055162" lon="15.013158">
        <time>2026-04-05T08:23:04.000Z</time>
      </trkpt>
      <trkpt lat="49.055135" lon="15.013172">
        <time>2026-04-05T08:23:05.000Z</time>
      </trkpt>
      <trkpt lat="49.055107" lon="15.013188">
        <time>2026-04-05T08:23:06.000Z</time>
      </trkpt>
      <trkpt lat="49.055078" lon="15.013203">
        <time>2026-04-05T08:23:07.000Z</time>
      </trkpt>
      <trkpt lat="49.055052" lon="15.013222">
        <time>2026-04-05T08:23:08.000Z</time>
      </trkpt>
      <trkpt lat="49.055022" lon="15.013233">
        <time>2026-04-05T08:23:09.000Z</time>
      </trkpt>
      <trkpt lat="49.054995" lon="15.013237">
        <time>2026-04-05T08:23:10.000Z</time>
      </trkpt>
      <trkpt lat="49.054967" lon="15.013233">
        <time>2026-04-05T08:23:11.000Z</time>
      </trkpt>
      <trkpt lat="49.05494" lon="15.013227">
        <time>2026-04-05T08:23:12.000Z</time>
      </trkpt>
      <trkpt lat="49.054917" lon="15.013227">
        <time>2026-04-05T08:23:13.000Z</time>
      </trkpt>
      <trkpt lat="49.054897" lon="15.013225">
        <time>2026-04-05T08:23:14.000Z</time>
      </trkpt>
      <trkpt lat="49.054873" lon="15.013228">
        <time>2026-04-05T08:23:15.000Z</time>
      </trkpt>
      <trkpt lat="49.054848" lon="15.013232">
        <time>2026-04-05T08:23:16.000Z</time>
      </trkpt>
      <trkpt lat="49.054827" lon="15.013232">
        <time>2026-04-05T08:23:17.000Z</time>
      </trkpt>
      <trkpt lat="49.054805" lon="15.013232">
        <time>2026-04-05T08:23:18.000Z</time>
      </trkpt>
      <trkpt lat="49.054782" lon="15.01324">
        <time>2026-04-05T08:23:19.000Z</time>
      </trkpt>
      <trkpt lat="49.05476" lon="15.013247">
        <time>2026-04-05T08:23:20.000Z</time>
      </trkpt>
      <trkpt lat="49.054733" lon="15.013247">
        <time>2026-04-05T08:23:21.000Z</time>
      </trkpt>
      <trkpt lat="49.054708" lon="15.013247">
        <time>2026-04-05T08:23:22.000Z</time>
      </trkpt>
      <trkpt lat="49.054685" lon="15.013242">
        <time>2026-04-05T08:23:23.000Z</time>
      </trkpt>
      <trkpt lat="49.054662" lon="15.013233">
        <time>2026-04-05T08:23:24.000Z</time>
      </trkpt>
      <trkpt lat="49.05464" lon="15.013223">
        <time>2026-04-05T08:23:25.000Z</time>
      </trkpt>
      <trkpt lat="49.054617" lon="15.013222">
        <time>2026-04-05T08:23:26.000Z</time>
      </trkpt>
      <trkpt lat="49.054588" lon="15.013223">
        <time>2026-04-05T08:23:27.000Z</time>
      </trkpt>
      <trkpt lat="49.054565" lon="15.013232">
        <time>2026-04-05T08:23:28.000Z</time>
      </trkpt>
      <trkpt lat="49.054543" lon="15.013245">
        <time>2026-04-05T08:23:29.000Z</time>
      </trkpt>
      <trkpt lat="49.054515" lon="15.01326">
        <time>2026-04-05T08:23:30.000Z</time>
      </trkpt>
      <trkpt lat="49.054492" lon="15.013273">
        <time>2026-04-05T08:23:31.000Z</time>
      </trkpt>
      <trkpt lat="49.05447" lon="15.013287">
        <time>2026-04-05T08:23:32.000Z</time>
      </trkpt>
      <trkpt lat="49.054445" lon="15.0133">
        <time>2026-04-05T08:23:33.000Z</time>
      </trkpt>
      <trkpt lat="49.054423" lon="15.013317">
        <time>2026-04-05T08:23:34.000Z</time>
      </trkpt>
      <trkpt lat="49.054402" lon="15.013333">
        <time>2026-04-05T08:23:35.000Z</time>
      </trkpt>
      <trkpt lat="49.05438" lon="15.013348">
        <time>2026-04-05T08:23:36.000Z</time>
      </trkpt>
      <trkpt lat="49.05436" lon="15.013365">
        <time>2026-04-05T08:23:37.000Z</time>
      </trkpt>
      <trkpt lat="49.05433" lon="15.013402">
        <time>2026-04-05T08:23:39.000Z</time>
      </trkpt>
      <trkpt lat="49.054315" lon="15.013425">
        <time>2026-04-05T08:23:40.000Z</time>
      </trkpt>
      <trkpt lat="49.054302" lon="15.013447">
        <time>2026-04-05T08:23:41.000Z</time>
      </trkpt>
      <trkpt lat="49.054287" lon="15.013468">
        <time>2026-04-05T08:23:42.000Z</time>
      </trkpt>
      <trkpt lat="49.054272" lon="15.013498">
        <time>2026-04-05T08:23:44.000Z</time>
      </trkpt>
      <trkpt lat="49.054257" lon="15.01352">
        <time>2026-04-05T08:23:45.000Z</time>
      </trkpt>
      <trkpt lat="49.05424" lon="15.013547">
        <time>2026-04-05T08:23:46.000Z</time>
      </trkpt>
      <trkpt lat="49.054225" lon="15.01358">
        <time>2026-04-05T08:23:47.000Z</time>
      </trkpt>
      <trkpt lat="49.054207" lon="15.01362">
        <time>2026-04-05T08:23:49.000Z</time>
      </trkpt>
      <trkpt lat="49.054197" lon="15.01368">
        <time>2026-04-05T08:23:51.000Z</time>
      </trkpt>
      <trkpt lat="49.054197" lon="15.01373">
        <time>2026-04-05T08:23:53.000Z</time>
      </trkpt>
      <trkpt lat="49.054188" lon="15.013785">
        <time>2026-04-05T08:23:55.000Z</time>
      </trkpt>
      <trkpt lat="49.054188" lon="15.01382">
        <time>2026-04-05T08:23:56.000Z</time>
      </trkpt>
      <trkpt lat="49.05419" lon="15.013853">
        <time>2026-04-05T08:23:57.000Z</time>
      </trkpt>
      <trkpt lat="49.054188" lon="15.013883">
        <time>2026-04-05T08:23:58.000Z</time>
      </trkpt>
      <trkpt lat="49.054187" lon="15.013913">
        <time>2026-04-05T08:23:59.000Z</time>
      </trkpt>
      <trkpt lat="49.054187" lon="15.013945">
        <time>2026-04-05T08:24:00.000Z</time>
      </trkpt>
      <trkpt lat="49.054185" lon="15.013973">
        <time>2026-04-05T08:24:01.000Z</time>
      </trkpt>
      <trkpt lat="49.05419" lon="15.01401">
        <time>2026-04-05T08:24:02.000Z</time>
      </trkpt>
      <trkpt lat="49.054197" lon="15.014042">
        <time>2026-04-05T08:24:03.000Z</time>
      </trkpt>
      <trkpt lat="49.0542" lon="15.014105">
        <time>2026-04-05T08:24:05.000Z</time>
      </trkpt>
      <trkpt lat="49.054203" lon="15.014137">
        <time>2026-04-05T08:24:06.000Z</time>
      </trkpt>
      <trkpt lat="49.05421" lon="15.01419">
        <time>2026-04-05T08:24:08.000Z</time>
      </trkpt>
      <trkpt lat="49.054212" lon="15.01422">
        <time>2026-04-05T08:24:09.000Z</time>
      </trkpt>
      <trkpt lat="49.054217" lon="15.014248">
        <time>2026-04-05T08:24:10.000Z</time>
      </trkpt>
      <trkpt lat="49.054208" lon="15.014298">
        <time>2026-04-05T08:24:12.000Z</time>
      </trkpt>
      <trkpt lat="49.054203" lon="15.014353">
        <time>2026-04-05T08:24:14.000Z</time>
      </trkpt>
      <trkpt lat="49.054207" lon="15.014405">
        <time>2026-04-05T08:24:16.000Z</time>
      </trkpt>
      <trkpt lat="49.054208" lon="15.01446">
        <time>2026-04-05T08:24:18.000Z</time>
      </trkpt>
      <trkpt lat="49.054207" lon="15.014493">
        <time>2026-04-05T08:24:19.000Z</time>
      </trkpt>
      <trkpt lat="49.054207" lon="15.014525">
        <time>2026-04-05T08:24:20.000Z</time>
      </trkpt>
      <trkpt lat="49.0542" lon="15.01457">
        <time>2026-04-05T08:24:21.000Z</time>
      </trkpt>
      <trkpt lat="49.054198" lon="15.014607">
        <time>2026-04-05T08:24:22.000Z</time>
      </trkpt>
      <trkpt lat="49.054195" lon="15.014652">
        <time>2026-04-05T08:24:23.000Z</time>
      </trkpt>
      <trkpt lat="49.054198" lon="15.014682">
        <time>2026-04-05T08:24:24.000Z</time>
      </trkpt>
      <trkpt lat="49.054207" lon="15.01471">
        <time>2026-04-05T08:24:25.000Z</time>
      </trkpt>
      <trkpt lat="49.054215" lon="15.014747">
        <time>2026-04-05T08:24:26.000Z</time>
      </trkpt>
      <trkpt lat="49.054217" lon="15.014783">
        <time>2026-04-05T08:24:27.000Z</time>
      </trkpt>
      <trkpt lat="49.054222" lon="15.014817">
        <time>2026-04-05T08:24:28.000Z</time>
      </trkpt>
      <trkpt lat="49.054227" lon="15.014847">
        <time>2026-04-05T08:24:29.000Z</time>
      </trkpt>
      <trkpt lat="49.054232" lon="15.014878">
        <time>2026-04-05T08:24:30.000Z</time>
      </trkpt>
      <trkpt lat="49.054237" lon="15.014905">
        <time>2026-04-05T08:24:31.000Z</time>
      </trkpt>
      <trkpt lat="49.05424" lon="15.014937">
        <time>2026-04-05T08:24:32.000Z</time>
      </trkpt>
      <trkpt lat="49.05424" lon="15.014967">
        <time>2026-04-05T08:24:33.000Z</time>
      </trkpt>
      <trkpt lat="49.054237" lon="15.014995">
        <time>2026-04-05T08:24:34.000Z</time>
      </trkpt>
      <trkpt lat="49.054233" lon="15.015033">
        <time>2026-04-05T08:24:35.000Z</time>
      </trkpt>
      <trkpt lat="49.054232" lon="15.015065">
        <time>2026-04-05T08:24:36.000Z</time>
      </trkpt>
      <trkpt lat="49.054232" lon="15.015093">
        <time>2026-04-05T08:24:37.000Z</time>
      </trkpt>
      <trkpt lat="49.054227" lon="15.015148">
        <time>2026-04-05T08:24:39.000Z</time>
      </trkpt>
      <trkpt lat="49.05423" lon="15.015177">
        <time>2026-04-05T08:24:40.000Z</time>
      </trkpt>
      <trkpt lat="49.05424" lon="15.0152">
        <time>2026-04-05T08:24:41.000Z</time>
      </trkpt>
      <trkpt lat="49.054252" lon="15.015223">
        <time>2026-04-05T08:24:43.000Z</time>
      </trkpt>
      <trkpt lat="49.054275" lon="15.015257">
        <time>2026-04-05T08:24:45.000Z</time>
      </trkpt>
      <trkpt lat="49.054295" lon="15.015255">
        <time>2026-04-05T08:24:46.000Z</time>
      </trkpt>
      <trkpt lat="49.05432" lon="15.01526">
        <time>2026-04-05T08:24:48.000Z</time>
      </trkpt>
      <trkpt lat="49.054343" lon="15.015243">
        <time>2026-04-05T08:24:50.000Z</time>
      </trkpt>
      <trkpt lat="49.054373" lon="15.015223">
        <time>2026-04-05T08:24:52.000Z</time>
      </trkpt>
      <trkpt lat="49.054397" lon="15.01522">
        <time>2026-04-05T08:24:53.000Z</time>
      </trkpt>
      <trkpt lat="49.054415" lon="15.015225">
        <time>2026-04-05T08:24:54.000Z</time>
      </trkpt>
      <trkpt lat="49.054438" lon="15.015225">
        <time>2026-04-05T08:24:55.000Z</time>
      </trkpt>
      <trkpt lat="49.054463" lon="15.015222">
        <time>2026-04-05T08:24:56.000Z</time>
      </trkpt>
      <trkpt lat="49.054487" lon="15.015213">
        <time>2026-04-05T08:24:57.000Z</time>
      </trkpt>
      <trkpt lat="49.05451" lon="15.015207">
        <time>2026-04-05T08:24:58.000Z</time>
      </trkpt>
      <trkpt lat="49.054532" lon="15.015195">
        <time>2026-04-05T08:24:59.000Z</time>
      </trkpt>
      <trkpt lat="49.054548" lon="15.015183">
        <time>2026-04-05T08:25:00.000Z</time>
      </trkpt>
      <trkpt lat="49.054568" lon="15.015173">
        <time>2026-04-05T08:25:01.000Z</time>
      </trkpt>
      <trkpt lat="49.054597" lon="15.015158">
        <time>2026-04-05T08:25:02.000Z</time>
      </trkpt>
      <trkpt lat="49.054622" lon="15.015142">
        <time>2026-04-05T08:25:03.000Z</time>
      </trkpt>
      <trkpt lat="49.054645" lon="15.015123">
        <time>2026-04-05T08:25:04.000Z</time>
      </trkpt>
      <trkpt lat="49.054672" lon="15.015112">
        <time>2026-04-05T08:25:05.000Z</time>
      </trkpt>
      <trkpt lat="49.054693" lon="15.015102">
        <time>2026-04-05T08:25:06.000Z</time>
      </trkpt>
      <trkpt lat="49.054717" lon="15.01509">
        <time>2026-04-05T08:25:07.000Z</time>
      </trkpt>
      <trkpt lat="49.054733" lon="15.015073">
        <time>2026-04-05T08:25:08.000Z</time>
      </trkpt>
      <trkpt lat="49.054753" lon="15.015047">
        <time>2026-04-05T08:25:09.000Z</time>
      </trkpt>
      <trkpt lat="49.054768" lon="15.015013">
        <time>2026-04-05T08:25:10.000Z</time>
      </trkpt>
      <trkpt lat="49.054787" lon="15.014988">
        <time>2026-04-05T08:25:11.000Z</time>
      </trkpt>
      <trkpt lat="49.054808" lon="15.014972">
        <time>2026-04-05T08:25:12.000Z</time>
      </trkpt>
      <trkpt lat="49.054833" lon="15.014947">
        <time>2026-04-05T08:25:13.000Z</time>
      </trkpt>
      <trkpt lat="49.05486" lon="15.014935">
        <time>2026-04-05T08:25:14.000Z</time>
      </trkpt>
      <trkpt lat="49.054883" lon="15.014917">
        <time>2026-04-05T08:25:15.000Z</time>
      </trkpt>
      <trkpt lat="49.054912" lon="15.014895">
        <time>2026-04-05T08:25:16.000Z</time>
      </trkpt>
      <trkpt lat="49.05494" lon="15.014875">
        <time>2026-04-05T08:25:17.000Z</time>
      </trkpt>
      <trkpt lat="49.054968" lon="15.014855">
        <time>2026-04-05T08:25:18.000Z</time>
      </trkpt>
      <trkpt lat="49.054993" lon="15.01484">
        <time>2026-04-05T08:25:19.000Z</time>
      </trkpt>
      <trkpt lat="49.055023" lon="15.014825">
        <time>2026-04-05T08:25:20.000Z</time>
      </trkpt>
      <trkpt lat="49.05505" lon="15.014807">
        <time>2026-04-05T08:25:21.000Z</time>
      </trkpt>
      <trkpt lat="49.05507" lon="15.014785">
        <time>2026-04-05T08:25:22.000Z</time>
      </trkpt>
      <trkpt lat="49.055092" lon="15.014762">
        <time>2026-04-05T08:25:23.000Z</time>
      </trkpt>
      <trkpt lat="49.05511" lon="15.014743">
        <time>2026-04-05T08:25:24.000Z</time>
      </trkpt>
      <trkpt lat="49.05513" lon="15.014728">
        <time>2026-04-05T08:25:25.000Z</time>
      </trkpt>
      <trkpt lat="49.055152" lon="15.014718">
        <time>2026-04-05T08:25:26.000Z</time>
      </trkpt>
      <trkpt lat="49.055183" lon="15.014707">
        <time>2026-04-05T08:25:27.000Z</time>
      </trkpt>
      <trkpt lat="49.05521" lon="15.014705">
        <time>2026-04-05T08:25:28.000Z</time>
      </trkpt>
      <trkpt lat="49.055238" lon="15.014702">
        <time>2026-04-05T08:25:29.000Z</time>
      </trkpt>
      <trkpt lat="49.055267" lon="15.01469">
        <time>2026-04-05T08:25:30.000Z</time>
      </trkpt>
      <trkpt lat="49.055295" lon="15.014673">
        <time>2026-04-05T08:25:31.000Z</time>
      </trkpt>
      <trkpt lat="49.055318" lon="15.014657">
        <time>2026-04-05T08:25:32.000Z</time>
      </trkpt>
      <trkpt lat="49.055342" lon="15.014635">
        <time>2026-04-05T08:25:33.000Z</time>
      </trkpt>
      <trkpt lat="49.055362" lon="15.014618">
        <time>2026-04-05T08:25:34.000Z</time>
      </trkpt>
      <trkpt lat="49.055382" lon="15.014595">
        <time>2026-04-05T08:25:35.000Z</time>
      </trkpt>
      <trkpt lat="49.055405" lon="15.01458">
        <time>2026-04-05T08:25:36.000Z</time>
      </trkpt>
      <trkpt lat="49.055428" lon="15.014562">
        <time>2026-04-05T08:25:37.000Z</time>
      </trkpt>
      <trkpt lat="49.055452" lon="15.014548">
        <time>2026-04-05T08:25:38.000Z</time>
      </trkpt>
      <trkpt lat="49.055473" lon="15.014537">
        <time>2026-04-05T08:25:39.000Z</time>
      </trkpt>
      <trkpt lat="49.0555" lon="15.014532">
        <time>2026-04-05T08:25:40.000Z</time>
      </trkpt>
      <trkpt lat="49.055525" lon="15.014527">
        <time>2026-04-05T08:25:41.000Z</time>
      </trkpt>
      <trkpt lat="49.055548" lon="15.01452">
        <time>2026-04-05T08:25:42.000Z</time>
      </trkpt>
      <trkpt lat="49.055575" lon="15.014515">
        <time>2026-04-05T08:25:43.000Z</time>
      </trkpt>
      <trkpt lat="49.055602" lon="15.014513">
        <time>2026-04-05T08:25:44.000Z</time>
      </trkpt>
      <trkpt lat="49.055632" lon="15.014508">
        <time>2026-04-05T08:25:45.000Z</time>
      </trkpt>
      <trkpt lat="49.055657" lon="15.0145">
        <time>2026-04-05T08:25:46.000Z</time>
      </trkpt>
      <trkpt lat="49.055683" lon="15.014493">
        <time>2026-04-05T08:25:47.000Z</time>
      </trkpt>
      <trkpt lat="49.05571" lon="15.014487">
        <time>2026-04-05T08:25:48.000Z</time>
      </trkpt>
      <trkpt lat="49.05573" lon="15.014478">
        <time>2026-04-05T08:25:49.000Z</time>
      </trkpt>
      <trkpt lat="49.055748" lon="15.014457">
        <time>2026-04-05T08:25:51.000Z</time>
      </trkpt>
      <trkpt lat="49.055747" lon="15.014408">
        <time>2026-04-05T08:25:53.000Z</time>
      </trkpt>
      <trkpt lat="49.055748" lon="15.014377">
        <time>2026-04-05T08:25:54.000Z</time>
      </trkpt>
      <trkpt lat="49.055752" lon="15.014345">
        <time>2026-04-05T08:25:55.000Z</time>
      </trkpt>
      <trkpt lat="49.055758" lon="15.014312">
        <time>2026-04-05T08:25:56.000Z</time>
      </trkpt>
      <trkpt lat="49.055772" lon="15.014277">
        <time>2026-04-05T08:25:57.000Z</time>
      </trkpt>
      <trkpt lat="49.055788" lon="15.014237">
        <time>2026-04-05T08:25:58.000Z</time>
      </trkpt>
      <trkpt lat="49.0558" lon="15.014198">
        <time>2026-04-05T08:25:59.000Z</time>
      </trkpt>
      <trkpt lat="49.055813" lon="15.014158">
        <time>2026-04-05T08:26:00.000Z</time>
      </trkpt>
      <trkpt lat="49.055833" lon="15.014118">
        <time>2026-04-05T08:26:01.000Z</time>
      </trkpt>
      <trkpt lat="49.055847" lon="15.014083">
        <time>2026-04-05T08:26:02.000Z</time>
      </trkpt>
      <trkpt lat="49.055865" lon="15.014048">
        <time>2026-04-05T08:26:03.000Z</time>
      </trkpt>
      <trkpt lat="49.055882" lon="15.014007">
        <time>2026-04-05T08:26:04.000Z</time>
      </trkpt>
      <trkpt lat="49.055898" lon="15.01397">
        <time>2026-04-05T08:26:05.000Z</time>
      </trkpt>
      <trkpt lat="49.055913" lon="15.013927">
        <time>2026-04-05T08:26:06.000Z</time>
      </trkpt>
      <trkpt lat="49.055927" lon="15.013887">
        <time>2026-04-05T08:26:07.000Z</time>
      </trkpt>
      <trkpt lat="49.055937" lon="15.013847">
        <time>2026-04-05T08:26:08.000Z</time>
      </trkpt>
      <trkpt lat="49.055947" lon="15.01381">
        <time>2026-04-05T08:26:09.000Z</time>
      </trkpt>
      <trkpt lat="49.055957" lon="15.013778">
        <time>2026-04-05T08:26:10.000Z</time>
      </trkpt>
      <trkpt lat="49.055962" lon="15.013738">
        <time>2026-04-05T08:26:11.000Z</time>
      </trkpt>
      <trkpt lat="49.05597" lon="15.01369">
        <time>2026-04-05T08:26:12.000Z</time>
      </trkpt>
      <trkpt lat="49.055978" lon="15.013645">
        <time>2026-04-05T08:26:13.000Z</time>
      </trkpt>
      <trkpt lat="49.055988" lon="15.013603">
        <time>2026-04-05T08:26:14.000Z</time>
      </trkpt>
      <trkpt lat="49.056" lon="15.013567">
        <time>2026-04-05T08:26:15.000Z</time>
      </trkpt>
      <trkpt lat="49.056013" lon="15.013528">
        <time>2026-04-05T08:26:16.000Z</time>
      </trkpt>
      <trkpt lat="49.056027" lon="15.013492">
        <time>2026-04-05T08:26:17.000Z</time>
      </trkpt>
      <trkpt lat="49.056045" lon="15.01346">
        <time>2026-04-05T08:26:18.000Z</time>
      </trkpt>
      <trkpt lat="49.05606" lon="15.013422">
        <time>2026-04-05T08:26:19.000Z</time>
      </trkpt>
      <trkpt lat="49.056075" lon="15.01338">
        <time>2026-04-05T08:26:20.000Z</time>
      </trkpt>
      <trkpt lat="49.056085" lon="15.01334">
        <time>2026-04-05T08:26:21.000Z</time>
      </trkpt>
      <trkpt lat="49.056097" lon="15.013295">
        <time>2026-04-05T08:26:22.000Z</time>
      </trkpt>
      <trkpt lat="49.056107" lon="15.013248">
        <time>2026-04-05T08:26:23.000Z</time>
      </trkpt>
      <trkpt lat="49.056117" lon="15.013205">
        <time>2026-04-05T08:26:24.000Z</time>
      </trkpt>
      <trkpt lat="49.056127" lon="15.013165">
        <time>2026-04-05T08:26:25.000Z</time>
      </trkpt>
      <trkpt lat="49.056137" lon="15.013127">
        <time>2026-04-05T08:26:26.000Z</time>
      </trkpt>
      <trkpt lat="49.056148" lon="15.01308">
        <time>2026-04-05T08:26:27.000Z</time>
      </trkpt>
      <trkpt lat="49.05616" lon="15.013038">
        <time>2026-04-05T08:26:28.000Z</time>
      </trkpt>
      <trkpt lat="49.056173" lon="15.012997">
        <time>2026-04-05T08:26:29.000Z</time>
      </trkpt>
      <trkpt lat="49.056182" lon="15.012965">
        <time>2026-04-05T08:26:30.000Z</time>
      </trkpt>
      <trkpt lat="49.056195" lon="15.012933">
        <time>2026-04-05T08:26:31.000Z</time>
      </trkpt>
      <trkpt lat="49.05621" lon="15.012898">
        <time>2026-04-05T08:26:32.000Z</time>
      </trkpt>
      <trkpt lat="49.05622" lon="15.012865">
        <time>2026-04-05T08:26:33.000Z</time>
      </trkpt>
      <trkpt lat="49.05623" lon="15.012827">
        <time>2026-04-05T08:26:34.000Z</time>
      </trkpt>
      <trkpt lat="49.056238" lon="15.012783">
        <time>2026-04-05T08:26:35.000Z</time>
      </trkpt>
      <trkpt lat="49.056242" lon="15.012743">
        <time>2026-04-05T08:26:36.000Z</time>
      </trkpt>
      <trkpt lat="49.056238" lon="15.0127">
        <time>2026-04-05T08:26:37.000Z</time>
      </trkpt>
      <trkpt lat="49.056228" lon="15.012657">
        <time>2026-04-05T08:26:38.000Z</time>
      </trkpt>
      <trkpt lat="49.056217" lon="15.01262">
        <time>2026-04-05T08:26:39.000Z</time>
      </trkpt>
      <trkpt lat="49.056208" lon="15.012582">
        <time>2026-04-05T08:26:40.000Z</time>
      </trkpt>
      <trkpt lat="49.0562" lon="15.012548">
        <time>2026-04-05T08:26:41.000Z</time>
      </trkpt>
      <trkpt lat="49.0562" lon="15.012505">
        <time>2026-04-05T08:26:42.000Z</time>
      </trkpt>
      <trkpt lat="49.056198" lon="15.012455">
        <time>2026-04-05T08:26:43.000Z</time>
      </trkpt>
      <trkpt lat="49.056202" lon="15.012405">
        <time>2026-04-05T08:26:44.000Z</time>
      </trkpt>
      <trkpt lat="49.05621" lon="15.012357">
        <time>2026-04-05T08:26:45.000Z</time>
      </trkpt>
      <trkpt lat="49.056217" lon="15.012307">
        <time>2026-04-05T08:26:46.000Z</time>
      </trkpt>
      <trkpt lat="49.056225" lon="15.012262">
        <time>2026-04-05T08:26:47.000Z</time>
      </trkpt>
      <trkpt lat="49.05624" lon="15.012215">
        <time>2026-04-05T08:26:48.000Z</time>
      </trkpt>
      <trkpt lat="49.05625" lon="15.012168">
        <time>2026-04-05T08:26:49.000Z</time>
      </trkpt>
      <trkpt lat="49.05626" lon="15.012133">
        <time>2026-04-05T08:26:50.000Z</time>
      </trkpt>
      <trkpt lat="49.056273" lon="15.01209">
        <time>2026-04-05T08:26:51.000Z</time>
      </trkpt>
      <trkpt lat="49.05629" lon="15.01204">
        <time>2026-04-05T08:26:52.000Z</time>
      </trkpt>
      <trkpt lat="49.056303" lon="15.011998">
        <time>2026-04-05T08:26:53.000Z</time>
      </trkpt>
      <trkpt lat="49.056318" lon="15.011957">
        <time>2026-04-05T08:26:54.000Z</time>
      </trkpt>
      <trkpt lat="49.056328" lon="15.011915">
        <time>2026-04-05T08:26:55.000Z</time>
      </trkpt>
      <trkpt lat="49.056343" lon="15.011885">
        <time>2026-04-05T08:26:56.000Z</time>
      </trkpt>
      <trkpt lat="49.056357" lon="15.011853">
        <time>2026-04-05T08:26:57.000Z</time>
      </trkpt>
      <trkpt lat="49.056373" lon="15.011815">
        <time>2026-04-05T08:26:58.000Z</time>
      </trkpt>
      <trkpt lat="49.056393" lon="15.01178">
        <time>2026-04-05T08:26:59.000Z</time>
      </trkpt>
      <trkpt lat="49.056415" lon="15.011752">
        <time>2026-04-05T08:27:00.000Z</time>
      </trkpt>
      <trkpt lat="49.05644" lon="15.011727">
        <time>2026-04-05T08:27:01.000Z</time>
      </trkpt>
      <trkpt lat="49.056468" lon="15.011708">
        <time>2026-04-05T08:27:02.000Z</time>
      </trkpt>
      <trkpt lat="49.056498" lon="15.0117">
        <time>2026-04-05T08:27:03.000Z</time>
      </trkpt>
      <trkpt lat="49.05653" lon="15.011692">
        <time>2026-04-05T08:27:04.000Z</time>
      </trkpt>
      <trkpt lat="49.05656" lon="15.011692">
        <time>2026-04-05T08:27:05.000Z</time>
      </trkpt>
      <trkpt lat="49.056595" lon="15.01169">
        <time>2026-04-05T08:27:06.000Z</time>
      </trkpt>
      <trkpt lat="49.056628" lon="15.011688">
        <time>2026-04-05T08:27:07.000Z</time>
      </trkpt>
      <trkpt lat="49.056662" lon="15.011682">
        <time>2026-04-05T08:27:08.000Z</time>
      </trkpt>
      <trkpt lat="49.056688" lon="15.011673">
        <time>2026-04-05T08:27:09.000Z</time>
      </trkpt>
      <trkpt lat="49.056717" lon="15.011662">
        <time>2026-04-05T08:27:10.000Z</time>
      </trkpt>
      <trkpt lat="49.056743" lon="15.011652">
        <time>2026-04-05T08:27:11.000Z</time>
      </trkpt>
      <trkpt lat="49.05677" lon="15.011645">
        <time>2026-04-05T08:27:12.000Z</time>
      </trkpt>
      <trkpt lat="49.056792" lon="15.011642">
        <time>2026-04-05T08:27:13.000Z</time>
      </trkpt>
      <trkpt lat="49.05682" lon="15.011632">
        <time>2026-04-05T08:27:14.000Z</time>
      </trkpt>
      <trkpt lat="49.056848" lon="15.011623">
        <time>2026-04-05T08:27:15.000Z</time>
      </trkpt>
      <trkpt lat="49.056872" lon="15.01162">
        <time>2026-04-05T08:27:16.000Z</time>
      </trkpt>
      <trkpt lat="49.0569" lon="15.011615">
        <time>2026-04-05T08:27:17.000Z</time>
      </trkpt>
      <trkpt lat="49.056928" lon="15.011613">
        <time>2026-04-05T08:27:18.000Z</time>
      </trkpt>
      <trkpt lat="49.056958" lon="15.011605">
        <time>2026-04-05T08:27:19.000Z</time>
      </trkpt>
      <trkpt lat="49.056987" lon="15.0116">
        <time>2026-04-05T08:27:20.000Z</time>
      </trkpt>
      <trkpt lat="49.05701" lon="15.0116">
        <time>2026-04-05T08:27:21.000Z</time>
      </trkpt>
      <trkpt lat="49.057038" lon="15.011598">
        <time>2026-04-05T08:27:22.000Z</time>
      </trkpt>
      <trkpt lat="49.057072" lon="15.011595">
        <time>2026-04-05T08:27:23.000Z</time>
      </trkpt>
      <trkpt lat="49.0571" lon="15.011595">
        <time>2026-04-05T08:27:24.000Z</time>
      </trkpt>
      <trkpt lat="49.057122" lon="15.011598">
        <time>2026-04-05T08:27:25.000Z</time>
      </trkpt>
      <trkpt lat="49.057148" lon="15.011603">
        <time>2026-04-05T08:27:26.000Z</time>
      </trkpt>
      <trkpt lat="49.057178" lon="15.01161">
        <time>2026-04-05T08:27:27.000Z</time>
      </trkpt>
      <trkpt lat="49.057203" lon="15.01161">
        <time>2026-04-05T08:27:28.000Z</time>
      </trkpt>
      <trkpt lat="49.057233" lon="15.011617">
        <time>2026-04-05T08:27:29.000Z</time>
      </trkpt>
      <trkpt lat="49.057257" lon="15.011618">
        <time>2026-04-05T08:27:30.000Z</time>
      </trkpt>
      <trkpt lat="49.057287" lon="15.011618">
        <time>2026-04-05T08:27:31.000Z</time>
      </trkpt>
      <trkpt lat="49.057317" lon="15.011617">
        <time>2026-04-05T08:27:32.000Z</time>
      </trkpt>
      <trkpt lat="49.057345" lon="15.01162">
        <time>2026-04-05T08:27:33.000Z</time>
      </trkpt>
      <trkpt lat="49.057375" lon="15.011612">
        <time>2026-04-05T08:27:34.000Z</time>
      </trkpt>
      <trkpt lat="49.057403" lon="15.011595">
        <time>2026-04-05T08:27:35.000Z</time>
      </trkpt>
      <trkpt lat="49.057423" lon="15.011565">
        <time>2026-04-05T08:27:36.000Z</time>
      </trkpt>
      <trkpt lat="49.057437" lon="15.011535">
        <time>2026-04-05T08:27:37.000Z</time>
      </trkpt>
      <trkpt lat="49.057445" lon="15.011495">
        <time>2026-04-05T08:27:38.000Z</time>
      </trkpt>
      <trkpt lat="49.057457" lon="15.011462">
        <time>2026-04-05T08:27:39.000Z</time>
      </trkpt>
      <trkpt lat="49.05747" lon="15.011438">
        <time>2026-04-05T08:27:40.000Z</time>
      </trkpt>
      <trkpt lat="49.057487" lon="15.011415">
        <time>2026-04-05T08:27:41.000Z</time>
      </trkpt>
      <trkpt lat="49.05751" lon="15.011393">
        <time>2026-04-05T08:27:42.000Z</time>
      </trkpt>
      <trkpt lat="49.057532" lon="15.011373">
        <time>2026-04-05T08:27:43.000Z</time>
      </trkpt>
      <trkpt lat="49.05755" lon="15.01135">
        <time>2026-04-05T08:27:44.000Z</time>
      </trkpt>
      <trkpt lat="49.057567" lon="15.011323">
        <time>2026-04-05T08:27:45.000Z</time>
      </trkpt>
      <trkpt lat="49.057585" lon="15.011307">
        <time>2026-04-05T08:27:46.000Z</time>
      </trkpt>
      <trkpt lat="49.057608" lon="15.011295">
        <time>2026-04-05T08:27:47.000Z</time>
      </trkpt>
      <trkpt lat="49.05763" lon="15.01128">
        <time>2026-04-05T08:27:48.000Z</time>
      </trkpt>
      <trkpt lat="49.057653" lon="15.011258">
        <time>2026-04-05T08:27:49.000Z</time>
      </trkpt>
      <trkpt lat="49.057668" lon="15.011233">
        <time>2026-04-05T08:27:50.000Z</time>
      </trkpt>
      <trkpt lat="49.057682" lon="15.0112">
        <time>2026-04-05T08:27:51.000Z</time>
      </trkpt>
      <trkpt lat="49.057695" lon="15.011175">
        <time>2026-04-05T08:27:52.000Z</time>
      </trkpt>
      <trkpt lat="49.057712" lon="15.011148">
        <time>2026-04-05T08:27:53.000Z</time>
      </trkpt>
      <trkpt lat="49.057727" lon="15.011123">
        <time>2026-04-05T08:27:54.000Z</time>
      </trkpt>
      <trkpt lat="49.057738" lon="15.011095">
        <time>2026-04-05T08:27:55.000Z</time>
      </trkpt>
      <trkpt lat="49.057753" lon="15.011057">
        <time>2026-04-05T08:27:56.000Z</time>
      </trkpt>
      <trkpt lat="49.057763" lon="15.011025">
        <time>2026-04-05T08:27:57.000Z</time>
      </trkpt>
      <trkpt lat="49.057778" lon="15.010993">
        <time>2026-04-05T08:27:58.000Z</time>
      </trkpt>
      <trkpt lat="49.057785" lon="15.01096">
        <time>2026-04-05T08:27:59.000Z</time>
      </trkpt>
      <trkpt lat="49.0578" lon="15.010928">
        <time>2026-04-05T08:28:00.000Z</time>
      </trkpt>
      <trkpt lat="49.057812" lon="15.0109">
        <time>2026-04-05T08:28:01.000Z</time>
      </trkpt>
      <trkpt lat="49.05783" lon="15.010878">
        <time>2026-04-05T08:28:02.000Z</time>
      </trkpt>
      <trkpt lat="49.057853" lon="15.010832">
        <time>2026-04-05T08:28:04.000Z</time>
      </trkpt>
      <trkpt lat="49.057863" lon="15.010798">
        <time>2026-04-05T08:28:05.000Z</time>
      </trkpt>
      <trkpt lat="49.057867" lon="15.010765">
        <time>2026-04-05T08:28:06.000Z</time>
      </trkpt>
      <trkpt lat="49.057867" lon="15.010725">
        <time>2026-04-05T08:28:07.000Z</time>
      </trkpt>
      <trkpt lat="49.057873" lon="15.010688">
        <time>2026-04-05T08:28:08.000Z</time>
      </trkpt>
      <trkpt lat="49.057883" lon="15.010657">
        <time>2026-04-05T08:28:09.000Z</time>
      </trkpt>
      <trkpt lat="49.057893" lon="15.010625">
        <time>2026-04-05T08:28:10.000Z</time>
      </trkpt>
      <trkpt lat="49.057907" lon="15.010597">
        <time>2026-04-05T08:28:11.000Z</time>
      </trkpt>
      <trkpt lat="49.057923" lon="15.010563">
        <time>2026-04-05T08:28:12.000Z</time>
      </trkpt>
      <trkpt lat="49.057942" lon="15.010528">
        <time>2026-04-05T08:28:13.000Z</time>
      </trkpt>
      <trkpt lat="49.057952" lon="15.010497">
        <time>2026-04-05T08:28:14.000Z</time>
      </trkpt>
      <trkpt lat="49.057962" lon="15.01046">
        <time>2026-04-05T08:28:15.000Z</time>
      </trkpt>
      <trkpt lat="49.057972" lon="15.010428">
        <time>2026-04-05T08:28:16.000Z</time>
      </trkpt>
      <trkpt lat="49.057982" lon="15.010387">
        <time>2026-04-05T08:28:17.000Z</time>
      </trkpt>
      <trkpt lat="49.057992" lon="15.01035">
        <time>2026-04-05T08:28:18.000Z</time>
      </trkpt>
      <trkpt lat="49.058002" lon="15.010313">
        <time>2026-04-05T08:28:19.000Z</time>
      </trkpt>
      <trkpt lat="49.058012" lon="15.01028">
        <time>2026-04-05T08:28:20.000Z</time>
      </trkpt>
      <trkpt lat="49.058022" lon="15.010248">
        <time>2026-04-05T08:28:21.000Z</time>
      </trkpt>
      <trkpt lat="49.058032" lon="15.010205">
        <time>2026-04-05T08:28:22.000Z</time>
      </trkpt>
      <trkpt lat="49.058038" lon="15.010168">
        <time>2026-04-05T08:28:23.000Z</time>
      </trkpt>
      <trkpt lat="49.058045" lon="15.010137">
        <time>2026-04-05T08:28:24.000Z</time>
      </trkpt>
      <trkpt lat="49.058048" lon="15.0101">
        <time>2026-04-05T08:28:25.000Z</time>
      </trkpt>
      <trkpt lat="49.058047" lon="15.01007">
        <time>2026-04-05T08:28:26.000Z</time>
      </trkpt>
      <trkpt lat="49.058038" lon="15.01003">
        <time>2026-04-05T08:28:28.000Z</time>
      </trkpt>
      <trkpt lat="49.058027" lon="15.00999">
        <time>2026-04-05T08:28:30.000Z</time>
      </trkpt>
      <trkpt lat="49.058013" lon="15.009948">
        <time>2026-04-05T08:28:32.000Z</time>
      </trkpt>
      <trkpt lat="49.057993" lon="15.009908">
        <time>2026-04-05T08:28:34.000Z</time>
      </trkpt>
      <trkpt lat="49.05798" lon="15.009878">
        <time>2026-04-05T08:28:36.000Z</time>
      </trkpt>
      <trkpt lat="49.057968" lon="15.00984">
        <time>2026-04-05T08:28:38.000Z</time>
      </trkpt>
      <trkpt lat="49.057958" lon="15.009817">
        <time>2026-04-05T08:28:39.000Z</time>
      </trkpt>
      <trkpt lat="49.057935" lon="15.009778">
        <time>2026-04-05T08:28:41.000Z</time>
      </trkpt>
      <trkpt lat="49.057928" lon="15.009747">
        <time>2026-04-05T08:28:42.000Z</time>
      </trkpt>
      <trkpt lat="49.057917" lon="15.009718">
        <time>2026-04-05T08:28:43.000Z</time>
      </trkpt>
      <trkpt lat="49.057908" lon="15.009685">
        <time>2026-04-05T08:28:44.000Z</time>
      </trkpt>
      <trkpt lat="49.057903" lon="15.009648">
        <time>2026-04-05T08:28:45.000Z</time>
      </trkpt>
      <trkpt lat="49.057895" lon="15.009607">
        <time>2026-04-05T08:28:46.000Z</time>
      </trkpt>
      <trkpt lat="49.057887" lon="15.009575">
        <time>2026-04-05T08:28:47.000Z</time>
      </trkpt>
      <trkpt lat="49.057887" lon="15.009538">
        <time>2026-04-05T08:28:48.000Z</time>
      </trkpt>
      <trkpt lat="49.057888" lon="15.009503">
        <time>2026-04-05T08:28:49.000Z</time>
      </trkpt>
      <trkpt lat="49.057887" lon="15.009463">
        <time>2026-04-05T08:28:50.000Z</time>
      </trkpt>
      <trkpt lat="49.057885" lon="15.009428">
        <time>2026-04-05T08:28:51.000Z</time>
      </trkpt>
      <trkpt lat="49.057882" lon="15.009398">
        <time>2026-04-05T08:28:52.000Z</time>
      </trkpt>
      <trkpt lat="49.057887" lon="15.009367">
        <time>2026-04-05T08:28:53.000Z</time>
      </trkpt>
      <trkpt lat="49.057897" lon="15.009327">
        <time>2026-04-05T08:28:55.000Z</time>
      </trkpt>
      <trkpt lat="49.057915" lon="15.009302">
        <time>2026-04-05T08:28:57.000Z</time>
      </trkpt>
      <trkpt lat="49.057948" lon="15.009293">
        <time>2026-04-05T08:28:59.000Z</time>
      </trkpt>
      <trkpt lat="49.057973" lon="15.009288">
        <time>2026-04-05T08:29:00.000Z</time>
      </trkpt>
      <trkpt lat="49.057997" lon="15.009283">
        <time>2026-04-05T08:29:01.000Z</time>
      </trkpt>
      <trkpt lat="49.058017" lon="15.009277">
        <time>2026-04-05T08:29:02.000Z</time>
      </trkpt>
      <trkpt lat="49.058048" lon="15.009263">
        <time>2026-04-05T08:29:04.000Z</time>
      </trkpt>
      <trkpt lat="49.058067" lon="15.009265">
        <time>2026-04-05T08:29:05.000Z</time>
      </trkpt>
      <trkpt lat="49.058092" lon="15.00927">
        <time>2026-04-05T08:29:06.000Z</time>
      </trkpt>
      <trkpt lat="49.058113" lon="15.009273">
        <time>2026-04-05T08:29:07.000Z</time>
      </trkpt>
      <trkpt lat="49.058132" lon="15.009265">
        <time>2026-04-05T08:29:08.000Z</time>
      </trkpt>
      <trkpt lat="49.058148" lon="15.009247">
        <time>2026-04-05T08:29:09.000Z</time>
      </trkpt>
      <trkpt lat="49.058185" lon="15.009233">
        <time>2026-04-05T08:29:11.000Z</time>
      </trkpt>
      <trkpt lat="49.058203" lon="15.009235">
        <time>2026-04-05T08:29:12.000Z</time>
      </trkpt>
      <trkpt lat="49.058228" lon="15.009242">
        <time>2026-04-05T08:29:13.000Z</time>
      </trkpt>
      <trkpt lat="49.05825" lon="15.00925">
        <time>2026-04-05T08:29:14.000Z</time>
      </trkpt>
      <trkpt lat="49.058268" lon="15.009262">
        <time>2026-04-05T08:29:15.000Z</time>
      </trkpt>
      <trkpt lat="49.058302" lon="15.00928">
        <time>2026-04-05T08:29:17.000Z</time>
      </trkpt>
      <trkpt lat="49.05832" lon="15.009287">
        <time>2026-04-05T08:29:18.000Z</time>
      </trkpt>
      <trkpt lat="49.058342" lon="15.009298">
        <time>2026-04-05T08:29:19.000Z</time>
      </trkpt>
      <trkpt lat="49.058362" lon="15.00931">
        <time>2026-04-05T08:29:20.000Z</time>
      </trkpt>
      <trkpt lat="49.05838" lon="15.00932">
        <time>2026-04-05T08:29:21.000Z</time>
      </trkpt>
      <trkpt lat="49.0584" lon="15.009332">
        <time>2026-04-05T08:29:22.000Z</time>
      </trkpt>
      <trkpt lat="49.058415" lon="15.009348">
        <time>2026-04-05T08:29:23.000Z</time>
      </trkpt>
      <trkpt lat="49.058432" lon="15.009368">
        <time>2026-04-05T08:29:24.000Z</time>
      </trkpt>
      <trkpt lat="49.05845" lon="15.009385">
        <time>2026-04-05T08:29:25.000Z</time>
      </trkpt>
      <trkpt lat="49.058468" lon="15.009393">
        <time>2026-04-05T08:29:26.000Z</time>
      </trkpt>
      <trkpt lat="49.058487" lon="15.009392">
        <time>2026-04-05T08:29:27.000Z</time>
      </trkpt>
      <trkpt lat="49.058507" lon="15.009393">
        <time>2026-04-05T08:29:28.000Z</time>
      </trkpt>
      <trkpt lat="49.058528" lon="15.009398">
        <time>2026-04-05T08:29:29.000Z</time>
      </trkpt>
      <trkpt lat="49.058548" lon="15.009405">
        <time>2026-04-05T08:29:30.000Z</time>
      </trkpt>
      <trkpt lat="49.058568" lon="15.009413">
        <time>2026-04-05T08:29:31.000Z</time>
      </trkpt>
      <trkpt lat="49.05859" lon="15.009413">
        <time>2026-04-05T08:29:32.000Z</time>
      </trkpt>
      <trkpt lat="49.05861" lon="15.009403">
        <time>2026-04-05T08:29:33.000Z</time>
      </trkpt>
      <trkpt lat="49.058645" lon="15.009408">
        <time>2026-04-05T08:29:35.000Z</time>
      </trkpt>
      <trkpt lat="49.058665" lon="15.009417">
        <time>2026-04-05T08:29:36.000Z</time>
      </trkpt>
      <trkpt lat="49.058685" lon="15.009418">
        <time>2026-04-05T08:29:37.000Z</time>
      </trkpt>
      <trkpt lat="49.058712" lon="15.009427">
        <time>2026-04-05T08:29:39.000Z</time>
      </trkpt>
      <trkpt lat="49.058743" lon="15.009412">
        <time>2026-04-05T08:29:41.000Z</time>
      </trkpt>
      <trkpt lat="49.058762" lon="15.009403">
        <time>2026-04-05T08:29:42.000Z</time>
      </trkpt>
      <trkpt lat="49.058785" lon="15.009402">
        <time>2026-04-05T08:29:43.000Z</time>
      </trkpt>
      <trkpt lat="49.058805" lon="15.009392">
        <time>2026-04-05T08:29:44.000Z</time>
      </trkpt>
      <trkpt lat="49.05883" lon="15.00938">
        <time>2026-04-05T08:29:45.000Z</time>
      </trkpt>
      <trkpt lat="49.05885" lon="15.009365">
        <time>2026-04-05T08:29:46.000Z</time>
      </trkpt>
      <trkpt lat="49.058877" lon="15.009358">
        <time>2026-04-05T08:29:48.000Z</time>
      </trkpt>
      <trkpt lat="49.058897" lon="15.009368">
        <time>2026-04-05T08:29:52.000Z</time>
      </trkpt>
      <trkpt lat="49.058907" lon="15.00942">
        <time>2026-04-05T08:29:54.000Z</time>
      </trkpt>
      <trkpt lat="49.058902" lon="15.00947">
        <time>2026-04-05T08:29:56.000Z</time>
      </trkpt>
      <trkpt lat="49.058898" lon="15.0095">
        <time>2026-04-05T08:29:57.000Z</time>
      </trkpt>
      <trkpt lat="49.0589" lon="15.009542">
        <time>2026-04-05T08:29:58.000Z</time>
      </trkpt>
      <trkpt lat="49.058905" lon="15.009573">
        <time>2026-04-05T08:29:59.000Z</time>
      </trkpt>
      <trkpt lat="49.058908" lon="15.00961">
        <time>2026-04-05T08:30:00.000Z</time>
      </trkpt>
      <trkpt lat="49.058908" lon="15.009643">
        <time>2026-04-05T08:30:01.000Z</time>
      </trkpt>
      <trkpt lat="49.058905" lon="15.00968">
        <time>2026-04-05T08:30:02.000Z</time>
      </trkpt>
      <trkpt lat="49.058902" lon="15.009715">
        <time>2026-04-05T08:30:03.000Z</time>
      </trkpt>
      <trkpt lat="49.058895" lon="15.009743">
        <time>2026-04-05T08:30:04.000Z</time>
      </trkpt>
      <trkpt lat="49.058888" lon="15.00977">
        <time>2026-04-05T08:30:05.000Z</time>
      </trkpt>
      <trkpt lat="49.058878" lon="15.009803">
        <time>2026-04-05T08:30:06.000Z</time>
      </trkpt>
      <trkpt lat="49.058868" lon="15.009837">
        <time>2026-04-05T08:30:07.000Z</time>
      </trkpt>
      <trkpt lat="49.058862" lon="15.009872">
        <time>2026-04-05T08:30:08.000Z</time>
      </trkpt>
      <trkpt lat="49.058862" lon="15.0099">
        <time>2026-04-05T08:30:09.000Z</time>
      </trkpt>
      <trkpt lat="49.058858" lon="15.009932">
        <time>2026-04-05T08:30:10.000Z</time>
      </trkpt>
      <trkpt lat="49.058853" lon="15.00996">
        <time>2026-04-05T08:30:11.000Z</time>
      </trkpt>
      <trkpt lat="49.058845" lon="15.009988">
        <time>2026-04-05T08:30:12.000Z</time>
      </trkpt>
      <trkpt lat="49.058832" lon="15.010035">
        <time>2026-04-05T08:30:14.000Z</time>
      </trkpt>
      <trkpt lat="49.058823" lon="15.010072">
        <time>2026-04-05T08:30:16.000Z</time>
      </trkpt>
      <trkpt lat="49.058825" lon="15.010107">
        <time>2026-04-05T08:30:18.000Z</time>
      </trkpt>
      <trkpt lat="49.058838" lon="15.010142">
        <time>2026-04-05T08:30:21.000Z</time>
      </trkpt>
      <trkpt lat="49.05885" lon="15.010168">
        <time>2026-04-05T08:30:23.000Z</time>
      </trkpt>
      <trkpt lat="49.058852" lon="15.010215">
        <time>2026-04-05T08:30:25.000Z</time>
      </trkpt>
      <trkpt lat="49.058848" lon="15.010263">
        <time>2026-04-05T08:30:27.000Z</time>
      </trkpt>
      <trkpt lat="49.058853" lon="15.010323">
        <time>2026-04-05T08:30:29.000Z</time>
      </trkpt>
      <trkpt lat="49.058873" lon="15.010368">
        <time>2026-04-05T08:30:31.000Z</time>
      </trkpt>
      <trkpt lat="49.058883" lon="15.010397">
        <time>2026-04-05T08:30:32.000Z</time>
      </trkpt>
      <trkpt lat="49.058902" lon="15.010432">
        <time>2026-04-05T08:30:34.000Z</time>
      </trkpt>
      <trkpt lat="49.058907" lon="15.010497">
        <time>2026-04-05T08:30:36.000Z</time>
      </trkpt>
      <trkpt lat="49.058907" lon="15.010538">
        <time>2026-04-05T08:30:38.000Z</time>
      </trkpt>
      <trkpt lat="49.058892" lon="15.010583">
        <time>2026-04-05T08:30:40.000Z</time>
      </trkpt>
      <trkpt lat="49.058887" lon="15.010623">
        <time>2026-04-05T08:30:42.000Z</time>
      </trkpt>
      <trkpt lat="49.058897" lon="15.010657">
        <time>2026-04-05T08:30:44.000Z</time>
      </trkpt>
      <trkpt lat="49.058913" lon="15.010682">
        <time>2026-04-05T08:30:47.000Z</time>
      </trkpt>
      <trkpt lat="49.058933" lon="15.010697">
        <time>2026-04-05T08:30:49.000Z</time>
      </trkpt>
      <trkpt lat="49.058957" lon="15.010712">
        <time>2026-04-05T08:30:51.000Z</time>
      </trkpt>
      <trkpt lat="49.058982" lon="15.010732">
        <time>2026-04-05T08:30:53.000Z</time>
      </trkpt>
      <trkpt lat="49.059012" lon="15.010757">
        <time>2026-04-05T08:30:55.000Z</time>
      </trkpt>
      <trkpt lat="49.059038" lon="15.010787">
        <time>2026-04-05T08:30:57.000Z</time>
      </trkpt>
      <trkpt lat="49.059048" lon="15.01081">
        <time>2026-04-05T08:30:58.000Z</time>
      </trkpt>
      <trkpt lat="49.059053" lon="15.010843">
        <time>2026-04-05T08:30:59.000Z</time>
      </trkpt>
      <trkpt lat="49.059053" lon="15.0109">
        <time>2026-04-05T08:31:01.000Z</time>
      </trkpt>
      <trkpt lat="49.05904" lon="15.010933">
        <time>2026-04-05T08:31:02.000Z</time>
      </trkpt>
      <trkpt lat="49.05903" lon="15.010968">
        <time>2026-04-05T08:31:03.000Z</time>
      </trkpt>
      <trkpt lat="49.059018" lon="15.011013">
        <time>2026-04-05T08:31:04.000Z</time>
      </trkpt>
      <trkpt lat="49.059003" lon="15.011047">
        <time>2026-04-05T08:31:05.000Z</time>
      </trkpt>
      <trkpt lat="49.058988" lon="15.01108">
        <time>2026-04-05T08:31:06.000Z</time>
      </trkpt>
      <trkpt lat="49.058977" lon="15.01111">
        <time>2026-04-05T08:31:07.000Z</time>
      </trkpt>
      <trkpt lat="49.058963" lon="15.011133">
        <time>2026-04-05T08:31:08.000Z</time>
      </trkpt>
      <trkpt lat="49.05895" lon="15.011153">
        <time>2026-04-05T08:31:10.000Z</time>
      </trkpt>
      <trkpt lat="49.058927" lon="15.01117">
        <time>2026-04-05T08:31:13.000Z</time>
      </trkpt>
      <trkpt lat="49.058903" lon="15.0112">
        <time>2026-04-05T08:31:16.000Z</time>
      </trkpt>
      <trkpt lat="49.05888" lon="15.011248">
        <time>2026-04-05T08:31:18.000Z</time>
      </trkpt>
      <trkpt lat="49.058868" lon="15.011272">
        <time>2026-04-05T08:31:19.000Z</time>
      </trkpt>
      <trkpt lat="49.058857" lon="15.011307">
        <time>2026-04-05T08:31:20.000Z</time>
      </trkpt>
      <trkpt lat="49.058843" lon="15.011337">
        <time>2026-04-05T08:31:21.000Z</time>
      </trkpt>
      <trkpt lat="49.05883" lon="15.01137">
        <time>2026-04-05T08:31:22.000Z</time>
      </trkpt>
      <trkpt lat="49.058817" lon="15.011402">
        <time>2026-04-05T08:31:23.000Z</time>
      </trkpt>
      <trkpt lat="49.058808" lon="15.011432">
        <time>2026-04-05T08:31:24.000Z</time>
      </trkpt>
      <trkpt lat="49.058803" lon="15.011463">
        <time>2026-04-05T08:31:25.000Z</time>
      </trkpt>
      <trkpt lat="49.058798" lon="15.011503">
        <time>2026-04-05T08:31:26.000Z</time>
      </trkpt>
      <trkpt lat="49.058793" lon="15.011535">
        <time>2026-04-05T08:31:27.000Z</time>
      </trkpt>
      <trkpt lat="49.058783" lon="15.011568">
        <time>2026-04-05T08:31:28.000Z</time>
      </trkpt>
      <trkpt lat="49.058777" lon="15.011602">
        <time>2026-04-05T08:31:29.000Z</time>
      </trkpt>
      <trkpt lat="49.05877" lon="15.011637">
        <time>2026-04-05T08:31:30.000Z</time>
      </trkpt>
      <trkpt lat="49.058767" lon="15.011673">
        <time>2026-04-05T08:31:31.000Z</time>
      </trkpt>
      <trkpt lat="49.05876" lon="15.011705">
        <time>2026-04-05T08:31:32.000Z</time>
      </trkpt>
      <trkpt lat="49.058757" lon="15.011743">
        <time>2026-04-05T08:31:33.000Z</time>
      </trkpt>
      <trkpt lat="49.058752" lon="15.011778">
        <time>2026-04-05T08:31:34.000Z</time>
      </trkpt>
      <trkpt lat="49.058753" lon="15.011818">
        <time>2026-04-05T08:31:35.000Z</time>
      </trkpt>
      <trkpt lat="49.058757" lon="15.011857">
        <time>2026-04-05T08:31:36.000Z</time>
      </trkpt>
      <trkpt lat="49.058757" lon="15.011892">
        <time>2026-04-05T08:31:37.000Z</time>
      </trkpt>
      <trkpt lat="49.058748" lon="15.011927">
        <time>2026-04-05T08:31:38.000Z</time>
      </trkpt>
      <trkpt lat="49.058737" lon="15.011952">
        <time>2026-04-05T08:31:39.000Z</time>
      </trkpt>
      <trkpt lat="49.058713" lon="15.01197">
        <time>2026-04-05T08:31:40.000Z</time>
      </trkpt>
      <trkpt lat="49.05869" lon="15.011975">
        <time>2026-04-05T08:31:41.000Z</time>
      </trkpt>
      <trkpt lat="49.058658" lon="15.011975">
        <time>2026-04-05T08:31:42.000Z</time>
      </trkpt>
      <trkpt lat="49.058628" lon="15.011972">
        <time>2026-04-05T08:31:43.000Z</time>
      </trkpt>
      <trkpt lat="49.0586" lon="15.011967">
        <time>2026-04-05T08:31:44.000Z</time>
      </trkpt>
      <trkpt lat="49.05857" lon="15.011962">
        <time>2026-04-05T08:31:45.000Z</time>
      </trkpt>
      <trkpt lat="49.058543" lon="15.011952">
        <time>2026-04-05T08:31:46.000Z</time>
      </trkpt>
      <trkpt lat="49.058515" lon="15.011938">
        <time>2026-04-05T08:31:47.000Z</time>
      </trkpt>
      <trkpt lat="49.058493" lon="15.01193">
        <time>2026-04-05T08:31:48.000Z</time>
      </trkpt>
      <trkpt lat="49.05847" lon="15.01192">
        <time>2026-04-05T08:31:49.000Z</time>
      </trkpt>
      <trkpt lat="49.058443" lon="15.011912">
        <time>2026-04-05T08:31:50.000Z</time>
      </trkpt>
      <trkpt lat="49.058417" lon="15.011898">
        <time>2026-04-05T08:31:51.000Z</time>
      </trkpt>
      <trkpt lat="49.058387" lon="15.011883">
        <time>2026-04-05T08:31:52.000Z</time>
      </trkpt>
      <trkpt lat="49.05836" lon="15.011872">
        <time>2026-04-05T08:31:53.000Z</time>
      </trkpt>
      <trkpt lat="49.05833" lon="15.011862">
        <time>2026-04-05T08:31:54.000Z</time>
      </trkpt>
      <trkpt lat="49.058303" lon="15.011848">
        <time>2026-04-05T08:31:55.000Z</time>
      </trkpt>
      <trkpt lat="49.058273" lon="15.011842">
        <time>2026-04-05T08:31:56.000Z</time>
      </trkpt>
      <trkpt lat="49.058243" lon="15.011833">
        <time>2026-04-05T08:31:57.000Z</time>
      </trkpt>
      <trkpt lat="49.058212" lon="15.011823">
        <time>2026-04-05T08:31:58.000Z</time>
      </trkpt>
      <trkpt lat="49.058183" lon="15.011818">
        <time>2026-04-05T08:31:59.000Z</time>
      </trkpt>
      <trkpt lat="49.058152" lon="15.011803">
        <time>2026-04-05T08:32:00.000Z</time>
      </trkpt>
      <trkpt lat="49.058122" lon="15.01179">
        <time>2026-04-05T08:32:01.000Z</time>
      </trkpt>
      <trkpt lat="49.058088" lon="15.011773">
        <time>2026-04-05T08:32:02.000Z</time>
      </trkpt>
      <trkpt lat="49.058058" lon="15.011762">
        <time>2026-04-05T08:32:03.000Z</time>
      </trkpt>
      <trkpt lat="49.05803" lon="15.011755">
        <time>2026-04-05T08:32:04.000Z</time>
      </trkpt>
      <trkpt lat="49.057995" lon="15.011752">
        <time>2026-04-05T08:32:05.000Z</time>
      </trkpt>
      <trkpt lat="49.057965" lon="15.011748">
        <time>2026-04-05T08:32:06.000Z</time>
      </trkpt>
      <trkpt lat="49.057937" lon="15.011738">
        <time>2026-04-05T08:32:07.000Z</time>
      </trkpt>
      <trkpt lat="49.057907" lon="15.011725">
        <time>2026-04-05T08:32:08.000Z</time>
      </trkpt>
      <trkpt lat="49.057878" lon="15.011712">
        <time>2026-04-05T08:32:09.000Z</time>
      </trkpt>
      <trkpt lat="49.05785" lon="15.011698">
        <time>2026-04-05T08:32:10.000Z</time>
      </trkpt>
      <trkpt lat="49.057822" lon="15.011692">
        <time>2026-04-05T08:32:11.000Z</time>
      </trkpt>
      <trkpt lat="49.057795" lon="15.011682">
        <time>2026-04-05T08:32:12.000Z</time>
      </trkpt>
      <trkpt lat="49.057762" lon="15.011672">
        <time>2026-04-05T08:32:13.000Z</time>
      </trkpt>
      <trkpt lat="49.05773" lon="15.011668">
        <time>2026-04-05T08:32:14.000Z</time>
      </trkpt>
      <trkpt lat="49.057698" lon="15.011663">
        <time>2026-04-05T08:32:15.000Z</time>
      </trkpt>
      <trkpt lat="49.057668" lon="15.011658">
        <time>2026-04-05T08:32:16.000Z</time>
      </trkpt>
      <trkpt lat="49.057637" lon="15.011652">
        <time>2026-04-05T08:32:17.000Z</time>
      </trkpt>
      <trkpt lat="49.057605" lon="15.01164">
        <time>2026-04-05T08:32:18.000Z</time>
      </trkpt>
      <trkpt lat="49.057577" lon="15.011635">
        <time>2026-04-05T08:32:19.000Z</time>
      </trkpt>
      <trkpt lat="49.057543" lon="15.011628">
        <time>2026-04-05T08:32:20.000Z</time>
      </trkpt>
      <trkpt lat="49.05751" lon="15.01162">
        <time>2026-04-05T08:32:21.000Z</time>
      </trkpt>
      <trkpt lat="49.057478" lon="15.01162">
        <time>2026-04-05T08:32:22.000Z</time>
      </trkpt>
      <trkpt lat="49.057447" lon="15.011618">
        <time>2026-04-05T08:32:23.000Z</time>
      </trkpt>
      <trkpt lat="49.05742" lon="15.011615">
        <time>2026-04-05T08:32:24.000Z</time>
      </trkpt>
      <trkpt lat="49.057392" lon="15.011615">
        <time>2026-04-05T08:32:25.000Z</time>
      </trkpt>
      <trkpt lat="49.057362" lon="15.011615">
        <time>2026-04-05T08:32:26.000Z</time>
      </trkpt>
      <trkpt lat="49.057335" lon="15.011615">
        <time>2026-04-05T08:32:27.000Z</time>
      </trkpt>
      <trkpt lat="49.057315" lon="15.011605">
        <time>2026-04-05T08:32:28.000Z</time>
      </trkpt>
      <trkpt lat="49.057297" lon="15.011585">
        <time>2026-04-05T08:32:29.000Z</time>
      </trkpt>
      <trkpt lat="49.057285" lon="15.011562">
        <time>2026-04-05T08:32:30.000Z</time>
      </trkpt>
      <trkpt lat="49.057268" lon="15.011542">
        <time>2026-04-05T08:32:31.000Z</time>
      </trkpt>
      <trkpt lat="49.057253" lon="15.011512">
        <time>2026-04-05T08:32:32.000Z</time>
      </trkpt>
      <trkpt lat="49.057242" lon="15.011487">
        <time>2026-04-05T08:32:33.000Z</time>
      </trkpt>
      <trkpt lat="49.057228" lon="15.011468">
        <time>2026-04-05T08:32:34.000Z</time>
      </trkpt>
      <trkpt lat="49.057213" lon="15.011442">
        <time>2026-04-05T08:32:35.000Z</time>
      </trkpt>
      <trkpt lat="49.057197" lon="15.011412">
        <time>2026-04-05T08:32:36.000Z</time>
      </trkpt>
      <trkpt lat="49.057177" lon="15.011397">
        <time>2026-04-05T08:32:37.000Z</time>
      </trkpt>
      <trkpt lat="49.05716" lon="15.011375">
        <time>2026-04-05T08:32:38.000Z</time>
      </trkpt>
      <trkpt lat="49.05714" lon="15.011352">
        <time>2026-04-05T08:32:39.000Z</time>
      </trkpt>
      <trkpt lat="49.057123" lon="15.01133">
        <time>2026-04-05T08:32:40.000Z</time>
      </trkpt>
      <trkpt lat="49.057103" lon="15.011305">
        <time>2026-04-05T08:32:41.000Z</time>
      </trkpt>
      <trkpt lat="49.057085" lon="15.011277">
        <time>2026-04-05T08:32:42.000Z</time>
      </trkpt>
      <trkpt lat="49.05707" lon="15.011257">
        <time>2026-04-05T08:32:43.000Z</time>
      </trkpt>
      <trkpt lat="49.057055" lon="15.011237">
        <time>2026-04-05T08:32:44.000Z</time>
      </trkpt>
      <trkpt lat="49.057028" lon="15.011207">
        <time>2026-04-05T08:32:45.000Z</time>
      </trkpt>
      <trkpt lat="49.057008" lon="15.011177">
        <time>2026-04-05T08:32:46.000Z</time>
      </trkpt>
      <trkpt lat="49.056995" lon="15.011152">
        <time>2026-04-05T08:32:47.000Z</time>
      </trkpt>
      <trkpt lat="49.056977" lon="15.011123">
        <time>2026-04-05T08:32:48.000Z</time>
      </trkpt>
      <trkpt lat="49.056958" lon="15.011097">
        <time>2026-04-05T08:32:49.000Z</time>
      </trkpt>
      <trkpt lat="49.056938" lon="15.011088">
        <time>2026-04-05T08:32:50.000Z</time>
      </trkpt>
      <trkpt lat="49.056918" lon="15.011072">
        <time>2026-04-05T08:32:51.000Z</time>
      </trkpt>
      <trkpt lat="49.056893" lon="15.011033">
        <time>2026-04-05T08:32:52.000Z</time>
      </trkpt>
      <trkpt lat="49.056873" lon="15.011012">
        <time>2026-04-05T08:32:53.000Z</time>
      </trkpt>
      <trkpt lat="49.056857" lon="15.01099">
        <time>2026-04-05T08:32:54.000Z</time>
      </trkpt>
      <trkpt lat="49.05684" lon="15.01096">
        <time>2026-04-05T08:32:55.000Z</time>
      </trkpt>
      <trkpt lat="49.056828" lon="15.01093">
        <time>2026-04-05T08:32:56.000Z</time>
      </trkpt>
      <trkpt lat="49.056822" lon="15.010885">
        <time>2026-04-05T08:32:57.000Z</time>
      </trkpt>
      <trkpt lat="49.056817" lon="15.010853">
        <time>2026-04-05T08:32:58.000Z</time>
      </trkpt>
      <trkpt lat="49.056805" lon="15.010822">
        <time>2026-04-05T08:32:59.000Z</time>
      </trkpt>
      <trkpt lat="49.05679" lon="15.01078">
        <time>2026-04-05T08:33:00.000Z</time>
      </trkpt>
      <trkpt lat="49.056775" lon="15.010738">
        <time>2026-04-05T08:33:01.000Z</time>
      </trkpt>
      <trkpt lat="49.056762" lon="15.010708">
        <time>2026-04-05T08:33:02.000Z</time>
      </trkpt>
      <trkpt lat="49.056743" lon="15.01068">
        <time>2026-04-05T08:33:03.000Z</time>
      </trkpt>
      <trkpt lat="49.05673" lon="15.010648">
        <time>2026-04-05T08:33:04.000Z</time>
      </trkpt>
      <trkpt lat="49.056715" lon="15.010608">
        <time>2026-04-05T08:33:05.000Z</time>
      </trkpt>
      <trkpt lat="49.056703" lon="15.01058">
        <time>2026-04-05T08:33:06.000Z</time>
      </trkpt>
      <trkpt lat="49.056702" lon="15.010528">
        <time>2026-04-05T08:33:08.000Z</time>
      </trkpt>
      <trkpt lat="49.056703" lon="15.010497">
        <time>2026-04-05T08:33:09.000Z</time>
      </trkpt>
      <trkpt lat="49.056705" lon="15.010463">
        <time>2026-04-05T08:33:11.000Z</time>
      </trkpt>
      <trkpt lat="49.056712" lon="15.010433">
        <time>2026-04-05T08:33:13.000Z</time>
      </trkpt>
      <trkpt lat="49.056707" lon="15.010405">
        <time>2026-04-05T08:33:16.000Z</time>
      </trkpt>
      <trkpt lat="49.056697" lon="15.010362">
        <time>2026-04-05T08:33:18.000Z</time>
      </trkpt>
      <trkpt lat="49.056687" lon="15.010335">
        <time>2026-04-05T08:33:19.000Z</time>
      </trkpt>
      <trkpt lat="49.056672" lon="15.010315">
        <time>2026-04-05T08:33:20.000Z</time>
      </trkpt>
      <trkpt lat="49.056643" lon="15.01028">
        <time>2026-04-05T08:33:22.000Z</time>
      </trkpt>
      <trkpt lat="49.05663" lon="15.010248">
        <time>2026-04-05T08:33:23.000Z</time>
      </trkpt>
      <trkpt lat="49.05662" lon="15.010213">
        <time>2026-04-05T08:33:24.000Z</time>
      </trkpt>
      <trkpt lat="49.056613" lon="15.010182">
        <time>2026-04-05T08:33:25.000Z</time>
      </trkpt>
      <trkpt lat="49.056612" lon="15.010143">
        <time>2026-04-05T08:33:26.000Z</time>
      </trkpt>
      <trkpt lat="49.056613" lon="15.010102">
        <time>2026-04-05T08:33:27.000Z</time>
      </trkpt>
      <trkpt lat="49.056618" lon="15.010062">
        <time>2026-04-05T08:33:28.000Z</time>
      </trkpt>
      <trkpt lat="49.056623" lon="15.010023">
        <time>2026-04-05T08:33:29.000Z</time>
      </trkpt>
      <trkpt lat="49.05663" lon="15.009992">
        <time>2026-04-05T08:33:30.000Z</time>
      </trkpt>
      <trkpt lat="49.05664" lon="15.00996">
        <time>2026-04-05T08:33:31.000Z</time>
      </trkpt>
      <trkpt lat="49.056645" lon="15.00993">
        <time>2026-04-05T08:33:32.000Z</time>
      </trkpt>
      <trkpt lat="49.05665" lon="15.009895">
        <time>2026-04-05T08:33:33.000Z</time>
      </trkpt>
      <trkpt lat="49.056662" lon="15.009862">
        <time>2026-04-05T08:33:34.000Z</time>
      </trkpt>
      <trkpt lat="49.05667" lon="15.009828">
        <time>2026-04-05T08:33:35.000Z</time>
      </trkpt>
      <trkpt lat="49.056678" lon="15.009788">
        <time>2026-04-05T08:33:36.000Z</time>
      </trkpt>
      <trkpt lat="49.056683" lon="15.009755">
        <time>2026-04-05T08:33:37.000Z</time>
      </trkpt>
      <trkpt lat="49.056688" lon="15.009722">
        <time>2026-04-05T08:33:38.000Z</time>
      </trkpt>
      <trkpt lat="49.056697" lon="15.009692">
        <time>2026-04-05T08:33:39.000Z</time>
      </trkpt>
      <trkpt lat="49.056702" lon="15.009665">
        <time>2026-04-05T08:33:40.000Z</time>
      </trkpt>
      <trkpt lat="49.056703" lon="15.009635">
        <time>2026-04-05T08:33:41.000Z</time>
      </trkpt>
      <trkpt lat="49.056693" lon="15.009602">
        <time>2026-04-05T08:33:43.000Z</time>
      </trkpt>
      <trkpt lat="49.056687" lon="15.009557">
        <time>2026-04-05T08:33:45.000Z</time>
      </trkpt>
      <trkpt lat="49.056692" lon="15.00952">
        <time>2026-04-05T08:33:47.000Z</time>
      </trkpt>
      <trkpt lat="49.056685" lon="15.009488">
        <time>2026-04-05T08:33:49.000Z</time>
      </trkpt>
      <trkpt lat="49.056665" lon="15.009448">
        <time>2026-04-05T08:33:51.000Z</time>
      </trkpt>
      <trkpt lat="49.056642" lon="15.009418">
        <time>2026-04-05T08:33:53.000Z</time>
      </trkpt>
      <trkpt lat="49.056628" lon="15.0094">
        <time>2026-04-05T08:33:55.000Z</time>
      </trkpt>
      <trkpt lat="49.056598" lon="15.009415">
        <time>2026-04-05T08:33:57.000Z</time>
      </trkpt>
      <trkpt lat="49.056582" lon="15.00943">
        <time>2026-04-05T08:33:58.000Z</time>
      </trkpt>
      <trkpt lat="49.056565" lon="15.009447">
        <time>2026-04-05T08:33:59.000Z</time>
      </trkpt>
      <trkpt lat="49.05653" lon="15.009478">
        <time>2026-04-05T08:34:01.000Z</time>
      </trkpt>
      <trkpt lat="49.056515" lon="15.0095">
        <time>2026-04-05T08:34:02.000Z</time>
      </trkpt>
      <trkpt lat="49.056495" lon="15.009515">
        <time>2026-04-05T08:34:03.000Z</time>
      </trkpt>
      <trkpt lat="49.056477" lon="15.009527">
        <time>2026-04-05T08:34:04.000Z</time>
      </trkpt>
      <trkpt lat="49.056452" lon="15.009538">
        <time>2026-04-05T08:34:05.000Z</time>
      </trkpt>
      <trkpt lat="49.05642" lon="15.009538">
        <time>2026-04-05T08:34:06.000Z</time>
      </trkpt>
      <trkpt lat="49.056393" lon="15.009543">
        <time>2026-04-05T08:34:07.000Z</time>
      </trkpt>
      <trkpt lat="49.056367" lon="15.00956">
        <time>2026-04-05T08:34:08.000Z</time>
      </trkpt>
      <trkpt lat="49.05634" lon="15.009582">
        <time>2026-04-05T08:34:09.000Z</time>
      </trkpt>
      <trkpt lat="49.05631" lon="15.009593">
        <time>2026-04-05T08:34:10.000Z</time>
      </trkpt>
      <trkpt lat="49.056285" lon="15.009608">
        <time>2026-04-05T08:34:11.000Z</time>
      </trkpt>
      <trkpt lat="49.056262" lon="15.009618">
        <time>2026-04-05T08:34:12.000Z</time>
      </trkpt>
      <trkpt lat="49.056237" lon="15.009623">
        <time>2026-04-05T08:34:13.000Z</time>
      </trkpt>
      <trkpt lat="49.05621" lon="15.009623">
        <time>2026-04-05T08:34:14.000Z</time>
      </trkpt>
      <trkpt lat="49.056185" lon="15.00963">
        <time>2026-04-05T08:34:15.000Z</time>
      </trkpt>
      <trkpt lat="49.056163" lon="15.009638">
        <time>2026-04-05T08:34:16.000Z</time>
      </trkpt>
      <trkpt lat="49.056143" lon="15.009647">
        <time>2026-04-05T08:34:17.000Z</time>
      </trkpt>
      <trkpt lat="49.056123" lon="15.009662">
        <time>2026-04-05T08:34:18.000Z</time>
      </trkpt>
      <trkpt lat="49.056107" lon="15.009682">
        <time>2026-04-05T08:34:19.000Z</time>
      </trkpt>
      <trkpt lat="49.056085" lon="15.009725">
        <time>2026-04-05T08:34:21.000Z</time>
      </trkpt>
      <trkpt lat="49.056073" lon="15.009747">
        <time>2026-04-05T08:34:22.000Z</time>
      </trkpt>
      <trkpt lat="49.056055" lon="15.009768">
        <time>2026-04-05T08:34:23.000Z</time>
      </trkpt>
      <trkpt lat="49.056032" lon="15.009788">
        <time>2026-04-05T08:34:24.000Z</time>
      </trkpt>
      <trkpt lat="49.056007" lon="15.009805">
        <time>2026-04-05T08:34:25.000Z</time>
      </trkpt>
      <trkpt lat="49.055983" lon="15.009817">
        <time>2026-04-05T08:34:26.000Z</time>
      </trkpt>
      <trkpt lat="49.05596" lon="15.009835">
        <time>2026-04-05T08:34:27.000Z</time>
      </trkpt>
      <trkpt lat="49.055935" lon="15.009852">
        <time>2026-04-05T08:34:28.000Z</time>
      </trkpt>
      <trkpt lat="49.05591" lon="15.00986">
        <time>2026-04-05T08:34:29.000Z</time>
      </trkpt>
      <trkpt lat="49.055883" lon="15.009873">
        <time>2026-04-05T08:34:30.000Z</time>
      </trkpt>
      <trkpt lat="49.055857" lon="15.009875">
        <time>2026-04-05T08:34:31.000Z</time>
      </trkpt>
      <trkpt lat="49.055837" lon="15.00988">
        <time>2026-04-05T08:34:32.000Z</time>
      </trkpt>
      <trkpt lat="49.055812" lon="15.009882">
        <time>2026-04-05T08:34:33.000Z</time>
      </trkpt>
      <trkpt lat="49.055785" lon="15.009887">
        <time>2026-04-05T08:34:34.000Z</time>
      </trkpt>
      <trkpt lat="49.05576" lon="15.009898">
        <time>2026-04-05T08:34:35.000Z</time>
      </trkpt>
      <trkpt lat="49.055737" lon="15.009902">
        <time>2026-04-05T08:34:36.000Z</time>
      </trkpt>
      <trkpt lat="49.055705" lon="15.009905">
        <time>2026-04-05T08:34:37.000Z</time>
      </trkpt>
      <trkpt lat="49.055672" lon="15.00991">
        <time>2026-04-05T08:34:38.000Z</time>
      </trkpt>
      <trkpt lat="49.055638" lon="15.00991">
        <time>2026-04-05T08:34:39.000Z</time>
      </trkpt>
      <trkpt lat="49.05561" lon="15.009908">
        <time>2026-04-05T08:34:40.000Z</time>
      </trkpt>
      <trkpt lat="49.055582" lon="15.009907">
        <time>2026-04-05T08:34:41.000Z</time>
      </trkpt>
      <trkpt lat="49.05555" lon="15.009905">
        <time>2026-04-05T08:34:42.000Z</time>
      </trkpt>
      <trkpt lat="49.055518" lon="15.009903">
        <time>2026-04-05T08:34:43.000Z</time>
      </trkpt>
      <trkpt lat="49.055492" lon="15.0099">
        <time>2026-04-05T08:34:44.000Z</time>
      </trkpt>
      <trkpt lat="49.055467" lon="15.0099">
        <time>2026-04-05T08:34:45.000Z</time>
      </trkpt>
      <trkpt lat="49.055438" lon="15.0099">
        <time>2026-04-05T08:34:46.000Z</time>
      </trkpt>
      <trkpt lat="49.055407" lon="15.009892">
        <time>2026-04-05T08:34:47.000Z</time>
      </trkpt>
      <trkpt lat="49.055378" lon="15.009885">
        <time>2026-04-05T08:34:48.000Z</time>
      </trkpt>
      <trkpt lat="49.055353" lon="15.00987">
        <time>2026-04-05T08:34:49.000Z</time>
      </trkpt>
      <trkpt lat="49.055328" lon="15.009858">
        <time>2026-04-05T08:34:50.000Z</time>
      </trkpt>
      <trkpt lat="49.055302" lon="15.00985">
        <time>2026-04-05T08:34:51.000Z</time>
      </trkpt>
      <trkpt lat="49.055277" lon="15.009843">
        <time>2026-04-05T08:34:52.000Z</time>
      </trkpt>
      <trkpt lat="49.055253" lon="15.009832">
        <time>2026-04-05T08:34:53.000Z</time>
      </trkpt>
      <trkpt lat="49.055227" lon="15.009823">
        <time>2026-04-05T08:34:54.000Z</time>
      </trkpt>
      <trkpt lat="49.055205" lon="15.009815">
        <time>2026-04-05T08:34:55.000Z</time>
      </trkpt>
      <trkpt lat="49.055178" lon="15.009808">
        <time>2026-04-05T08:34:56.000Z</time>
      </trkpt>
      <trkpt lat="49.055147" lon="15.009798">
        <time>2026-04-05T08:34:57.000Z</time>
      </trkpt>
      <trkpt lat="49.05512" lon="15.009792">
        <time>2026-04-05T08:34:58.000Z</time>
      </trkpt>
      <trkpt lat="49.055093" lon="15.009787">
        <time>2026-04-05T08:34:59.000Z</time>
      </trkpt>
      <trkpt lat="49.05507" lon="15.009782">
        <time>2026-04-05T08:35:00.000Z</time>
      </trkpt>
      <trkpt lat="49.055042" lon="15.009777">
        <time>2026-04-05T08:35:01.000Z</time>
      </trkpt>
      <trkpt lat="49.055018" lon="15.00977">
        <time>2026-04-05T08:35:02.000Z</time>
      </trkpt>
      <trkpt lat="49.054995" lon="15.009772">
        <time>2026-04-05T08:35:03.000Z</time>
      </trkpt>
      <trkpt lat="49.05497" lon="15.009762">
        <time>2026-04-05T08:35:04.000Z</time>
      </trkpt>
      <trkpt lat="49.054942" lon="15.009753">
        <time>2026-04-05T08:35:05.000Z</time>
      </trkpt>
      <trkpt lat="49.05492" lon="15.009745">
        <time>2026-04-05T08:35:06.000Z</time>
      </trkpt>
      <trkpt lat="49.054898" lon="15.009733">
        <time>2026-04-05T08:35:07.000Z</time>
      </trkpt>
      <trkpt lat="49.054875" lon="15.009728">
        <time>2026-04-05T08:35:08.000Z</time>
      </trkpt>
      <trkpt lat="49.05485" lon="15.00972">
        <time>2026-04-05T08:35:09.000Z</time>
      </trkpt>
      <trkpt lat="49.054827" lon="15.009718">
        <time>2026-04-05T08:35:10.000Z</time>
      </trkpt>
      <trkpt lat="49.0548" lon="15.009717">
        <time>2026-04-05T08:35:11.000Z</time>
      </trkpt>
      <trkpt lat="49.05478" lon="15.009715">
        <time>2026-04-05T08:35:12.000Z</time>
      </trkpt>
      <trkpt lat="49.054753" lon="15.009703">
        <time>2026-04-05T08:35:13.000Z</time>
      </trkpt>
      <trkpt lat="49.054727" lon="15.009692">
        <time>2026-04-05T08:35:14.000Z</time>
      </trkpt>
      <trkpt lat="49.0547" lon="15.009678">
        <time>2026-04-05T08:35:15.000Z</time>
      </trkpt>
      <trkpt lat="49.054678" lon="15.00967">
        <time>2026-04-05T08:35:16.000Z</time>
      </trkpt>
      <trkpt lat="49.054658" lon="15.00965">
        <time>2026-04-05T08:35:17.000Z</time>
      </trkpt>
      <trkpt lat="49.054633" lon="15.009635">
        <time>2026-04-05T08:35:18.000Z</time>
      </trkpt>
      <trkpt lat="49.05461" lon="15.009623">
        <time>2026-04-05T08:35:19.000Z</time>
      </trkpt>
      <trkpt lat="49.054587" lon="15.009622">
        <time>2026-04-05T08:35:20.000Z</time>
      </trkpt>
      <trkpt lat="49.054565" lon="15.00961">
        <time>2026-04-05T08:35:21.000Z</time>
      </trkpt>
      <trkpt lat="49.054547" lon="15.009598">
        <time>2026-04-05T08:35:22.000Z</time>
      </trkpt>
      <trkpt lat="49.054528" lon="15.009583">
        <time>2026-04-05T08:35:23.000Z</time>
      </trkpt>
      <trkpt lat="49.054508" lon="15.009558">
        <time>2026-04-05T08:35:24.000Z</time>
      </trkpt>
      <trkpt lat="49.05449" lon="15.009547">
        <time>2026-04-05T08:35:25.000Z</time>
      </trkpt>
      <trkpt lat="49.05447" lon="15.009537">
        <time>2026-04-05T08:35:26.000Z</time>
      </trkpt>
      <trkpt lat="49.054452" lon="15.009532">
        <time>2026-04-05T08:35:27.000Z</time>
      </trkpt>
      <trkpt lat="49.054427" lon="15.009528">
        <time>2026-04-05T08:35:28.000Z</time>
      </trkpt>
      <trkpt lat="49.054407" lon="15.009525">
        <time>2026-04-05T08:35:29.000Z</time>
      </trkpt>
      <trkpt lat="49.054383" lon="15.009523">
        <time>2026-04-05T08:35:30.000Z</time>
      </trkpt>
      <trkpt lat="49.054358" lon="15.009522">
        <time>2026-04-05T08:35:31.000Z</time>
      </trkpt>
      <trkpt lat="49.054335" lon="15.009512">
        <time>2026-04-05T08:35:32.000Z</time>
      </trkpt>
      <trkpt lat="49.054308" lon="15.009505">
        <time>2026-04-05T08:35:33.000Z</time>
      </trkpt>
      <trkpt lat="49.054283" lon="15.009502">
        <time>2026-04-05T08:35:34.000Z</time>
      </trkpt>
      <trkpt lat="49.054263" lon="15.0095">
        <time>2026-04-05T08:35:35.000Z</time>
      </trkpt>
      <trkpt lat="49.054243" lon="15.0095">
        <time>2026-04-05T08:35:36.000Z</time>
      </trkpt>
      <trkpt lat="49.054225" lon="15.009505">
        <time>2026-04-05T08:35:37.000Z</time>
      </trkpt>
      <trkpt lat="49.054205" lon="15.00951">
        <time>2026-04-05T08:35:38.000Z</time>
      </trkpt>
      <trkpt lat="49.054183" lon="15.009512">
        <time>2026-04-05T08:35:39.000Z</time>
      </trkpt>
      <trkpt lat="49.054163" lon="15.009518">
        <time>2026-04-05T08:35:40.000Z</time>
      </trkpt>
      <trkpt lat="49.054145" lon="15.009512">
        <time>2026-04-05T08:35:41.000Z</time>
      </trkpt>
      <trkpt lat="49.054127" lon="15.009507">
        <time>2026-04-05T08:35:42.000Z</time>
      </trkpt>
      <trkpt lat="49.054107" lon="15.009488">
        <time>2026-04-05T08:35:43.000Z</time>
      </trkpt>
      <trkpt lat="49.054085" lon="15.009478">
        <time>2026-04-05T08:35:44.000Z</time>
      </trkpt>
      <trkpt lat="49.054065" lon="15.009463">
        <time>2026-04-05T08:35:45.000Z</time>
      </trkpt>
      <trkpt lat="49.054043" lon="15.009457">
        <time>2026-04-05T08:35:46.000Z</time>
      </trkpt>
      <trkpt lat="49.054017" lon="15.009445">
        <time>2026-04-05T08:35:47.000Z</time>
      </trkpt>
      <trkpt lat="49.053995" lon="15.009433">
        <time>2026-04-05T08:35:48.000Z</time>
      </trkpt>
      <trkpt lat="49.053973" lon="15.009425">
        <time>2026-04-05T08:35:49.000Z</time>
      </trkpt>
      <trkpt lat="49.053948" lon="15.009405">
        <time>2026-04-05T08:35:50.000Z</time>
      </trkpt>
      <trkpt lat="49.053932" lon="15.00938">
        <time>2026-04-05T08:35:51.000Z</time>
      </trkpt>
      <trkpt lat="49.053913" lon="15.00936">
        <time>2026-04-05T08:35:52.000Z</time>
      </trkpt>
      <trkpt lat="49.053897" lon="15.009345">
        <time>2026-04-05T08:35:53.000Z</time>
      </trkpt>
      <trkpt lat="49.053882" lon="15.009322">
        <time>2026-04-05T08:35:54.000Z</time>
      </trkpt>
      <trkpt lat="49.053867" lon="15.009295">
        <time>2026-04-05T08:35:55.000Z</time>
      </trkpt>
      <trkpt lat="49.05385" lon="15.009273">
        <time>2026-04-05T08:35:56.000Z</time>
      </trkpt>
      <trkpt lat="49.053832" lon="15.009252">
        <time>2026-04-05T08:35:57.000Z</time>
      </trkpt>
      <trkpt lat="49.053815" lon="15.00924">
        <time>2026-04-05T08:35:58.000Z</time>
      </trkpt>
      <trkpt lat="49.053793" lon="15.009232">
        <time>2026-04-05T08:35:59.000Z</time>
      </trkpt>
      <trkpt lat="49.053757" lon="15.009223">
        <time>2026-04-05T08:36:01.000Z</time>
      </trkpt>
      <trkpt lat="49.053737" lon="15.009227">
        <time>2026-04-05T08:36:02.000Z</time>
      </trkpt>
      <trkpt lat="49.053717" lon="15.009228">
        <time>2026-04-05T08:36:03.000Z</time>
      </trkpt>
      <trkpt lat="49.053692" lon="15.009232">
        <time>2026-04-05T08:36:04.000Z</time>
      </trkpt>
      <trkpt lat="49.053668" lon="15.009228">
        <time>2026-04-05T08:36:05.000Z</time>
      </trkpt>
      <trkpt lat="49.053643" lon="15.009237">
        <time>2026-04-05T08:36:06.000Z</time>
      </trkpt>
      <trkpt lat="49.053617" lon="15.009242">
        <time>2026-04-05T08:36:07.000Z</time>
      </trkpt>
      <trkpt lat="49.053588" lon="15.009238">
        <time>2026-04-05T08:36:08.000Z</time>
      </trkpt>
      <trkpt lat="49.053567" lon="15.009242">
        <time>2026-04-05T08:36:09.000Z</time>
      </trkpt>
      <trkpt lat="49.053543" lon="15.009245">
        <time>2026-04-05T08:36:10.000Z</time>
      </trkpt>
      <trkpt lat="49.053522" lon="15.009247">
        <time>2026-04-05T08:36:12.000Z</time>
      </trkpt>
      <trkpt lat="49.05352" lon="15.00928">
        <time>2026-04-05T08:36:19.000Z</time>
      </trkpt>
      <trkpt lat="49.053522" lon="15.009308">
        <time>2026-04-05T08:36:21.000Z</time>
      </trkpt>
      <trkpt lat="49.053527" lon="15.009335">
        <time>2026-04-05T08:36:22.000Z</time>
      </trkpt>
      <trkpt lat="49.053532" lon="15.009362">
        <time>2026-04-05T08:36:23.000Z</time>
      </trkpt>
      <trkpt lat="49.053535" lon="15.009395">
        <time>2026-04-05T08:36:24.000Z</time>
      </trkpt>
      <trkpt lat="49.053537" lon="15.00943">
        <time>2026-04-05T08:36:25.000Z</time>
      </trkpt>
      <trkpt lat="49.05354" lon="15.00948">
        <time>2026-04-05T08:36:26.000Z</time>
      </trkpt>
      <trkpt lat="49.053543" lon="15.009532">
        <time>2026-04-05T08:36:27.000Z</time>
      </trkpt>
      <trkpt lat="49.053542" lon="15.009583">
        <time>2026-04-05T08:36:28.000Z</time>
      </trkpt>
      <trkpt lat="49.053543" lon="15.00963">
        <time>2026-04-05T08:36:29.000Z</time>
      </trkpt>
      <trkpt lat="49.053548" lon="15.009675">
        <time>2026-04-05T08:36:30.000Z</time>
      </trkpt>
      <trkpt lat="49.053552" lon="15.009718">
        <time>2026-04-05T08:36:31.000Z</time>
      </trkpt>
      <trkpt lat="49.053553" lon="15.009763">
        <time>2026-04-05T08:36:32.000Z</time>
      </trkpt>
      <trkpt lat="49.053553" lon="15.00981">
        <time>2026-04-05T08:36:33.000Z</time>
      </trkpt>
      <trkpt lat="49.053562" lon="15.009848">
        <time>2026-04-05T08:36:34.000Z</time>
      </trkpt>
      <trkpt lat="49.05356" lon="15.009887">
        <time>2026-04-05T08:36:35.000Z</time>
      </trkpt>
      <trkpt lat="49.053557" lon="15.009933">
        <time>2026-04-05T08:36:36.000Z</time>
      </trkpt>
      <trkpt lat="49.053552" lon="15.009973">
        <time>2026-04-05T08:36:37.000Z</time>
      </trkpt>
      <trkpt lat="49.053548" lon="15.01001">
        <time>2026-04-05T08:36:38.000Z</time>
      </trkpt>
      <trkpt lat="49.053547" lon="15.010042">
        <time>2026-04-05T08:36:39.000Z</time>
      </trkpt>
      <trkpt lat="49.053545" lon="15.010087">
        <time>2026-04-05T08:36:40.000Z</time>
      </trkpt>
      <trkpt lat="49.053552" lon="15.01012">
        <time>2026-04-05T08:36:41.000Z</time>
      </trkpt>
      <trkpt lat="49.053555" lon="15.010155">
        <time>2026-04-05T08:36:42.000Z</time>
      </trkpt>
      <trkpt lat="49.053557" lon="15.010193">
        <time>2026-04-05T08:36:43.000Z</time>
      </trkpt>
      <trkpt lat="49.053557" lon="15.010235">
        <time>2026-04-05T08:36:44.000Z</time>
      </trkpt>
      <trkpt lat="49.053555" lon="15.010282">
        <time>2026-04-05T08:36:45.000Z</time>
      </trkpt>
      <trkpt lat="49.053548" lon="15.010317">
        <time>2026-04-05T08:36:46.000Z</time>
      </trkpt>
      <trkpt lat="49.053548" lon="15.01035">
        <time>2026-04-05T08:36:47.000Z</time>
      </trkpt>
      <trkpt lat="49.05355" lon="15.01039">
        <time>2026-04-05T08:36:48.000Z</time>
      </trkpt>
      <trkpt lat="49.053552" lon="15.010432">
        <time>2026-04-05T08:36:49.000Z</time>
      </trkpt>
      <trkpt lat="49.053552" lon="15.010465">
        <time>2026-04-05T08:36:50.000Z</time>
      </trkpt>
      <trkpt lat="49.053548" lon="15.010497">
        <time>2026-04-05T08:36:51.000Z</time>
      </trkpt>
      <trkpt lat="49.053523" lon="15.010537">
        <time>2026-04-05T08:36:53.000Z</time>
      </trkpt>
      <trkpt lat="49.053508" lon="15.010558">
        <time>2026-04-05T08:36:54.000Z</time>
      </trkpt>
      <trkpt lat="49.05348" lon="15.010592">
        <time>2026-04-05T08:36:56.000Z</time>
      </trkpt>
      <trkpt lat="49.053463" lon="15.010612">
        <time>2026-04-05T08:36:57.000Z</time>
      </trkpt>
      <trkpt lat="49.053445" lon="15.01063">
        <time>2026-04-05T08:36:58.000Z</time>
      </trkpt>
      <trkpt lat="49.053428" lon="15.01065">
        <time>2026-04-05T08:36:59.000Z</time>
      </trkpt>
      <trkpt lat="49.053415" lon="15.010672">
        <time>2026-04-05T08:37:00.000Z</time>
      </trkpt>
      <trkpt lat="49.0534" lon="15.010695">
        <time>2026-04-05T08:37:01.000Z</time>
      </trkpt>
      <trkpt lat="49.05338" lon="15.010718">
        <time>2026-04-05T08:37:02.000Z</time>
      </trkpt>
      <trkpt lat="49.053362" lon="15.010745">
        <time>2026-04-05T08:37:03.000Z</time>
      </trkpt>
      <trkpt lat="49.053352" lon="15.010773">
        <time>2026-04-05T08:37:04.000Z</time>
      </trkpt>
      <trkpt lat="49.05334" lon="15.010798">
        <time>2026-04-05T08:37:05.000Z</time>
      </trkpt>
      <trkpt lat="49.053327" lon="15.010822">
        <time>2026-04-05T08:37:06.000Z</time>
      </trkpt>
      <trkpt lat="49.053312" lon="15.010848">
        <time>2026-04-05T08:37:07.000Z</time>
      </trkpt>
      <trkpt lat="49.053297" lon="15.010873">
        <time>2026-04-05T08:37:08.000Z</time>
      </trkpt>
      <trkpt lat="49.053283" lon="15.010902">
        <time>2026-04-05T08:37:09.000Z</time>
      </trkpt>
      <trkpt lat="49.053267" lon="15.010925">
        <time>2026-04-05T08:37:10.000Z</time>
      </trkpt>
      <trkpt lat="49.05325" lon="15.01095">
        <time>2026-04-05T08:37:11.000Z</time>
      </trkpt>
      <trkpt lat="49.053232" lon="15.010967">
        <time>2026-04-05T08:37:12.000Z</time>
      </trkpt>
      <trkpt lat="49.053218" lon="15.010993">
        <time>2026-04-05T08:37:13.000Z</time>
      </trkpt>
      <trkpt lat="49.053202" lon="15.01102">
        <time>2026-04-05T08:37:14.000Z</time>
      </trkpt>
      <trkpt lat="49.053188" lon="15.011043">
        <time>2026-04-05T08:37:15.000Z</time>
      </trkpt>
      <trkpt lat="49.053172" lon="15.01106">
        <time>2026-04-05T08:37:16.000Z</time>
      </trkpt>
      <trkpt lat="49.053143" lon="15.011098">
        <time>2026-04-05T08:37:18.000Z</time>
      </trkpt>
      <trkpt lat="49.053128" lon="15.011118">
        <time>2026-04-05T08:37:19.000Z</time>
      </trkpt>
      <trkpt lat="49.053115" lon="15.01114">
        <time>2026-04-05T08:37:20.000Z</time>
      </trkpt>
      <trkpt lat="49.053097" lon="15.011163">
        <time>2026-04-05T08:37:21.000Z</time>
      </trkpt>
      <trkpt lat="49.053075" lon="15.011193">
        <time>2026-04-05T08:37:22.000Z</time>
      </trkpt>
      <trkpt lat="49.053057" lon="15.011217">
        <time>2026-04-05T08:37:23.000Z</time>
      </trkpt>
      <trkpt lat="49.053025" lon="15.011243">
        <time>2026-04-05T08:37:25.000Z</time>
      </trkpt>
      <trkpt lat="49.053008" lon="15.01126">
        <time>2026-04-05T08:37:26.000Z</time>
      </trkpt>
      <trkpt lat="49.052988" lon="15.011283">
        <time>2026-04-05T08:37:27.000Z</time>
      </trkpt>
      <trkpt lat="49.052972" lon="15.011313">
        <time>2026-04-05T08:37:28.000Z</time>
      </trkpt>
      <trkpt lat="49.05296" lon="15.011343">
        <time>2026-04-05T08:37:29.000Z</time>
      </trkpt>
      <trkpt lat="49.052948" lon="15.011372">
        <time>2026-04-05T08:37:30.000Z</time>
      </trkpt>
      <trkpt lat="49.052937" lon="15.011403">
        <time>2026-04-05T08:37:31.000Z</time>
      </trkpt>
      <trkpt lat="49.052925" lon="15.011438">
        <time>2026-04-05T08:37:32.000Z</time>
      </trkpt>
      <trkpt lat="49.052912" lon="15.01147">
        <time>2026-04-05T08:37:33.000Z</time>
      </trkpt>
      <trkpt lat="49.052895" lon="15.011502">
        <time>2026-04-05T08:37:34.000Z</time>
      </trkpt>
      <trkpt lat="49.052875" lon="15.011523">
        <time>2026-04-05T08:37:35.000Z</time>
      </trkpt>
      <trkpt lat="49.052857" lon="15.011542">
        <time>2026-04-05T08:37:36.000Z</time>
      </trkpt>
      <trkpt lat="49.052838" lon="15.011557">
        <time>2026-04-05T08:37:37.000Z</time>
      </trkpt>
      <trkpt lat="49.052825" lon="15.011577">
        <time>2026-04-05T08:37:38.000Z</time>
      </trkpt>
      <trkpt lat="49.052808" lon="15.011603">
        <time>2026-04-05T08:37:39.000Z</time>
      </trkpt>
      <trkpt lat="49.052797" lon="15.011628">
        <time>2026-04-05T08:37:40.000Z</time>
      </trkpt>
      <trkpt lat="49.052785" lon="15.01166">
        <time>2026-04-05T08:37:41.000Z</time>
      </trkpt>
      <trkpt lat="49.052782" lon="15.01169">
        <time>2026-04-05T08:37:42.000Z</time>
      </trkpt>
      <trkpt lat="49.052778" lon="15.011727">
        <time>2026-04-05T08:37:43.000Z</time>
      </trkpt>
      <trkpt lat="49.052765" lon="15.011765">
        <time>2026-04-05T08:37:44.000Z</time>
      </trkpt>
      <trkpt lat="49.05275" lon="15.01179">
        <time>2026-04-05T08:37:45.000Z</time>
      </trkpt>
      <trkpt lat="49.052732" lon="15.011813">
        <time>2026-04-05T08:37:46.000Z</time>
      </trkpt>
      <trkpt lat="49.052717" lon="15.011835">
        <time>2026-04-05T08:37:47.000Z</time>
      </trkpt>
      <trkpt lat="49.0527" lon="15.011857">
        <time>2026-04-05T08:37:48.000Z</time>
      </trkpt>
      <trkpt lat="49.05268" lon="15.011885">
        <time>2026-04-05T08:37:49.000Z</time>
      </trkpt>
      <trkpt lat="49.05267" lon="15.01191">
        <time>2026-04-05T08:37:50.000Z</time>
      </trkpt>
      <trkpt lat="49.052663" lon="15.011942">
        <time>2026-04-05T08:37:51.000Z</time>
      </trkpt>
      <trkpt lat="49.052653" lon="15.011977">
        <time>2026-04-05T08:37:52.000Z</time>
      </trkpt>
      <trkpt lat="49.052643" lon="15.012013">
        <time>2026-04-05T08:37:53.000Z</time>
      </trkpt>
      <trkpt lat="49.05264" lon="15.012042">
        <time>2026-04-05T08:37:54.000Z</time>
      </trkpt>
      <trkpt lat="49.052637" lon="15.012082">
        <time>2026-04-05T08:37:55.000Z</time>
      </trkpt>
      <trkpt lat="49.052635" lon="15.012127">
        <time>2026-04-05T08:37:56.000Z</time>
      </trkpt>
      <trkpt lat="49.052625" lon="15.012167">
        <time>2026-04-05T08:37:57.000Z</time>
      </trkpt>
      <trkpt lat="49.052612" lon="15.012207">
        <time>2026-04-05T08:37:58.000Z</time>
      </trkpt>
      <trkpt lat="49.052603" lon="15.012238">
        <time>2026-04-05T08:37:59.000Z</time>
      </trkpt>
      <trkpt lat="49.052598" lon="15.012267">
        <time>2026-04-05T08:38:00.000Z</time>
      </trkpt>
      <trkpt lat="49.052593" lon="15.012293">
        <time>2026-04-05T08:38:01.000Z</time>
      </trkpt>
      <trkpt lat="49.052583" lon="15.01232">
        <time>2026-04-05T08:38:02.000Z</time>
      </trkpt>
      <trkpt lat="49.052567" lon="15.012375">
        <time>2026-04-05T08:38:04.000Z</time>
      </trkpt>
      <trkpt lat="49.052562" lon="15.012402">
        <time>2026-04-05T08:38:05.000Z</time>
      </trkpt>
      <trkpt lat="49.052557" lon="15.012445">
        <time>2026-04-05T08:38:07.000Z</time>
      </trkpt>
      <trkpt lat="49.05254" lon="15.012483">
        <time>2026-04-05T08:38:10.000Z</time>
      </trkpt>
      <trkpt lat="49.052532" lon="15.01253">
        <time>2026-04-05T08:38:12.000Z</time>
      </trkpt>
      <trkpt lat="49.052522" lon="15.012553">
        <time>2026-04-05T08:38:13.000Z</time>
      </trkpt>
      <trkpt lat="49.052525" lon="15.012595">
        <time>2026-04-05T08:38:15.000Z</time>
      </trkpt>
      <trkpt lat="49.05253" lon="15.012622">
        <time>2026-04-05T08:38:16.000Z</time>
      </trkpt>
      <trkpt lat="49.052547" lon="15.012657">
        <time>2026-04-05T08:38:18.000Z</time>
      </trkpt>
      <trkpt lat="49.052547" lon="15.012703">
        <time>2026-04-05T08:38:19.000Z</time>
      </trkpt>
      <trkpt lat="49.052545" lon="15.012743">
        <time>2026-04-05T08:38:20.000Z</time>
      </trkpt>
      <trkpt lat="49.052543" lon="15.012775">
        <time>2026-04-05T08:38:21.000Z</time>
      </trkpt>
      <trkpt lat="49.052533" lon="15.012803">
        <time>2026-04-05T08:38:22.000Z</time>
      </trkpt>
      <trkpt lat="49.052522" lon="15.012852">
        <time>2026-04-05T08:38:24.000Z</time>
      </trkpt>
      <trkpt lat="49.05251" lon="15.012878">
        <time>2026-04-05T08:38:26.000Z</time>
      </trkpt>
      <trkpt lat="49.052512" lon="15.01291">
        <time>2026-04-05T08:38:32.000Z</time>
      </trkpt>
      <trkpt lat="49.052482" lon="15.01291">
        <time>2026-04-05T08:38:36.000Z</time>
      </trkpt>
      <trkpt lat="49.052455" lon="15.012898">
        <time>2026-04-05T08:38:37.000Z</time>
      </trkpt>
      <trkpt lat="49.052423" lon="15.012892">
        <time>2026-04-05T08:38:38.000Z</time>
      </trkpt>
      <trkpt lat="49.052387" lon="15.012888">
        <time>2026-04-05T08:38:39.000Z</time>
      </trkpt>
      <trkpt lat="49.052355" lon="15.012883">
        <time>2026-04-05T08:38:40.000Z</time>
      </trkpt>
      <trkpt lat="49.052328" lon="15.01288">
        <time>2026-04-05T08:38:41.000Z</time>
      </trkpt>
      <trkpt lat="49.052305" lon="15.01288">
        <time>2026-04-05T08:38:42.000Z</time>
      </trkpt>
      <trkpt lat="49.052278" lon="15.012875">
        <time>2026-04-05T08:38:43.000Z</time>
      </trkpt>
      <trkpt lat="49.052253" lon="15.012872">
        <time>2026-04-05T08:38:44.000Z</time>
      </trkpt>
      <trkpt lat="49.052228" lon="15.012873">
        <time>2026-04-05T08:38:45.000Z</time>
      </trkpt>
      <trkpt lat="49.052205" lon="15.012877">
        <time>2026-04-05T08:38:46.000Z</time>
      </trkpt>
      <trkpt lat="49.052185" lon="15.012882">
        <time>2026-04-05T08:38:47.000Z</time>
      </trkpt>
      <trkpt lat="49.052162" lon="15.012883">
        <time>2026-04-05T08:38:48.000Z</time>
      </trkpt>
      <trkpt lat="49.052133" lon="15.012885">
        <time>2026-04-05T08:38:49.000Z</time>
      </trkpt>
      <trkpt lat="49.052107" lon="15.012883">
        <time>2026-04-05T08:38:50.000Z</time>
      </trkpt>
      <trkpt lat="49.052083" lon="15.012895">
        <time>2026-04-05T08:38:51.000Z</time>
      </trkpt>
      <trkpt lat="49.052065" lon="15.012913">
        <time>2026-04-05T08:38:52.000Z</time>
      </trkpt>
      <trkpt lat="49.052048" lon="15.012935">
        <time>2026-04-05T08:38:53.000Z</time>
      </trkpt>
      <trkpt lat="49.052025" lon="15.012958">
        <time>2026-04-05T08:38:54.000Z</time>
      </trkpt>
      <trkpt lat="49.052003" lon="15.012967">
        <time>2026-04-05T08:38:55.000Z</time>
      </trkpt>
      <trkpt lat="49.051982" lon="15.012977">
        <time>2026-04-05T08:38:56.000Z</time>
      </trkpt>
      <trkpt lat="49.051963" lon="15.012983">
        <time>2026-04-05T08:38:57.000Z</time>
      </trkpt>
      <trkpt lat="49.051945" lon="15.01299">
        <time>2026-04-05T08:38:58.000Z</time>
      </trkpt>
      <trkpt lat="49.051908" lon="15.013017">
        <time>2026-04-05T08:39:00.000Z</time>
      </trkpt>
      <trkpt lat="49.051883" lon="15.013032">
        <time>2026-04-05T08:39:01.000Z</time>
      </trkpt>
      <trkpt lat="49.051863" lon="15.01305">
        <time>2026-04-05T08:39:02.000Z</time>
      </trkpt>
      <trkpt lat="49.051845" lon="15.01307">
        <time>2026-04-05T08:39:03.000Z</time>
      </trkpt>
      <trkpt lat="49.051832" lon="15.013092">
        <time>2026-04-05T08:39:04.000Z</time>
      </trkpt>
      <trkpt lat="49.051807" lon="15.013138">
        <time>2026-04-05T08:39:06.000Z</time>
      </trkpt>
      <trkpt lat="49.051792" lon="15.013162">
        <time>2026-04-05T08:39:07.000Z</time>
      </trkpt>
      <trkpt lat="49.051777" lon="15.013187">
        <time>2026-04-05T08:39:08.000Z</time>
      </trkpt>
      <trkpt lat="49.051765" lon="15.013208">
        <time>2026-04-05T08:39:09.000Z</time>
      </trkpt>
      <trkpt lat="49.051743" lon="15.013222">
        <time>2026-04-05T08:39:10.000Z</time>
      </trkpt>
      <trkpt lat="49.05172" lon="15.013237">
        <time>2026-04-05T08:39:11.000Z</time>
      </trkpt>
      <trkpt lat="49.051702" lon="15.013243">
        <time>2026-04-05T08:39:12.000Z</time>
      </trkpt>
      <trkpt lat="49.051682" lon="15.013252">
        <time>2026-04-05T08:39:13.000Z</time>
      </trkpt>
      <trkpt lat="49.05166" lon="15.013265">
        <time>2026-04-05T08:39:14.000Z</time>
      </trkpt>
      <trkpt lat="49.051632" lon="15.013292">
        <time>2026-04-05T08:39:16.000Z</time>
      </trkpt>
      <trkpt lat="49.051607" lon="15.013303">
        <time>2026-04-05T08:39:17.000Z</time>
      </trkpt>
      <trkpt lat="49.05159" lon="15.013317">
        <time>2026-04-05T08:39:18.000Z</time>
      </trkpt>
      <trkpt lat="49.051568" lon="15.013333">
        <time>2026-04-05T08:39:19.000Z</time>
      </trkpt>
      <trkpt lat="49.051548" lon="15.013343">
        <time>2026-04-05T08:39:20.000Z</time>
      </trkpt>
      <trkpt lat="49.051528" lon="15.013362">
        <time>2026-04-05T08:39:21.000Z</time>
      </trkpt>
      <trkpt lat="49.051512" lon="15.013377">
        <time>2026-04-05T08:39:22.000Z</time>
      </trkpt>
      <trkpt lat="49.051492" lon="15.013393">
        <time>2026-04-05T08:39:23.000Z</time>
      </trkpt>
      <trkpt lat="49.051475" lon="15.01341">
        <time>2026-04-05T08:39:24.000Z</time>
      </trkpt>
      <trkpt lat="49.051455" lon="15.013433">
        <time>2026-04-05T08:39:25.000Z</time>
      </trkpt>
      <trkpt lat="49.051435" lon="15.01346">
        <time>2026-04-05T08:39:26.000Z</time>
      </trkpt>
      <trkpt lat="49.051422" lon="15.013488">
        <time>2026-04-05T08:39:27.000Z</time>
      </trkpt>
      <trkpt lat="49.051393" lon="15.013518">
        <time>2026-04-05T08:39:29.000Z</time>
      </trkpt>
      <trkpt lat="49.051373" lon="15.013545">
        <time>2026-04-05T08:39:31.000Z</time>
      </trkpt>
      <trkpt lat="49.051357" lon="15.013565">
        <time>2026-04-05T08:39:32.000Z</time>
      </trkpt>
      <trkpt lat="49.051338" lon="15.013585">
        <time>2026-04-05T08:39:33.000Z</time>
      </trkpt>
      <trkpt lat="49.051313" lon="15.013625">
        <time>2026-04-05T08:39:35.000Z</time>
      </trkpt>
      <trkpt lat="49.051285" lon="15.013662">
        <time>2026-04-05T08:39:37.000Z</time>
      </trkpt>
      <trkpt lat="49.05127" lon="15.013682">
        <time>2026-04-05T08:39:38.000Z</time>
      </trkpt>
      <trkpt lat="49.051255" lon="15.0137">
        <time>2026-04-05T08:39:39.000Z</time>
      </trkpt>
      <trkpt lat="49.051232" lon="15.013717">
        <time>2026-04-05T08:39:40.000Z</time>
      </trkpt>
      <trkpt lat="49.051212" lon="15.013732">
        <time>2026-04-05T08:39:41.000Z</time>
      </trkpt>
      <trkpt lat="49.05119" lon="15.013757">
        <time>2026-04-05T08:39:42.000Z</time>
      </trkpt>
      <trkpt lat="49.05117" lon="15.013787">
        <time>2026-04-05T08:39:43.000Z</time>
      </trkpt>
      <trkpt lat="49.05115" lon="15.013808">
        <time>2026-04-05T08:39:44.000Z</time>
      </trkpt>
      <trkpt lat="49.051128" lon="15.013833">
        <time>2026-04-05T08:39:45.000Z</time>
      </trkpt>
      <trkpt lat="49.051107" lon="15.013857">
        <time>2026-04-05T08:39:46.000Z</time>
      </trkpt>
      <trkpt lat="49.051078" lon="15.013882">
        <time>2026-04-05T08:39:47.000Z</time>
      </trkpt>
      <trkpt lat="49.051057" lon="15.0139">
        <time>2026-04-05T08:39:48.000Z</time>
      </trkpt>
      <trkpt lat="49.051042" lon="15.013925">
        <time>2026-04-05T08:39:49.000Z</time>
      </trkpt>
      <trkpt lat="49.051027" lon="15.013947">
        <time>2026-04-05T08:39:50.000Z</time>
      </trkpt>
      <trkpt lat="49.051017" lon="15.013972">
        <time>2026-04-05T08:39:51.000Z</time>
      </trkpt>
      <trkpt lat="49.050998" lon="15.014003">
        <time>2026-04-05T08:39:52.000Z</time>
      </trkpt>
      <trkpt lat="49.050982" lon="15.014035">
        <time>2026-04-05T08:39:53.000Z</time>
      </trkpt>
      <trkpt lat="49.050965" lon="15.014053">
        <time>2026-04-05T08:39:54.000Z</time>
      </trkpt>
      <trkpt lat="49.050948" lon="15.014075">
        <time>2026-04-05T08:39:55.000Z</time>
      </trkpt>
      <trkpt lat="49.050918" lon="15.014115">
        <time>2026-04-05T08:39:56.000Z</time>
      </trkpt>
      <trkpt lat="49.0509" lon="15.014135">
        <time>2026-04-05T08:39:57.000Z</time>
      </trkpt>
      <trkpt lat="49.050885" lon="15.014158">
        <time>2026-04-05T08:39:58.000Z</time>
      </trkpt>
      <trkpt lat="49.050873" lon="15.01419">
        <time>2026-04-05T08:39:59.000Z</time>
      </trkpt>
      <trkpt lat="49.050858" lon="15.014218">
        <time>2026-04-05T08:40:00.000Z</time>
      </trkpt>
      <trkpt lat="49.050847" lon="15.01425">
        <time>2026-04-05T08:40:01.000Z</time>
      </trkpt>
      <trkpt lat="49.050837" lon="15.014275">
        <time>2026-04-05T08:40:02.000Z</time>
      </trkpt>
      <trkpt lat="49.050823" lon="15.014307">
        <time>2026-04-05T08:40:03.000Z</time>
      </trkpt>
      <trkpt lat="49.05081" lon="15.014332">
        <time>2026-04-05T08:40:04.000Z</time>
      </trkpt>
      <trkpt lat="49.050792" lon="15.014357">
        <time>2026-04-05T08:40:05.000Z</time>
      </trkpt>
      <trkpt lat="49.050775" lon="15.014375">
        <time>2026-04-05T08:40:06.000Z</time>
      </trkpt>
      <trkpt lat="49.05076" lon="15.014392">
        <time>2026-04-05T08:40:07.000Z</time>
      </trkpt>
      <trkpt lat="49.050743" lon="15.014408">
        <time>2026-04-05T08:40:08.000Z</time>
      </trkpt>
      <trkpt lat="49.05073" lon="15.014433">
        <time>2026-04-05T08:40:09.000Z</time>
      </trkpt>
      <trkpt lat="49.050715" lon="15.014457">
        <time>2026-04-05T08:40:10.000Z</time>
      </trkpt>
      <trkpt lat="49.050702" lon="15.014483">
        <time>2026-04-05T08:40:11.000Z</time>
      </trkpt>
      <trkpt lat="49.050687" lon="15.014502">
        <time>2026-04-05T08:40:12.000Z</time>
      </trkpt>
      <trkpt lat="49.050673" lon="15.014522">
        <time>2026-04-05T08:40:13.000Z</time>
      </trkpt>
      <trkpt lat="49.05066" lon="15.014542">
        <time>2026-04-05T08:40:14.000Z</time>
      </trkpt>
      <trkpt lat="49.050652" lon="15.014567">
        <time>2026-04-05T08:40:15.000Z</time>
      </trkpt>
      <trkpt lat="49.050647" lon="15.014598">
        <time>2026-04-05T08:40:16.000Z</time>
      </trkpt>
      <trkpt lat="49.050648" lon="15.014632">
        <time>2026-04-05T08:40:17.000Z</time>
      </trkpt>
      <trkpt lat="49.050647" lon="15.014702">
        <time>2026-04-05T08:40:19.000Z</time>
      </trkpt>
      <trkpt lat="49.05064" lon="15.01473">
        <time>2026-04-05T08:40:20.000Z</time>
      </trkpt>
      <trkpt lat="49.050632" lon="15.014755">
        <time>2026-04-05T08:40:21.000Z</time>
      </trkpt>
      <trkpt lat="49.050618" lon="15.014778">
        <time>2026-04-05T08:40:22.000Z</time>
      </trkpt>
      <trkpt lat="49.050608" lon="15.014807">
        <time>2026-04-05T08:40:23.000Z</time>
      </trkpt>
      <trkpt lat="49.050593" lon="15.01486">
        <time>2026-04-05T08:40:25.000Z</time>
      </trkpt>
      <trkpt lat="49.050587" lon="15.014888">
        <time>2026-04-05T08:40:26.000Z</time>
      </trkpt>
      <trkpt lat="49.050578" lon="15.014915">
        <time>2026-04-05T08:40:27.000Z</time>
      </trkpt>
      <trkpt lat="49.050567" lon="15.014943">
        <time>2026-04-05T08:40:28.000Z</time>
      </trkpt>
      <trkpt lat="49.050558" lon="15.014975">
        <time>2026-04-05T08:40:29.000Z</time>
      </trkpt>
      <trkpt lat="49.050552" lon="15.015008">
        <time>2026-04-05T08:40:30.000Z</time>
      </trkpt>
      <trkpt lat="49.050537" lon="15.015063">
        <time>2026-04-05T08:40:32.000Z</time>
      </trkpt>
      <trkpt lat="49.050527" lon="15.015095">
        <time>2026-04-05T08:40:33.000Z</time>
      </trkpt>
      <trkpt lat="49.05051" lon="15.015147">
        <time>2026-04-05T08:40:35.000Z</time>
      </trkpt>
      <trkpt lat="49.050502" lon="15.015172">
        <time>2026-04-05T08:40:36.000Z</time>
      </trkpt>
      <trkpt lat="49.050502" lon="15.015202">
        <time>2026-04-05T08:40:38.000Z</time>
      </trkpt>
      <trkpt lat="49.050502" lon="15.015237">
        <time>2026-04-05T08:40:40.000Z</time>
      </trkpt>
      <trkpt lat="49.050508" lon="15.015268">
        <time>2026-04-05T08:40:41.000Z</time>
      </trkpt>
      <trkpt lat="49.050518" lon="15.015305">
        <time>2026-04-05T08:40:42.000Z</time>
      </trkpt>
      <trkpt lat="49.050527" lon="15.01534">
        <time>2026-04-05T08:40:43.000Z</time>
      </trkpt>
      <trkpt lat="49.050538" lon="15.015372">
        <time>2026-04-05T08:40:44.000Z</time>
      </trkpt>
      <trkpt lat="49.050557" lon="15.015397">
        <time>2026-04-05T08:40:45.000Z</time>
      </trkpt>
      <trkpt lat="49.050578" lon="15.015417">
        <time>2026-04-05T08:40:46.000Z</time>
      </trkpt>
      <trkpt lat="49.050597" lon="15.01544">
        <time>2026-04-05T08:40:47.000Z</time>
      </trkpt>
      <trkpt lat="49.050612" lon="15.015472">
        <time>2026-04-05T08:40:48.000Z</time>
      </trkpt>
      <trkpt lat="49.05063" lon="15.015507">
        <time>2026-04-05T08:40:49.000Z</time>
      </trkpt>
      <trkpt lat="49.050643" lon="15.015543">
        <time>2026-04-05T08:40:50.000Z</time>
      </trkpt>
      <trkpt lat="49.05065" lon="15.015587">
        <time>2026-04-05T08:40:51.000Z</time>
      </trkpt>
      <trkpt lat="49.05065" lon="15.015623">
        <time>2026-04-05T08:40:52.000Z</time>
      </trkpt>
      <trkpt lat="49.05064" lon="15.01566">
        <time>2026-04-05T08:40:53.000Z</time>
      </trkpt>
      <trkpt lat="49.050625" lon="15.015687">
        <time>2026-04-05T08:40:54.000Z</time>
      </trkpt>
      <trkpt lat="49.050612" lon="15.015717">
        <time>2026-04-05T08:40:55.000Z</time>
      </trkpt>
      <trkpt lat="49.050602" lon="15.015747">
        <time>2026-04-05T08:40:56.000Z</time>
      </trkpt>
      <trkpt lat="49.050587" lon="15.015782">
        <time>2026-04-05T08:40:57.000Z</time>
      </trkpt>
      <trkpt lat="49.050572" lon="15.01582">
        <time>2026-04-05T08:40:58.000Z</time>
      </trkpt>
      <trkpt lat="49.050558" lon="15.01585">
        <time>2026-04-05T08:40:59.000Z</time>
      </trkpt>
      <trkpt lat="49.050548" lon="15.015877">
        <time>2026-04-05T08:41:00.000Z</time>
      </trkpt>
      <trkpt lat="49.050537" lon="15.015902">
        <time>2026-04-05T08:41:01.000Z</time>
      </trkpt>
      <trkpt lat="49.050525" lon="15.01593">
        <time>2026-04-05T08:41:02.000Z</time>
      </trkpt>
      <trkpt lat="49.05052" lon="15.015957">
        <time>2026-04-05T08:41:03.000Z</time>
      </trkpt>
      <trkpt lat="49.050515" lon="15.015988">
        <time>2026-04-05T08:41:04.000Z</time>
      </trkpt>
      <trkpt lat="49.050502" lon="15.016023">
        <time>2026-04-05T08:41:05.000Z</time>
      </trkpt>
      <trkpt lat="49.050487" lon="15.016055">
        <time>2026-04-05T08:41:06.000Z</time>
      </trkpt>
      <trkpt lat="49.050472" lon="15.01608">
        <time>2026-04-05T08:41:07.000Z</time>
      </trkpt>
      <trkpt lat="49.050457" lon="15.016112">
        <time>2026-04-05T08:41:08.000Z</time>
      </trkpt>
      <trkpt lat="49.050437" lon="15.016138">
        <time>2026-04-05T08:41:09.000Z</time>
      </trkpt>
      <trkpt lat="49.050423" lon="15.016163">
        <time>2026-04-05T08:41:10.000Z</time>
      </trkpt>
      <trkpt lat="49.050412" lon="15.016198">
        <time>2026-04-05T08:41:11.000Z</time>
      </trkpt>
      <trkpt lat="49.050407" lon="15.016227">
        <time>2026-04-05T08:41:12.000Z</time>
      </trkpt>
      <trkpt lat="49.050395" lon="15.016278">
        <time>2026-04-05T08:41:14.000Z</time>
      </trkpt>
      <trkpt lat="49.050388" lon="15.016308">
        <time>2026-04-05T08:41:15.000Z</time>
      </trkpt>
      <trkpt lat="49.050385" lon="15.016338">
        <time>2026-04-05T08:41:16.000Z</time>
      </trkpt>
      <trkpt lat="49.050382" lon="15.016368">
        <time>2026-04-05T08:41:17.000Z</time>
      </trkpt>
      <trkpt lat="49.05038" lon="15.0164">
        <time>2026-04-05T08:41:18.000Z</time>
      </trkpt>
      <trkpt lat="49.050372" lon="15.01643">
        <time>2026-04-05T08:41:19.000Z</time>
      </trkpt>
      <trkpt lat="49.050365" lon="15.016458">
        <time>2026-04-05T08:41:20.000Z</time>
      </trkpt>
      <trkpt lat="49.050357" lon="15.016488">
        <time>2026-04-05T08:41:21.000Z</time>
      </trkpt>
      <trkpt lat="49.050345" lon="15.01652">
        <time>2026-04-05T08:41:22.000Z</time>
      </trkpt>
      <trkpt lat="49.050328" lon="15.016548">
        <time>2026-04-05T08:41:23.000Z</time>
      </trkpt>
      <trkpt lat="49.0503" lon="15.016582">
        <time>2026-04-05T08:41:25.000Z</time>
      </trkpt>
      <trkpt lat="49.050288" lon="15.016605">
        <time>2026-04-05T08:41:26.000Z</time>
      </trkpt>
      <trkpt lat="49.050275" lon="15.016632">
        <time>2026-04-05T08:41:27.000Z</time>
      </trkpt>
      <trkpt lat="49.050263" lon="15.016655">
        <time>2026-04-05T08:41:28.000Z</time>
      </trkpt>
      <trkpt lat="49.050243" lon="15.016678">
        <time>2026-04-05T08:41:29.000Z</time>
      </trkpt>
      <trkpt lat="49.050228" lon="15.016702">
        <time>2026-04-05T08:41:30.000Z</time>
      </trkpt>
      <trkpt lat="49.05022" lon="15.016737">
        <time>2026-04-05T08:41:31.000Z</time>
      </trkpt>
      <trkpt lat="49.050215" lon="15.016772">
        <time>2026-04-05T08:41:32.000Z</time>
      </trkpt>
      <trkpt lat="49.050207" lon="15.016798">
        <time>2026-04-05T08:41:33.000Z</time>
      </trkpt>
      <trkpt lat="49.050195" lon="15.016828">
        <time>2026-04-05T08:41:34.000Z</time>
      </trkpt>
      <trkpt lat="49.050178" lon="15.016867">
        <time>2026-04-05T08:41:35.000Z</time>
      </trkpt>
      <trkpt lat="49.05016" lon="15.016897">
        <time>2026-04-05T08:41:36.000Z</time>
      </trkpt>
      <trkpt lat="49.050147" lon="15.016922">
        <time>2026-04-05T08:41:37.000Z</time>
      </trkpt>
      <trkpt lat="49.050138" lon="15.016947">
        <time>2026-04-05T08:41:38.000Z</time>
      </trkpt>
      <trkpt lat="49.050133" lon="15.016978">
        <time>2026-04-05T08:41:39.000Z</time>
      </trkpt>
      <trkpt lat="49.050135" lon="15.017015">
        <time>2026-04-05T08:41:40.000Z</time>
      </trkpt>
      <trkpt lat="49.050138" lon="15.017043">
        <time>2026-04-05T08:41:41.000Z</time>
      </trkpt>
      <trkpt lat="49.050147" lon="15.017073">
        <time>2026-04-05T08:41:42.000Z</time>
      </trkpt>
      <trkpt lat="49.050155" lon="15.017103">
        <time>2026-04-05T08:41:43.000Z</time>
      </trkpt>
      <trkpt lat="49.05016" lon="15.017135">
        <time>2026-04-05T08:41:46.000Z</time>
      </trkpt>
    </trkseg>
  </trk>
</gpx>
