<?xml version="1.0" encoding="UTF-8"?>
<gpx version="1.1" creator="Livelox" xmlns="http://www.topografix.com/GPX/1/1" xmlns:xsi="http://www.w3.org/2001/XMLSchema-instance" xsi:schemaLocation="http://www.topografix.com/GPX/1/1 http://www.topografix.com/GPX/1/1/gpx.xsd http://www.garmin.com/xmlschemas/GpxExtensions/v3 http://www.garmin.com/xmlschemas/GpxExtensionsv3.xsd http://www.garmin.com/xmlschemas/TrackPointExtension/v1 http://www.garmin.com/xmlschemas/TrackPointExtensionv1.xsd http://www.garmin.com/xmlschemas/PowerExtension/v1 http://www.garmin.com/xmlschemas/PowerExtensionv1.xsd http://www.topografix.com/GPX/gpx_style/0/2 http://www.topografix.com/GPX/gpx_style/0/2/gpx_style.xsd" xmlns:gpxtpx="http://www.garmin.com/xmlschemas/TrackPointExtension/v1" xmlns:gpxx="http://www.garmin.com/xmlschemas/GpxExtensions/v3" xmlns:gpxpx="http://www.garmin.com/xmlschemas/PowerExtension/v1" xmlns:gpx_style="http://www.topografix.com/GPX/gpx_style/0/2">
  <metadata>
    <name>5. 4. 2026 Velikonoce PGP - middle, H18-21_Top Masters, Nemšovský Petr</name>
    <author>
      <name>gpx.studio</name>
      <link href="https://gpx.studio"/>
    </author>
  </metadata>
  <trk>
    <name>5. 4. 2026 Velikonoce PGP - middle, H18-21_Top Masters, Nemšovský Petr</name>
    <trkseg>
      <trkpt lat="49.049939" lon="15.017996">
        <time>2026-04-05T08:07:02.000Z</time>
      </trkpt>
      <trkpt lat="49.049933" lon="15.017998">
        <time>2026-04-05T08:07:03.000Z</time>
      </trkpt>
      <trkpt lat="49.049928" lon="15.017996">
        <time>2026-04-05T08:07:04.000Z</time>
      </trkpt>
      <trkpt lat="49.049931" lon="15.017992">
        <time>2026-04-05T08:07:05.000Z</time>
      </trkpt>
      <trkpt lat="49.049938" lon="15.018007">
        <time>2026-04-05T08:07:06.000Z</time>
      </trkpt>
      <trkpt lat="49.049952" lon="15.018012">
        <time>2026-04-05T08:07:07.000Z</time>
      </trkpt>
      <trkpt lat="49.049966" lon="15.018016">
        <time>2026-04-05T08:07:08.000Z</time>
      </trkpt>
      <trkpt lat="49.049983" lon="15.018021">
        <time>2026-04-05T08:07:09.000Z</time>
      </trkpt>
      <trkpt lat="49.050011" lon="15.018038">
        <time>2026-04-05T08:07:10.000Z</time>
      </trkpt>
      <trkpt lat="49.050034" lon="15.018055">
        <time>2026-04-05T08:07:11.000Z</time>
      </trkpt>
      <trkpt lat="49.050057" lon="15.018071">
        <time>2026-04-05T08:07:12.000Z</time>
      </trkpt>
      <trkpt lat="49.050079" lon="15.018084">
        <time>2026-04-05T08:07:13.000Z</time>
      </trkpt>
      <trkpt lat="49.050101" lon="15.018099">
        <time>2026-04-05T08:07:14.000Z</time>
      </trkpt>
      <trkpt lat="49.05012" lon="15.018112">
        <time>2026-04-05T08:07:15.000Z</time>
      </trkpt>
      <trkpt lat="49.050141" lon="15.018118">
        <time>2026-04-05T08:07:16.000Z</time>
      </trkpt>
      <trkpt lat="49.050176" lon="15.018125">
        <time>2026-04-05T08:07:17.000Z</time>
      </trkpt>
      <trkpt lat="49.050213" lon="15.018134">
        <time>2026-04-05T08:07:18.000Z</time>
      </trkpt>
      <trkpt lat="49.050245" lon="15.018148">
        <time>2026-04-05T08:07:19.000Z</time>
      </trkpt>
      <trkpt lat="49.050278" lon="15.018159">
        <time>2026-04-05T08:07:20.000Z</time>
      </trkpt>
      <trkpt lat="49.05031" lon="15.018178">
        <time>2026-04-05T08:07:21.000Z</time>
      </trkpt>
      <trkpt lat="49.050334" lon="15.018192">
        <time>2026-04-05T08:07:22.000Z</time>
      </trkpt>
      <trkpt lat="49.050354" lon="15.018206">
        <time>2026-04-05T08:07:23.000Z</time>
      </trkpt>
      <trkpt lat="49.050376" lon="15.018222">
        <time>2026-04-05T08:07:24.000Z</time>
      </trkpt>
      <trkpt lat="49.050398" lon="15.018234">
        <time>2026-04-05T08:07:25.000Z</time>
      </trkpt>
      <trkpt lat="49.050423" lon="15.018238">
        <time>2026-04-05T08:07:26.000Z</time>
      </trkpt>
      <trkpt lat="49.050446" lon="15.018255">
        <time>2026-04-05T08:07:27.000Z</time>
      </trkpt>
      <trkpt lat="49.050472" lon="15.018266">
        <time>2026-04-05T08:07:28.000Z</time>
      </trkpt>
      <trkpt lat="49.050484" lon="15.018316">
        <time>2026-04-05T08:07:29.000Z</time>
      </trkpt>
      <trkpt lat="49.050497" lon="15.018359">
        <time>2026-04-05T08:07:30.000Z</time>
      </trkpt>
      <trkpt lat="49.050501" lon="15.018391">
        <time>2026-04-05T08:07:31.000Z</time>
      </trkpt>
      <trkpt lat="49.050508" lon="15.018428">
        <time>2026-04-05T08:07:32.000Z</time>
      </trkpt>
      <trkpt lat="49.050517" lon="15.018454">
        <time>2026-04-05T08:07:33.000Z</time>
      </trkpt>
      <trkpt lat="49.050526" lon="15.018477">
        <time>2026-04-05T08:07:34.000Z</time>
      </trkpt>
      <trkpt lat="49.050539" lon="15.018502">
        <time>2026-04-05T08:07:35.000Z</time>
      </trkpt>
      <trkpt lat="49.050554" lon="15.018524">
        <time>2026-04-05T08:07:36.000Z</time>
      </trkpt>
      <trkpt lat="49.05057" lon="15.018538">
        <time>2026-04-05T08:07:37.000Z</time>
      </trkpt>
      <trkpt lat="49.050585" lon="15.018551">
        <time>2026-04-05T08:07:38.000Z</time>
      </trkpt>
      <trkpt lat="49.050603" lon="15.018574">
        <time>2026-04-05T08:07:39.000Z</time>
      </trkpt>
      <trkpt lat="49.050627" lon="15.018606">
        <time>2026-04-05T08:07:40.000Z</time>
      </trkpt>
      <trkpt lat="49.050646" lon="15.018636">
        <time>2026-04-05T08:07:41.000Z</time>
      </trkpt>
      <trkpt lat="49.050656" lon="15.018678">
        <time>2026-04-05T08:07:42.000Z</time>
      </trkpt>
      <trkpt lat="49.050663" lon="15.018711">
        <time>2026-04-05T08:07:43.000Z</time>
      </trkpt>
      <trkpt lat="49.050676" lon="15.018744">
        <time>2026-04-05T08:07:44.000Z</time>
      </trkpt>
      <trkpt lat="49.050687" lon="15.018777">
        <time>2026-04-05T08:07:45.000Z</time>
      </trkpt>
      <trkpt lat="49.050696" lon="15.018803">
        <time>2026-04-05T08:07:46.000Z</time>
      </trkpt>
      <trkpt lat="49.050709" lon="15.018831">
        <time>2026-04-05T08:07:47.000Z</time>
      </trkpt>
      <trkpt lat="49.050721" lon="15.018854">
        <time>2026-04-05T08:07:48.000Z</time>
      </trkpt>
      <trkpt lat="49.050739" lon="15.018878">
        <time>2026-04-05T08:07:49.000Z</time>
      </trkpt>
      <trkpt lat="49.050751" lon="15.018912">
        <time>2026-04-05T08:07:50.000Z</time>
      </trkpt>
      <trkpt lat="49.050758" lon="15.018949">
        <time>2026-04-05T08:07:51.000Z</time>
      </trkpt>
      <trkpt lat="49.050763" lon="15.018986">
        <time>2026-04-05T08:07:52.000Z</time>
      </trkpt>
      <trkpt lat="49.050767" lon="15.01902">
        <time>2026-04-05T08:07:53.000Z</time>
      </trkpt>
      <trkpt lat="49.050773" lon="15.019048">
        <time>2026-04-05T08:07:54.000Z</time>
      </trkpt>
      <trkpt lat="49.050782" lon="15.01907">
        <time>2026-04-05T08:07:55.000Z</time>
      </trkpt>
      <trkpt lat="49.050796" lon="15.019084">
        <time>2026-04-05T08:07:56.000Z</time>
      </trkpt>
      <trkpt lat="49.050819" lon="15.019112">
        <time>2026-04-05T08:07:57.000Z</time>
      </trkpt>
      <trkpt lat="49.050829" lon="15.019146">
        <time>2026-04-05T08:07:58.000Z</time>
      </trkpt>
      <trkpt lat="49.050843" lon="15.019184">
        <time>2026-04-05T08:07:59.000Z</time>
      </trkpt>
      <trkpt lat="49.050852" lon="15.019213">
        <time>2026-04-05T08:08:00.000Z</time>
      </trkpt>
      <trkpt lat="49.050869" lon="15.019225">
        <time>2026-04-05T08:08:01.000Z</time>
      </trkpt>
      <trkpt lat="49.05089" lon="15.019243">
        <time>2026-04-05T08:08:02.000Z</time>
      </trkpt>
      <trkpt lat="49.050904" lon="15.019276">
        <time>2026-04-05T08:08:03.000Z</time>
      </trkpt>
      <trkpt lat="49.050916" lon="15.019304">
        <time>2026-04-05T08:08:04.000Z</time>
      </trkpt>
      <trkpt lat="49.050922" lon="15.019325">
        <time>2026-04-05T08:08:05.000Z</time>
      </trkpt>
      <trkpt lat="49.050928" lon="15.019341">
        <time>2026-04-05T08:08:06.000Z</time>
      </trkpt>
      <trkpt lat="49.05094" lon="15.019361">
        <time>2026-04-05T08:08:07.000Z</time>
      </trkpt>
      <trkpt lat="49.050952" lon="15.019382">
        <time>2026-04-05T08:08:08.000Z</time>
      </trkpt>
      <trkpt lat="49.05096" lon="15.019407">
        <time>2026-04-05T08:08:09.000Z</time>
      </trkpt>
      <trkpt lat="49.05097" lon="15.019435">
        <time>2026-04-05T08:08:10.000Z</time>
      </trkpt>
      <trkpt lat="49.050975" lon="15.019466">
        <time>2026-04-05T08:08:11.000Z</time>
      </trkpt>
      <trkpt lat="49.050975" lon="15.019489">
        <time>2026-04-05T08:08:12.000Z</time>
      </trkpt>
      <trkpt lat="49.050974" lon="15.019512">
        <time>2026-04-05T08:08:13.000Z</time>
      </trkpt>
      <trkpt lat="49.050973" lon="15.01953">
        <time>2026-04-05T08:08:14.000Z</time>
      </trkpt>
      <trkpt lat="49.050975" lon="15.019544">
        <time>2026-04-05T08:08:15.000Z</time>
      </trkpt>
      <trkpt lat="49.050975" lon="15.019557">
        <time>2026-04-05T08:08:16.000Z</time>
      </trkpt>
      <trkpt lat="49.050976" lon="15.019571">
        <time>2026-04-05T08:08:17.000Z</time>
      </trkpt>
      <trkpt lat="49.05098" lon="15.019581">
        <time>2026-04-05T08:08:18.000Z</time>
      </trkpt>
      <trkpt lat="49.05098" lon="15.019592">
        <time>2026-04-05T08:08:19.000Z</time>
      </trkpt>
      <trkpt lat="49.050988" lon="15.019606">
        <time>2026-04-05T08:08:20.000Z</time>
      </trkpt>
      <trkpt lat="49.051003" lon="15.019615">
        <time>2026-04-05T08:08:21.000Z</time>
      </trkpt>
      <trkpt lat="49.051016" lon="15.019626">
        <time>2026-04-05T08:08:22.000Z</time>
      </trkpt>
      <trkpt lat="49.051027" lon="15.01964">
        <time>2026-04-05T08:08:23.000Z</time>
      </trkpt>
      <trkpt lat="49.051036" lon="15.019652">
        <time>2026-04-05T08:08:24.000Z</time>
      </trkpt>
      <trkpt lat="49.051044" lon="15.019671">
        <time>2026-04-05T08:08:25.000Z</time>
      </trkpt>
      <trkpt lat="49.051052" lon="15.019681">
        <time>2026-04-05T08:08:26.000Z</time>
      </trkpt>
      <trkpt lat="49.05106" lon="15.019685">
        <time>2026-04-05T08:08:27.000Z</time>
      </trkpt>
      <trkpt lat="49.051066" lon="15.019683">
        <time>2026-04-05T08:08:28.000Z</time>
      </trkpt>
      <trkpt lat="49.05107" lon="15.019689">
        <time>2026-04-05T08:08:29.000Z</time>
      </trkpt>
      <trkpt lat="49.051076" lon="15.019699">
        <time>2026-04-05T08:08:30.000Z</time>
      </trkpt>
      <trkpt lat="49.051086" lon="15.019715">
        <time>2026-04-05T08:08:31.000Z</time>
      </trkpt>
      <trkpt lat="49.051091" lon="15.019738">
        <time>2026-04-05T08:08:32.000Z</time>
      </trkpt>
      <trkpt lat="49.051089" lon="15.019764">
        <time>2026-04-05T08:08:33.000Z</time>
      </trkpt>
      <trkpt lat="49.051085" lon="15.019785">
        <time>2026-04-05T08:08:34.000Z</time>
      </trkpt>
      <trkpt lat="49.051084" lon="15.019808">
        <time>2026-04-05T08:08:35.000Z</time>
      </trkpt>
      <trkpt lat="49.051084" lon="15.019834">
        <time>2026-04-05T08:08:36.000Z</time>
      </trkpt>
      <trkpt lat="49.051087" lon="15.019863">
        <time>2026-04-05T08:08:37.000Z</time>
      </trkpt>
      <trkpt lat="49.051089" lon="15.019886">
        <time>2026-04-05T08:08:38.000Z</time>
      </trkpt>
      <trkpt lat="49.051089" lon="15.019906">
        <time>2026-04-05T08:08:39.000Z</time>
      </trkpt>
      <trkpt lat="49.051091" lon="15.019921">
        <time>2026-04-05T08:08:40.000Z</time>
      </trkpt>
      <trkpt lat="49.051093" lon="15.019934">
        <time>2026-04-05T08:08:41.000Z</time>
      </trkpt>
      <trkpt lat="49.051093" lon="15.019941">
        <time>2026-04-05T08:08:42.000Z</time>
      </trkpt>
      <trkpt lat="49.051091" lon="15.019944">
        <time>2026-04-05T08:08:43.000Z</time>
      </trkpt>
      <trkpt lat="49.051091" lon="15.019954">
        <time>2026-04-05T08:08:44.000Z</time>
      </trkpt>
      <trkpt lat="49.051093" lon="15.01997">
        <time>2026-04-05T08:08:45.000Z</time>
      </trkpt>
      <trkpt lat="49.051097" lon="15.019984">
        <time>2026-04-05T08:08:46.000Z</time>
      </trkpt>
      <trkpt lat="49.051103" lon="15.019992">
        <time>2026-04-05T08:08:47.000Z</time>
      </trkpt>
      <trkpt lat="49.051112" lon="15.01999">
        <time>2026-04-05T08:08:48.000Z</time>
      </trkpt>
      <trkpt lat="49.051123" lon="15.019993">
        <time>2026-04-05T08:08:49.000Z</time>
      </trkpt>
      <trkpt lat="49.051137" lon="15.020003">
        <time>2026-04-05T08:08:50.000Z</time>
      </trkpt>
      <trkpt lat="49.051152" lon="15.020011">
        <time>2026-04-05T08:08:51.000Z</time>
      </trkpt>
      <trkpt lat="49.051162" lon="15.020014">
        <time>2026-04-05T08:08:52.000Z</time>
      </trkpt>
      <trkpt lat="49.051176" lon="15.020021">
        <time>2026-04-05T08:08:53.000Z</time>
      </trkpt>
      <trkpt lat="49.051186" lon="15.020027">
        <time>2026-04-05T08:08:54.000Z</time>
      </trkpt>
      <trkpt lat="49.051202" lon="15.020036">
        <time>2026-04-05T08:08:55.000Z</time>
      </trkpt>
      <trkpt lat="49.051216" lon="15.020044">
        <time>2026-04-05T08:08:56.000Z</time>
      </trkpt>
      <trkpt lat="49.051231" lon="15.020052">
        <time>2026-04-05T08:08:57.000Z</time>
      </trkpt>
      <trkpt lat="49.051238" lon="15.020058">
        <time>2026-04-05T08:08:58.000Z</time>
      </trkpt>
      <trkpt lat="49.051246" lon="15.020064">
        <time>2026-04-05T08:08:59.000Z</time>
      </trkpt>
      <trkpt lat="49.051246" lon="15.020064">
        <time>2026-04-05T08:09:00.000Z</time>
      </trkpt>
      <trkpt lat="49.051252" lon="15.020076">
        <time>2026-04-05T08:09:01.000Z</time>
      </trkpt>
      <trkpt lat="49.051258" lon="15.020095">
        <time>2026-04-05T08:09:02.000Z</time>
      </trkpt>
      <trkpt lat="49.051259" lon="15.020123">
        <time>2026-04-05T08:09:03.000Z</time>
      </trkpt>
      <trkpt lat="49.051236" lon="15.020167">
        <time>2026-04-05T08:09:04.000Z</time>
      </trkpt>
      <trkpt lat="49.051201" lon="15.020188">
        <time>2026-04-05T08:09:05.000Z</time>
      </trkpt>
      <trkpt lat="49.051182" lon="15.020188">
        <time>2026-04-05T08:09:06.000Z</time>
      </trkpt>
      <trkpt lat="49.051163" lon="15.020197">
        <time>2026-04-05T08:09:07.000Z</time>
      </trkpt>
      <trkpt lat="49.051126" lon="15.020218">
        <time>2026-04-05T08:09:08.000Z</time>
      </trkpt>
      <trkpt lat="49.05109" lon="15.020218">
        <time>2026-04-05T08:09:09.000Z</time>
      </trkpt>
      <trkpt lat="49.051063" lon="15.020216">
        <time>2026-04-05T08:09:10.000Z</time>
      </trkpt>
      <trkpt lat="49.051041" lon="15.020215">
        <time>2026-04-05T08:09:11.000Z</time>
      </trkpt>
      <trkpt lat="49.051019" lon="15.020213">
        <time>2026-04-05T08:09:12.000Z</time>
      </trkpt>
      <trkpt lat="49.051009" lon="15.020214">
        <time>2026-04-05T08:09:13.000Z</time>
      </trkpt>
      <trkpt lat="49.051007" lon="15.020212">
        <time>2026-04-05T08:09:14.000Z</time>
      </trkpt>
      <trkpt lat="49.051013" lon="15.020206">
        <time>2026-04-05T08:09:15.000Z</time>
      </trkpt>
      <trkpt lat="49.051016" lon="15.020196">
        <time>2026-04-05T08:09:16.000Z</time>
      </trkpt>
      <trkpt lat="49.051021" lon="15.020181">
        <time>2026-04-05T08:09:17.000Z</time>
      </trkpt>
      <trkpt lat="49.051027" lon="15.020165">
        <time>2026-04-05T08:09:18.000Z</time>
      </trkpt>
      <trkpt lat="49.051034" lon="15.02014">
        <time>2026-04-05T08:09:19.000Z</time>
      </trkpt>
      <trkpt lat="49.051042" lon="15.020114">
        <time>2026-04-05T08:09:20.000Z</time>
      </trkpt>
      <trkpt lat="49.05105" lon="15.020092">
        <time>2026-04-05T08:09:21.000Z</time>
      </trkpt>
      <trkpt lat="49.051062" lon="15.020065">
        <time>2026-04-05T08:09:22.000Z</time>
      </trkpt>
      <trkpt lat="49.051073" lon="15.020046">
        <time>2026-04-05T08:09:23.000Z</time>
      </trkpt>
      <trkpt lat="49.051085" lon="15.02003">
        <time>2026-04-05T08:09:24.000Z</time>
      </trkpt>
      <trkpt lat="49.051098" lon="15.020013">
        <time>2026-04-05T08:09:25.000Z</time>
      </trkpt>
      <trkpt lat="49.051113" lon="15.019988">
        <time>2026-04-05T08:09:26.000Z</time>
      </trkpt>
      <trkpt lat="49.051126" lon="15.019971">
        <time>2026-04-05T08:09:27.000Z</time>
      </trkpt>
      <trkpt lat="49.051139" lon="15.019957">
        <time>2026-04-05T08:09:28.000Z</time>
      </trkpt>
      <trkpt lat="49.051151" lon="15.019938">
        <time>2026-04-05T08:09:29.000Z</time>
      </trkpt>
      <trkpt lat="49.051166" lon="15.01992">
        <time>2026-04-05T08:09:30.000Z</time>
      </trkpt>
      <trkpt lat="49.05118" lon="15.019893">
        <time>2026-04-05T08:09:31.000Z</time>
      </trkpt>
      <trkpt lat="49.051195" lon="15.019866">
        <time>2026-04-05T08:09:32.000Z</time>
      </trkpt>
      <trkpt lat="49.051207" lon="15.019844">
        <time>2026-04-05T08:09:33.000Z</time>
      </trkpt>
      <trkpt lat="49.05122" lon="15.019824">
        <time>2026-04-05T08:09:34.000Z</time>
      </trkpt>
      <trkpt lat="49.051233" lon="15.019804">
        <time>2026-04-05T08:09:35.000Z</time>
      </trkpt>
      <trkpt lat="49.051249" lon="15.019783">
        <time>2026-04-05T08:09:36.000Z</time>
      </trkpt>
      <trkpt lat="49.051262" lon="15.019768">
        <time>2026-04-05T08:09:37.000Z</time>
      </trkpt>
      <trkpt lat="49.05128" lon="15.019748">
        <time>2026-04-05T08:09:38.000Z</time>
      </trkpt>
      <trkpt lat="49.051299" lon="15.019737">
        <time>2026-04-05T08:09:39.000Z</time>
      </trkpt>
      <trkpt lat="49.051313" lon="15.01973">
        <time>2026-04-05T08:09:40.000Z</time>
      </trkpt>
      <trkpt lat="49.051334" lon="15.019715">
        <time>2026-04-05T08:09:41.000Z</time>
      </trkpt>
      <trkpt lat="49.051356" lon="15.019703">
        <time>2026-04-05T08:09:42.000Z</time>
      </trkpt>
      <trkpt lat="49.051375" lon="15.0197">
        <time>2026-04-05T08:09:43.000Z</time>
      </trkpt>
      <trkpt lat="49.051395" lon="15.019687">
        <time>2026-04-05T08:09:44.000Z</time>
      </trkpt>
      <trkpt lat="49.05141" lon="15.019674">
        <time>2026-04-05T08:09:45.000Z</time>
      </trkpt>
      <trkpt lat="49.051429" lon="15.019645">
        <time>2026-04-05T08:09:46.000Z</time>
      </trkpt>
      <trkpt lat="49.05145" lon="15.01964">
        <time>2026-04-05T08:09:47.000Z</time>
      </trkpt>
      <trkpt lat="49.051464" lon="15.019632">
        <time>2026-04-05T08:09:48.000Z</time>
      </trkpt>
      <trkpt lat="49.051478" lon="15.019624">
        <time>2026-04-05T08:09:49.000Z</time>
      </trkpt>
      <trkpt lat="49.051494" lon="15.019606">
        <time>2026-04-05T08:09:50.000Z</time>
      </trkpt>
      <trkpt lat="49.051512" lon="15.019597">
        <time>2026-04-05T08:09:51.000Z</time>
      </trkpt>
      <trkpt lat="49.051526" lon="15.019589">
        <time>2026-04-05T08:09:52.000Z</time>
      </trkpt>
      <trkpt lat="49.051548" lon="15.019579">
        <time>2026-04-05T08:09:53.000Z</time>
      </trkpt>
      <trkpt lat="49.051571" lon="15.019575">
        <time>2026-04-05T08:09:54.000Z</time>
      </trkpt>
      <trkpt lat="49.05159" lon="15.019569">
        <time>2026-04-05T08:09:55.000Z</time>
      </trkpt>
      <trkpt lat="49.051607" lon="15.019567">
        <time>2026-04-05T08:09:56.000Z</time>
      </trkpt>
      <trkpt lat="49.051631" lon="15.019555">
        <time>2026-04-05T08:09:57.000Z</time>
      </trkpt>
      <trkpt lat="49.051651" lon="15.019545">
        <time>2026-04-05T08:09:58.000Z</time>
      </trkpt>
      <trkpt lat="49.05167" lon="15.019532">
        <time>2026-04-05T08:09:59.000Z</time>
      </trkpt>
      <trkpt lat="49.051694" lon="15.019522">
        <time>2026-04-05T08:10:00.000Z</time>
      </trkpt>
      <trkpt lat="49.051718" lon="15.019514">
        <time>2026-04-05T08:10:01.000Z</time>
      </trkpt>
      <trkpt lat="49.051744" lon="15.019509">
        <time>2026-04-05T08:10:02.000Z</time>
      </trkpt>
      <trkpt lat="49.051765" lon="15.019508">
        <time>2026-04-05T08:10:03.000Z</time>
      </trkpt>
      <trkpt lat="49.051786" lon="15.019497">
        <time>2026-04-05T08:10:04.000Z</time>
      </trkpt>
      <trkpt lat="49.051803" lon="15.019486">
        <time>2026-04-05T08:10:05.000Z</time>
      </trkpt>
      <trkpt lat="49.051825" lon="15.019464">
        <time>2026-04-05T08:10:06.000Z</time>
      </trkpt>
      <trkpt lat="49.051851" lon="15.019443">
        <time>2026-04-05T08:10:07.000Z</time>
      </trkpt>
      <trkpt lat="49.051878" lon="15.019425">
        <time>2026-04-05T08:10:08.000Z</time>
      </trkpt>
      <trkpt lat="49.051898" lon="15.019414">
        <time>2026-04-05T08:10:09.000Z</time>
      </trkpt>
      <trkpt lat="49.051924" lon="15.019408">
        <time>2026-04-05T08:10:10.000Z</time>
      </trkpt>
      <trkpt lat="49.051947" lon="15.019419">
        <time>2026-04-05T08:10:11.000Z</time>
      </trkpt>
      <trkpt lat="49.051974" lon="15.019432">
        <time>2026-04-05T08:10:12.000Z</time>
      </trkpt>
      <trkpt lat="49.051995" lon="15.019428">
        <time>2026-04-05T08:10:13.000Z</time>
      </trkpt>
      <trkpt lat="49.052022" lon="15.019423">
        <time>2026-04-05T08:10:14.000Z</time>
      </trkpt>
      <trkpt lat="49.052039" lon="15.019419">
        <time>2026-04-05T08:10:15.000Z</time>
      </trkpt>
      <trkpt lat="49.052053" lon="15.019428">
        <time>2026-04-05T08:10:16.000Z</time>
      </trkpt>
      <trkpt lat="49.052061" lon="15.019449">
        <time>2026-04-05T08:10:17.000Z</time>
      </trkpt>
      <trkpt lat="49.052071" lon="15.019472">
        <time>2026-04-05T08:10:18.000Z</time>
      </trkpt>
      <trkpt lat="49.052078" lon="15.019495">
        <time>2026-04-05T08:10:19.000Z</time>
      </trkpt>
      <trkpt lat="49.052091" lon="15.019511">
        <time>2026-04-05T08:10:20.000Z</time>
      </trkpt>
      <trkpt lat="49.052105" lon="15.019533">
        <time>2026-04-05T08:10:21.000Z</time>
      </trkpt>
      <trkpt lat="49.052115" lon="15.019551">
        <time>2026-04-05T08:10:22.000Z</time>
      </trkpt>
      <trkpt lat="49.052126" lon="15.019566">
        <time>2026-04-05T08:10:23.000Z</time>
      </trkpt>
      <trkpt lat="49.052137" lon="15.019587">
        <time>2026-04-05T08:10:24.000Z</time>
      </trkpt>
      <trkpt lat="49.052148" lon="15.01961">
        <time>2026-04-05T08:10:25.000Z</time>
      </trkpt>
      <trkpt lat="49.052159" lon="15.019638">
        <time>2026-04-05T08:10:26.000Z</time>
      </trkpt>
      <trkpt lat="49.052175" lon="15.019673">
        <time>2026-04-05T08:10:27.000Z</time>
      </trkpt>
      <trkpt lat="49.052195" lon="15.019719">
        <time>2026-04-05T08:10:28.000Z</time>
      </trkpt>
      <trkpt lat="49.052215" lon="15.019755">
        <time>2026-04-05T08:10:29.000Z</time>
      </trkpt>
      <trkpt lat="49.052235" lon="15.019781">
        <time>2026-04-05T08:10:30.000Z</time>
      </trkpt>
      <trkpt lat="49.052258" lon="15.019794">
        <time>2026-04-05T08:10:31.000Z</time>
      </trkpt>
      <trkpt lat="49.052285" lon="15.019801">
        <time>2026-04-05T08:10:32.000Z</time>
      </trkpt>
      <trkpt lat="49.052307" lon="15.019803">
        <time>2026-04-05T08:10:33.000Z</time>
      </trkpt>
      <trkpt lat="49.052329" lon="15.019806">
        <time>2026-04-05T08:10:34.000Z</time>
      </trkpt>
      <trkpt lat="49.052344" lon="15.019832">
        <time>2026-04-05T08:10:35.000Z</time>
      </trkpt>
      <trkpt lat="49.052369" lon="15.019853">
        <time>2026-04-05T08:10:36.000Z</time>
      </trkpt>
      <trkpt lat="49.052388" lon="15.019891">
        <time>2026-04-05T08:10:37.000Z</time>
      </trkpt>
      <trkpt lat="49.052401" lon="15.019927">
        <time>2026-04-05T08:10:38.000Z</time>
      </trkpt>
      <trkpt lat="49.052405" lon="15.019965">
        <time>2026-04-05T08:10:39.000Z</time>
      </trkpt>
      <trkpt lat="49.052399" lon="15.020007">
        <time>2026-04-05T08:10:40.000Z</time>
      </trkpt>
      <trkpt lat="49.052393" lon="15.020041">
        <time>2026-04-05T08:10:41.000Z</time>
      </trkpt>
      <trkpt lat="49.052393" lon="15.020069">
        <time>2026-04-05T08:10:42.000Z</time>
      </trkpt>
      <trkpt lat="49.052396" lon="15.020094">
        <time>2026-04-05T08:10:43.000Z</time>
      </trkpt>
      <trkpt lat="49.052404" lon="15.020118">
        <time>2026-04-05T08:10:44.000Z</time>
      </trkpt>
      <trkpt lat="49.052412" lon="15.020125">
        <time>2026-04-05T08:10:45.000Z</time>
      </trkpt>
      <trkpt lat="49.052417" lon="15.020122">
        <time>2026-04-05T08:10:46.000Z</time>
      </trkpt>
      <trkpt lat="49.052424" lon="15.020119">
        <time>2026-04-05T08:10:47.000Z</time>
      </trkpt>
      <trkpt lat="49.052427" lon="15.020122">
        <time>2026-04-05T08:10:48.000Z</time>
      </trkpt>
      <trkpt lat="49.052426" lon="15.020117">
        <time>2026-04-05T08:10:49.000Z</time>
      </trkpt>
      <trkpt lat="49.052434" lon="15.020119">
        <time>2026-04-05T08:10:50.000Z</time>
      </trkpt>
      <trkpt lat="49.052444" lon="15.020126">
        <time>2026-04-05T08:10:51.000Z</time>
      </trkpt>
      <trkpt lat="49.052447" lon="15.020128">
        <time>2026-04-05T08:10:52.000Z</time>
      </trkpt>
      <trkpt lat="49.052447" lon="15.020128">
        <time>2026-04-05T08:10:53.000Z</time>
      </trkpt>
      <trkpt lat="49.052451" lon="15.020142">
        <time>2026-04-05T08:10:54.000Z</time>
      </trkpt>
      <trkpt lat="49.052457" lon="15.020155">
        <time>2026-04-05T08:10:55.000Z</time>
      </trkpt>
      <trkpt lat="49.052467" lon="15.020175">
        <time>2026-04-05T08:10:56.000Z</time>
      </trkpt>
      <trkpt lat="49.052482" lon="15.020209">
        <time>2026-04-05T08:10:57.000Z</time>
      </trkpt>
      <trkpt lat="49.052494" lon="15.02024">
        <time>2026-04-05T08:10:58.000Z</time>
      </trkpt>
      <trkpt lat="49.052506" lon="15.020273">
        <time>2026-04-05T08:10:59.000Z</time>
      </trkpt>
      <trkpt lat="49.052523" lon="15.020303">
        <time>2026-04-05T08:11:00.000Z</time>
      </trkpt>
      <trkpt lat="49.052537" lon="15.020333">
        <time>2026-04-05T08:11:01.000Z</time>
      </trkpt>
      <trkpt lat="49.05255" lon="15.020367">
        <time>2026-04-05T08:11:02.000Z</time>
      </trkpt>
      <trkpt lat="49.052562" lon="15.020401">
        <time>2026-04-05T08:11:03.000Z</time>
      </trkpt>
      <trkpt lat="49.052575" lon="15.02043">
        <time>2026-04-05T08:11:04.000Z</time>
      </trkpt>
      <trkpt lat="49.052588" lon="15.020466">
        <time>2026-04-05T08:11:05.000Z</time>
      </trkpt>
      <trkpt lat="49.052596" lon="15.020505">
        <time>2026-04-05T08:11:06.000Z</time>
      </trkpt>
      <trkpt lat="49.052604" lon="15.02055">
        <time>2026-04-05T08:11:07.000Z</time>
      </trkpt>
      <trkpt lat="49.052612" lon="15.020582">
        <time>2026-04-05T08:11:08.000Z</time>
      </trkpt>
      <trkpt lat="49.052624" lon="15.020614">
        <time>2026-04-05T08:11:09.000Z</time>
      </trkpt>
      <trkpt lat="49.052639" lon="15.020642">
        <time>2026-04-05T08:11:10.000Z</time>
      </trkpt>
      <trkpt lat="49.052643" lon="15.020689">
        <time>2026-04-05T08:11:11.000Z</time>
      </trkpt>
      <trkpt lat="49.052645" lon="15.020738">
        <time>2026-04-05T08:11:12.000Z</time>
      </trkpt>
      <trkpt lat="49.05265" lon="15.020777">
        <time>2026-04-05T08:11:13.000Z</time>
      </trkpt>
      <trkpt lat="49.052648" lon="15.020808">
        <time>2026-04-05T08:11:14.000Z</time>
      </trkpt>
      <trkpt lat="49.052653" lon="15.020847">
        <time>2026-04-05T08:11:15.000Z</time>
      </trkpt>
      <trkpt lat="49.052656" lon="15.020894">
        <time>2026-04-05T08:11:16.000Z</time>
      </trkpt>
      <trkpt lat="49.052654" lon="15.020943">
        <time>2026-04-05T08:11:17.000Z</time>
      </trkpt>
      <trkpt lat="49.052649" lon="15.020977">
        <time>2026-04-05T08:11:18.000Z</time>
      </trkpt>
      <trkpt lat="49.052647" lon="15.021018">
        <time>2026-04-05T08:11:19.000Z</time>
      </trkpt>
      <trkpt lat="49.052641" lon="15.021065">
        <time>2026-04-05T08:11:20.000Z</time>
      </trkpt>
      <trkpt lat="49.052635" lon="15.021107">
        <time>2026-04-05T08:11:21.000Z</time>
      </trkpt>
      <trkpt lat="49.052635" lon="15.021138">
        <time>2026-04-05T08:11:22.000Z</time>
      </trkpt>
      <trkpt lat="49.052631" lon="15.021178">
        <time>2026-04-05T08:11:23.000Z</time>
      </trkpt>
      <trkpt lat="49.052622" lon="15.02122">
        <time>2026-04-05T08:11:24.000Z</time>
      </trkpt>
      <trkpt lat="49.052616" lon="15.021254">
        <time>2026-04-05T08:11:25.000Z</time>
      </trkpt>
      <trkpt lat="49.052611" lon="15.021284">
        <time>2026-04-05T08:11:26.000Z</time>
      </trkpt>
      <trkpt lat="49.052607" lon="15.021311">
        <time>2026-04-05T08:11:27.000Z</time>
      </trkpt>
      <trkpt lat="49.052594" lon="15.021345">
        <time>2026-04-05T08:11:28.000Z</time>
      </trkpt>
      <trkpt lat="49.052584" lon="15.021375">
        <time>2026-04-05T08:11:29.000Z</time>
      </trkpt>
      <trkpt lat="49.052576" lon="15.021399">
        <time>2026-04-05T08:11:30.000Z</time>
      </trkpt>
      <trkpt lat="49.052572" lon="15.02142">
        <time>2026-04-05T08:11:31.000Z</time>
      </trkpt>
      <trkpt lat="49.052563" lon="15.021456">
        <time>2026-04-05T08:11:32.000Z</time>
      </trkpt>
      <trkpt lat="49.052549" lon="15.021496">
        <time>2026-04-05T08:11:33.000Z</time>
      </trkpt>
      <trkpt lat="49.052541" lon="15.021528">
        <time>2026-04-05T08:11:34.000Z</time>
      </trkpt>
      <trkpt lat="49.052532" lon="15.021562">
        <time>2026-04-05T08:11:35.000Z</time>
      </trkpt>
      <trkpt lat="49.052527" lon="15.021598">
        <time>2026-04-05T08:11:36.000Z</time>
      </trkpt>
      <trkpt lat="49.052529" lon="15.021633">
        <time>2026-04-05T08:11:37.000Z</time>
      </trkpt>
      <trkpt lat="49.05253" lon="15.021672">
        <time>2026-04-05T08:11:38.000Z</time>
      </trkpt>
      <trkpt lat="49.052534" lon="15.02171">
        <time>2026-04-05T08:11:39.000Z</time>
      </trkpt>
      <trkpt lat="49.052538" lon="15.021742">
        <time>2026-04-05T08:11:40.000Z</time>
      </trkpt>
      <trkpt lat="49.052543" lon="15.02177">
        <time>2026-04-05T08:11:41.000Z</time>
      </trkpt>
      <trkpt lat="49.052556" lon="15.021796">
        <time>2026-04-05T08:11:42.000Z</time>
      </trkpt>
      <trkpt lat="49.052566" lon="15.021817">
        <time>2026-04-05T08:11:43.000Z</time>
      </trkpt>
      <trkpt lat="49.052579" lon="15.021833">
        <time>2026-04-05T08:11:44.000Z</time>
      </trkpt>
      <trkpt lat="49.052591" lon="15.021844">
        <time>2026-04-05T08:11:45.000Z</time>
      </trkpt>
      <trkpt lat="49.052607" lon="15.021839">
        <time>2026-04-05T08:11:46.000Z</time>
      </trkpt>
      <trkpt lat="49.052626" lon="15.021845">
        <time>2026-04-05T08:11:47.000Z</time>
      </trkpt>
      <trkpt lat="49.05264" lon="15.021848">
        <time>2026-04-05T08:11:48.000Z</time>
      </trkpt>
      <trkpt lat="49.052653" lon="15.021852">
        <time>2026-04-05T08:11:49.000Z</time>
      </trkpt>
      <trkpt lat="49.052664" lon="15.021854">
        <time>2026-04-05T08:11:50.000Z</time>
      </trkpt>
      <trkpt lat="49.052676" lon="15.021869">
        <time>2026-04-05T08:11:51.000Z</time>
      </trkpt>
      <trkpt lat="49.052682" lon="15.021889">
        <time>2026-04-05T08:11:52.000Z</time>
      </trkpt>
      <trkpt lat="49.052688" lon="15.021906">
        <time>2026-04-05T08:11:53.000Z</time>
      </trkpt>
      <trkpt lat="49.052695" lon="15.021931">
        <time>2026-04-05T08:11:54.000Z</time>
      </trkpt>
      <trkpt lat="49.0527" lon="15.021951">
        <time>2026-04-05T08:11:55.000Z</time>
      </trkpt>
      <trkpt lat="49.052708" lon="15.021968">
        <time>2026-04-05T08:11:56.000Z</time>
      </trkpt>
      <trkpt lat="49.052716" lon="15.021992">
        <time>2026-04-05T08:11:57.000Z</time>
      </trkpt>
      <trkpt lat="49.052729" lon="15.022011">
        <time>2026-04-05T08:11:58.000Z</time>
      </trkpt>
      <trkpt lat="49.052742" lon="15.02202">
        <time>2026-04-05T08:11:59.000Z</time>
      </trkpt>
      <trkpt lat="49.052756" lon="15.02202">
        <time>2026-04-05T08:12:00.000Z</time>
      </trkpt>
      <trkpt lat="49.052776" lon="15.02202">
        <time>2026-04-05T08:12:01.000Z</time>
      </trkpt>
      <trkpt lat="49.052791" lon="15.022021">
        <time>2026-04-05T08:12:02.000Z</time>
      </trkpt>
      <trkpt lat="49.052807" lon="15.022028">
        <time>2026-04-05T08:12:03.000Z</time>
      </trkpt>
      <trkpt lat="49.052818" lon="15.022043">
        <time>2026-04-05T08:12:04.000Z</time>
      </trkpt>
      <trkpt lat="49.052823" lon="15.022067">
        <time>2026-04-05T08:12:05.000Z</time>
      </trkpt>
      <trkpt lat="49.05283" lon="15.022093">
        <time>2026-04-05T08:12:06.000Z</time>
      </trkpt>
      <trkpt lat="49.05284" lon="15.022114">
        <time>2026-04-05T08:12:07.000Z</time>
      </trkpt>
      <trkpt lat="49.052854" lon="15.02213">
        <time>2026-04-05T08:12:08.000Z</time>
      </trkpt>
      <trkpt lat="49.052868" lon="15.022148">
        <time>2026-04-05T08:12:09.000Z</time>
      </trkpt>
      <trkpt lat="49.052877" lon="15.022162">
        <time>2026-04-05T08:12:10.000Z</time>
      </trkpt>
      <trkpt lat="49.052886" lon="15.022186">
        <time>2026-04-05T08:12:11.000Z</time>
      </trkpt>
      <trkpt lat="49.052894" lon="15.022213">
        <time>2026-04-05T08:12:12.000Z</time>
      </trkpt>
      <trkpt lat="49.052902" lon="15.022243">
        <time>2026-04-05T08:12:13.000Z</time>
      </trkpt>
      <trkpt lat="49.052914" lon="15.022271">
        <time>2026-04-05T08:12:14.000Z</time>
      </trkpt>
      <trkpt lat="49.052924" lon="15.022297">
        <time>2026-04-05T08:12:15.000Z</time>
      </trkpt>
      <trkpt lat="49.052933" lon="15.022314">
        <time>2026-04-05T08:12:16.000Z</time>
      </trkpt>
      <trkpt lat="49.052942" lon="15.022333">
        <time>2026-04-05T08:12:17.000Z</time>
      </trkpt>
      <trkpt lat="49.052948" lon="15.02235">
        <time>2026-04-05T08:12:18.000Z</time>
      </trkpt>
      <trkpt lat="49.052964" lon="15.022359">
        <time>2026-04-05T08:12:19.000Z</time>
      </trkpt>
      <trkpt lat="49.05298" lon="15.02237">
        <time>2026-04-05T08:12:20.000Z</time>
      </trkpt>
      <trkpt lat="49.052996" lon="15.022368">
        <time>2026-04-05T08:12:21.000Z</time>
      </trkpt>
      <trkpt lat="49.053012" lon="15.022366">
        <time>2026-04-05T08:12:22.000Z</time>
      </trkpt>
      <trkpt lat="49.053029" lon="15.022373">
        <time>2026-04-05T08:12:23.000Z</time>
      </trkpt>
      <trkpt lat="49.053045" lon="15.022382">
        <time>2026-04-05T08:12:24.000Z</time>
      </trkpt>
      <trkpt lat="49.053065" lon="15.0224">
        <time>2026-04-05T08:12:25.000Z</time>
      </trkpt>
      <trkpt lat="49.053084" lon="15.022424">
        <time>2026-04-05T08:12:26.000Z</time>
      </trkpt>
      <trkpt lat="49.053099" lon="15.022446">
        <time>2026-04-05T08:12:27.000Z</time>
      </trkpt>
      <trkpt lat="49.053114" lon="15.022464">
        <time>2026-04-05T08:12:28.000Z</time>
      </trkpt>
      <trkpt lat="49.053132" lon="15.022473">
        <time>2026-04-05T08:12:29.000Z</time>
      </trkpt>
      <trkpt lat="49.053148" lon="15.022478">
        <time>2026-04-05T08:12:30.000Z</time>
      </trkpt>
      <trkpt lat="49.053167" lon="15.022487">
        <time>2026-04-05T08:12:31.000Z</time>
      </trkpt>
      <trkpt lat="49.053185" lon="15.022496">
        <time>2026-04-05T08:12:32.000Z</time>
      </trkpt>
      <trkpt lat="49.053205" lon="15.022503">
        <time>2026-04-05T08:12:33.000Z</time>
      </trkpt>
      <trkpt lat="49.053225" lon="15.022511">
        <time>2026-04-05T08:12:34.000Z</time>
      </trkpt>
      <trkpt lat="49.053245" lon="15.02252">
        <time>2026-04-05T08:12:35.000Z</time>
      </trkpt>
      <trkpt lat="49.053264" lon="15.022536">
        <time>2026-04-05T08:12:36.000Z</time>
      </trkpt>
      <trkpt lat="49.053286" lon="15.022542">
        <time>2026-04-05T08:12:37.000Z</time>
      </trkpt>
      <trkpt lat="49.053307" lon="15.022552">
        <time>2026-04-05T08:12:38.000Z</time>
      </trkpt>
      <trkpt lat="49.053322" lon="15.022555">
        <time>2026-04-05T08:12:39.000Z</time>
      </trkpt>
      <trkpt lat="49.053344" lon="15.022565">
        <time>2026-04-05T08:12:40.000Z</time>
      </trkpt>
      <trkpt lat="49.053364" lon="15.022578">
        <time>2026-04-05T08:12:41.000Z</time>
      </trkpt>
      <trkpt lat="49.053385" lon="15.022591">
        <time>2026-04-05T08:12:42.000Z</time>
      </trkpt>
      <trkpt lat="49.053405" lon="15.022623">
        <time>2026-04-05T08:12:43.000Z</time>
      </trkpt>
      <trkpt lat="49.053418" lon="15.022654">
        <time>2026-04-05T08:12:44.000Z</time>
      </trkpt>
      <trkpt lat="49.053426" lon="15.022692">
        <time>2026-04-05T08:12:45.000Z</time>
      </trkpt>
      <trkpt lat="49.053434" lon="15.022727">
        <time>2026-04-05T08:12:46.000Z</time>
      </trkpt>
      <trkpt lat="49.053442" lon="15.022753">
        <time>2026-04-05T08:12:47.000Z</time>
      </trkpt>
      <trkpt lat="49.053462" lon="15.022778">
        <time>2026-04-05T08:12:48.000Z</time>
      </trkpt>
      <trkpt lat="49.053484" lon="15.022794">
        <time>2026-04-05T08:12:49.000Z</time>
      </trkpt>
      <trkpt lat="49.053508" lon="15.022805">
        <time>2026-04-05T08:12:50.000Z</time>
      </trkpt>
      <trkpt lat="49.053527" lon="15.022832">
        <time>2026-04-05T08:12:51.000Z</time>
      </trkpt>
      <trkpt lat="49.053545" lon="15.022846">
        <time>2026-04-05T08:12:52.000Z</time>
      </trkpt>
      <trkpt lat="49.05356" lon="15.022857">
        <time>2026-04-05T08:12:53.000Z</time>
      </trkpt>
      <trkpt lat="49.053581" lon="15.022863">
        <time>2026-04-05T08:12:54.000Z</time>
      </trkpt>
      <trkpt lat="49.053605" lon="15.022876">
        <time>2026-04-05T08:12:55.000Z</time>
      </trkpt>
      <trkpt lat="49.053641" lon="15.022891">
        <time>2026-04-05T08:12:56.000Z</time>
      </trkpt>
      <trkpt lat="49.053667" lon="15.022912">
        <time>2026-04-05T08:12:57.000Z</time>
      </trkpt>
      <trkpt lat="49.053689" lon="15.022939">
        <time>2026-04-05T08:12:58.000Z</time>
      </trkpt>
      <trkpt lat="49.053699" lon="15.022966">
        <time>2026-04-05T08:12:59.000Z</time>
      </trkpt>
      <trkpt lat="49.053707" lon="15.022988">
        <time>2026-04-05T08:13:00.000Z</time>
      </trkpt>
      <trkpt lat="49.053715" lon="15.023006">
        <time>2026-04-05T08:13:01.000Z</time>
      </trkpt>
      <trkpt lat="49.05373" lon="15.023023">
        <time>2026-04-05T08:13:02.000Z</time>
      </trkpt>
      <trkpt lat="49.053754" lon="15.023017">
        <time>2026-04-05T08:13:03.000Z</time>
      </trkpt>
      <trkpt lat="49.053771" lon="15.023019">
        <time>2026-04-05T08:13:04.000Z</time>
      </trkpt>
      <trkpt lat="49.053788" lon="15.023023">
        <time>2026-04-05T08:13:05.000Z</time>
      </trkpt>
      <trkpt lat="49.053816" lon="15.023051">
        <time>2026-04-05T08:13:06.000Z</time>
      </trkpt>
      <trkpt lat="49.05383" lon="15.023081">
        <time>2026-04-05T08:13:07.000Z</time>
      </trkpt>
      <trkpt lat="49.053831" lon="15.023121">
        <time>2026-04-05T08:13:08.000Z</time>
      </trkpt>
      <trkpt lat="49.053835" lon="15.023144">
        <time>2026-04-05T08:13:09.000Z</time>
      </trkpt>
      <trkpt lat="49.053837" lon="15.023161">
        <time>2026-04-05T08:13:10.000Z</time>
      </trkpt>
      <trkpt lat="49.053836" lon="15.023164">
        <time>2026-04-05T08:13:11.000Z</time>
      </trkpt>
      <trkpt lat="49.053831" lon="15.02315">
        <time>2026-04-05T08:13:12.000Z</time>
      </trkpt>
      <trkpt lat="49.05384" lon="15.023128">
        <time>2026-04-05T08:13:13.000Z</time>
      </trkpt>
      <trkpt lat="49.053843" lon="15.023108">
        <time>2026-04-05T08:13:14.000Z</time>
      </trkpt>
      <trkpt lat="49.05386" lon="15.023091">
        <time>2026-04-05T08:13:15.000Z</time>
      </trkpt>
      <trkpt lat="49.053873" lon="15.023076">
        <time>2026-04-05T08:13:16.000Z</time>
      </trkpt>
      <trkpt lat="49.053885" lon="15.023061">
        <time>2026-04-05T08:13:17.000Z</time>
      </trkpt>
      <trkpt lat="49.0539" lon="15.023046">
        <time>2026-04-05T08:13:18.000Z</time>
      </trkpt>
      <trkpt lat="49.053912" lon="15.023031">
        <time>2026-04-05T08:13:19.000Z</time>
      </trkpt>
      <trkpt lat="49.053928" lon="15.023014">
        <time>2026-04-05T08:13:20.000Z</time>
      </trkpt>
      <trkpt lat="49.053949" lon="15.022996">
        <time>2026-04-05T08:13:21.000Z</time>
      </trkpt>
      <trkpt lat="49.05397" lon="15.022982">
        <time>2026-04-05T08:13:22.000Z</time>
      </trkpt>
      <trkpt lat="49.053991" lon="15.022962">
        <time>2026-04-05T08:13:23.000Z</time>
      </trkpt>
      <trkpt lat="49.054011" lon="15.022945">
        <time>2026-04-05T08:13:24.000Z</time>
      </trkpt>
      <trkpt lat="49.054029" lon="15.02296">
        <time>2026-04-05T08:13:25.000Z</time>
      </trkpt>
      <trkpt lat="49.054048" lon="15.022968">
        <time>2026-04-05T08:13:26.000Z</time>
      </trkpt>
      <trkpt lat="49.054064" lon="15.022972">
        <time>2026-04-05T08:13:27.000Z</time>
      </trkpt>
      <trkpt lat="49.054084" lon="15.022973">
        <time>2026-04-05T08:13:28.000Z</time>
      </trkpt>
      <trkpt lat="49.054105" lon="15.022973">
        <time>2026-04-05T08:13:29.000Z</time>
      </trkpt>
      <trkpt lat="49.054121" lon="15.022971">
        <time>2026-04-05T08:13:30.000Z</time>
      </trkpt>
      <trkpt lat="49.054142" lon="15.022962">
        <time>2026-04-05T08:13:31.000Z</time>
      </trkpt>
      <trkpt lat="49.054159" lon="15.022972">
        <time>2026-04-05T08:13:32.000Z</time>
      </trkpt>
      <trkpt lat="49.054174" lon="15.023004">
        <time>2026-04-05T08:13:33.000Z</time>
      </trkpt>
      <trkpt lat="49.05419" lon="15.02302">
        <time>2026-04-05T08:13:34.000Z</time>
      </trkpt>
      <trkpt lat="49.054205" lon="15.023029">
        <time>2026-04-05T08:13:35.000Z</time>
      </trkpt>
      <trkpt lat="49.054222" lon="15.023031">
        <time>2026-04-05T08:13:36.000Z</time>
      </trkpt>
      <trkpt lat="49.054247" lon="15.023051">
        <time>2026-04-05T08:13:37.000Z</time>
      </trkpt>
      <trkpt lat="49.054273" lon="15.02307">
        <time>2026-04-05T08:13:38.000Z</time>
      </trkpt>
      <trkpt lat="49.054298" lon="15.023086">
        <time>2026-04-05T08:13:39.000Z</time>
      </trkpt>
      <trkpt lat="49.054327" lon="15.023089">
        <time>2026-04-05T08:13:40.000Z</time>
      </trkpt>
      <trkpt lat="49.054352" lon="15.023085">
        <time>2026-04-05T08:13:41.000Z</time>
      </trkpt>
      <trkpt lat="49.05438" lon="15.023071">
        <time>2026-04-05T08:13:42.000Z</time>
      </trkpt>
      <trkpt lat="49.054407" lon="15.023067">
        <time>2026-04-05T08:13:43.000Z</time>
      </trkpt>
      <trkpt lat="49.054431" lon="15.023076">
        <time>2026-04-05T08:13:44.000Z</time>
      </trkpt>
      <trkpt lat="49.054452" lon="15.023085">
        <time>2026-04-05T08:13:45.000Z</time>
      </trkpt>
      <trkpt lat="49.054477" lon="15.023086">
        <time>2026-04-05T08:13:46.000Z</time>
      </trkpt>
      <trkpt lat="49.054496" lon="15.023077">
        <time>2026-04-05T08:13:47.000Z</time>
      </trkpt>
      <trkpt lat="49.054527" lon="15.023066">
        <time>2026-04-05T08:13:48.000Z</time>
      </trkpt>
      <trkpt lat="49.054553" lon="15.023062">
        <time>2026-04-05T08:13:49.000Z</time>
      </trkpt>
      <trkpt lat="49.054575" lon="15.023056">
        <time>2026-04-05T08:13:50.000Z</time>
      </trkpt>
      <trkpt lat="49.054594" lon="15.023045">
        <time>2026-04-05T08:13:51.000Z</time>
      </trkpt>
      <trkpt lat="49.054611" lon="15.023026">
        <time>2026-04-05T08:13:52.000Z</time>
      </trkpt>
      <trkpt lat="49.054624" lon="15.023">
        <time>2026-04-05T08:13:53.000Z</time>
      </trkpt>
      <trkpt lat="49.05463" lon="15.022968">
        <time>2026-04-05T08:13:54.000Z</time>
      </trkpt>
      <trkpt lat="49.054632" lon="15.022944">
        <time>2026-04-05T08:13:55.000Z</time>
      </trkpt>
      <trkpt lat="49.054633" lon="15.022915">
        <time>2026-04-05T08:13:56.000Z</time>
      </trkpt>
      <trkpt lat="49.054641" lon="15.022872">
        <time>2026-04-05T08:13:57.000Z</time>
      </trkpt>
      <trkpt lat="49.054664" lon="15.022852">
        <time>2026-04-05T08:13:58.000Z</time>
      </trkpt>
      <trkpt lat="49.054686" lon="15.022848">
        <time>2026-04-05T08:13:59.000Z</time>
      </trkpt>
      <trkpt lat="49.054707" lon="15.022844">
        <time>2026-04-05T08:14:00.000Z</time>
      </trkpt>
      <trkpt lat="49.054734" lon="15.022844">
        <time>2026-04-05T08:14:01.000Z</time>
      </trkpt>
      <trkpt lat="49.054758" lon="15.022839">
        <time>2026-04-05T08:14:02.000Z</time>
      </trkpt>
      <trkpt lat="49.054782" lon="15.022836">
        <time>2026-04-05T08:14:03.000Z</time>
      </trkpt>
      <trkpt lat="49.05481" lon="15.022834">
        <time>2026-04-05T08:14:04.000Z</time>
      </trkpt>
      <trkpt lat="49.054848" lon="15.022829">
        <time>2026-04-05T08:14:05.000Z</time>
      </trkpt>
      <trkpt lat="49.054873" lon="15.022823">
        <time>2026-04-05T08:14:06.000Z</time>
      </trkpt>
      <trkpt lat="49.054882" lon="15.02281">
        <time>2026-04-05T08:14:07.000Z</time>
      </trkpt>
      <trkpt lat="49.05489" lon="15.022781">
        <time>2026-04-05T08:14:08.000Z</time>
      </trkpt>
      <trkpt lat="49.054901" lon="15.022743">
        <time>2026-04-05T08:14:09.000Z</time>
      </trkpt>
      <trkpt lat="49.054917" lon="15.022715">
        <time>2026-04-05T08:14:10.000Z</time>
      </trkpt>
      <trkpt lat="49.054927" lon="15.022715">
        <time>2026-04-05T08:14:11.000Z</time>
      </trkpt>
      <trkpt lat="49.05494" lon="15.022729">
        <time>2026-04-05T08:14:12.000Z</time>
      </trkpt>
      <trkpt lat="49.054955" lon="15.022725">
        <time>2026-04-05T08:14:13.000Z</time>
      </trkpt>
      <trkpt lat="49.054969" lon="15.022726">
        <time>2026-04-05T08:14:14.000Z</time>
      </trkpt>
      <trkpt lat="49.054988" lon="15.022723">
        <time>2026-04-05T08:14:15.000Z</time>
      </trkpt>
      <trkpt lat="49.055004" lon="15.022719">
        <time>2026-04-05T08:14:16.000Z</time>
      </trkpt>
      <trkpt lat="49.055025" lon="15.022708">
        <time>2026-04-05T08:14:17.000Z</time>
      </trkpt>
      <trkpt lat="49.055045" lon="15.022687">
        <time>2026-04-05T08:14:18.000Z</time>
      </trkpt>
      <trkpt lat="49.055059" lon="15.022664">
        <time>2026-04-05T08:14:19.000Z</time>
      </trkpt>
      <trkpt lat="49.055072" lon="15.022644">
        <time>2026-04-05T08:14:20.000Z</time>
      </trkpt>
      <trkpt lat="49.05509" lon="15.022628">
        <time>2026-04-05T08:14:21.000Z</time>
      </trkpt>
      <trkpt lat="49.055108" lon="15.022612">
        <time>2026-04-05T08:14:22.000Z</time>
      </trkpt>
      <trkpt lat="49.055127" lon="15.022585">
        <time>2026-04-05T08:14:23.000Z</time>
      </trkpt>
      <trkpt lat="49.055143" lon="15.022563">
        <time>2026-04-05T08:14:24.000Z</time>
      </trkpt>
      <trkpt lat="49.055163" lon="15.022547">
        <time>2026-04-05T08:14:25.000Z</time>
      </trkpt>
      <trkpt lat="49.055187" lon="15.022536">
        <time>2026-04-05T08:14:26.000Z</time>
      </trkpt>
      <trkpt lat="49.055201" lon="15.022522">
        <time>2026-04-05T08:14:27.000Z</time>
      </trkpt>
      <trkpt lat="49.055218" lon="15.022511">
        <time>2026-04-05T08:14:28.000Z</time>
      </trkpt>
      <trkpt lat="49.055238" lon="15.022498">
        <time>2026-04-05T08:14:29.000Z</time>
      </trkpt>
      <trkpt lat="49.055255" lon="15.02249">
        <time>2026-04-05T08:14:30.000Z</time>
      </trkpt>
      <trkpt lat="49.055268" lon="15.022487">
        <time>2026-04-05T08:14:31.000Z</time>
      </trkpt>
      <trkpt lat="49.05529" lon="15.022491">
        <time>2026-04-05T08:14:32.000Z</time>
      </trkpt>
      <trkpt lat="49.055304" lon="15.022483">
        <time>2026-04-05T08:14:33.000Z</time>
      </trkpt>
      <trkpt lat="49.055316" lon="15.02247">
        <time>2026-04-05T08:14:34.000Z</time>
      </trkpt>
      <trkpt lat="49.05533" lon="15.022456">
        <time>2026-04-05T08:14:35.000Z</time>
      </trkpt>
      <trkpt lat="49.055343" lon="15.022444">
        <time>2026-04-05T08:14:36.000Z</time>
      </trkpt>
      <trkpt lat="49.055356" lon="15.022429">
        <time>2026-04-05T08:14:37.000Z</time>
      </trkpt>
      <trkpt lat="49.055367" lon="15.022412">
        <time>2026-04-05T08:14:38.000Z</time>
      </trkpt>
      <trkpt lat="49.055374" lon="15.022393">
        <time>2026-04-05T08:14:39.000Z</time>
      </trkpt>
      <trkpt lat="49.055387" lon="15.022363">
        <time>2026-04-05T08:14:40.000Z</time>
      </trkpt>
      <trkpt lat="49.055397" lon="15.022343">
        <time>2026-04-05T08:14:41.000Z</time>
      </trkpt>
      <trkpt lat="49.055405" lon="15.022326">
        <time>2026-04-05T08:14:42.000Z</time>
      </trkpt>
      <trkpt lat="49.055421" lon="15.022304">
        <time>2026-04-05T08:14:43.000Z</time>
      </trkpt>
      <trkpt lat="49.055435" lon="15.022292">
        <time>2026-04-05T08:14:44.000Z</time>
      </trkpt>
      <trkpt lat="49.055447" lon="15.022293">
        <time>2026-04-05T08:14:45.000Z</time>
      </trkpt>
      <trkpt lat="49.055462" lon="15.022288">
        <time>2026-04-05T08:14:46.000Z</time>
      </trkpt>
      <trkpt lat="49.055475" lon="15.0223">
        <time>2026-04-05T08:14:47.000Z</time>
      </trkpt>
      <trkpt lat="49.055492" lon="15.022309">
        <time>2026-04-05T08:14:48.000Z</time>
      </trkpt>
      <trkpt lat="49.055505" lon="15.022314">
        <time>2026-04-05T08:14:49.000Z</time>
      </trkpt>
      <trkpt lat="49.055522" lon="15.022316">
        <time>2026-04-05T08:14:50.000Z</time>
      </trkpt>
      <trkpt lat="49.055536" lon="15.022316">
        <time>2026-04-05T08:14:51.000Z</time>
      </trkpt>
      <trkpt lat="49.055554" lon="15.022305">
        <time>2026-04-05T08:14:52.000Z</time>
      </trkpt>
      <trkpt lat="49.055568" lon="15.022289">
        <time>2026-04-05T08:14:53.000Z</time>
      </trkpt>
      <trkpt lat="49.055587" lon="15.022274">
        <time>2026-04-05T08:14:54.000Z</time>
      </trkpt>
      <trkpt lat="49.05561" lon="15.022258">
        <time>2026-04-05T08:14:55.000Z</time>
      </trkpt>
      <trkpt lat="49.055632" lon="15.02224">
        <time>2026-04-05T08:14:56.000Z</time>
      </trkpt>
      <trkpt lat="49.055656" lon="15.022223">
        <time>2026-04-05T08:14:57.000Z</time>
      </trkpt>
      <trkpt lat="49.055674" lon="15.02222">
        <time>2026-04-05T08:14:58.000Z</time>
      </trkpt>
      <trkpt lat="49.055689" lon="15.022217">
        <time>2026-04-05T08:14:59.000Z</time>
      </trkpt>
      <trkpt lat="49.055704" lon="15.022213">
        <time>2026-04-05T08:15:00.000Z</time>
      </trkpt>
      <trkpt lat="49.055714" lon="15.022209">
        <time>2026-04-05T08:15:01.000Z</time>
      </trkpt>
      <trkpt lat="49.055731" lon="15.022206">
        <time>2026-04-05T08:15:02.000Z</time>
      </trkpt>
      <trkpt lat="49.055747" lon="15.022206">
        <time>2026-04-05T08:15:03.000Z</time>
      </trkpt>
      <trkpt lat="49.055763" lon="15.022208">
        <time>2026-04-05T08:15:04.000Z</time>
      </trkpt>
      <trkpt lat="49.055777" lon="15.022214">
        <time>2026-04-05T08:15:05.000Z</time>
      </trkpt>
      <trkpt lat="49.055791" lon="15.02222">
        <time>2026-04-05T08:15:06.000Z</time>
      </trkpt>
      <trkpt lat="49.055807" lon="15.022234">
        <time>2026-04-05T08:15:07.000Z</time>
      </trkpt>
      <trkpt lat="49.055818" lon="15.022259">
        <time>2026-04-05T08:15:08.000Z</time>
      </trkpt>
      <trkpt lat="49.055822" lon="15.02228">
        <time>2026-04-05T08:15:09.000Z</time>
      </trkpt>
      <trkpt lat="49.055824" lon="15.022305">
        <time>2026-04-05T08:15:10.000Z</time>
      </trkpt>
      <trkpt lat="49.055828" lon="15.022328">
        <time>2026-04-05T08:15:11.000Z</time>
      </trkpt>
      <trkpt lat="49.055831" lon="15.022348">
        <time>2026-04-05T08:15:12.000Z</time>
      </trkpt>
      <trkpt lat="49.055837" lon="15.022368">
        <time>2026-04-05T08:15:13.000Z</time>
      </trkpt>
      <trkpt lat="49.055845" lon="15.02238">
        <time>2026-04-05T08:15:14.000Z</time>
      </trkpt>
      <trkpt lat="49.055854" lon="15.022381">
        <time>2026-04-05T08:15:15.000Z</time>
      </trkpt>
      <trkpt lat="49.055864" lon="15.022375">
        <time>2026-04-05T08:15:16.000Z</time>
      </trkpt>
      <trkpt lat="49.055877" lon="15.022369">
        <time>2026-04-05T08:15:17.000Z</time>
      </trkpt>
      <trkpt lat="49.055888" lon="15.022368">
        <time>2026-04-05T08:15:18.000Z</time>
      </trkpt>
      <trkpt lat="49.055893" lon="15.022371">
        <time>2026-04-05T08:15:19.000Z</time>
      </trkpt>
      <trkpt lat="49.055903" lon="15.022363">
        <time>2026-04-05T08:15:20.000Z</time>
      </trkpt>
      <trkpt lat="49.055905" lon="15.022354">
        <time>2026-04-05T08:15:21.000Z</time>
      </trkpt>
      <trkpt lat="49.055908" lon="15.022341">
        <time>2026-04-05T08:15:22.000Z</time>
      </trkpt>
      <trkpt lat="49.055912" lon="15.02232">
        <time>2026-04-05T08:15:23.000Z</time>
      </trkpt>
      <trkpt lat="49.055912" lon="15.022297">
        <time>2026-04-05T08:15:24.000Z</time>
      </trkpt>
      <trkpt lat="49.055911" lon="15.02227">
        <time>2026-04-05T08:15:25.000Z</time>
      </trkpt>
      <trkpt lat="49.055911" lon="15.022244">
        <time>2026-04-05T08:15:26.000Z</time>
      </trkpt>
      <trkpt lat="49.055911" lon="15.022219">
        <time>2026-04-05T08:15:27.000Z</time>
      </trkpt>
      <trkpt lat="49.05591" lon="15.022194">
        <time>2026-04-05T08:15:28.000Z</time>
      </trkpt>
      <trkpt lat="49.055913" lon="15.022162">
        <time>2026-04-05T08:15:29.000Z</time>
      </trkpt>
      <trkpt lat="49.055914" lon="15.022131">
        <time>2026-04-05T08:15:30.000Z</time>
      </trkpt>
      <trkpt lat="49.055914" lon="15.022101">
        <time>2026-04-05T08:15:31.000Z</time>
      </trkpt>
      <trkpt lat="49.055918" lon="15.022079">
        <time>2026-04-05T08:15:32.000Z</time>
      </trkpt>
      <trkpt lat="49.055919" lon="15.022049">
        <time>2026-04-05T08:15:33.000Z</time>
      </trkpt>
      <trkpt lat="49.055922" lon="15.022014">
        <time>2026-04-05T08:15:34.000Z</time>
      </trkpt>
      <trkpt lat="49.055928" lon="15.021977">
        <time>2026-04-05T08:15:35.000Z</time>
      </trkpt>
      <trkpt lat="49.055935" lon="15.02194">
        <time>2026-04-05T08:15:36.000Z</time>
      </trkpt>
      <trkpt lat="49.055938" lon="15.021911">
        <time>2026-04-05T08:15:37.000Z</time>
      </trkpt>
      <trkpt lat="49.055936" lon="15.021877">
        <time>2026-04-05T08:15:38.000Z</time>
      </trkpt>
      <trkpt lat="49.055929" lon="15.021841">
        <time>2026-04-05T08:15:39.000Z</time>
      </trkpt>
      <trkpt lat="49.05593" lon="15.021801">
        <time>2026-04-05T08:15:40.000Z</time>
      </trkpt>
      <trkpt lat="49.055939" lon="15.021771">
        <time>2026-04-05T08:15:41.000Z</time>
      </trkpt>
      <trkpt lat="49.055936" lon="15.021737">
        <time>2026-04-05T08:15:42.000Z</time>
      </trkpt>
      <trkpt lat="49.055929" lon="15.02171">
        <time>2026-04-05T08:15:43.000Z</time>
      </trkpt>
      <trkpt lat="49.055916" lon="15.021674">
        <time>2026-04-05T08:15:44.000Z</time>
      </trkpt>
      <trkpt lat="49.055905" lon="15.021641">
        <time>2026-04-05T08:15:45.000Z</time>
      </trkpt>
      <trkpt lat="49.055894" lon="15.021619">
        <time>2026-04-05T08:15:46.000Z</time>
      </trkpt>
      <trkpt lat="49.055885" lon="15.021582">
        <time>2026-04-05T08:15:47.000Z</time>
      </trkpt>
      <trkpt lat="49.055887" lon="15.02154">
        <time>2026-04-05T08:15:48.000Z</time>
      </trkpt>
      <trkpt lat="49.055885" lon="15.021503">
        <time>2026-04-05T08:15:49.000Z</time>
      </trkpt>
      <trkpt lat="49.055888" lon="15.021469">
        <time>2026-04-05T08:15:50.000Z</time>
      </trkpt>
      <trkpt lat="49.055892" lon="15.021442">
        <time>2026-04-05T08:15:51.000Z</time>
      </trkpt>
      <trkpt lat="49.0559" lon="15.021405">
        <time>2026-04-05T08:15:52.000Z</time>
      </trkpt>
      <trkpt lat="49.05591" lon="15.021376">
        <time>2026-04-05T08:15:53.000Z</time>
      </trkpt>
      <trkpt lat="49.055922" lon="15.021333">
        <time>2026-04-05T08:15:54.000Z</time>
      </trkpt>
      <trkpt lat="49.055926" lon="15.021297">
        <time>2026-04-05T08:15:55.000Z</time>
      </trkpt>
      <trkpt lat="49.055926" lon="15.021271">
        <time>2026-04-05T08:15:56.000Z</time>
      </trkpt>
      <trkpt lat="49.055921" lon="15.021238">
        <time>2026-04-05T08:15:57.000Z</time>
      </trkpt>
      <trkpt lat="49.05592" lon="15.021193">
        <time>2026-04-05T08:15:58.000Z</time>
      </trkpt>
      <trkpt lat="49.055922" lon="15.021163">
        <time>2026-04-05T08:15:59.000Z</time>
      </trkpt>
      <trkpt lat="49.055915" lon="15.021135">
        <time>2026-04-05T08:16:00.000Z</time>
      </trkpt>
      <trkpt lat="49.05591" lon="15.021109">
        <time>2026-04-05T08:16:01.000Z</time>
      </trkpt>
      <trkpt lat="49.055903" lon="15.02108">
        <time>2026-04-05T08:16:02.000Z</time>
      </trkpt>
      <trkpt lat="49.055898" lon="15.021045">
        <time>2026-04-05T08:16:03.000Z</time>
      </trkpt>
      <trkpt lat="49.055892" lon="15.021016">
        <time>2026-04-05T08:16:04.000Z</time>
      </trkpt>
      <trkpt lat="49.055878" lon="15.020991">
        <time>2026-04-05T08:16:05.000Z</time>
      </trkpt>
      <trkpt lat="49.055868" lon="15.020971">
        <time>2026-04-05T08:16:06.000Z</time>
      </trkpt>
      <trkpt lat="49.055856" lon="15.020948">
        <time>2026-04-05T08:16:07.000Z</time>
      </trkpt>
      <trkpt lat="49.055846" lon="15.020928">
        <time>2026-04-05T08:16:08.000Z</time>
      </trkpt>
      <trkpt lat="49.055846" lon="15.020899">
        <time>2026-04-05T08:16:09.000Z</time>
      </trkpt>
      <trkpt lat="49.055843" lon="15.020875">
        <time>2026-04-05T08:16:10.000Z</time>
      </trkpt>
      <trkpt lat="49.055841" lon="15.020835">
        <time>2026-04-05T08:16:11.000Z</time>
      </trkpt>
      <trkpt lat="49.055841" lon="15.020809">
        <time>2026-04-05T08:16:12.000Z</time>
      </trkpt>
      <trkpt lat="49.055836" lon="15.020779">
        <time>2026-04-05T08:16:13.000Z</time>
      </trkpt>
      <trkpt lat="49.055848" lon="15.020743">
        <time>2026-04-05T08:16:14.000Z</time>
      </trkpt>
      <trkpt lat="49.055853" lon="15.020713">
        <time>2026-04-05T08:16:15.000Z</time>
      </trkpt>
      <trkpt lat="49.055845" lon="15.020683">
        <time>2026-04-05T08:16:16.000Z</time>
      </trkpt>
      <trkpt lat="49.055845" lon="15.02065">
        <time>2026-04-05T08:16:17.000Z</time>
      </trkpt>
      <trkpt lat="49.055845" lon="15.020607">
        <time>2026-04-05T08:16:18.000Z</time>
      </trkpt>
      <trkpt lat="49.055845" lon="15.020572">
        <time>2026-04-05T08:16:19.000Z</time>
      </trkpt>
      <trkpt lat="49.055846" lon="15.020537">
        <time>2026-04-05T08:16:20.000Z</time>
      </trkpt>
      <trkpt lat="49.055849" lon="15.020503">
        <time>2026-04-05T08:16:21.000Z</time>
      </trkpt>
      <trkpt lat="49.05585" lon="15.020476">
        <time>2026-04-05T08:16:22.000Z</time>
      </trkpt>
      <trkpt lat="49.05585" lon="15.020453">
        <time>2026-04-05T08:16:23.000Z</time>
      </trkpt>
      <trkpt lat="49.055854" lon="15.020431">
        <time>2026-04-05T08:16:24.000Z</time>
      </trkpt>
      <trkpt lat="49.055854" lon="15.02041">
        <time>2026-04-05T08:16:25.000Z</time>
      </trkpt>
      <trkpt lat="49.055855" lon="15.020385">
        <time>2026-04-05T08:16:26.000Z</time>
      </trkpt>
      <trkpt lat="49.055852" lon="15.020358">
        <time>2026-04-05T08:16:27.000Z</time>
      </trkpt>
      <trkpt lat="49.055852" lon="15.020339">
        <time>2026-04-05T08:16:28.000Z</time>
      </trkpt>
      <trkpt lat="49.055851" lon="15.020313">
        <time>2026-04-05T08:16:29.000Z</time>
      </trkpt>
      <trkpt lat="49.055857" lon="15.020275">
        <time>2026-04-05T08:16:30.000Z</time>
      </trkpt>
      <trkpt lat="49.055866" lon="15.020241">
        <time>2026-04-05T08:16:31.000Z</time>
      </trkpt>
      <trkpt lat="49.055875" lon="15.020211">
        <time>2026-04-05T08:16:32.000Z</time>
      </trkpt>
      <trkpt lat="49.055886" lon="15.02018">
        <time>2026-04-05T08:16:33.000Z</time>
      </trkpt>
      <trkpt lat="49.055898" lon="15.020159">
        <time>2026-04-05T08:16:34.000Z</time>
      </trkpt>
      <trkpt lat="49.055909" lon="15.020138">
        <time>2026-04-05T08:16:35.000Z</time>
      </trkpt>
      <trkpt lat="49.055924" lon="15.020106">
        <time>2026-04-05T08:16:36.000Z</time>
      </trkpt>
      <trkpt lat="49.055932" lon="15.020071">
        <time>2026-04-05T08:16:37.000Z</time>
      </trkpt>
      <trkpt lat="49.055939" lon="15.020038">
        <time>2026-04-05T08:16:38.000Z</time>
      </trkpt>
      <trkpt lat="49.055947" lon="15.020005">
        <time>2026-04-05T08:16:39.000Z</time>
      </trkpt>
      <trkpt lat="49.055955" lon="15.019971">
        <time>2026-04-05T08:16:40.000Z</time>
      </trkpt>
      <trkpt lat="49.055962" lon="15.019943">
        <time>2026-04-05T08:16:41.000Z</time>
      </trkpt>
      <trkpt lat="49.055967" lon="15.019916">
        <time>2026-04-05T08:16:42.000Z</time>
      </trkpt>
      <trkpt lat="49.05598" lon="15.019887">
        <time>2026-04-05T08:16:43.000Z</time>
      </trkpt>
      <trkpt lat="49.055993" lon="15.019863">
        <time>2026-04-05T08:16:44.000Z</time>
      </trkpt>
      <trkpt lat="49.056008" lon="15.019836">
        <time>2026-04-05T08:16:45.000Z</time>
      </trkpt>
      <trkpt lat="49.056024" lon="15.019817">
        <time>2026-04-05T08:16:46.000Z</time>
      </trkpt>
      <trkpt lat="49.056044" lon="15.019793">
        <time>2026-04-05T08:16:47.000Z</time>
      </trkpt>
      <trkpt lat="49.056058" lon="15.019787">
        <time>2026-04-05T08:16:48.000Z</time>
      </trkpt>
      <trkpt lat="49.056069" lon="15.019786">
        <time>2026-04-05T08:16:49.000Z</time>
      </trkpt>
      <trkpt lat="49.056078" lon="15.01978">
        <time>2026-04-05T08:16:50.000Z</time>
      </trkpt>
      <trkpt lat="49.056084" lon="15.019769">
        <time>2026-04-05T08:16:51.000Z</time>
      </trkpt>
      <trkpt lat="49.056091" lon="15.019757">
        <time>2026-04-05T08:16:52.000Z</time>
      </trkpt>
      <trkpt lat="49.056097" lon="15.019742">
        <time>2026-04-05T08:16:53.000Z</time>
      </trkpt>
      <trkpt lat="49.056104" lon="15.019727">
        <time>2026-04-05T08:16:54.000Z</time>
      </trkpt>
      <trkpt lat="49.056106" lon="15.019708">
        <time>2026-04-05T08:16:55.000Z</time>
      </trkpt>
      <trkpt lat="49.056105" lon="15.019684">
        <time>2026-04-05T08:16:56.000Z</time>
      </trkpt>
      <trkpt lat="49.056104" lon="15.019652">
        <time>2026-04-05T08:16:57.000Z</time>
      </trkpt>
      <trkpt lat="49.056107" lon="15.019618">
        <time>2026-04-05T08:16:58.000Z</time>
      </trkpt>
      <trkpt lat="49.056106" lon="15.019584">
        <time>2026-04-05T08:16:59.000Z</time>
      </trkpt>
      <trkpt lat="49.056105" lon="15.019551">
        <time>2026-04-05T08:17:00.000Z</time>
      </trkpt>
      <trkpt lat="49.056106" lon="15.01953">
        <time>2026-04-05T08:17:01.000Z</time>
      </trkpt>
      <trkpt lat="49.05611" lon="15.019513">
        <time>2026-04-05T08:17:02.000Z</time>
      </trkpt>
      <trkpt lat="49.056118" lon="15.019485">
        <time>2026-04-05T08:17:03.000Z</time>
      </trkpt>
      <trkpt lat="49.056129" lon="15.019454">
        <time>2026-04-05T08:17:04.000Z</time>
      </trkpt>
      <trkpt lat="49.056141" lon="15.019425">
        <time>2026-04-05T08:17:05.000Z</time>
      </trkpt>
      <trkpt lat="49.056153" lon="15.019397">
        <time>2026-04-05T08:17:06.000Z</time>
      </trkpt>
      <trkpt lat="49.056164" lon="15.019371">
        <time>2026-04-05T08:17:07.000Z</time>
      </trkpt>
      <trkpt lat="49.056175" lon="15.019346">
        <time>2026-04-05T08:17:08.000Z</time>
      </trkpt>
      <trkpt lat="49.056177" lon="15.019325">
        <time>2026-04-05T08:17:09.000Z</time>
      </trkpt>
      <trkpt lat="49.056173" lon="15.019309">
        <time>2026-04-05T08:17:10.000Z</time>
      </trkpt>
      <trkpt lat="49.056166" lon="15.01929">
        <time>2026-04-05T08:17:11.000Z</time>
      </trkpt>
      <trkpt lat="49.056163" lon="15.019275">
        <time>2026-04-05T08:17:12.000Z</time>
      </trkpt>
      <trkpt lat="49.056156" lon="15.019248">
        <time>2026-04-05T08:17:13.000Z</time>
      </trkpt>
      <trkpt lat="49.056154" lon="15.01922">
        <time>2026-04-05T08:17:14.000Z</time>
      </trkpt>
      <trkpt lat="49.056156" lon="15.019195">
        <time>2026-04-05T08:17:15.000Z</time>
      </trkpt>
      <trkpt lat="49.056161" lon="15.019176">
        <time>2026-04-05T08:17:16.000Z</time>
      </trkpt>
      <trkpt lat="49.056164" lon="15.019163">
        <time>2026-04-05T08:17:17.000Z</time>
      </trkpt>
      <trkpt lat="49.056167" lon="15.01915">
        <time>2026-04-05T08:17:18.000Z</time>
      </trkpt>
      <trkpt lat="49.056168" lon="15.01913">
        <time>2026-04-05T08:17:19.000Z</time>
      </trkpt>
      <trkpt lat="49.056172" lon="15.019113">
        <time>2026-04-05T08:17:20.000Z</time>
      </trkpt>
      <trkpt lat="49.056174" lon="15.019099">
        <time>2026-04-05T08:17:21.000Z</time>
      </trkpt>
      <trkpt lat="49.056171" lon="15.019079">
        <time>2026-04-05T08:17:22.000Z</time>
      </trkpt>
      <trkpt lat="49.056165" lon="15.019058">
        <time>2026-04-05T08:17:23.000Z</time>
      </trkpt>
      <trkpt lat="49.05616" lon="15.019029">
        <time>2026-04-05T08:17:24.000Z</time>
      </trkpt>
      <trkpt lat="49.05616" lon="15.019004">
        <time>2026-04-05T08:17:25.000Z</time>
      </trkpt>
      <trkpt lat="49.056156" lon="15.018987">
        <time>2026-04-05T08:17:26.000Z</time>
      </trkpt>
      <trkpt lat="49.056152" lon="15.018975">
        <time>2026-04-05T08:17:27.000Z</time>
      </trkpt>
      <trkpt lat="49.05615" lon="15.018973">
        <time>2026-04-05T08:17:28.000Z</time>
      </trkpt>
      <trkpt lat="49.056148" lon="15.018975">
        <time>2026-04-05T08:17:29.000Z</time>
      </trkpt>
      <trkpt lat="49.056143" lon="15.018969">
        <time>2026-04-05T08:17:30.000Z</time>
      </trkpt>
      <trkpt lat="49.056138" lon="15.018952">
        <time>2026-04-05T08:17:31.000Z</time>
      </trkpt>
      <trkpt lat="49.056132" lon="15.018937">
        <time>2026-04-05T08:17:32.000Z</time>
      </trkpt>
      <trkpt lat="49.056126" lon="15.018929">
        <time>2026-04-05T08:17:33.000Z</time>
      </trkpt>
      <trkpt lat="49.056127" lon="15.018925">
        <time>2026-04-05T08:17:34.000Z</time>
      </trkpt>
      <trkpt lat="49.05612" lon="15.018919">
        <time>2026-04-05T08:17:35.000Z</time>
      </trkpt>
      <trkpt lat="49.056107" lon="15.018922">
        <time>2026-04-05T08:17:36.000Z</time>
      </trkpt>
      <trkpt lat="49.056092" lon="15.018921">
        <time>2026-04-05T08:17:37.000Z</time>
      </trkpt>
      <trkpt lat="49.05608" lon="15.018915">
        <time>2026-04-05T08:17:38.000Z</time>
      </trkpt>
      <trkpt lat="49.056074" lon="15.018911">
        <time>2026-04-05T08:17:39.000Z</time>
      </trkpt>
      <trkpt lat="49.056074" lon="15.018902">
        <time>2026-04-05T08:17:40.000Z</time>
      </trkpt>
      <trkpt lat="49.056074" lon="15.018897">
        <time>2026-04-05T08:17:41.000Z</time>
      </trkpt>
      <trkpt lat="49.05607" lon="15.018898">
        <time>2026-04-05T08:17:42.000Z</time>
      </trkpt>
      <trkpt lat="49.056066" lon="15.018899">
        <time>2026-04-05T08:17:43.000Z</time>
      </trkpt>
      <trkpt lat="49.056064" lon="15.0189">
        <time>2026-04-05T08:17:44.000Z</time>
      </trkpt>
      <trkpt lat="49.056065" lon="15.018912">
        <time>2026-04-05T08:17:45.000Z</time>
      </trkpt>
      <trkpt lat="49.056063" lon="15.018923">
        <time>2026-04-05T08:17:46.000Z</time>
      </trkpt>
      <trkpt lat="49.056059" lon="15.01893">
        <time>2026-04-05T08:17:47.000Z</time>
      </trkpt>
      <trkpt lat="49.05606" lon="15.018933">
        <time>2026-04-05T08:17:48.000Z</time>
      </trkpt>
      <trkpt lat="49.056059" lon="15.018956">
        <time>2026-04-05T08:17:49.000Z</time>
      </trkpt>
      <trkpt lat="49.056055" lon="15.018993">
        <time>2026-04-05T08:17:50.000Z</time>
      </trkpt>
      <trkpt lat="49.056048" lon="15.01902">
        <time>2026-04-05T08:17:51.000Z</time>
      </trkpt>
      <trkpt lat="49.056041" lon="15.019047">
        <time>2026-04-05T08:17:52.000Z</time>
      </trkpt>
      <trkpt lat="49.056035" lon="15.019059">
        <time>2026-04-05T08:17:53.000Z</time>
      </trkpt>
      <trkpt lat="49.056034" lon="15.019055">
        <time>2026-04-05T08:17:54.000Z</time>
      </trkpt>
      <trkpt lat="49.056035" lon="15.019055">
        <time>2026-04-05T08:17:55.000Z</time>
      </trkpt>
      <trkpt lat="49.056034" lon="15.019055">
        <time>2026-04-05T08:17:56.000Z</time>
      </trkpt>
      <trkpt lat="49.056041" lon="15.019037">
        <time>2026-04-05T08:17:57.000Z</time>
      </trkpt>
      <trkpt lat="49.056052" lon="15.019005">
        <time>2026-04-05T08:17:58.000Z</time>
      </trkpt>
      <trkpt lat="49.05606" lon="15.01897">
        <time>2026-04-05T08:17:59.000Z</time>
      </trkpt>
      <trkpt lat="49.056068" lon="15.018935">
        <time>2026-04-05T08:18:00.000Z</time>
      </trkpt>
      <trkpt lat="49.056077" lon="15.018901">
        <time>2026-04-05T08:18:01.000Z</time>
      </trkpt>
      <trkpt lat="49.05609" lon="15.01886">
        <time>2026-04-05T08:18:02.000Z</time>
      </trkpt>
      <trkpt lat="49.056103" lon="15.018827">
        <time>2026-04-05T08:18:03.000Z</time>
      </trkpt>
      <trkpt lat="49.056116" lon="15.018797">
        <time>2026-04-05T08:18:04.000Z</time>
      </trkpt>
      <trkpt lat="49.056129" lon="15.018768">
        <time>2026-04-05T08:18:05.000Z</time>
      </trkpt>
      <trkpt lat="49.056144" lon="15.018733">
        <time>2026-04-05T08:18:06.000Z</time>
      </trkpt>
      <trkpt lat="49.056158" lon="15.018711">
        <time>2026-04-05T08:18:07.000Z</time>
      </trkpt>
      <trkpt lat="49.056169" lon="15.018695">
        <time>2026-04-05T08:18:08.000Z</time>
      </trkpt>
      <trkpt lat="49.05617" lon="15.018707">
        <time>2026-04-05T08:18:09.000Z</time>
      </trkpt>
      <trkpt lat="49.056174" lon="15.018722">
        <time>2026-04-05T08:18:10.000Z</time>
      </trkpt>
      <trkpt lat="49.056174" lon="15.018722">
        <time>2026-04-05T08:18:11.000Z</time>
      </trkpt>
      <trkpt lat="49.056169" lon="15.018705">
        <time>2026-04-05T08:18:12.000Z</time>
      </trkpt>
      <trkpt lat="49.056167" lon="15.018681">
        <time>2026-04-05T08:18:13.000Z</time>
      </trkpt>
      <trkpt lat="49.056173" lon="15.018658">
        <time>2026-04-05T08:18:14.000Z</time>
      </trkpt>
      <trkpt lat="49.056178" lon="15.018634">
        <time>2026-04-05T08:18:15.000Z</time>
      </trkpt>
      <trkpt lat="49.056183" lon="15.018619">
        <time>2026-04-05T08:18:16.000Z</time>
      </trkpt>
      <trkpt lat="49.056185" lon="15.018621">
        <time>2026-04-05T08:18:17.000Z</time>
      </trkpt>
      <trkpt lat="49.056185" lon="15.018638">
        <time>2026-04-05T08:18:18.000Z</time>
      </trkpt>
      <trkpt lat="49.056183" lon="15.018666">
        <time>2026-04-05T08:18:19.000Z</time>
      </trkpt>
      <trkpt lat="49.056179" lon="15.018697">
        <time>2026-04-05T08:18:20.000Z</time>
      </trkpt>
      <trkpt lat="49.056178" lon="15.018724">
        <time>2026-04-05T08:18:21.000Z</time>
      </trkpt>
      <trkpt lat="49.056172" lon="15.018762">
        <time>2026-04-05T08:18:22.000Z</time>
      </trkpt>
      <trkpt lat="49.056163" lon="15.018794">
        <time>2026-04-05T08:18:23.000Z</time>
      </trkpt>
      <trkpt lat="49.056154" lon="15.018827">
        <time>2026-04-05T08:18:24.000Z</time>
      </trkpt>
      <trkpt lat="49.056145" lon="15.018859">
        <time>2026-04-05T08:18:25.000Z</time>
      </trkpt>
      <trkpt lat="49.056134" lon="15.01889">
        <time>2026-04-05T08:18:26.000Z</time>
      </trkpt>
      <trkpt lat="49.056125" lon="15.018912">
        <time>2026-04-05T08:18:27.000Z</time>
      </trkpt>
      <trkpt lat="49.056117" lon="15.018933">
        <time>2026-04-05T08:18:28.000Z</time>
      </trkpt>
      <trkpt lat="49.056112" lon="15.01896">
        <time>2026-04-05T08:18:29.000Z</time>
      </trkpt>
      <trkpt lat="49.056107" lon="15.018982">
        <time>2026-04-05T08:18:30.000Z</time>
      </trkpt>
      <trkpt lat="49.056103" lon="15.019001">
        <time>2026-04-05T08:18:31.000Z</time>
      </trkpt>
      <trkpt lat="49.056097" lon="15.019024">
        <time>2026-04-05T08:18:32.000Z</time>
      </trkpt>
      <trkpt lat="49.056094" lon="15.019054">
        <time>2026-04-05T08:18:33.000Z</time>
      </trkpt>
      <trkpt lat="49.056086" lon="15.019077">
        <time>2026-04-05T08:18:34.000Z</time>
      </trkpt>
      <trkpt lat="49.056091" lon="15.019083">
        <time>2026-04-05T08:18:35.000Z</time>
      </trkpt>
      <trkpt lat="49.056104" lon="15.019085">
        <time>2026-04-05T08:18:36.000Z</time>
      </trkpt>
      <trkpt lat="49.056114" lon="15.019097">
        <time>2026-04-05T08:18:37.000Z</time>
      </trkpt>
      <trkpt lat="49.056123" lon="15.019101">
        <time>2026-04-05T08:18:38.000Z</time>
      </trkpt>
      <trkpt lat="49.056136" lon="15.019115">
        <time>2026-04-05T08:18:39.000Z</time>
      </trkpt>
      <trkpt lat="49.05615" lon="15.019123">
        <time>2026-04-05T08:18:40.000Z</time>
      </trkpt>
      <trkpt lat="49.056169" lon="15.019134">
        <time>2026-04-05T08:18:41.000Z</time>
      </trkpt>
      <trkpt lat="49.056183" lon="15.019139">
        <time>2026-04-05T08:18:42.000Z</time>
      </trkpt>
      <trkpt lat="49.056197" lon="15.019144">
        <time>2026-04-05T08:18:43.000Z</time>
      </trkpt>
      <trkpt lat="49.056212" lon="15.019148">
        <time>2026-04-05T08:18:44.000Z</time>
      </trkpt>
      <trkpt lat="49.056229" lon="15.01915">
        <time>2026-04-05T08:18:45.000Z</time>
      </trkpt>
      <trkpt lat="49.05625" lon="15.01915">
        <time>2026-04-05T08:18:46.000Z</time>
      </trkpt>
      <trkpt lat="49.056269" lon="15.019138">
        <time>2026-04-05T08:18:47.000Z</time>
      </trkpt>
      <trkpt lat="49.05629" lon="15.019127">
        <time>2026-04-05T08:18:48.000Z</time>
      </trkpt>
      <trkpt lat="49.056309" lon="15.019125">
        <time>2026-04-05T08:18:49.000Z</time>
      </trkpt>
      <trkpt lat="49.056327" lon="15.01912">
        <time>2026-04-05T08:18:50.000Z</time>
      </trkpt>
      <trkpt lat="49.056337" lon="15.019137">
        <time>2026-04-05T08:18:51.000Z</time>
      </trkpt>
      <trkpt lat="49.056354" lon="15.019163">
        <time>2026-04-05T08:18:52.000Z</time>
      </trkpt>
      <trkpt lat="49.056365" lon="15.01918">
        <time>2026-04-05T08:18:53.000Z</time>
      </trkpt>
      <trkpt lat="49.056376" lon="15.01919">
        <time>2026-04-05T08:18:54.000Z</time>
      </trkpt>
      <trkpt lat="49.056393" lon="15.0192">
        <time>2026-04-05T08:18:55.000Z</time>
      </trkpt>
      <trkpt lat="49.056408" lon="15.019209">
        <time>2026-04-05T08:18:56.000Z</time>
      </trkpt>
      <trkpt lat="49.056416" lon="15.019224">
        <time>2026-04-05T08:18:57.000Z</time>
      </trkpt>
      <trkpt lat="49.056424" lon="15.019241">
        <time>2026-04-05T08:18:58.000Z</time>
      </trkpt>
      <trkpt lat="49.056427" lon="15.019267">
        <time>2026-04-05T08:18:59.000Z</time>
      </trkpt>
      <trkpt lat="49.056438" lon="15.019282">
        <time>2026-04-05T08:19:00.000Z</time>
      </trkpt>
      <trkpt lat="49.056457" lon="15.01929">
        <time>2026-04-05T08:19:01.000Z</time>
      </trkpt>
      <trkpt lat="49.056481" lon="15.019291">
        <time>2026-04-05T08:19:02.000Z</time>
      </trkpt>
      <trkpt lat="49.056502" lon="15.019295">
        <time>2026-04-05T08:19:03.000Z</time>
      </trkpt>
      <trkpt lat="49.056522" lon="15.0193">
        <time>2026-04-05T08:19:04.000Z</time>
      </trkpt>
      <trkpt lat="49.056548" lon="15.0193">
        <time>2026-04-05T08:19:05.000Z</time>
      </trkpt>
      <trkpt lat="49.056576" lon="15.019316">
        <time>2026-04-05T08:19:06.000Z</time>
      </trkpt>
      <trkpt lat="49.056592" lon="15.019339">
        <time>2026-04-05T08:19:07.000Z</time>
      </trkpt>
      <trkpt lat="49.056604" lon="15.019365">
        <time>2026-04-05T08:19:08.000Z</time>
      </trkpt>
      <trkpt lat="49.056615" lon="15.01938">
        <time>2026-04-05T08:19:09.000Z</time>
      </trkpt>
      <trkpt lat="49.05663" lon="15.019397">
        <time>2026-04-05T08:19:10.000Z</time>
      </trkpt>
      <trkpt lat="49.056642" lon="15.019407">
        <time>2026-04-05T08:19:11.000Z</time>
      </trkpt>
      <trkpt lat="49.05665" lon="15.019424">
        <time>2026-04-05T08:19:12.000Z</time>
      </trkpt>
      <trkpt lat="49.056661" lon="15.019436">
        <time>2026-04-05T08:19:13.000Z</time>
      </trkpt>
      <trkpt lat="49.056674" lon="15.019448">
        <time>2026-04-05T08:19:14.000Z</time>
      </trkpt>
      <trkpt lat="49.056685" lon="15.019453">
        <time>2026-04-05T08:19:15.000Z</time>
      </trkpt>
      <trkpt lat="49.056697" lon="15.019465">
        <time>2026-04-05T08:19:16.000Z</time>
      </trkpt>
      <trkpt lat="49.056713" lon="15.019485">
        <time>2026-04-05T08:19:17.000Z</time>
      </trkpt>
      <trkpt lat="49.056723" lon="15.019519">
        <time>2026-04-05T08:19:18.000Z</time>
      </trkpt>
      <trkpt lat="49.056734" lon="15.019547">
        <time>2026-04-05T08:19:19.000Z</time>
      </trkpt>
      <trkpt lat="49.05675" lon="15.019559">
        <time>2026-04-05T08:19:20.000Z</time>
      </trkpt>
      <trkpt lat="49.056766" lon="15.019573">
        <time>2026-04-05T08:19:21.000Z</time>
      </trkpt>
      <trkpt lat="49.056782" lon="15.019594">
        <time>2026-04-05T08:19:22.000Z</time>
      </trkpt>
      <trkpt lat="49.056805" lon="15.019625">
        <time>2026-04-05T08:19:23.000Z</time>
      </trkpt>
      <trkpt lat="49.056828" lon="15.019647">
        <time>2026-04-05T08:19:24.000Z</time>
      </trkpt>
      <trkpt lat="49.056849" lon="15.019668">
        <time>2026-04-05T08:19:25.000Z</time>
      </trkpt>
      <trkpt lat="49.056871" lon="15.019677">
        <time>2026-04-05T08:19:26.000Z</time>
      </trkpt>
      <trkpt lat="49.056902" lon="15.019687">
        <time>2026-04-05T08:19:27.000Z</time>
      </trkpt>
      <trkpt lat="49.056937" lon="15.019694">
        <time>2026-04-05T08:19:28.000Z</time>
      </trkpt>
      <trkpt lat="49.056964" lon="15.019716">
        <time>2026-04-05T08:19:29.000Z</time>
      </trkpt>
      <trkpt lat="49.056979" lon="15.019743">
        <time>2026-04-05T08:19:30.000Z</time>
      </trkpt>
      <trkpt lat="49.057003" lon="15.01976">
        <time>2026-04-05T08:19:31.000Z</time>
      </trkpt>
      <trkpt lat="49.05702" lon="15.019775">
        <time>2026-04-05T08:19:32.000Z</time>
      </trkpt>
      <trkpt lat="49.057041" lon="15.019804">
        <time>2026-04-05T08:19:33.000Z</time>
      </trkpt>
      <trkpt lat="49.05706" lon="15.019849">
        <time>2026-04-05T08:19:34.000Z</time>
      </trkpt>
      <trkpt lat="49.05707" lon="15.019889">
        <time>2026-04-05T08:19:35.000Z</time>
      </trkpt>
      <trkpt lat="49.057091" lon="15.019922">
        <time>2026-04-05T08:19:36.000Z</time>
      </trkpt>
      <trkpt lat="49.05711" lon="15.019963">
        <time>2026-04-05T08:19:37.000Z</time>
      </trkpt>
      <trkpt lat="49.057128" lon="15.019991">
        <time>2026-04-05T08:19:38.000Z</time>
      </trkpt>
      <trkpt lat="49.057147" lon="15.020022">
        <time>2026-04-05T08:19:39.000Z</time>
      </trkpt>
      <trkpt lat="49.057164" lon="15.020058">
        <time>2026-04-05T08:19:40.000Z</time>
      </trkpt>
      <trkpt lat="49.057181" lon="15.020085">
        <time>2026-04-05T08:19:41.000Z</time>
      </trkpt>
      <trkpt lat="49.057195" lon="15.020113">
        <time>2026-04-05T08:19:42.000Z</time>
      </trkpt>
      <trkpt lat="49.057206" lon="15.020136">
        <time>2026-04-05T08:19:43.000Z</time>
      </trkpt>
      <trkpt lat="49.057221" lon="15.020156">
        <time>2026-04-05T08:19:44.000Z</time>
      </trkpt>
      <trkpt lat="49.05723" lon="15.020185">
        <time>2026-04-05T08:19:45.000Z</time>
      </trkpt>
      <trkpt lat="49.057233" lon="15.020209">
        <time>2026-04-05T08:19:46.000Z</time>
      </trkpt>
      <trkpt lat="49.057239" lon="15.020226">
        <time>2026-04-05T08:19:47.000Z</time>
      </trkpt>
      <trkpt lat="49.057261" lon="15.020247">
        <time>2026-04-05T08:19:48.000Z</time>
      </trkpt>
      <trkpt lat="49.057275" lon="15.020258">
        <time>2026-04-05T08:19:49.000Z</time>
      </trkpt>
      <trkpt lat="49.057292" lon="15.020259">
        <time>2026-04-05T08:19:50.000Z</time>
      </trkpt>
      <trkpt lat="49.057305" lon="15.020251">
        <time>2026-04-05T08:19:51.000Z</time>
      </trkpt>
      <trkpt lat="49.057326" lon="15.020236">
        <time>2026-04-05T08:19:52.000Z</time>
      </trkpt>
      <trkpt lat="49.057344" lon="15.020228">
        <time>2026-04-05T08:19:53.000Z</time>
      </trkpt>
      <trkpt lat="49.057368" lon="15.020224">
        <time>2026-04-05T08:19:54.000Z</time>
      </trkpt>
      <trkpt lat="49.057385" lon="15.020218">
        <time>2026-04-05T08:19:55.000Z</time>
      </trkpt>
      <trkpt lat="49.057401" lon="15.020213">
        <time>2026-04-05T08:19:56.000Z</time>
      </trkpt>
      <trkpt lat="49.057417" lon="15.020209">
        <time>2026-04-05T08:19:57.000Z</time>
      </trkpt>
      <trkpt lat="49.057433" lon="15.020214">
        <time>2026-04-05T08:19:58.000Z</time>
      </trkpt>
      <trkpt lat="49.057449" lon="15.020227">
        <time>2026-04-05T08:19:59.000Z</time>
      </trkpt>
      <trkpt lat="49.057469" lon="15.020241">
        <time>2026-04-05T08:20:00.000Z</time>
      </trkpt>
      <trkpt lat="49.057491" lon="15.020252">
        <time>2026-04-05T08:20:01.000Z</time>
      </trkpt>
      <trkpt lat="49.057513" lon="15.020276">
        <time>2026-04-05T08:20:02.000Z</time>
      </trkpt>
      <trkpt lat="49.057525" lon="15.02032">
        <time>2026-04-05T08:20:03.000Z</time>
      </trkpt>
      <trkpt lat="49.057542" lon="15.020346">
        <time>2026-04-05T08:20:04.000Z</time>
      </trkpt>
      <trkpt lat="49.057559" lon="15.020371">
        <time>2026-04-05T08:20:05.000Z</time>
      </trkpt>
      <trkpt lat="49.057579" lon="15.020414">
        <time>2026-04-05T08:20:06.000Z</time>
      </trkpt>
      <trkpt lat="49.057594" lon="15.020448">
        <time>2026-04-05T08:20:07.000Z</time>
      </trkpt>
      <trkpt lat="49.057613" lon="15.020479">
        <time>2026-04-05T08:20:08.000Z</time>
      </trkpt>
      <trkpt lat="49.057631" lon="15.02051">
        <time>2026-04-05T08:20:09.000Z</time>
      </trkpt>
      <trkpt lat="49.057646" lon="15.020533">
        <time>2026-04-05T08:20:10.000Z</time>
      </trkpt>
      <trkpt lat="49.057659" lon="15.020548">
        <time>2026-04-05T08:20:11.000Z</time>
      </trkpt>
      <trkpt lat="49.057673" lon="15.020564">
        <time>2026-04-05T08:20:12.000Z</time>
      </trkpt>
      <trkpt lat="49.05769" lon="15.020583">
        <time>2026-04-05T08:20:13.000Z</time>
      </trkpt>
      <trkpt lat="49.057702" lon="15.020608">
        <time>2026-04-05T08:20:14.000Z</time>
      </trkpt>
      <trkpt lat="49.057711" lon="15.020641">
        <time>2026-04-05T08:20:15.000Z</time>
      </trkpt>
      <trkpt lat="49.057723" lon="15.020659">
        <time>2026-04-05T08:20:16.000Z</time>
      </trkpt>
      <trkpt lat="49.057737" lon="15.020671">
        <time>2026-04-05T08:20:17.000Z</time>
      </trkpt>
      <trkpt lat="49.057748" lon="15.020675">
        <time>2026-04-05T08:20:18.000Z</time>
      </trkpt>
      <trkpt lat="49.057771" lon="15.02068">
        <time>2026-04-05T08:20:19.000Z</time>
      </trkpt>
      <trkpt lat="49.057796" lon="15.020679">
        <time>2026-04-05T08:20:20.000Z</time>
      </trkpt>
      <trkpt lat="49.057823" lon="15.020679">
        <time>2026-04-05T08:20:21.000Z</time>
      </trkpt>
      <trkpt lat="49.057848" lon="15.020684">
        <time>2026-04-05T08:20:22.000Z</time>
      </trkpt>
      <trkpt lat="49.057872" lon="15.020686">
        <time>2026-04-05T08:20:23.000Z</time>
      </trkpt>
      <trkpt lat="49.057897" lon="15.020693">
        <time>2026-04-05T08:20:24.000Z</time>
      </trkpt>
      <trkpt lat="49.057921" lon="15.0207">
        <time>2026-04-05T08:20:25.000Z</time>
      </trkpt>
      <trkpt lat="49.057939" lon="15.020707">
        <time>2026-04-05T08:20:26.000Z</time>
      </trkpt>
      <trkpt lat="49.057958" lon="15.020711">
        <time>2026-04-05T08:20:27.000Z</time>
      </trkpt>
      <trkpt lat="49.057968" lon="15.020729">
        <time>2026-04-05T08:20:28.000Z</time>
      </trkpt>
      <trkpt lat="49.057977" lon="15.020751">
        <time>2026-04-05T08:20:29.000Z</time>
      </trkpt>
      <trkpt lat="49.057983" lon="15.020774">
        <time>2026-04-05T08:20:30.000Z</time>
      </trkpt>
      <trkpt lat="49.057989" lon="15.020794">
        <time>2026-04-05T08:20:31.000Z</time>
      </trkpt>
      <trkpt lat="49.057996" lon="15.020816">
        <time>2026-04-05T08:20:32.000Z</time>
      </trkpt>
      <trkpt lat="49.058004" lon="15.02085">
        <time>2026-04-05T08:20:33.000Z</time>
      </trkpt>
      <trkpt lat="49.058012" lon="15.020875">
        <time>2026-04-05T08:20:34.000Z</time>
      </trkpt>
      <trkpt lat="49.058021" lon="15.020898">
        <time>2026-04-05T08:20:35.000Z</time>
      </trkpt>
      <trkpt lat="49.058028" lon="15.020919">
        <time>2026-04-05T08:20:36.000Z</time>
      </trkpt>
      <trkpt lat="49.058043" lon="15.020946">
        <time>2026-04-05T08:20:37.000Z</time>
      </trkpt>
      <trkpt lat="49.058052" lon="15.020979">
        <time>2026-04-05T08:20:38.000Z</time>
      </trkpt>
      <trkpt lat="49.05806" lon="15.021007">
        <time>2026-04-05T08:20:39.000Z</time>
      </trkpt>
      <trkpt lat="49.058071" lon="15.021032">
        <time>2026-04-05T08:20:40.000Z</time>
      </trkpt>
      <trkpt lat="49.058078" lon="15.021059">
        <time>2026-04-05T08:20:41.000Z</time>
      </trkpt>
      <trkpt lat="49.058088" lon="15.021089">
        <time>2026-04-05T08:20:42.000Z</time>
      </trkpt>
      <trkpt lat="49.0581" lon="15.021113">
        <time>2026-04-05T08:20:43.000Z</time>
      </trkpt>
      <trkpt lat="49.058118" lon="15.021131">
        <time>2026-04-05T08:20:44.000Z</time>
      </trkpt>
      <trkpt lat="49.058138" lon="15.021165">
        <time>2026-04-05T08:20:45.000Z</time>
      </trkpt>
      <trkpt lat="49.058143" lon="15.021185">
        <time>2026-04-05T08:20:46.000Z</time>
      </trkpt>
      <trkpt lat="49.058146" lon="15.02123">
        <time>2026-04-05T08:20:47.000Z</time>
      </trkpt>
      <trkpt lat="49.058147" lon="15.021278">
        <time>2026-04-05T08:20:48.000Z</time>
      </trkpt>
      <trkpt lat="49.058148" lon="15.021324">
        <time>2026-04-05T08:20:49.000Z</time>
      </trkpt>
      <trkpt lat="49.058144" lon="15.021366">
        <time>2026-04-05T08:20:50.000Z</time>
      </trkpt>
      <trkpt lat="49.058139" lon="15.021413">
        <time>2026-04-05T08:20:51.000Z</time>
      </trkpt>
      <trkpt lat="49.058135" lon="15.021459">
        <time>2026-04-05T08:20:52.000Z</time>
      </trkpt>
      <trkpt lat="49.058133" lon="15.021499">
        <time>2026-04-05T08:20:53.000Z</time>
      </trkpt>
      <trkpt lat="49.058132" lon="15.021544">
        <time>2026-04-05T08:20:54.000Z</time>
      </trkpt>
      <trkpt lat="49.058127" lon="15.021591">
        <time>2026-04-05T08:20:55.000Z</time>
      </trkpt>
      <trkpt lat="49.058118" lon="15.021638">
        <time>2026-04-05T08:20:56.000Z</time>
      </trkpt>
      <trkpt lat="49.05811" lon="15.021679">
        <time>2026-04-05T08:20:57.000Z</time>
      </trkpt>
      <trkpt lat="49.058109" lon="15.021719">
        <time>2026-04-05T08:20:58.000Z</time>
      </trkpt>
      <trkpt lat="49.058103" lon="15.021761">
        <time>2026-04-05T08:20:59.000Z</time>
      </trkpt>
      <trkpt lat="49.058098" lon="15.021794">
        <time>2026-04-05T08:21:00.000Z</time>
      </trkpt>
      <trkpt lat="49.058088" lon="15.021837">
        <time>2026-04-05T08:21:01.000Z</time>
      </trkpt>
      <trkpt lat="49.058074" lon="15.021893">
        <time>2026-04-05T08:21:02.000Z</time>
      </trkpt>
      <trkpt lat="49.058061" lon="15.021939">
        <time>2026-04-05T08:21:03.000Z</time>
      </trkpt>
      <trkpt lat="49.058048" lon="15.021977">
        <time>2026-04-05T08:21:04.000Z</time>
      </trkpt>
      <trkpt lat="49.058029" lon="15.022019">
        <time>2026-04-05T08:21:05.000Z</time>
      </trkpt>
      <trkpt lat="49.058001" lon="15.022046">
        <time>2026-04-05T08:21:06.000Z</time>
      </trkpt>
      <trkpt lat="49.057978" lon="15.022071">
        <time>2026-04-05T08:21:07.000Z</time>
      </trkpt>
      <trkpt lat="49.057964" lon="15.022093">
        <time>2026-04-05T08:21:08.000Z</time>
      </trkpt>
      <trkpt lat="49.057946" lon="15.022122">
        <time>2026-04-05T08:21:09.000Z</time>
      </trkpt>
      <trkpt lat="49.057927" lon="15.022144">
        <time>2026-04-05T08:21:10.000Z</time>
      </trkpt>
      <trkpt lat="49.057909" lon="15.022156">
        <time>2026-04-05T08:21:11.000Z</time>
      </trkpt>
      <trkpt lat="49.057898" lon="15.022176">
        <time>2026-04-05T08:21:12.000Z</time>
      </trkpt>
      <trkpt lat="49.057885" lon="15.02219">
        <time>2026-04-05T08:21:13.000Z</time>
      </trkpt>
      <trkpt lat="49.057871" lon="15.022204">
        <time>2026-04-05T08:21:14.000Z</time>
      </trkpt>
      <trkpt lat="49.057853" lon="15.022206">
        <time>2026-04-05T08:21:15.000Z</time>
      </trkpt>
      <trkpt lat="49.057842" lon="15.02221">
        <time>2026-04-05T08:21:16.000Z</time>
      </trkpt>
      <trkpt lat="49.057826" lon="15.022208">
        <time>2026-04-05T08:21:17.000Z</time>
      </trkpt>
      <trkpt lat="49.057818" lon="15.022216">
        <time>2026-04-05T08:21:18.000Z</time>
      </trkpt>
      <trkpt lat="49.057807" lon="15.022221">
        <time>2026-04-05T08:21:19.000Z</time>
      </trkpt>
      <trkpt lat="49.057804" lon="15.022216">
        <time>2026-04-05T08:21:20.000Z</time>
      </trkpt>
      <trkpt lat="49.05779" lon="15.022214">
        <time>2026-04-05T08:21:21.000Z</time>
      </trkpt>
      <trkpt lat="49.057778" lon="15.022211">
        <time>2026-04-05T08:21:22.000Z</time>
      </trkpt>
      <trkpt lat="49.057765" lon="15.022204">
        <time>2026-04-05T08:21:23.000Z</time>
      </trkpt>
      <trkpt lat="49.057753" lon="15.022206">
        <time>2026-04-05T08:21:24.000Z</time>
      </trkpt>
      <trkpt lat="49.05774" lon="15.02221">
        <time>2026-04-05T08:21:25.000Z</time>
      </trkpt>
      <trkpt lat="49.057732" lon="15.02221">
        <time>2026-04-05T08:21:26.000Z</time>
      </trkpt>
      <trkpt lat="49.057717" lon="15.022201">
        <time>2026-04-05T08:21:27.000Z</time>
      </trkpt>
      <trkpt lat="49.057703" lon="15.022192">
        <time>2026-04-05T08:21:28.000Z</time>
      </trkpt>
      <trkpt lat="49.05769" lon="15.022185">
        <time>2026-04-05T08:21:29.000Z</time>
      </trkpt>
      <trkpt lat="49.057674" lon="15.022171">
        <time>2026-04-05T08:21:30.000Z</time>
      </trkpt>
      <trkpt lat="49.057658" lon="15.022155">
        <time>2026-04-05T08:21:31.000Z</time>
      </trkpt>
      <trkpt lat="49.057637" lon="15.022141">
        <time>2026-04-05T08:21:32.000Z</time>
      </trkpt>
      <trkpt lat="49.057617" lon="15.022138">
        <time>2026-04-05T08:21:33.000Z</time>
      </trkpt>
      <trkpt lat="49.057599" lon="15.022141">
        <time>2026-04-05T08:21:34.000Z</time>
      </trkpt>
      <trkpt lat="49.057584" lon="15.022145">
        <time>2026-04-05T08:21:35.000Z</time>
      </trkpt>
      <trkpt lat="49.057571" lon="15.022149">
        <time>2026-04-05T08:21:36.000Z</time>
      </trkpt>
      <trkpt lat="49.057558" lon="15.022156">
        <time>2026-04-05T08:21:37.000Z</time>
      </trkpt>
      <trkpt lat="49.057545" lon="15.022171">
        <time>2026-04-05T08:21:38.000Z</time>
      </trkpt>
      <trkpt lat="49.057536" lon="15.022191">
        <time>2026-04-05T08:21:39.000Z</time>
      </trkpt>
      <trkpt lat="49.057527" lon="15.022207">
        <time>2026-04-05T08:21:40.000Z</time>
      </trkpt>
      <trkpt lat="49.057516" lon="15.022228">
        <time>2026-04-05T08:21:41.000Z</time>
      </trkpt>
      <trkpt lat="49.057506" lon="15.022244">
        <time>2026-04-05T08:21:42.000Z</time>
      </trkpt>
      <trkpt lat="49.057496" lon="15.022262">
        <time>2026-04-05T08:21:43.000Z</time>
      </trkpt>
      <trkpt lat="49.057486" lon="15.022282">
        <time>2026-04-05T08:21:44.000Z</time>
      </trkpt>
      <trkpt lat="49.057477" lon="15.022297">
        <time>2026-04-05T08:21:45.000Z</time>
      </trkpt>
      <trkpt lat="49.057471" lon="15.022312">
        <time>2026-04-05T08:21:46.000Z</time>
      </trkpt>
      <trkpt lat="49.057464" lon="15.022325">
        <time>2026-04-05T08:21:47.000Z</time>
      </trkpt>
      <trkpt lat="49.057457" lon="15.022336">
        <time>2026-04-05T08:21:48.000Z</time>
      </trkpt>
      <trkpt lat="49.057457" lon="15.022337">
        <time>2026-04-05T08:21:49.000Z</time>
      </trkpt>
      <trkpt lat="49.057462" lon="15.022322">
        <time>2026-04-05T08:21:50.000Z</time>
      </trkpt>
      <trkpt lat="49.057468" lon="15.022297">
        <time>2026-04-05T08:21:51.000Z</time>
      </trkpt>
      <trkpt lat="49.057477" lon="15.022269">
        <time>2026-04-05T08:21:52.000Z</time>
      </trkpt>
      <trkpt lat="49.057486" lon="15.022229">
        <time>2026-04-05T08:21:53.000Z</time>
      </trkpt>
      <trkpt lat="49.057488" lon="15.022196">
        <time>2026-04-05T08:21:54.000Z</time>
      </trkpt>
      <trkpt lat="49.057487" lon="15.02217">
        <time>2026-04-05T08:21:55.000Z</time>
      </trkpt>
      <trkpt lat="49.057489" lon="15.022134">
        <time>2026-04-05T08:21:56.000Z</time>
      </trkpt>
      <trkpt lat="49.057489" lon="15.022104">
        <time>2026-04-05T08:21:57.000Z</time>
      </trkpt>
      <trkpt lat="49.057489" lon="15.022078">
        <time>2026-04-05T08:21:58.000Z</time>
      </trkpt>
      <trkpt lat="49.05749" lon="15.022094">
        <time>2026-04-05T08:21:59.000Z</time>
      </trkpt>
      <trkpt lat="49.057491" lon="15.022116">
        <time>2026-04-05T08:22:00.000Z</time>
      </trkpt>
      <trkpt lat="49.05749" lon="15.022142">
        <time>2026-04-05T08:22:01.000Z</time>
      </trkpt>
      <trkpt lat="49.057493" lon="15.02217">
        <time>2026-04-05T08:22:02.000Z</time>
      </trkpt>
      <trkpt lat="49.057499" lon="15.022194">
        <time>2026-04-05T08:22:03.000Z</time>
      </trkpt>
      <trkpt lat="49.057503" lon="15.022221">
        <time>2026-04-05T08:22:04.000Z</time>
      </trkpt>
      <trkpt lat="49.057507" lon="15.022255">
        <time>2026-04-05T08:22:05.000Z</time>
      </trkpt>
      <trkpt lat="49.057512" lon="15.022286">
        <time>2026-04-05T08:22:06.000Z</time>
      </trkpt>
      <trkpt lat="49.057522" lon="15.022317">
        <time>2026-04-05T08:22:07.000Z</time>
      </trkpt>
      <trkpt lat="49.057537" lon="15.022345">
        <time>2026-04-05T08:22:08.000Z</time>
      </trkpt>
      <trkpt lat="49.057549" lon="15.022377">
        <time>2026-04-05T08:22:09.000Z</time>
      </trkpt>
      <trkpt lat="49.057562" lon="15.02241">
        <time>2026-04-05T08:22:10.000Z</time>
      </trkpt>
      <trkpt lat="49.057576" lon="15.022437">
        <time>2026-04-05T08:22:11.000Z</time>
      </trkpt>
      <trkpt lat="49.057592" lon="15.02246">
        <time>2026-04-05T08:22:12.000Z</time>
      </trkpt>
      <trkpt lat="49.057603" lon="15.022482">
        <time>2026-04-05T08:22:13.000Z</time>
      </trkpt>
      <trkpt lat="49.057614" lon="15.022505">
        <time>2026-04-05T08:22:14.000Z</time>
      </trkpt>
      <trkpt lat="49.057626" lon="15.022532">
        <time>2026-04-05T08:22:15.000Z</time>
      </trkpt>
      <trkpt lat="49.05764" lon="15.022555">
        <time>2026-04-05T08:22:16.000Z</time>
      </trkpt>
      <trkpt lat="49.057655" lon="15.022573">
        <time>2026-04-05T08:22:17.000Z</time>
      </trkpt>
      <trkpt lat="49.057672" lon="15.022586">
        <time>2026-04-05T08:22:18.000Z</time>
      </trkpt>
      <trkpt lat="49.057686" lon="15.022607">
        <time>2026-04-05T08:22:19.000Z</time>
      </trkpt>
      <trkpt lat="49.057698" lon="15.02263">
        <time>2026-04-05T08:22:20.000Z</time>
      </trkpt>
      <trkpt lat="49.057712" lon="15.022654">
        <time>2026-04-05T08:22:21.000Z</time>
      </trkpt>
      <trkpt lat="49.057732" lon="15.022676">
        <time>2026-04-05T08:22:22.000Z</time>
      </trkpt>
      <trkpt lat="49.057751" lon="15.022697">
        <time>2026-04-05T08:22:23.000Z</time>
      </trkpt>
      <trkpt lat="49.057765" lon="15.022728">
        <time>2026-04-05T08:22:24.000Z</time>
      </trkpt>
      <trkpt lat="49.057775" lon="15.022761">
        <time>2026-04-05T08:22:25.000Z</time>
      </trkpt>
      <trkpt lat="49.057785" lon="15.022783">
        <time>2026-04-05T08:22:26.000Z</time>
      </trkpt>
      <trkpt lat="49.057789" lon="15.02282">
        <time>2026-04-05T08:22:27.000Z</time>
      </trkpt>
      <trkpt lat="49.057799" lon="15.022861">
        <time>2026-04-05T08:22:28.000Z</time>
      </trkpt>
      <trkpt lat="49.057815" lon="15.022896">
        <time>2026-04-05T08:22:29.000Z</time>
      </trkpt>
      <trkpt lat="49.05783" lon="15.022925">
        <time>2026-04-05T08:22:30.000Z</time>
      </trkpt>
      <trkpt lat="49.057849" lon="15.022954">
        <time>2026-04-05T08:22:31.000Z</time>
      </trkpt>
      <trkpt lat="49.057869" lon="15.022979">
        <time>2026-04-05T08:22:32.000Z</time>
      </trkpt>
      <trkpt lat="49.057886" lon="15.022999">
        <time>2026-04-05T08:22:33.000Z</time>
      </trkpt>
      <trkpt lat="49.057906" lon="15.023009">
        <time>2026-04-05T08:22:34.000Z</time>
      </trkpt>
      <trkpt lat="49.057929" lon="15.023006">
        <time>2026-04-05T08:22:35.000Z</time>
      </trkpt>
      <trkpt lat="49.057954" lon="15.023005">
        <time>2026-04-05T08:22:36.000Z</time>
      </trkpt>
      <trkpt lat="49.057981" lon="15.023011">
        <time>2026-04-05T08:22:37.000Z</time>
      </trkpt>
      <trkpt lat="49.058001" lon="15.023021">
        <time>2026-04-05T08:22:38.000Z</time>
      </trkpt>
      <trkpt lat="49.05802" lon="15.02304">
        <time>2026-04-05T08:22:39.000Z</time>
      </trkpt>
      <trkpt lat="49.058045" lon="15.023056">
        <time>2026-04-05T08:22:40.000Z</time>
      </trkpt>
      <trkpt lat="49.058061" lon="15.023079">
        <time>2026-04-05T08:22:41.000Z</time>
      </trkpt>
      <trkpt lat="49.058082" lon="15.023108">
        <time>2026-04-05T08:22:42.000Z</time>
      </trkpt>
      <trkpt lat="49.058096" lon="15.023154">
        <time>2026-04-05T08:22:43.000Z</time>
      </trkpt>
      <trkpt lat="49.058106" lon="15.023189">
        <time>2026-04-05T08:22:44.000Z</time>
      </trkpt>
      <trkpt lat="49.058117" lon="15.02321">
        <time>2026-04-05T08:22:45.000Z</time>
      </trkpt>
      <trkpt lat="49.05813" lon="15.023218">
        <time>2026-04-05T08:22:46.000Z</time>
      </trkpt>
      <trkpt lat="49.058158" lon="15.023209">
        <time>2026-04-05T08:22:47.000Z</time>
      </trkpt>
      <trkpt lat="49.058184" lon="15.023202">
        <time>2026-04-05T08:22:48.000Z</time>
      </trkpt>
      <trkpt lat="49.058199" lon="15.023211">
        <time>2026-04-05T08:22:49.000Z</time>
      </trkpt>
      <trkpt lat="49.058214" lon="15.023225">
        <time>2026-04-05T08:22:50.000Z</time>
      </trkpt>
      <trkpt lat="49.058242" lon="15.023245">
        <time>2026-04-05T08:22:51.000Z</time>
      </trkpt>
      <trkpt lat="49.058266" lon="15.023253">
        <time>2026-04-05T08:22:52.000Z</time>
      </trkpt>
      <trkpt lat="49.058287" lon="15.023258">
        <time>2026-04-05T08:22:53.000Z</time>
      </trkpt>
      <trkpt lat="49.058302" lon="15.023274">
        <time>2026-04-05T08:22:54.000Z</time>
      </trkpt>
      <trkpt lat="49.058309" lon="15.023299">
        <time>2026-04-05T08:22:55.000Z</time>
      </trkpt>
      <trkpt lat="49.058319" lon="15.023313">
        <time>2026-04-05T08:22:56.000Z</time>
      </trkpt>
      <trkpt lat="49.058333" lon="15.023329">
        <time>2026-04-05T08:22:57.000Z</time>
      </trkpt>
      <trkpt lat="49.058349" lon="15.023354">
        <time>2026-04-05T08:22:58.000Z</time>
      </trkpt>
      <trkpt lat="49.058359" lon="15.023378">
        <time>2026-04-05T08:22:59.000Z</time>
      </trkpt>
      <trkpt lat="49.058373" lon="15.023398">
        <time>2026-04-05T08:23:00.000Z</time>
      </trkpt>
      <trkpt lat="49.058384" lon="15.023414">
        <time>2026-04-05T08:23:01.000Z</time>
      </trkpt>
      <trkpt lat="49.058394" lon="15.023433">
        <time>2026-04-05T08:23:02.000Z</time>
      </trkpt>
      <trkpt lat="49.058405" lon="15.023446">
        <time>2026-04-05T08:23:03.000Z</time>
      </trkpt>
      <trkpt lat="49.058412" lon="15.023459">
        <time>2026-04-05T08:23:04.000Z</time>
      </trkpt>
      <trkpt lat="49.058418" lon="15.02347">
        <time>2026-04-05T08:23:05.000Z</time>
      </trkpt>
      <trkpt lat="49.058424" lon="15.023477">
        <time>2026-04-05T08:23:06.000Z</time>
      </trkpt>
      <trkpt lat="49.058428" lon="15.023482">
        <time>2026-04-05T08:23:07.000Z</time>
      </trkpt>
      <trkpt lat="49.058435" lon="15.02349">
        <time>2026-04-05T08:23:08.000Z</time>
      </trkpt>
      <trkpt lat="49.058445" lon="15.023504">
        <time>2026-04-05T08:23:09.000Z</time>
      </trkpt>
      <trkpt lat="49.058455" lon="15.023512">
        <time>2026-04-05T08:23:10.000Z</time>
      </trkpt>
      <trkpt lat="49.058465" lon="15.023519">
        <time>2026-04-05T08:23:11.000Z</time>
      </trkpt>
      <trkpt lat="49.058477" lon="15.023533">
        <time>2026-04-05T08:23:12.000Z</time>
      </trkpt>
      <trkpt lat="49.058489" lon="15.023547">
        <time>2026-04-05T08:23:13.000Z</time>
      </trkpt>
      <trkpt lat="49.058502" lon="15.023559">
        <time>2026-04-05T08:23:14.000Z</time>
      </trkpt>
      <trkpt lat="49.05852" lon="15.023568">
        <time>2026-04-05T08:23:15.000Z</time>
      </trkpt>
      <trkpt lat="49.058537" lon="15.023578">
        <time>2026-04-05T08:23:16.000Z</time>
      </trkpt>
      <trkpt lat="49.058555" lon="15.023586">
        <time>2026-04-05T08:23:17.000Z</time>
      </trkpt>
      <trkpt lat="49.058573" lon="15.023587">
        <time>2026-04-05T08:23:18.000Z</time>
      </trkpt>
      <trkpt lat="49.05859" lon="15.023582">
        <time>2026-04-05T08:23:19.000Z</time>
      </trkpt>
      <trkpt lat="49.0586" lon="15.023568">
        <time>2026-04-05T08:23:20.000Z</time>
      </trkpt>
      <trkpt lat="49.058608" lon="15.023547">
        <time>2026-04-05T08:23:21.000Z</time>
      </trkpt>
      <trkpt lat="49.058617" lon="15.023526">
        <time>2026-04-05T08:23:22.000Z</time>
      </trkpt>
      <trkpt lat="49.058625" lon="15.023505">
        <time>2026-04-05T08:23:23.000Z</time>
      </trkpt>
      <trkpt lat="49.058633" lon="15.023479">
        <time>2026-04-05T08:23:24.000Z</time>
      </trkpt>
      <trkpt lat="49.05864" lon="15.02346">
        <time>2026-04-05T08:23:25.000Z</time>
      </trkpt>
      <trkpt lat="49.058647" lon="15.023443">
        <time>2026-04-05T08:23:26.000Z</time>
      </trkpt>
      <trkpt lat="49.058655" lon="15.023439">
        <time>2026-04-05T08:23:27.000Z</time>
      </trkpt>
      <trkpt lat="49.058665" lon="15.023437">
        <time>2026-04-05T08:23:28.000Z</time>
      </trkpt>
      <trkpt lat="49.058675" lon="15.023431">
        <time>2026-04-05T08:23:29.000Z</time>
      </trkpt>
      <trkpt lat="49.058684" lon="15.02342">
        <time>2026-04-05T08:23:30.000Z</time>
      </trkpt>
      <trkpt lat="49.0587" lon="15.023407">
        <time>2026-04-05T08:23:31.000Z</time>
      </trkpt>
      <trkpt lat="49.058717" lon="15.023393">
        <time>2026-04-05T08:23:32.000Z</time>
      </trkpt>
      <trkpt lat="49.058737" lon="15.023371">
        <time>2026-04-05T08:23:33.000Z</time>
      </trkpt>
      <trkpt lat="49.058747" lon="15.023345">
        <time>2026-04-05T08:23:34.000Z</time>
      </trkpt>
      <trkpt lat="49.058755" lon="15.023323">
        <time>2026-04-05T08:23:35.000Z</time>
      </trkpt>
      <trkpt lat="49.058767" lon="15.023302">
        <time>2026-04-05T08:23:36.000Z</time>
      </trkpt>
      <trkpt lat="49.058779" lon="15.023281">
        <time>2026-04-05T08:23:37.000Z</time>
      </trkpt>
      <trkpt lat="49.058789" lon="15.023258">
        <time>2026-04-05T08:23:38.000Z</time>
      </trkpt>
      <trkpt lat="49.058795" lon="15.023239">
        <time>2026-04-05T08:23:39.000Z</time>
      </trkpt>
      <trkpt lat="49.05879" lon="15.023217">
        <time>2026-04-05T08:23:40.000Z</time>
      </trkpt>
      <trkpt lat="49.058785" lon="15.023186">
        <time>2026-04-05T08:23:41.000Z</time>
      </trkpt>
      <trkpt lat="49.058797" lon="15.023162">
        <time>2026-04-05T08:23:42.000Z</time>
      </trkpt>
      <trkpt lat="49.058801" lon="15.02314">
        <time>2026-04-05T08:23:43.000Z</time>
      </trkpt>
      <trkpt lat="49.058804" lon="15.02312">
        <time>2026-04-05T08:23:44.000Z</time>
      </trkpt>
      <trkpt lat="49.058815" lon="15.023104">
        <time>2026-04-05T08:23:45.000Z</time>
      </trkpt>
      <trkpt lat="49.058833" lon="15.02309">
        <time>2026-04-05T08:23:46.000Z</time>
      </trkpt>
      <trkpt lat="49.058849" lon="15.023075">
        <time>2026-04-05T08:23:47.000Z</time>
      </trkpt>
      <trkpt lat="49.05886" lon="15.023071">
        <time>2026-04-05T08:23:48.000Z</time>
      </trkpt>
      <trkpt lat="49.058871" lon="15.023064">
        <time>2026-04-05T08:23:49.000Z</time>
      </trkpt>
      <trkpt lat="49.058885" lon="15.023055">
        <time>2026-04-05T08:23:50.000Z</time>
      </trkpt>
      <trkpt lat="49.058899" lon="15.023039">
        <time>2026-04-05T08:23:51.000Z</time>
      </trkpt>
      <trkpt lat="49.05891" lon="15.023022">
        <time>2026-04-05T08:23:52.000Z</time>
      </trkpt>
      <trkpt lat="49.058921" lon="15.022998">
        <time>2026-04-05T08:23:53.000Z</time>
      </trkpt>
      <trkpt lat="49.058933" lon="15.022971">
        <time>2026-04-05T08:23:54.000Z</time>
      </trkpt>
      <trkpt lat="49.058943" lon="15.022955">
        <time>2026-04-05T08:23:55.000Z</time>
      </trkpt>
      <trkpt lat="49.058945" lon="15.022938">
        <time>2026-04-05T08:23:56.000Z</time>
      </trkpt>
      <trkpt lat="49.058946" lon="15.02292">
        <time>2026-04-05T08:23:57.000Z</time>
      </trkpt>
      <trkpt lat="49.058953" lon="15.022895">
        <time>2026-04-05T08:23:58.000Z</time>
      </trkpt>
      <trkpt lat="49.058961" lon="15.022874">
        <time>2026-04-05T08:23:59.000Z</time>
      </trkpt>
      <trkpt lat="49.058972" lon="15.022856">
        <time>2026-04-05T08:24:00.000Z</time>
      </trkpt>
      <trkpt lat="49.058984" lon="15.022839">
        <time>2026-04-05T08:24:01.000Z</time>
      </trkpt>
      <trkpt lat="49.058993" lon="15.022821">
        <time>2026-04-05T08:24:02.000Z</time>
      </trkpt>
      <trkpt lat="49.059005" lon="15.022806">
        <time>2026-04-05T08:24:03.000Z</time>
      </trkpt>
      <trkpt lat="49.059011" lon="15.022793">
        <time>2026-04-05T08:24:04.000Z</time>
      </trkpt>
      <trkpt lat="49.059017" lon="15.022771">
        <time>2026-04-05T08:24:05.000Z</time>
      </trkpt>
      <trkpt lat="49.059017" lon="15.022749">
        <time>2026-04-05T08:24:06.000Z</time>
      </trkpt>
      <trkpt lat="49.059016" lon="15.022718">
        <time>2026-04-05T08:24:07.000Z</time>
      </trkpt>
      <trkpt lat="49.059022" lon="15.022695">
        <time>2026-04-05T08:24:08.000Z</time>
      </trkpt>
      <trkpt lat="49.05903" lon="15.022669">
        <time>2026-04-05T08:24:09.000Z</time>
      </trkpt>
      <trkpt lat="49.059034" lon="15.022641">
        <time>2026-04-05T08:24:10.000Z</time>
      </trkpt>
      <trkpt lat="49.059041" lon="15.02261">
        <time>2026-04-05T08:24:11.000Z</time>
      </trkpt>
      <trkpt lat="49.059053" lon="15.022591">
        <time>2026-04-05T08:24:12.000Z</time>
      </trkpt>
      <trkpt lat="49.059066" lon="15.02257">
        <time>2026-04-05T08:24:13.000Z</time>
      </trkpt>
      <trkpt lat="49.05908" lon="15.022555">
        <time>2026-04-05T08:24:14.000Z</time>
      </trkpt>
      <trkpt lat="49.059099" lon="15.022554">
        <time>2026-04-05T08:24:15.000Z</time>
      </trkpt>
      <trkpt lat="49.059118" lon="15.022555">
        <time>2026-04-05T08:24:16.000Z</time>
      </trkpt>
      <trkpt lat="49.059141" lon="15.022553">
        <time>2026-04-05T08:24:17.000Z</time>
      </trkpt>
      <trkpt lat="49.059163" lon="15.022544">
        <time>2026-04-05T08:24:18.000Z</time>
      </trkpt>
      <trkpt lat="49.059186" lon="15.022534">
        <time>2026-04-05T08:24:19.000Z</time>
      </trkpt>
      <trkpt lat="49.059205" lon="15.022521">
        <time>2026-04-05T08:24:20.000Z</time>
      </trkpt>
      <trkpt lat="49.059225" lon="15.022506">
        <time>2026-04-05T08:24:21.000Z</time>
      </trkpt>
      <trkpt lat="49.05924" lon="15.022471">
        <time>2026-04-05T08:24:22.000Z</time>
      </trkpt>
      <trkpt lat="49.059257" lon="15.022443">
        <time>2026-04-05T08:24:23.000Z</time>
      </trkpt>
      <trkpt lat="49.059271" lon="15.022422">
        <time>2026-04-05T08:24:24.000Z</time>
      </trkpt>
      <trkpt lat="49.059284" lon="15.022396">
        <time>2026-04-05T08:24:25.000Z</time>
      </trkpt>
      <trkpt lat="49.059292" lon="15.022365">
        <time>2026-04-05T08:24:26.000Z</time>
      </trkpt>
      <trkpt lat="49.0593" lon="15.022336">
        <time>2026-04-05T08:24:27.000Z</time>
      </trkpt>
      <trkpt lat="49.059306" lon="15.022308">
        <time>2026-04-05T08:24:28.000Z</time>
      </trkpt>
      <trkpt lat="49.059308" lon="15.022274">
        <time>2026-04-05T08:24:29.000Z</time>
      </trkpt>
      <trkpt lat="49.059305" lon="15.022229">
        <time>2026-04-05T08:24:30.000Z</time>
      </trkpt>
      <trkpt lat="49.059302" lon="15.022194">
        <time>2026-04-05T08:24:31.000Z</time>
      </trkpt>
      <trkpt lat="49.059302" lon="15.022169">
        <time>2026-04-05T08:24:32.000Z</time>
      </trkpt>
      <trkpt lat="49.0593" lon="15.022134">
        <time>2026-04-05T08:24:33.000Z</time>
      </trkpt>
      <trkpt lat="49.059298" lon="15.0221">
        <time>2026-04-05T08:24:34.000Z</time>
      </trkpt>
      <trkpt lat="49.059305" lon="15.022071">
        <time>2026-04-05T08:24:35.000Z</time>
      </trkpt>
      <trkpt lat="49.05931" lon="15.022041">
        <time>2026-04-05T08:24:36.000Z</time>
      </trkpt>
      <trkpt lat="49.059313" lon="15.022014">
        <time>2026-04-05T08:24:37.000Z</time>
      </trkpt>
      <trkpt lat="49.059319" lon="15.021973">
        <time>2026-04-05T08:24:38.000Z</time>
      </trkpt>
      <trkpt lat="49.059328" lon="15.021943">
        <time>2026-04-05T08:24:39.000Z</time>
      </trkpt>
      <trkpt lat="49.059337" lon="15.021919">
        <time>2026-04-05T08:24:40.000Z</time>
      </trkpt>
      <trkpt lat="49.059349" lon="15.021905">
        <time>2026-04-05T08:24:41.000Z</time>
      </trkpt>
      <trkpt lat="49.059358" lon="15.021887">
        <time>2026-04-05T08:24:42.000Z</time>
      </trkpt>
      <trkpt lat="49.059362" lon="15.021856">
        <time>2026-04-05T08:24:43.000Z</time>
      </trkpt>
      <trkpt lat="49.059353" lon="15.021838">
        <time>2026-04-05T08:24:44.000Z</time>
      </trkpt>
      <trkpt lat="49.05935" lon="15.021813">
        <time>2026-04-05T08:24:45.000Z</time>
      </trkpt>
      <trkpt lat="49.059348" lon="15.021789">
        <time>2026-04-05T08:24:46.000Z</time>
      </trkpt>
      <trkpt lat="49.059342" lon="15.021772">
        <time>2026-04-05T08:24:47.000Z</time>
      </trkpt>
      <trkpt lat="49.059337" lon="15.021754">
        <time>2026-04-05T08:24:48.000Z</time>
      </trkpt>
      <trkpt lat="49.059334" lon="15.02173">
        <time>2026-04-05T08:24:49.000Z</time>
      </trkpt>
      <trkpt lat="49.059331" lon="15.021707">
        <time>2026-04-05T08:24:50.000Z</time>
      </trkpt>
      <trkpt lat="49.059336" lon="15.021682">
        <time>2026-04-05T08:24:51.000Z</time>
      </trkpt>
      <trkpt lat="49.059335" lon="15.021656">
        <time>2026-04-05T08:24:52.000Z</time>
      </trkpt>
      <trkpt lat="49.059333" lon="15.021632">
        <time>2026-04-05T08:24:53.000Z</time>
      </trkpt>
      <trkpt lat="49.059338" lon="15.021611">
        <time>2026-04-05T08:24:54.000Z</time>
      </trkpt>
      <trkpt lat="49.059345" lon="15.021588">
        <time>2026-04-05T08:24:55.000Z</time>
      </trkpt>
      <trkpt lat="49.059351" lon="15.021558">
        <time>2026-04-05T08:24:56.000Z</time>
      </trkpt>
      <trkpt lat="49.059357" lon="15.021543">
        <time>2026-04-05T08:24:57.000Z</time>
      </trkpt>
      <trkpt lat="49.059368" lon="15.021523">
        <time>2026-04-05T08:24:58.000Z</time>
      </trkpt>
      <trkpt lat="49.059376" lon="15.021509">
        <time>2026-04-05T08:24:59.000Z</time>
      </trkpt>
      <trkpt lat="49.059387" lon="15.021497">
        <time>2026-04-05T08:25:00.000Z</time>
      </trkpt>
      <trkpt lat="49.0594" lon="15.021484">
        <time>2026-04-05T08:25:01.000Z</time>
      </trkpt>
      <trkpt lat="49.059413" lon="15.021467">
        <time>2026-04-05T08:25:02.000Z</time>
      </trkpt>
      <trkpt lat="49.059425" lon="15.021453">
        <time>2026-04-05T08:25:03.000Z</time>
      </trkpt>
      <trkpt lat="49.059435" lon="15.021442">
        <time>2026-04-05T08:25:04.000Z</time>
      </trkpt>
      <trkpt lat="49.059448" lon="15.021424">
        <time>2026-04-05T08:25:05.000Z</time>
      </trkpt>
      <trkpt lat="49.059466" lon="15.021405">
        <time>2026-04-05T08:25:06.000Z</time>
      </trkpt>
      <trkpt lat="49.059487" lon="15.021392">
        <time>2026-04-05T08:25:07.000Z</time>
      </trkpt>
      <trkpt lat="49.059501" lon="15.021383">
        <time>2026-04-05T08:25:08.000Z</time>
      </trkpt>
      <trkpt lat="49.059515" lon="15.021373">
        <time>2026-04-05T08:25:09.000Z</time>
      </trkpt>
      <trkpt lat="49.059527" lon="15.02136">
        <time>2026-04-05T08:25:10.000Z</time>
      </trkpt>
      <trkpt lat="49.059541" lon="15.021341">
        <time>2026-04-05T08:25:11.000Z</time>
      </trkpt>
      <trkpt lat="49.059547" lon="15.021313">
        <time>2026-04-05T08:25:12.000Z</time>
      </trkpt>
      <trkpt lat="49.059554" lon="15.021287">
        <time>2026-04-05T08:25:13.000Z</time>
      </trkpt>
      <trkpt lat="49.059559" lon="15.021258">
        <time>2026-04-05T08:25:14.000Z</time>
      </trkpt>
      <trkpt lat="49.059565" lon="15.021233">
        <time>2026-04-05T08:25:15.000Z</time>
      </trkpt>
      <trkpt lat="49.059572" lon="15.02121">
        <time>2026-04-05T08:25:16.000Z</time>
      </trkpt>
      <trkpt lat="49.059576" lon="15.021189">
        <time>2026-04-05T08:25:17.000Z</time>
      </trkpt>
      <trkpt lat="49.059577" lon="15.02116">
        <time>2026-04-05T08:25:18.000Z</time>
      </trkpt>
      <trkpt lat="49.059576" lon="15.021129">
        <time>2026-04-05T08:25:19.000Z</time>
      </trkpt>
      <trkpt lat="49.059578" lon="15.021101">
        <time>2026-04-05T08:25:20.000Z</time>
      </trkpt>
      <trkpt lat="49.059578" lon="15.021074">
        <time>2026-04-05T08:25:21.000Z</time>
      </trkpt>
      <trkpt lat="49.059582" lon="15.02105">
        <time>2026-04-05T08:25:22.000Z</time>
      </trkpt>
      <trkpt lat="49.059582" lon="15.021017">
        <time>2026-04-05T08:25:23.000Z</time>
      </trkpt>
      <trkpt lat="49.059579" lon="15.020984">
        <time>2026-04-05T08:25:24.000Z</time>
      </trkpt>
      <trkpt lat="49.059571" lon="15.020952">
        <time>2026-04-05T08:25:25.000Z</time>
      </trkpt>
      <trkpt lat="49.059563" lon="15.02093">
        <time>2026-04-05T08:25:26.000Z</time>
      </trkpt>
      <trkpt lat="49.059558" lon="15.020895">
        <time>2026-04-05T08:25:27.000Z</time>
      </trkpt>
      <trkpt lat="49.059559" lon="15.020863">
        <time>2026-04-05T08:25:28.000Z</time>
      </trkpt>
      <trkpt lat="49.059571" lon="15.020817">
        <time>2026-04-05T08:25:29.000Z</time>
      </trkpt>
      <trkpt lat="49.059579" lon="15.020773">
        <time>2026-04-05T08:25:30.000Z</time>
      </trkpt>
      <trkpt lat="49.059585" lon="15.020735">
        <time>2026-04-05T08:25:31.000Z</time>
      </trkpt>
      <trkpt lat="49.05959" lon="15.020704">
        <time>2026-04-05T08:25:32.000Z</time>
      </trkpt>
      <trkpt lat="49.059584" lon="15.020665">
        <time>2026-04-05T08:25:33.000Z</time>
      </trkpt>
      <trkpt lat="49.059583" lon="15.020636">
        <time>2026-04-05T08:25:34.000Z</time>
      </trkpt>
      <trkpt lat="49.059588" lon="15.020616">
        <time>2026-04-05T08:25:35.000Z</time>
      </trkpt>
      <trkpt lat="49.059598" lon="15.020605">
        <time>2026-04-05T08:25:36.000Z</time>
      </trkpt>
      <trkpt lat="49.059602" lon="15.020586">
        <time>2026-04-05T08:25:37.000Z</time>
      </trkpt>
      <trkpt lat="49.059609" lon="15.020568">
        <time>2026-04-05T08:25:38.000Z</time>
      </trkpt>
      <trkpt lat="49.059619" lon="15.020558">
        <time>2026-04-05T08:25:39.000Z</time>
      </trkpt>
      <trkpt lat="49.059627" lon="15.020552">
        <time>2026-04-05T08:25:40.000Z</time>
      </trkpt>
      <trkpt lat="49.059637" lon="15.020542">
        <time>2026-04-05T08:25:41.000Z</time>
      </trkpt>
      <trkpt lat="49.059641" lon="15.020521">
        <time>2026-04-05T08:25:42.000Z</time>
      </trkpt>
      <trkpt lat="49.059649" lon="15.020509">
        <time>2026-04-05T08:25:43.000Z</time>
      </trkpt>
      <trkpt lat="49.059657" lon="15.020494">
        <time>2026-04-05T08:25:44.000Z</time>
      </trkpt>
      <trkpt lat="49.059663" lon="15.020476">
        <time>2026-04-05T08:25:45.000Z</time>
      </trkpt>
      <trkpt lat="49.059676" lon="15.020455">
        <time>2026-04-05T08:25:46.000Z</time>
      </trkpt>
      <trkpt lat="49.05968" lon="15.020429">
        <time>2026-04-05T08:25:47.000Z</time>
      </trkpt>
      <trkpt lat="49.059668" lon="15.020404">
        <time>2026-04-05T08:25:48.000Z</time>
      </trkpt>
      <trkpt lat="49.059656" lon="15.02039">
        <time>2026-04-05T08:25:49.000Z</time>
      </trkpt>
      <trkpt lat="49.059636" lon="15.020375">
        <time>2026-04-05T08:25:50.000Z</time>
      </trkpt>
      <trkpt lat="49.059615" lon="15.020362">
        <time>2026-04-05T08:25:51.000Z</time>
      </trkpt>
      <trkpt lat="49.059589" lon="15.020344">
        <time>2026-04-05T08:25:52.000Z</time>
      </trkpt>
      <trkpt lat="49.059564" lon="15.020328">
        <time>2026-04-05T08:25:53.000Z</time>
      </trkpt>
      <trkpt lat="49.059539" lon="15.020312">
        <time>2026-04-05T08:25:54.000Z</time>
      </trkpt>
      <trkpt lat="49.059512" lon="15.020286">
        <time>2026-04-05T08:25:55.000Z</time>
      </trkpt>
      <trkpt lat="49.059489" lon="15.020262">
        <time>2026-04-05T08:25:56.000Z</time>
      </trkpt>
      <trkpt lat="49.059469" lon="15.020244">
        <time>2026-04-05T08:25:57.000Z</time>
      </trkpt>
      <trkpt lat="49.059449" lon="15.020219">
        <time>2026-04-05T08:25:58.000Z</time>
      </trkpt>
      <trkpt lat="49.05943" lon="15.020176">
        <time>2026-04-05T08:25:59.000Z</time>
      </trkpt>
      <trkpt lat="49.059408" lon="15.020156">
        <time>2026-04-05T08:26:00.000Z</time>
      </trkpt>
      <trkpt lat="49.059391" lon="15.020152">
        <time>2026-04-05T08:26:01.000Z</time>
      </trkpt>
      <trkpt lat="49.059372" lon="15.020149">
        <time>2026-04-05T08:26:02.000Z</time>
      </trkpt>
      <trkpt lat="49.059355" lon="15.020145">
        <time>2026-04-05T08:26:03.000Z</time>
      </trkpt>
      <trkpt lat="49.059333" lon="15.02013">
        <time>2026-04-05T08:26:04.000Z</time>
      </trkpt>
      <trkpt lat="49.059327" lon="15.020106">
        <time>2026-04-05T08:26:05.000Z</time>
      </trkpt>
      <trkpt lat="49.059319" lon="15.020086">
        <time>2026-04-05T08:26:06.000Z</time>
      </trkpt>
      <trkpt lat="49.059314" lon="15.020071">
        <time>2026-04-05T08:26:07.000Z</time>
      </trkpt>
      <trkpt lat="49.059309" lon="15.020059">
        <time>2026-04-05T08:26:08.000Z</time>
      </trkpt>
      <trkpt lat="49.059306" lon="15.020051">
        <time>2026-04-05T08:26:09.000Z</time>
      </trkpt>
      <trkpt lat="49.059303" lon="15.020046">
        <time>2026-04-05T08:26:10.000Z</time>
      </trkpt>
      <trkpt lat="49.0593" lon="15.020036">
        <time>2026-04-05T08:26:11.000Z</time>
      </trkpt>
      <trkpt lat="49.059289" lon="15.020033">
        <time>2026-04-05T08:26:12.000Z</time>
      </trkpt>
      <trkpt lat="49.059295" lon="15.020002">
        <time>2026-04-05T08:26:13.000Z</time>
      </trkpt>
      <trkpt lat="49.059299" lon="15.019982">
        <time>2026-04-05T08:26:14.000Z</time>
      </trkpt>
      <trkpt lat="49.059301" lon="15.019959">
        <time>2026-04-05T08:26:15.000Z</time>
      </trkpt>
      <trkpt lat="49.059298" lon="15.019934">
        <time>2026-04-05T08:26:16.000Z</time>
      </trkpt>
      <trkpt lat="49.05929" lon="15.019907">
        <time>2026-04-05T08:26:17.000Z</time>
      </trkpt>
      <trkpt lat="49.05928" lon="15.019876">
        <time>2026-04-05T08:26:18.000Z</time>
      </trkpt>
      <trkpt lat="49.059272" lon="15.01985">
        <time>2026-04-05T08:26:19.000Z</time>
      </trkpt>
      <trkpt lat="49.05927" lon="15.019827">
        <time>2026-04-05T08:26:20.000Z</time>
      </trkpt>
      <trkpt lat="49.059269" lon="15.019798">
        <time>2026-04-05T08:26:21.000Z</time>
      </trkpt>
      <trkpt lat="49.059265" lon="15.01978">
        <time>2026-04-05T08:26:22.000Z</time>
      </trkpt>
      <trkpt lat="49.059257" lon="15.019771">
        <time>2026-04-05T08:26:23.000Z</time>
      </trkpt>
      <trkpt lat="49.059249" lon="15.01975">
        <time>2026-04-05T08:26:24.000Z</time>
      </trkpt>
      <trkpt lat="49.059236" lon="15.019727">
        <time>2026-04-05T08:26:25.000Z</time>
      </trkpt>
      <trkpt lat="49.059221" lon="15.019706">
        <time>2026-04-05T08:26:26.000Z</time>
      </trkpt>
      <trkpt lat="49.059208" lon="15.019686">
        <time>2026-04-05T08:26:27.000Z</time>
      </trkpt>
      <trkpt lat="49.059196" lon="15.019669">
        <time>2026-04-05T08:26:28.000Z</time>
      </trkpt>
      <trkpt lat="49.059183" lon="15.019652">
        <time>2026-04-05T08:26:29.000Z</time>
      </trkpt>
      <trkpt lat="49.05917" lon="15.019635">
        <time>2026-04-05T08:26:30.000Z</time>
      </trkpt>
      <trkpt lat="49.059157" lon="15.019617">
        <time>2026-04-05T08:26:31.000Z</time>
      </trkpt>
      <trkpt lat="49.059145" lon="15.019604">
        <time>2026-04-05T08:26:32.000Z</time>
      </trkpt>
      <trkpt lat="49.059131" lon="15.019592">
        <time>2026-04-05T08:26:33.000Z</time>
      </trkpt>
      <trkpt lat="49.059113" lon="15.01957">
        <time>2026-04-05T08:26:34.000Z</time>
      </trkpt>
      <trkpt lat="49.059101" lon="15.019546">
        <time>2026-04-05T08:26:35.000Z</time>
      </trkpt>
      <trkpt lat="49.059083" lon="15.019523">
        <time>2026-04-05T08:26:36.000Z</time>
      </trkpt>
      <trkpt lat="49.059064" lon="15.019505">
        <time>2026-04-05T08:26:37.000Z</time>
      </trkpt>
      <trkpt lat="49.059046" lon="15.019505">
        <time>2026-04-05T08:26:38.000Z</time>
      </trkpt>
      <trkpt lat="49.059028" lon="15.019514">
        <time>2026-04-05T08:26:39.000Z</time>
      </trkpt>
      <trkpt lat="49.059012" lon="15.019516">
        <time>2026-04-05T08:26:40.000Z</time>
      </trkpt>
      <trkpt lat="49.058995" lon="15.01951">
        <time>2026-04-05T08:26:41.000Z</time>
      </trkpt>
      <trkpt lat="49.058976" lon="15.019498">
        <time>2026-04-05T08:26:42.000Z</time>
      </trkpt>
      <trkpt lat="49.058961" lon="15.019479">
        <time>2026-04-05T08:26:43.000Z</time>
      </trkpt>
      <trkpt lat="49.058943" lon="15.019454">
        <time>2026-04-05T08:26:44.000Z</time>
      </trkpt>
      <trkpt lat="49.058929" lon="15.019425">
        <time>2026-04-05T08:26:45.000Z</time>
      </trkpt>
      <trkpt lat="49.058915" lon="15.019403">
        <time>2026-04-05T08:26:46.000Z</time>
      </trkpt>
      <trkpt lat="49.058897" lon="15.019383">
        <time>2026-04-05T08:26:47.000Z</time>
      </trkpt>
      <trkpt lat="49.058871" lon="15.019366">
        <time>2026-04-05T08:26:48.000Z</time>
      </trkpt>
      <trkpt lat="49.058848" lon="15.019361">
        <time>2026-04-05T08:26:49.000Z</time>
      </trkpt>
      <trkpt lat="49.058827" lon="15.019367">
        <time>2026-04-05T08:26:50.000Z</time>
      </trkpt>
      <trkpt lat="49.058803" lon="15.019371">
        <time>2026-04-05T08:26:51.000Z</time>
      </trkpt>
      <trkpt lat="49.058772" lon="15.019369">
        <time>2026-04-05T08:26:52.000Z</time>
      </trkpt>
      <trkpt lat="49.058747" lon="15.019368">
        <time>2026-04-05T08:26:53.000Z</time>
      </trkpt>
      <trkpt lat="49.058724" lon="15.019355">
        <time>2026-04-05T08:26:54.000Z</time>
      </trkpt>
      <trkpt lat="49.058703" lon="15.019311">
        <time>2026-04-05T08:26:55.000Z</time>
      </trkpt>
      <trkpt lat="49.058695" lon="15.019256">
        <time>2026-04-05T08:26:56.000Z</time>
      </trkpt>
      <trkpt lat="49.058692" lon="15.019207">
        <time>2026-04-05T08:26:57.000Z</time>
      </trkpt>
      <trkpt lat="49.058688" lon="15.019161">
        <time>2026-04-05T08:26:58.000Z</time>
      </trkpt>
      <trkpt lat="49.058687" lon="15.019113">
        <time>2026-04-05T08:26:59.000Z</time>
      </trkpt>
      <trkpt lat="49.05869" lon="15.019072">
        <time>2026-04-05T08:27:00.000Z</time>
      </trkpt>
      <trkpt lat="49.058688" lon="15.019038">
        <time>2026-04-05T08:27:01.000Z</time>
      </trkpt>
      <trkpt lat="49.058689" lon="15.018991">
        <time>2026-04-05T08:27:02.000Z</time>
      </trkpt>
      <trkpt lat="49.058689" lon="15.018947">
        <time>2026-04-05T08:27:03.000Z</time>
      </trkpt>
      <trkpt lat="49.058689" lon="15.018909">
        <time>2026-04-05T08:27:04.000Z</time>
      </trkpt>
      <trkpt lat="49.05869" lon="15.018867">
        <time>2026-04-05T08:27:05.000Z</time>
      </trkpt>
      <trkpt lat="49.058692" lon="15.018828">
        <time>2026-04-05T08:27:06.000Z</time>
      </trkpt>
      <trkpt lat="49.058692" lon="15.018787">
        <time>2026-04-05T08:27:07.000Z</time>
      </trkpt>
      <trkpt lat="49.058684" lon="15.01875">
        <time>2026-04-05T08:27:08.000Z</time>
      </trkpt>
      <trkpt lat="49.058669" lon="15.018703">
        <time>2026-04-05T08:27:09.000Z</time>
      </trkpt>
      <trkpt lat="49.058653" lon="15.018674">
        <time>2026-04-05T08:27:10.000Z</time>
      </trkpt>
      <trkpt lat="49.058638" lon="15.018661">
        <time>2026-04-05T08:27:11.000Z</time>
      </trkpt>
      <trkpt lat="49.058625" lon="15.018631">
        <time>2026-04-05T08:27:12.000Z</time>
      </trkpt>
      <trkpt lat="49.058618" lon="15.018585">
        <time>2026-04-05T08:27:13.000Z</time>
      </trkpt>
      <trkpt lat="49.058613" lon="15.01854">
        <time>2026-04-05T08:27:14.000Z</time>
      </trkpt>
      <trkpt lat="49.058599" lon="15.018494">
        <time>2026-04-05T08:27:15.000Z</time>
      </trkpt>
      <trkpt lat="49.058587" lon="15.018448">
        <time>2026-04-05T08:27:16.000Z</time>
      </trkpt>
      <trkpt lat="49.058573" lon="15.018403">
        <time>2026-04-05T08:27:17.000Z</time>
      </trkpt>
      <trkpt lat="49.058559" lon="15.018361">
        <time>2026-04-05T08:27:18.000Z</time>
      </trkpt>
      <trkpt lat="49.058542" lon="15.018332">
        <time>2026-04-05T08:27:19.000Z</time>
      </trkpt>
      <trkpt lat="49.05853" lon="15.018303">
        <time>2026-04-05T08:27:20.000Z</time>
      </trkpt>
      <trkpt lat="49.058518" lon="15.018274">
        <time>2026-04-05T08:27:21.000Z</time>
      </trkpt>
      <trkpt lat="49.05851" lon="15.018254">
        <time>2026-04-05T08:27:22.000Z</time>
      </trkpt>
      <trkpt lat="49.058492" lon="15.018251">
        <time>2026-04-05T08:27:23.000Z</time>
      </trkpt>
      <trkpt lat="49.058489" lon="15.018232">
        <time>2026-04-05T08:27:24.000Z</time>
      </trkpt>
      <trkpt lat="49.058482" lon="15.018209">
        <time>2026-04-05T08:27:25.000Z</time>
      </trkpt>
      <trkpt lat="49.05847" lon="15.018181">
        <time>2026-04-05T08:27:26.000Z</time>
      </trkpt>
      <trkpt lat="49.058456" lon="15.018141">
        <time>2026-04-05T08:27:27.000Z</time>
      </trkpt>
      <trkpt lat="49.058448" lon="15.018103">
        <time>2026-04-05T08:27:28.000Z</time>
      </trkpt>
      <trkpt lat="49.058434" lon="15.018072">
        <time>2026-04-05T08:27:29.000Z</time>
      </trkpt>
      <trkpt lat="49.058423" lon="15.018046">
        <time>2026-04-05T08:27:30.000Z</time>
      </trkpt>
      <trkpt lat="49.058411" lon="15.018007">
        <time>2026-04-05T08:27:31.000Z</time>
      </trkpt>
      <trkpt lat="49.058394" lon="15.017991">
        <time>2026-04-05T08:27:32.000Z</time>
      </trkpt>
      <trkpt lat="49.058379" lon="15.017977">
        <time>2026-04-05T08:27:33.000Z</time>
      </trkpt>
      <trkpt lat="49.058363" lon="15.017964">
        <time>2026-04-05T08:27:34.000Z</time>
      </trkpt>
      <trkpt lat="49.058348" lon="15.017954">
        <time>2026-04-05T08:27:35.000Z</time>
      </trkpt>
      <trkpt lat="49.058326" lon="15.017945">
        <time>2026-04-05T08:27:36.000Z</time>
      </trkpt>
      <trkpt lat="49.058315" lon="15.017934">
        <time>2026-04-05T08:27:37.000Z</time>
      </trkpt>
      <trkpt lat="49.0583" lon="15.01793">
        <time>2026-04-05T08:27:38.000Z</time>
      </trkpt>
      <trkpt lat="49.058289" lon="15.017924">
        <time>2026-04-05T08:27:39.000Z</time>
      </trkpt>
      <trkpt lat="49.058286" lon="15.017906">
        <time>2026-04-05T08:27:40.000Z</time>
      </trkpt>
      <trkpt lat="49.058277" lon="15.01789">
        <time>2026-04-05T08:27:41.000Z</time>
      </trkpt>
      <trkpt lat="49.058267" lon="15.017875">
        <time>2026-04-05T08:27:42.000Z</time>
      </trkpt>
      <trkpt lat="49.058252" lon="15.017837">
        <time>2026-04-05T08:27:43.000Z</time>
      </trkpt>
      <trkpt lat="49.058242" lon="15.017822">
        <time>2026-04-05T08:27:44.000Z</time>
      </trkpt>
      <trkpt lat="49.058231" lon="15.017804">
        <time>2026-04-05T08:27:45.000Z</time>
      </trkpt>
      <trkpt lat="49.05822" lon="15.01779">
        <time>2026-04-05T08:27:46.000Z</time>
      </trkpt>
      <trkpt lat="49.058208" lon="15.017781">
        <time>2026-04-05T08:27:47.000Z</time>
      </trkpt>
      <trkpt lat="49.058194" lon="15.017775">
        <time>2026-04-05T08:27:48.000Z</time>
      </trkpt>
      <trkpt lat="49.05818" lon="15.017766">
        <time>2026-04-05T08:27:49.000Z</time>
      </trkpt>
      <trkpt lat="49.058167" lon="15.017752">
        <time>2026-04-05T08:27:50.000Z</time>
      </trkpt>
      <trkpt lat="49.058158" lon="15.017735">
        <time>2026-04-05T08:27:51.000Z</time>
      </trkpt>
      <trkpt lat="49.05815" lon="15.017716">
        <time>2026-04-05T08:27:52.000Z</time>
      </trkpt>
      <trkpt lat="49.058137" lon="15.017687">
        <time>2026-04-05T08:27:53.000Z</time>
      </trkpt>
      <trkpt lat="49.05813" lon="15.017652">
        <time>2026-04-05T08:27:54.000Z</time>
      </trkpt>
      <trkpt lat="49.058125" lon="15.017619">
        <time>2026-04-05T08:27:55.000Z</time>
      </trkpt>
      <trkpt lat="49.058122" lon="15.017588">
        <time>2026-04-05T08:27:56.000Z</time>
      </trkpt>
      <trkpt lat="49.058118" lon="15.017563">
        <time>2026-04-05T08:27:57.000Z</time>
      </trkpt>
      <trkpt lat="49.05811" lon="15.017529">
        <time>2026-04-05T08:27:58.000Z</time>
      </trkpt>
      <trkpt lat="49.058104" lon="15.017493">
        <time>2026-04-05T08:27:59.000Z</time>
      </trkpt>
      <trkpt lat="49.0581" lon="15.017466">
        <time>2026-04-05T08:28:00.000Z</time>
      </trkpt>
      <trkpt lat="49.058097" lon="15.017437">
        <time>2026-04-05T08:28:01.000Z</time>
      </trkpt>
      <trkpt lat="49.058095" lon="15.017411">
        <time>2026-04-05T08:28:02.000Z</time>
      </trkpt>
      <trkpt lat="49.058096" lon="15.017383">
        <time>2026-04-05T08:28:03.000Z</time>
      </trkpt>
      <trkpt lat="49.058095" lon="15.017351">
        <time>2026-04-05T08:28:04.000Z</time>
      </trkpt>
      <trkpt lat="49.058095" lon="15.017325">
        <time>2026-04-05T08:28:05.000Z</time>
      </trkpt>
      <trkpt lat="49.058093" lon="15.017303">
        <time>2026-04-05T08:28:06.000Z</time>
      </trkpt>
      <trkpt lat="49.058086" lon="15.017296">
        <time>2026-04-05T08:28:07.000Z</time>
      </trkpt>
      <trkpt lat="49.058075" lon="15.017286">
        <time>2026-04-05T08:28:08.000Z</time>
      </trkpt>
      <trkpt lat="49.058065" lon="15.017272">
        <time>2026-04-05T08:28:09.000Z</time>
      </trkpt>
      <trkpt lat="49.058057" lon="15.017253">
        <time>2026-04-05T08:28:10.000Z</time>
      </trkpt>
      <trkpt lat="49.058038" lon="15.017226">
        <time>2026-04-05T08:28:11.000Z</time>
      </trkpt>
      <trkpt lat="49.058021" lon="15.017201">
        <time>2026-04-05T08:28:12.000Z</time>
      </trkpt>
      <trkpt lat="49.058008" lon="15.017172">
        <time>2026-04-05T08:28:13.000Z</time>
      </trkpt>
      <trkpt lat="49.058004" lon="15.017142">
        <time>2026-04-05T08:28:14.000Z</time>
      </trkpt>
      <trkpt lat="49.057999" lon="15.017114">
        <time>2026-04-05T08:28:15.000Z</time>
      </trkpt>
      <trkpt lat="49.057994" lon="15.01708">
        <time>2026-04-05T08:28:16.000Z</time>
      </trkpt>
      <trkpt lat="49.057991" lon="15.017051">
        <time>2026-04-05T08:28:17.000Z</time>
      </trkpt>
      <trkpt lat="49.057985" lon="15.017016">
        <time>2026-04-05T08:28:18.000Z</time>
      </trkpt>
      <trkpt lat="49.057979" lon="15.01699">
        <time>2026-04-05T08:28:19.000Z</time>
      </trkpt>
      <trkpt lat="49.057969" lon="15.016952">
        <time>2026-04-05T08:28:20.000Z</time>
      </trkpt>
      <trkpt lat="49.05796" lon="15.016924">
        <time>2026-04-05T08:28:21.000Z</time>
      </trkpt>
      <trkpt lat="49.057952" lon="15.016899">
        <time>2026-04-05T08:28:22.000Z</time>
      </trkpt>
      <trkpt lat="49.057947" lon="15.016877">
        <time>2026-04-05T08:28:23.000Z</time>
      </trkpt>
      <trkpt lat="49.05794" lon="15.016855">
        <time>2026-04-05T08:28:24.000Z</time>
      </trkpt>
      <trkpt lat="49.057932" lon="15.016835">
        <time>2026-04-05T08:28:25.000Z</time>
      </trkpt>
      <trkpt lat="49.057922" lon="15.016816">
        <time>2026-04-05T08:28:26.000Z</time>
      </trkpt>
      <trkpt lat="49.057916" lon="15.01679">
        <time>2026-04-05T08:28:27.000Z</time>
      </trkpt>
      <trkpt lat="49.057922" lon="15.01676">
        <time>2026-04-05T08:28:28.000Z</time>
      </trkpt>
      <trkpt lat="49.057927" lon="15.016738">
        <time>2026-04-05T08:28:29.000Z</time>
      </trkpt>
      <trkpt lat="49.05793" lon="15.016714">
        <time>2026-04-05T08:28:30.000Z</time>
      </trkpt>
      <trkpt lat="49.057934" lon="15.016677">
        <time>2026-04-05T08:28:31.000Z</time>
      </trkpt>
      <trkpt lat="49.057945" lon="15.016649">
        <time>2026-04-05T08:28:32.000Z</time>
      </trkpt>
      <trkpt lat="49.057957" lon="15.016623">
        <time>2026-04-05T08:28:33.000Z</time>
      </trkpt>
      <trkpt lat="49.057968" lon="15.016596">
        <time>2026-04-05T08:28:34.000Z</time>
      </trkpt>
      <trkpt lat="49.057976" lon="15.016567">
        <time>2026-04-05T08:28:35.000Z</time>
      </trkpt>
      <trkpt lat="49.057984" lon="15.016544">
        <time>2026-04-05T08:28:36.000Z</time>
      </trkpt>
      <trkpt lat="49.057992" lon="15.016515">
        <time>2026-04-05T08:28:37.000Z</time>
      </trkpt>
      <trkpt lat="49.058" lon="15.016488">
        <time>2026-04-05T08:28:38.000Z</time>
      </trkpt>
      <trkpt lat="49.058012" lon="15.016466">
        <time>2026-04-05T08:28:39.000Z</time>
      </trkpt>
      <trkpt lat="49.058025" lon="15.016448">
        <time>2026-04-05T08:28:40.000Z</time>
      </trkpt>
      <trkpt lat="49.058027" lon="15.016431">
        <time>2026-04-05T08:28:41.000Z</time>
      </trkpt>
      <trkpt lat="49.058036" lon="15.016414">
        <time>2026-04-05T08:28:42.000Z</time>
      </trkpt>
      <trkpt lat="49.058042" lon="15.016395">
        <time>2026-04-05T08:28:43.000Z</time>
      </trkpt>
      <trkpt lat="49.058038" lon="15.016369">
        <time>2026-04-05T08:28:44.000Z</time>
      </trkpt>
      <trkpt lat="49.058038" lon="15.016337">
        <time>2026-04-05T08:28:45.000Z</time>
      </trkpt>
      <trkpt lat="49.058038" lon="15.0163">
        <time>2026-04-05T08:28:46.000Z</time>
      </trkpt>
      <trkpt lat="49.058036" lon="15.016261">
        <time>2026-04-05T08:28:47.000Z</time>
      </trkpt>
      <trkpt lat="49.058031" lon="15.016225">
        <time>2026-04-05T08:28:48.000Z</time>
      </trkpt>
      <trkpt lat="49.05803" lon="15.016188">
        <time>2026-04-05T08:28:49.000Z</time>
      </trkpt>
      <trkpt lat="49.058029" lon="15.016159">
        <time>2026-04-05T08:28:50.000Z</time>
      </trkpt>
      <trkpt lat="49.058026" lon="15.016131">
        <time>2026-04-05T08:28:51.000Z</time>
      </trkpt>
      <trkpt lat="49.05802" lon="15.016106">
        <time>2026-04-05T08:28:52.000Z</time>
      </trkpt>
      <trkpt lat="49.058009" lon="15.016083">
        <time>2026-04-05T08:28:53.000Z</time>
      </trkpt>
      <trkpt lat="49.057997" lon="15.016063">
        <time>2026-04-05T08:28:54.000Z</time>
      </trkpt>
      <trkpt lat="49.057981" lon="15.016046">
        <time>2026-04-05T08:28:55.000Z</time>
      </trkpt>
      <trkpt lat="49.057964" lon="15.01603">
        <time>2026-04-05T08:28:56.000Z</time>
      </trkpt>
      <trkpt lat="49.057949" lon="15.016012">
        <time>2026-04-05T08:28:57.000Z</time>
      </trkpt>
      <trkpt lat="49.057937" lon="15.015975">
        <time>2026-04-05T08:28:58.000Z</time>
      </trkpt>
      <trkpt lat="49.057921" lon="15.015948">
        <time>2026-04-05T08:28:59.000Z</time>
      </trkpt>
      <trkpt lat="49.057907" lon="15.015927">
        <time>2026-04-05T08:29:00.000Z</time>
      </trkpt>
      <trkpt lat="49.057892" lon="15.015905">
        <time>2026-04-05T08:29:01.000Z</time>
      </trkpt>
      <trkpt lat="49.057869" lon="15.015882">
        <time>2026-04-05T08:29:02.000Z</time>
      </trkpt>
      <trkpt lat="49.057849" lon="15.015871">
        <time>2026-04-05T08:29:03.000Z</time>
      </trkpt>
      <trkpt lat="49.057836" lon="15.015859">
        <time>2026-04-05T08:29:04.000Z</time>
      </trkpt>
      <trkpt lat="49.057828" lon="15.015845">
        <time>2026-04-05T08:29:05.000Z</time>
      </trkpt>
      <trkpt lat="49.057817" lon="15.01582">
        <time>2026-04-05T08:29:06.000Z</time>
      </trkpt>
      <trkpt lat="49.057805" lon="15.015798">
        <time>2026-04-05T08:29:07.000Z</time>
      </trkpt>
      <trkpt lat="49.057792" lon="15.015785">
        <time>2026-04-05T08:29:08.000Z</time>
      </trkpt>
      <trkpt lat="49.057783" lon="15.015773">
        <time>2026-04-05T08:29:09.000Z</time>
      </trkpt>
      <trkpt lat="49.057772" lon="15.015758">
        <time>2026-04-05T08:29:10.000Z</time>
      </trkpt>
      <trkpt lat="49.057763" lon="15.015736">
        <time>2026-04-05T08:29:11.000Z</time>
      </trkpt>
      <trkpt lat="49.057758" lon="15.015704">
        <time>2026-04-05T08:29:12.000Z</time>
      </trkpt>
      <trkpt lat="49.057762" lon="15.015669">
        <time>2026-04-05T08:29:13.000Z</time>
      </trkpt>
      <trkpt lat="49.057768" lon="15.015634">
        <time>2026-04-05T08:29:14.000Z</time>
      </trkpt>
      <trkpt lat="49.057767" lon="15.015612">
        <time>2026-04-05T08:29:15.000Z</time>
      </trkpt>
      <trkpt lat="49.057762" lon="15.015592">
        <time>2026-04-05T08:29:16.000Z</time>
      </trkpt>
      <trkpt lat="49.057757" lon="15.015562">
        <time>2026-04-05T08:29:17.000Z</time>
      </trkpt>
      <trkpt lat="49.05776" lon="15.015532">
        <time>2026-04-05T08:29:18.000Z</time>
      </trkpt>
      <trkpt lat="49.057768" lon="15.015502">
        <time>2026-04-05T08:29:19.000Z</time>
      </trkpt>
      <trkpt lat="49.057774" lon="15.015474">
        <time>2026-04-05T08:29:20.000Z</time>
      </trkpt>
      <trkpt lat="49.057774" lon="15.015444">
        <time>2026-04-05T08:29:21.000Z</time>
      </trkpt>
      <trkpt lat="49.057777" lon="15.015417">
        <time>2026-04-05T08:29:22.000Z</time>
      </trkpt>
      <trkpt lat="49.057786" lon="15.015388">
        <time>2026-04-05T08:29:23.000Z</time>
      </trkpt>
      <trkpt lat="49.057785" lon="15.015357">
        <time>2026-04-05T08:29:24.000Z</time>
      </trkpt>
      <trkpt lat="49.057784" lon="15.015323">
        <time>2026-04-05T08:29:25.000Z</time>
      </trkpt>
      <trkpt lat="49.057783" lon="15.015298">
        <time>2026-04-05T08:29:26.000Z</time>
      </trkpt>
      <trkpt lat="49.05778" lon="15.015267">
        <time>2026-04-05T08:29:27.000Z</time>
      </trkpt>
      <trkpt lat="49.057786" lon="15.01522">
        <time>2026-04-05T08:29:28.000Z</time>
      </trkpt>
      <trkpt lat="49.0578" lon="15.015183">
        <time>2026-04-05T08:29:29.000Z</time>
      </trkpt>
      <trkpt lat="49.057809" lon="15.015152">
        <time>2026-04-05T08:29:30.000Z</time>
      </trkpt>
      <trkpt lat="49.057825" lon="15.015127">
        <time>2026-04-05T08:29:31.000Z</time>
      </trkpt>
      <trkpt lat="49.057832" lon="15.015104">
        <time>2026-04-05T08:29:32.000Z</time>
      </trkpt>
      <trkpt lat="49.057833" lon="15.015064">
        <time>2026-04-05T08:29:33.000Z</time>
      </trkpt>
      <trkpt lat="49.057816" lon="15.015018">
        <time>2026-04-05T08:29:34.000Z</time>
      </trkpt>
      <trkpt lat="49.057806" lon="15.014986">
        <time>2026-04-05T08:29:35.000Z</time>
      </trkpt>
      <trkpt lat="49.057794" lon="15.014969">
        <time>2026-04-05T08:29:36.000Z</time>
      </trkpt>
      <trkpt lat="49.057778" lon="15.014954">
        <time>2026-04-05T08:29:37.000Z</time>
      </trkpt>
      <trkpt lat="49.057771" lon="15.01493">
        <time>2026-04-05T08:29:38.000Z</time>
      </trkpt>
      <trkpt lat="49.057765" lon="15.014899">
        <time>2026-04-05T08:29:39.000Z</time>
      </trkpt>
      <trkpt lat="49.057766" lon="15.014867">
        <time>2026-04-05T08:29:40.000Z</time>
      </trkpt>
      <trkpt lat="49.057771" lon="15.014836">
        <time>2026-04-05T08:29:41.000Z</time>
      </trkpt>
      <trkpt lat="49.057772" lon="15.014805">
        <time>2026-04-05T08:29:42.000Z</time>
      </trkpt>
      <trkpt lat="49.057775" lon="15.014766">
        <time>2026-04-05T08:29:43.000Z</time>
      </trkpt>
      <trkpt lat="49.057773" lon="15.014715">
        <time>2026-04-05T08:29:44.000Z</time>
      </trkpt>
      <trkpt lat="49.057774" lon="15.014685">
        <time>2026-04-05T08:29:45.000Z</time>
      </trkpt>
      <trkpt lat="49.057781" lon="15.014656">
        <time>2026-04-05T08:29:46.000Z</time>
      </trkpt>
      <trkpt lat="49.057786" lon="15.01463">
        <time>2026-04-05T08:29:47.000Z</time>
      </trkpt>
      <trkpt lat="49.05778" lon="15.014608">
        <time>2026-04-05T08:29:48.000Z</time>
      </trkpt>
      <trkpt lat="49.057774" lon="15.014562">
        <time>2026-04-05T08:29:49.000Z</time>
      </trkpt>
      <trkpt lat="49.057772" lon="15.014521">
        <time>2026-04-05T08:29:50.000Z</time>
      </trkpt>
      <trkpt lat="49.057774" lon="15.01448">
        <time>2026-04-05T08:29:51.000Z</time>
      </trkpt>
      <trkpt lat="49.057773" lon="15.014444">
        <time>2026-04-05T08:29:52.000Z</time>
      </trkpt>
      <trkpt lat="49.057769" lon="15.014406">
        <time>2026-04-05T08:29:53.000Z</time>
      </trkpt>
      <trkpt lat="49.057779" lon="15.014377">
        <time>2026-04-05T08:29:54.000Z</time>
      </trkpt>
      <trkpt lat="49.057788" lon="15.014337">
        <time>2026-04-05T08:29:55.000Z</time>
      </trkpt>
      <trkpt lat="49.057781" lon="15.0143">
        <time>2026-04-05T08:29:56.000Z</time>
      </trkpt>
      <trkpt lat="49.057776" lon="15.014266">
        <time>2026-04-05T08:29:57.000Z</time>
      </trkpt>
      <trkpt lat="49.057778" lon="15.014237">
        <time>2026-04-05T08:29:58.000Z</time>
      </trkpt>
      <trkpt lat="49.057772" lon="15.014215">
        <time>2026-04-05T08:29:59.000Z</time>
      </trkpt>
      <trkpt lat="49.057768" lon="15.01419">
        <time>2026-04-05T08:30:00.000Z</time>
      </trkpt>
      <trkpt lat="49.057765" lon="15.014178">
        <time>2026-04-05T08:30:01.000Z</time>
      </trkpt>
      <trkpt lat="49.057767" lon="15.014159">
        <time>2026-04-05T08:30:02.000Z</time>
      </trkpt>
      <trkpt lat="49.057769" lon="15.01414">
        <time>2026-04-05T08:30:03.000Z</time>
      </trkpt>
      <trkpt lat="49.05777" lon="15.014105">
        <time>2026-04-05T08:30:04.000Z</time>
      </trkpt>
      <trkpt lat="49.057773" lon="15.014075">
        <time>2026-04-05T08:30:05.000Z</time>
      </trkpt>
      <trkpt lat="49.057776" lon="15.014049">
        <time>2026-04-05T08:30:06.000Z</time>
      </trkpt>
      <trkpt lat="49.057777" lon="15.014024">
        <time>2026-04-05T08:30:07.000Z</time>
      </trkpt>
      <trkpt lat="49.057765" lon="15.014007">
        <time>2026-04-05T08:30:08.000Z</time>
      </trkpt>
      <trkpt lat="49.057745" lon="15.013996">
        <time>2026-04-05T08:30:09.000Z</time>
      </trkpt>
      <trkpt lat="49.057727" lon="15.013981">
        <time>2026-04-05T08:30:10.000Z</time>
      </trkpt>
      <trkpt lat="49.057712" lon="15.013966">
        <time>2026-04-05T08:30:11.000Z</time>
      </trkpt>
      <trkpt lat="49.057701" lon="15.013945">
        <time>2026-04-05T08:30:12.000Z</time>
      </trkpt>
      <trkpt lat="49.057694" lon="15.013923">
        <time>2026-04-05T08:30:13.000Z</time>
      </trkpt>
      <trkpt lat="49.057689" lon="15.013904">
        <time>2026-04-05T08:30:14.000Z</time>
      </trkpt>
      <trkpt lat="49.057688" lon="15.013884">
        <time>2026-04-05T08:30:15.000Z</time>
      </trkpt>
      <trkpt lat="49.057688" lon="15.013865">
        <time>2026-04-05T08:30:16.000Z</time>
      </trkpt>
      <trkpt lat="49.05769" lon="15.013857">
        <time>2026-04-05T08:30:17.000Z</time>
      </trkpt>
      <trkpt lat="49.057698" lon="15.013872">
        <time>2026-04-05T08:30:18.000Z</time>
      </trkpt>
      <trkpt lat="49.057705" lon="15.013884">
        <time>2026-04-05T08:30:19.000Z</time>
      </trkpt>
      <trkpt lat="49.057709" lon="15.013894">
        <time>2026-04-05T08:30:20.000Z</time>
      </trkpt>
      <trkpt lat="49.057713" lon="15.013908">
        <time>2026-04-05T08:30:21.000Z</time>
      </trkpt>
      <trkpt lat="49.057714" lon="15.013918">
        <time>2026-04-05T08:30:22.000Z</time>
      </trkpt>
      <trkpt lat="49.057718" lon="15.013927">
        <time>2026-04-05T08:30:23.000Z</time>
      </trkpt>
      <trkpt lat="49.057724" lon="15.013939">
        <time>2026-04-05T08:30:24.000Z</time>
      </trkpt>
      <trkpt lat="49.057732" lon="15.01394">
        <time>2026-04-05T08:30:25.000Z</time>
      </trkpt>
      <trkpt lat="49.057739" lon="15.013942">
        <time>2026-04-05T08:30:26.000Z</time>
      </trkpt>
      <trkpt lat="49.057746" lon="15.013937">
        <time>2026-04-05T08:30:27.000Z</time>
      </trkpt>
      <trkpt lat="49.057753" lon="15.013928">
        <time>2026-04-05T08:30:28.000Z</time>
      </trkpt>
      <trkpt lat="49.057751" lon="15.013885">
        <time>2026-04-05T08:30:29.000Z</time>
      </trkpt>
      <trkpt lat="49.057757" lon="15.013858">
        <time>2026-04-05T08:30:30.000Z</time>
      </trkpt>
      <trkpt lat="49.057764" lon="15.013823">
        <time>2026-04-05T08:30:31.000Z</time>
      </trkpt>
      <trkpt lat="49.05777" lon="15.013802">
        <time>2026-04-05T08:30:32.000Z</time>
      </trkpt>
      <trkpt lat="49.057777" lon="15.013781">
        <time>2026-04-05T08:30:33.000Z</time>
      </trkpt>
      <trkpt lat="49.057781" lon="15.013774">
        <time>2026-04-05T08:30:34.000Z</time>
      </trkpt>
      <trkpt lat="49.057787" lon="15.013771">
        <time>2026-04-05T08:30:35.000Z</time>
      </trkpt>
      <trkpt lat="49.057793" lon="15.013765">
        <time>2026-04-05T08:30:36.000Z</time>
      </trkpt>
      <trkpt lat="49.057806" lon="15.013748">
        <time>2026-04-05T08:30:37.000Z</time>
      </trkpt>
      <trkpt lat="49.057814" lon="15.013733">
        <time>2026-04-05T08:30:38.000Z</time>
      </trkpt>
      <trkpt lat="49.057827" lon="15.01372">
        <time>2026-04-05T08:30:39.000Z</time>
      </trkpt>
      <trkpt lat="49.057841" lon="15.013711">
        <time>2026-04-05T08:30:40.000Z</time>
      </trkpt>
      <trkpt lat="49.057855" lon="15.0137">
        <time>2026-04-05T08:30:41.000Z</time>
      </trkpt>
      <trkpt lat="49.057846" lon="15.013712">
        <time>2026-04-05T08:30:42.000Z</time>
      </trkpt>
      <trkpt lat="49.057839" lon="15.013724">
        <time>2026-04-05T08:30:43.000Z</time>
      </trkpt>
      <trkpt lat="49.057829" lon="15.013731">
        <time>2026-04-05T08:30:44.000Z</time>
      </trkpt>
      <trkpt lat="49.057818" lon="15.013745">
        <time>2026-04-05T08:30:45.000Z</time>
      </trkpt>
      <trkpt lat="49.057799" lon="15.01376">
        <time>2026-04-05T08:30:46.000Z</time>
      </trkpt>
      <trkpt lat="49.057785" lon="15.013766">
        <time>2026-04-05T08:30:47.000Z</time>
      </trkpt>
      <trkpt lat="49.057767" lon="15.013771">
        <time>2026-04-05T08:30:48.000Z</time>
      </trkpt>
      <trkpt lat="49.057737" lon="15.013782">
        <time>2026-04-05T08:30:49.000Z</time>
      </trkpt>
      <trkpt lat="49.057718" lon="15.013789">
        <time>2026-04-05T08:30:50.000Z</time>
      </trkpt>
      <trkpt lat="49.057702" lon="15.013788">
        <time>2026-04-05T08:30:51.000Z</time>
      </trkpt>
      <trkpt lat="49.057685" lon="15.013778">
        <time>2026-04-05T08:30:52.000Z</time>
      </trkpt>
      <trkpt lat="49.05767" lon="15.013765">
        <time>2026-04-05T08:30:53.000Z</time>
      </trkpt>
      <trkpt lat="49.057652" lon="15.013757">
        <time>2026-04-05T08:30:54.000Z</time>
      </trkpt>
      <trkpt lat="49.057637" lon="15.013779">
        <time>2026-04-05T08:30:55.000Z</time>
      </trkpt>
      <trkpt lat="49.057621" lon="15.013802">
        <time>2026-04-05T08:30:56.000Z</time>
      </trkpt>
      <trkpt lat="49.057606" lon="15.013817">
        <time>2026-04-05T08:30:57.000Z</time>
      </trkpt>
      <trkpt lat="49.057592" lon="15.01384">
        <time>2026-04-05T08:30:58.000Z</time>
      </trkpt>
      <trkpt lat="49.057573" lon="15.013855">
        <time>2026-04-05T08:30:59.000Z</time>
      </trkpt>
      <trkpt lat="49.057555" lon="15.013857">
        <time>2026-04-05T08:31:00.000Z</time>
      </trkpt>
      <trkpt lat="49.057541" lon="15.013856">
        <time>2026-04-05T08:31:01.000Z</time>
      </trkpt>
      <trkpt lat="49.057521" lon="15.013844">
        <time>2026-04-05T08:31:02.000Z</time>
      </trkpt>
      <trkpt lat="49.057502" lon="15.013831">
        <time>2026-04-05T08:31:03.000Z</time>
      </trkpt>
      <trkpt lat="49.057485" lon="15.013816">
        <time>2026-04-05T08:31:04.000Z</time>
      </trkpt>
      <trkpt lat="49.057464" lon="15.0138">
        <time>2026-04-05T08:31:05.000Z</time>
      </trkpt>
      <trkpt lat="49.057443" lon="15.013797">
        <time>2026-04-05T08:31:06.000Z</time>
      </trkpt>
      <trkpt lat="49.057422" lon="15.013798">
        <time>2026-04-05T08:31:07.000Z</time>
      </trkpt>
      <trkpt lat="49.057402" lon="15.013797">
        <time>2026-04-05T08:31:08.000Z</time>
      </trkpt>
      <trkpt lat="49.057377" lon="15.013795">
        <time>2026-04-05T08:31:09.000Z</time>
      </trkpt>
      <trkpt lat="49.057355" lon="15.013789">
        <time>2026-04-05T08:31:10.000Z</time>
      </trkpt>
      <trkpt lat="49.057333" lon="15.01378">
        <time>2026-04-05T08:31:11.000Z</time>
      </trkpt>
      <trkpt lat="49.05731" lon="15.013775">
        <time>2026-04-05T08:31:12.000Z</time>
      </trkpt>
      <trkpt lat="49.057279" lon="15.013762">
        <time>2026-04-05T08:31:13.000Z</time>
      </trkpt>
      <trkpt lat="49.057252" lon="15.013756">
        <time>2026-04-05T08:31:14.000Z</time>
      </trkpt>
      <trkpt lat="49.057229" lon="15.013764">
        <time>2026-04-05T08:31:15.000Z</time>
      </trkpt>
      <trkpt lat="49.057209" lon="15.013777">
        <time>2026-04-05T08:31:16.000Z</time>
      </trkpt>
      <trkpt lat="49.057184" lon="15.013794">
        <time>2026-04-05T08:31:17.000Z</time>
      </trkpt>
      <trkpt lat="49.057149" lon="15.013793">
        <time>2026-04-05T08:31:18.000Z</time>
      </trkpt>
      <trkpt lat="49.057124" lon="15.01379">
        <time>2026-04-05T08:31:19.000Z</time>
      </trkpt>
      <trkpt lat="49.057101" lon="15.013791">
        <time>2026-04-05T08:31:20.000Z</time>
      </trkpt>
      <trkpt lat="49.057079" lon="15.01379">
        <time>2026-04-05T08:31:21.000Z</time>
      </trkpt>
      <trkpt lat="49.05705" lon="15.013786">
        <time>2026-04-05T08:31:22.000Z</time>
      </trkpt>
      <trkpt lat="49.057019" lon="15.013786">
        <time>2026-04-05T08:31:23.000Z</time>
      </trkpt>
      <trkpt lat="49.057005" lon="15.013794">
        <time>2026-04-05T08:31:24.000Z</time>
      </trkpt>
      <trkpt lat="49.056984" lon="15.013802">
        <time>2026-04-05T08:31:25.000Z</time>
      </trkpt>
      <trkpt lat="49.056966" lon="15.013805">
        <time>2026-04-05T08:31:26.000Z</time>
      </trkpt>
      <trkpt lat="49.056949" lon="15.01379">
        <time>2026-04-05T08:31:27.000Z</time>
      </trkpt>
      <trkpt lat="49.05693" lon="15.013771">
        <time>2026-04-05T08:31:28.000Z</time>
      </trkpt>
      <trkpt lat="49.056912" lon="15.013754">
        <time>2026-04-05T08:31:29.000Z</time>
      </trkpt>
      <trkpt lat="49.056896" lon="15.013738">
        <time>2026-04-05T08:31:30.000Z</time>
      </trkpt>
      <trkpt lat="49.056874" lon="15.013726">
        <time>2026-04-05T08:31:31.000Z</time>
      </trkpt>
      <trkpt lat="49.056845" lon="15.013713">
        <time>2026-04-05T08:31:32.000Z</time>
      </trkpt>
      <trkpt lat="49.056824" lon="15.013708">
        <time>2026-04-05T08:31:33.000Z</time>
      </trkpt>
      <trkpt lat="49.056804" lon="15.013702">
        <time>2026-04-05T08:31:34.000Z</time>
      </trkpt>
      <trkpt lat="49.056786" lon="15.013694">
        <time>2026-04-05T08:31:35.000Z</time>
      </trkpt>
      <trkpt lat="49.056766" lon="15.013689">
        <time>2026-04-05T08:31:36.000Z</time>
      </trkpt>
      <trkpt lat="49.056745" lon="15.013684">
        <time>2026-04-05T08:31:37.000Z</time>
      </trkpt>
      <trkpt lat="49.05672" lon="15.013682">
        <time>2026-04-05T08:31:38.000Z</time>
      </trkpt>
      <trkpt lat="49.056695" lon="15.013676">
        <time>2026-04-05T08:31:39.000Z</time>
      </trkpt>
      <trkpt lat="49.056673" lon="15.013674">
        <time>2026-04-05T08:31:40.000Z</time>
      </trkpt>
      <trkpt lat="49.056645" lon="15.013664">
        <time>2026-04-05T08:31:41.000Z</time>
      </trkpt>
      <trkpt lat="49.056618" lon="15.013642">
        <time>2026-04-05T08:31:42.000Z</time>
      </trkpt>
      <trkpt lat="49.056594" lon="15.013626">
        <time>2026-04-05T08:31:43.000Z</time>
      </trkpt>
      <trkpt lat="49.056574" lon="15.013613">
        <time>2026-04-05T08:31:44.000Z</time>
      </trkpt>
      <trkpt lat="49.056555" lon="15.013597">
        <time>2026-04-05T08:31:45.000Z</time>
      </trkpt>
      <trkpt lat="49.056534" lon="15.013566">
        <time>2026-04-05T08:31:46.000Z</time>
      </trkpt>
      <trkpt lat="49.056511" lon="15.013535">
        <time>2026-04-05T08:31:47.000Z</time>
      </trkpt>
      <trkpt lat="49.056492" lon="15.013511">
        <time>2026-04-05T08:31:48.000Z</time>
      </trkpt>
      <trkpt lat="49.056471" lon="15.013498">
        <time>2026-04-05T08:31:49.000Z</time>
      </trkpt>
      <trkpt lat="49.056446" lon="15.013485">
        <time>2026-04-05T08:31:50.000Z</time>
      </trkpt>
      <trkpt lat="49.056419" lon="15.013477">
        <time>2026-04-05T08:31:51.000Z</time>
      </trkpt>
      <trkpt lat="49.056398" lon="15.013469">
        <time>2026-04-05T08:31:52.000Z</time>
      </trkpt>
      <trkpt lat="49.056376" lon="15.013459">
        <time>2026-04-05T08:31:53.000Z</time>
      </trkpt>
      <trkpt lat="49.056353" lon="15.013453">
        <time>2026-04-05T08:31:54.000Z</time>
      </trkpt>
      <trkpt lat="49.056324" lon="15.013444">
        <time>2026-04-05T08:31:55.000Z</time>
      </trkpt>
      <trkpt lat="49.056305" lon="15.013441">
        <time>2026-04-05T08:31:56.000Z</time>
      </trkpt>
      <trkpt lat="49.056285" lon="15.013439">
        <time>2026-04-05T08:31:57.000Z</time>
      </trkpt>
      <trkpt lat="49.056262" lon="15.013438">
        <time>2026-04-05T08:31:58.000Z</time>
      </trkpt>
      <trkpt lat="49.056237" lon="15.013442">
        <time>2026-04-05T08:31:59.000Z</time>
      </trkpt>
      <trkpt lat="49.05621" lon="15.013448">
        <time>2026-04-05T08:32:00.000Z</time>
      </trkpt>
      <trkpt lat="49.056179" lon="15.013464">
        <time>2026-04-05T08:32:01.000Z</time>
      </trkpt>
      <trkpt lat="49.056161" lon="15.013482">
        <time>2026-04-05T08:32:02.000Z</time>
      </trkpt>
      <trkpt lat="49.056141" lon="15.013504">
        <time>2026-04-05T08:32:03.000Z</time>
      </trkpt>
      <trkpt lat="49.056114" lon="15.01351">
        <time>2026-04-05T08:32:04.000Z</time>
      </trkpt>
      <trkpt lat="49.056088" lon="15.013515">
        <time>2026-04-05T08:32:05.000Z</time>
      </trkpt>
      <trkpt lat="49.056072" lon="15.01352">
        <time>2026-04-05T08:32:06.000Z</time>
      </trkpt>
      <trkpt lat="49.056055" lon="15.013531">
        <time>2026-04-05T08:32:07.000Z</time>
      </trkpt>
      <trkpt lat="49.056031" lon="15.013536">
        <time>2026-04-05T08:32:08.000Z</time>
      </trkpt>
      <trkpt lat="49.056003" lon="15.013529">
        <time>2026-04-05T08:32:09.000Z</time>
      </trkpt>
      <trkpt lat="49.055973" lon="15.013528">
        <time>2026-04-05T08:32:10.000Z</time>
      </trkpt>
      <trkpt lat="49.055951" lon="15.013527">
        <time>2026-04-05T08:32:11.000Z</time>
      </trkpt>
      <trkpt lat="49.055931" lon="15.01353">
        <time>2026-04-05T08:32:12.000Z</time>
      </trkpt>
      <trkpt lat="49.055902" lon="15.013528">
        <time>2026-04-05T08:32:13.000Z</time>
      </trkpt>
      <trkpt lat="49.055881" lon="15.013522">
        <time>2026-04-05T08:32:14.000Z</time>
      </trkpt>
      <trkpt lat="49.055859" lon="15.013517">
        <time>2026-04-05T08:32:15.000Z</time>
      </trkpt>
      <trkpt lat="49.055845" lon="15.013513">
        <time>2026-04-05T08:32:16.000Z</time>
      </trkpt>
      <trkpt lat="49.055827" lon="15.013511">
        <time>2026-04-05T08:32:17.000Z</time>
      </trkpt>
      <trkpt lat="49.055808" lon="15.013506">
        <time>2026-04-05T08:32:18.000Z</time>
      </trkpt>
      <trkpt lat="49.055782" lon="15.013483">
        <time>2026-04-05T08:32:19.000Z</time>
      </trkpt>
      <trkpt lat="49.055763" lon="15.013476">
        <time>2026-04-05T08:32:20.000Z</time>
      </trkpt>
      <trkpt lat="49.055746" lon="15.013469">
        <time>2026-04-05T08:32:21.000Z</time>
      </trkpt>
      <trkpt lat="49.05573" lon="15.013458">
        <time>2026-04-05T08:32:22.000Z</time>
      </trkpt>
      <trkpt lat="49.055715" lon="15.013454">
        <time>2026-04-05T08:32:23.000Z</time>
      </trkpt>
      <trkpt lat="49.055695" lon="15.013447">
        <time>2026-04-05T08:32:24.000Z</time>
      </trkpt>
      <trkpt lat="49.055672" lon="15.013446">
        <time>2026-04-05T08:32:25.000Z</time>
      </trkpt>
      <trkpt lat="49.055651" lon="15.01345">
        <time>2026-04-05T08:32:26.000Z</time>
      </trkpt>
      <trkpt lat="49.055634" lon="15.013451">
        <time>2026-04-05T08:32:27.000Z</time>
      </trkpt>
      <trkpt lat="49.055608" lon="15.013452">
        <time>2026-04-05T08:32:28.000Z</time>
      </trkpt>
      <trkpt lat="49.055587" lon="15.013442">
        <time>2026-04-05T08:32:29.000Z</time>
      </trkpt>
      <trkpt lat="49.05556" lon="15.013423">
        <time>2026-04-05T08:32:30.000Z</time>
      </trkpt>
      <trkpt lat="49.055541" lon="15.013413">
        <time>2026-04-05T08:32:31.000Z</time>
      </trkpt>
      <trkpt lat="49.055523" lon="15.013414">
        <time>2026-04-05T08:32:32.000Z</time>
      </trkpt>
      <trkpt lat="49.055498" lon="15.013418">
        <time>2026-04-05T08:32:33.000Z</time>
      </trkpt>
      <trkpt lat="49.055475" lon="15.013421">
        <time>2026-04-05T08:32:34.000Z</time>
      </trkpt>
      <trkpt lat="49.055448" lon="15.013415">
        <time>2026-04-05T08:32:35.000Z</time>
      </trkpt>
      <trkpt lat="49.055431" lon="15.013414">
        <time>2026-04-05T08:32:36.000Z</time>
      </trkpt>
      <trkpt lat="49.055408" lon="15.01341">
        <time>2026-04-05T08:32:37.000Z</time>
      </trkpt>
      <trkpt lat="49.055384" lon="15.013408">
        <time>2026-04-05T08:32:38.000Z</time>
      </trkpt>
      <trkpt lat="49.055361" lon="15.013402">
        <time>2026-04-05T08:32:39.000Z</time>
      </trkpt>
      <trkpt lat="49.05534" lon="15.013388">
        <time>2026-04-05T08:32:40.000Z</time>
      </trkpt>
      <trkpt lat="49.055318" lon="15.013376">
        <time>2026-04-05T08:32:41.000Z</time>
      </trkpt>
      <trkpt lat="49.055296" lon="15.013373">
        <time>2026-04-05T08:32:42.000Z</time>
      </trkpt>
      <trkpt lat="49.055272" lon="15.013373">
        <time>2026-04-05T08:32:43.000Z</time>
      </trkpt>
      <trkpt lat="49.055248" lon="15.013374">
        <time>2026-04-05T08:32:44.000Z</time>
      </trkpt>
      <trkpt lat="49.055228" lon="15.01338">
        <time>2026-04-05T08:32:45.000Z</time>
      </trkpt>
      <trkpt lat="49.055207" lon="15.013386">
        <time>2026-04-05T08:32:46.000Z</time>
      </trkpt>
      <trkpt lat="49.055184" lon="15.013392">
        <time>2026-04-05T08:32:47.000Z</time>
      </trkpt>
      <trkpt lat="49.055157" lon="15.013388">
        <time>2026-04-05T08:32:48.000Z</time>
      </trkpt>
      <trkpt lat="49.055131" lon="15.013387">
        <time>2026-04-05T08:32:49.000Z</time>
      </trkpt>
      <trkpt lat="49.055109" lon="15.013387">
        <time>2026-04-05T08:32:50.000Z</time>
      </trkpt>
      <trkpt lat="49.055085" lon="15.013401">
        <time>2026-04-05T08:32:51.000Z</time>
      </trkpt>
      <trkpt lat="49.055062" lon="15.013416">
        <time>2026-04-05T08:32:52.000Z</time>
      </trkpt>
      <trkpt lat="49.055035" lon="15.013414">
        <time>2026-04-05T08:32:53.000Z</time>
      </trkpt>
      <trkpt lat="49.055009" lon="15.013414">
        <time>2026-04-05T08:32:54.000Z</time>
      </trkpt>
      <trkpt lat="49.054982" lon="15.013415">
        <time>2026-04-05T08:32:55.000Z</time>
      </trkpt>
      <trkpt lat="49.054958" lon="15.013421">
        <time>2026-04-05T08:32:56.000Z</time>
      </trkpt>
      <trkpt lat="49.054931" lon="15.013421">
        <time>2026-04-05T08:32:57.000Z</time>
      </trkpt>
      <trkpt lat="49.054913" lon="15.013432">
        <time>2026-04-05T08:32:58.000Z</time>
      </trkpt>
      <trkpt lat="49.054896" lon="15.013454">
        <time>2026-04-05T08:32:59.000Z</time>
      </trkpt>
      <trkpt lat="49.054877" lon="15.013463">
        <time>2026-04-05T08:33:00.000Z</time>
      </trkpt>
      <trkpt lat="49.05486" lon="15.013468">
        <time>2026-04-05T08:33:01.000Z</time>
      </trkpt>
      <trkpt lat="49.054842" lon="15.013473">
        <time>2026-04-05T08:33:02.000Z</time>
      </trkpt>
      <trkpt lat="49.054819" lon="15.01349">
        <time>2026-04-05T08:33:03.000Z</time>
      </trkpt>
      <trkpt lat="49.054792" lon="15.013508">
        <time>2026-04-05T08:33:04.000Z</time>
      </trkpt>
      <trkpt lat="49.054762" lon="15.013513">
        <time>2026-04-05T08:33:05.000Z</time>
      </trkpt>
      <trkpt lat="49.054722" lon="15.013517">
        <time>2026-04-05T08:33:06.000Z</time>
      </trkpt>
      <trkpt lat="49.05469" lon="15.013506">
        <time>2026-04-05T08:33:07.000Z</time>
      </trkpt>
      <trkpt lat="49.054669" lon="15.01349">
        <time>2026-04-05T08:33:08.000Z</time>
      </trkpt>
      <trkpt lat="49.054641" lon="15.013476">
        <time>2026-04-05T08:33:09.000Z</time>
      </trkpt>
      <trkpt lat="49.054617" lon="15.013461">
        <time>2026-04-05T08:33:10.000Z</time>
      </trkpt>
      <trkpt lat="49.05459" lon="15.013448">
        <time>2026-04-05T08:33:11.000Z</time>
      </trkpt>
      <trkpt lat="49.054565" lon="15.013445">
        <time>2026-04-05T08:33:12.000Z</time>
      </trkpt>
      <trkpt lat="49.054545" lon="15.013437">
        <time>2026-04-05T08:33:13.000Z</time>
      </trkpt>
      <trkpt lat="49.054524" lon="15.013432">
        <time>2026-04-05T08:33:14.000Z</time>
      </trkpt>
      <trkpt lat="49.054506" lon="15.013425">
        <time>2026-04-05T08:33:15.000Z</time>
      </trkpt>
      <trkpt lat="49.054481" lon="15.013419">
        <time>2026-04-05T08:33:16.000Z</time>
      </trkpt>
      <trkpt lat="49.054461" lon="15.013417">
        <time>2026-04-05T08:33:17.000Z</time>
      </trkpt>
      <trkpt lat="49.054441" lon="15.013421">
        <time>2026-04-05T08:33:18.000Z</time>
      </trkpt>
      <trkpt lat="49.054418" lon="15.013422">
        <time>2026-04-05T08:33:19.000Z</time>
      </trkpt>
      <trkpt lat="49.054396" lon="15.01343">
        <time>2026-04-05T08:33:20.000Z</time>
      </trkpt>
      <trkpt lat="49.054375" lon="15.013438">
        <time>2026-04-05T08:33:21.000Z</time>
      </trkpt>
      <trkpt lat="49.054356" lon="15.013454">
        <time>2026-04-05T08:33:22.000Z</time>
      </trkpt>
      <trkpt lat="49.054337" lon="15.013475">
        <time>2026-04-05T08:33:23.000Z</time>
      </trkpt>
      <trkpt lat="49.054325" lon="15.01349">
        <time>2026-04-05T08:33:24.000Z</time>
      </trkpt>
      <trkpt lat="49.054312" lon="15.013512">
        <time>2026-04-05T08:33:25.000Z</time>
      </trkpt>
      <trkpt lat="49.054297" lon="15.013532">
        <time>2026-04-05T08:33:26.000Z</time>
      </trkpt>
      <trkpt lat="49.054284" lon="15.013545">
        <time>2026-04-05T08:33:27.000Z</time>
      </trkpt>
      <trkpt lat="49.054291" lon="15.013551">
        <time>2026-04-05T08:33:28.000Z</time>
      </trkpt>
      <trkpt lat="49.054293" lon="15.013571">
        <time>2026-04-05T08:33:29.000Z</time>
      </trkpt>
      <trkpt lat="49.054296" lon="15.013587">
        <time>2026-04-05T08:33:30.000Z</time>
      </trkpt>
      <trkpt lat="49.0543" lon="15.013612">
        <time>2026-04-05T08:33:31.000Z</time>
      </trkpt>
      <trkpt lat="49.054304" lon="15.013637">
        <time>2026-04-05T08:33:32.000Z</time>
      </trkpt>
      <trkpt lat="49.054312" lon="15.013659">
        <time>2026-04-05T08:33:33.000Z</time>
      </trkpt>
      <trkpt lat="49.05432" lon="15.013678">
        <time>2026-04-05T08:33:34.000Z</time>
      </trkpt>
      <trkpt lat="49.05433" lon="15.013693">
        <time>2026-04-05T08:33:35.000Z</time>
      </trkpt>
      <trkpt lat="49.054337" lon="15.013715">
        <time>2026-04-05T08:33:36.000Z</time>
      </trkpt>
      <trkpt lat="49.054342" lon="15.013738">
        <time>2026-04-05T08:33:37.000Z</time>
      </trkpt>
      <trkpt lat="49.054338" lon="15.013764">
        <time>2026-04-05T08:33:38.000Z</time>
      </trkpt>
      <trkpt lat="49.054335" lon="15.013788">
        <time>2026-04-05T08:33:39.000Z</time>
      </trkpt>
      <trkpt lat="49.054331" lon="15.013811">
        <time>2026-04-05T08:33:40.000Z</time>
      </trkpt>
      <trkpt lat="49.054328" lon="15.013829">
        <time>2026-04-05T08:33:41.000Z</time>
      </trkpt>
      <trkpt lat="49.054323" lon="15.013852">
        <time>2026-04-05T08:33:42.000Z</time>
      </trkpt>
      <trkpt lat="49.054327" lon="15.01388">
        <time>2026-04-05T08:33:43.000Z</time>
      </trkpt>
      <trkpt lat="49.054327" lon="15.013908">
        <time>2026-04-05T08:33:44.000Z</time>
      </trkpt>
      <trkpt lat="49.054329" lon="15.013942">
        <time>2026-04-05T08:33:45.000Z</time>
      </trkpt>
      <trkpt lat="49.05433" lon="15.013971">
        <time>2026-04-05T08:33:46.000Z</time>
      </trkpt>
      <trkpt lat="49.054329" lon="15.013996">
        <time>2026-04-05T08:33:47.000Z</time>
      </trkpt>
      <trkpt lat="49.054331" lon="15.014018">
        <time>2026-04-05T08:33:48.000Z</time>
      </trkpt>
      <trkpt lat="49.054336" lon="15.014041">
        <time>2026-04-05T08:33:49.000Z</time>
      </trkpt>
      <trkpt lat="49.054336" lon="15.014056">
        <time>2026-04-05T08:33:50.000Z</time>
      </trkpt>
      <trkpt lat="49.054338" lon="15.014074">
        <time>2026-04-05T08:33:51.000Z</time>
      </trkpt>
      <trkpt lat="49.054338" lon="15.014078">
        <time>2026-04-05T08:33:52.000Z</time>
      </trkpt>
      <trkpt lat="49.054336" lon="15.014079">
        <time>2026-04-05T08:33:53.000Z</time>
      </trkpt>
      <trkpt lat="49.054334" lon="15.014082">
        <time>2026-04-05T08:33:54.000Z</time>
      </trkpt>
      <trkpt lat="49.054331" lon="15.014081">
        <time>2026-04-05T08:33:55.000Z</time>
      </trkpt>
      <trkpt lat="49.054328" lon="15.014085">
        <time>2026-04-05T08:33:56.000Z</time>
      </trkpt>
      <trkpt lat="49.054332" lon="15.014108">
        <time>2026-04-05T08:33:57.000Z</time>
      </trkpt>
      <trkpt lat="49.054331" lon="15.014123">
        <time>2026-04-05T08:33:58.000Z</time>
      </trkpt>
      <trkpt lat="49.054328" lon="15.01414">
        <time>2026-04-05T08:33:59.000Z</time>
      </trkpt>
      <trkpt lat="49.054324" lon="15.014164">
        <time>2026-04-05T08:34:00.000Z</time>
      </trkpt>
      <trkpt lat="49.054323" lon="15.014185">
        <time>2026-04-05T08:34:01.000Z</time>
      </trkpt>
      <trkpt lat="49.054325" lon="15.014201">
        <time>2026-04-05T08:34:02.000Z</time>
      </trkpt>
      <trkpt lat="49.054331" lon="15.014223">
        <time>2026-04-05T08:34:03.000Z</time>
      </trkpt>
      <trkpt lat="49.054345" lon="15.014247">
        <time>2026-04-05T08:34:04.000Z</time>
      </trkpt>
      <trkpt lat="49.05436" lon="15.014271">
        <time>2026-04-05T08:34:05.000Z</time>
      </trkpt>
      <trkpt lat="49.054371" lon="15.014294">
        <time>2026-04-05T08:34:06.000Z</time>
      </trkpt>
      <trkpt lat="49.054381" lon="15.014319">
        <time>2026-04-05T08:34:07.000Z</time>
      </trkpt>
      <trkpt lat="49.05439" lon="15.014354">
        <time>2026-04-05T08:34:08.000Z</time>
      </trkpt>
      <trkpt lat="49.054396" lon="15.014386">
        <time>2026-04-05T08:34:09.000Z</time>
      </trkpt>
      <trkpt lat="49.054399" lon="15.014412">
        <time>2026-04-05T08:34:10.000Z</time>
      </trkpt>
      <trkpt lat="49.054406" lon="15.014441">
        <time>2026-04-05T08:34:11.000Z</time>
      </trkpt>
      <trkpt lat="49.054411" lon="15.014469">
        <time>2026-04-05T08:34:12.000Z</time>
      </trkpt>
      <trkpt lat="49.054413" lon="15.014506">
        <time>2026-04-05T08:34:13.000Z</time>
      </trkpt>
      <trkpt lat="49.054407" lon="15.014542">
        <time>2026-04-05T08:34:14.000Z</time>
      </trkpt>
      <trkpt lat="49.0544" lon="15.014584">
        <time>2026-04-05T08:34:15.000Z</time>
      </trkpt>
      <trkpt lat="49.054394" lon="15.014623">
        <time>2026-04-05T08:34:16.000Z</time>
      </trkpt>
      <trkpt lat="49.054386" lon="15.014655">
        <time>2026-04-05T08:34:17.000Z</time>
      </trkpt>
      <trkpt lat="49.054383" lon="15.01468">
        <time>2026-04-05T08:34:18.000Z</time>
      </trkpt>
      <trkpt lat="49.054388" lon="15.014712">
        <time>2026-04-05T08:34:19.000Z</time>
      </trkpt>
      <trkpt lat="49.05439" lon="15.014744">
        <time>2026-04-05T08:34:20.000Z</time>
      </trkpt>
      <trkpt lat="49.054399" lon="15.014766">
        <time>2026-04-05T08:34:21.000Z</time>
      </trkpt>
      <trkpt lat="49.054408" lon="15.014804">
        <time>2026-04-05T08:34:22.000Z</time>
      </trkpt>
      <trkpt lat="49.05441" lon="15.014834">
        <time>2026-04-05T08:34:23.000Z</time>
      </trkpt>
      <trkpt lat="49.054419" lon="15.014855">
        <time>2026-04-05T08:34:24.000Z</time>
      </trkpt>
      <trkpt lat="49.054424" lon="15.01489">
        <time>2026-04-05T08:34:25.000Z</time>
      </trkpt>
      <trkpt lat="49.054425" lon="15.014933">
        <time>2026-04-05T08:34:26.000Z</time>
      </trkpt>
      <trkpt lat="49.054421" lon="15.014969">
        <time>2026-04-05T08:34:27.000Z</time>
      </trkpt>
      <trkpt lat="49.054412" lon="15.015">
        <time>2026-04-05T08:34:28.000Z</time>
      </trkpt>
      <trkpt lat="49.054407" lon="15.01502">
        <time>2026-04-05T08:34:29.000Z</time>
      </trkpt>
      <trkpt lat="49.054401" lon="15.015055">
        <time>2026-04-05T08:34:30.000Z</time>
      </trkpt>
      <trkpt lat="49.054386" lon="15.015081">
        <time>2026-04-05T08:34:31.000Z</time>
      </trkpt>
      <trkpt lat="49.054367" lon="15.015108">
        <time>2026-04-05T08:34:32.000Z</time>
      </trkpt>
      <trkpt lat="49.054352" lon="15.015127">
        <time>2026-04-05T08:34:33.000Z</time>
      </trkpt>
      <trkpt lat="49.05434" lon="15.015147">
        <time>2026-04-05T08:34:34.000Z</time>
      </trkpt>
      <trkpt lat="49.05433" lon="15.015168">
        <time>2026-04-05T08:34:35.000Z</time>
      </trkpt>
      <trkpt lat="49.054317" lon="15.015197">
        <time>2026-04-05T08:34:36.000Z</time>
      </trkpt>
      <trkpt lat="49.054297" lon="15.015219">
        <time>2026-04-05T08:34:37.000Z</time>
      </trkpt>
      <trkpt lat="49.054276" lon="15.015249">
        <time>2026-04-05T08:34:38.000Z</time>
      </trkpt>
      <trkpt lat="49.054261" lon="15.015265">
        <time>2026-04-05T08:34:39.000Z</time>
      </trkpt>
      <trkpt lat="49.05425" lon="15.015271">
        <time>2026-04-05T08:34:40.000Z</time>
      </trkpt>
      <trkpt lat="49.054245" lon="15.015257">
        <time>2026-04-05T08:34:41.000Z</time>
      </trkpt>
      <trkpt lat="49.054249" lon="15.015247">
        <time>2026-04-05T08:34:42.000Z</time>
      </trkpt>
      <trkpt lat="49.054258" lon="15.015225">
        <time>2026-04-05T08:34:43.000Z</time>
      </trkpt>
      <trkpt lat="49.05426" lon="15.015206">
        <time>2026-04-05T08:34:44.000Z</time>
      </trkpt>
      <trkpt lat="49.054273" lon="15.015182">
        <time>2026-04-05T08:34:45.000Z</time>
      </trkpt>
      <trkpt lat="49.054278" lon="15.015157">
        <time>2026-04-05T08:34:46.000Z</time>
      </trkpt>
      <trkpt lat="49.054285" lon="15.015132">
        <time>2026-04-05T08:34:47.000Z</time>
      </trkpt>
      <trkpt lat="49.054296" lon="15.015111">
        <time>2026-04-05T08:34:48.000Z</time>
      </trkpt>
      <trkpt lat="49.05431" lon="15.015091">
        <time>2026-04-05T08:34:49.000Z</time>
      </trkpt>
      <trkpt lat="49.05433" lon="15.015068">
        <time>2026-04-05T08:34:50.000Z</time>
      </trkpt>
      <trkpt lat="49.05435" lon="15.015052">
        <time>2026-04-05T08:34:51.000Z</time>
      </trkpt>
      <trkpt lat="49.054369" lon="15.01504">
        <time>2026-04-05T08:34:52.000Z</time>
      </trkpt>
      <trkpt lat="49.054392" lon="15.015036">
        <time>2026-04-05T08:34:53.000Z</time>
      </trkpt>
      <trkpt lat="49.054412" lon="15.01504">
        <time>2026-04-05T08:34:54.000Z</time>
      </trkpt>
      <trkpt lat="49.054433" lon="15.015036">
        <time>2026-04-05T08:34:55.000Z</time>
      </trkpt>
      <trkpt lat="49.054451" lon="15.015029">
        <time>2026-04-05T08:34:56.000Z</time>
      </trkpt>
      <trkpt lat="49.054472" lon="15.015022">
        <time>2026-04-05T08:34:57.000Z</time>
      </trkpt>
      <trkpt lat="49.054492" lon="15.015014">
        <time>2026-04-05T08:34:58.000Z</time>
      </trkpt>
      <trkpt lat="49.054512" lon="15.014992">
        <time>2026-04-05T08:34:59.000Z</time>
      </trkpt>
      <trkpt lat="49.054537" lon="15.014972">
        <time>2026-04-05T08:35:00.000Z</time>
      </trkpt>
      <trkpt lat="49.054555" lon="15.014951">
        <time>2026-04-05T08:35:01.000Z</time>
      </trkpt>
      <trkpt lat="49.054576" lon="15.01493">
        <time>2026-04-05T08:35:02.000Z</time>
      </trkpt>
      <trkpt lat="49.054601" lon="15.014895">
        <time>2026-04-05T08:35:03.000Z</time>
      </trkpt>
      <trkpt lat="49.05462" lon="15.014859">
        <time>2026-04-05T08:35:04.000Z</time>
      </trkpt>
      <trkpt lat="49.054632" lon="15.01484">
        <time>2026-04-05T08:35:05.000Z</time>
      </trkpt>
      <trkpt lat="49.054646" lon="15.014814">
        <time>2026-04-05T08:35:06.000Z</time>
      </trkpt>
      <trkpt lat="49.05467" lon="15.014785">
        <time>2026-04-05T08:35:07.000Z</time>
      </trkpt>
      <trkpt lat="49.054688" lon="15.014762">
        <time>2026-04-05T08:35:08.000Z</time>
      </trkpt>
      <trkpt lat="49.054704" lon="15.014741">
        <time>2026-04-05T08:35:09.000Z</time>
      </trkpt>
      <trkpt lat="49.054719" lon="15.014721">
        <time>2026-04-05T08:35:10.000Z</time>
      </trkpt>
      <trkpt lat="49.054736" lon="15.014689">
        <time>2026-04-05T08:35:11.000Z</time>
      </trkpt>
      <trkpt lat="49.054761" lon="15.01467">
        <time>2026-04-05T08:35:12.000Z</time>
      </trkpt>
      <trkpt lat="49.054782" lon="15.014657">
        <time>2026-04-05T08:35:13.000Z</time>
      </trkpt>
      <trkpt lat="49.054797" lon="15.014637">
        <time>2026-04-05T08:35:14.000Z</time>
      </trkpt>
      <trkpt lat="49.054816" lon="15.014613">
        <time>2026-04-05T08:35:15.000Z</time>
      </trkpt>
      <trkpt lat="49.054839" lon="15.014591">
        <time>2026-04-05T08:35:16.000Z</time>
      </trkpt>
      <trkpt lat="49.054859" lon="15.014575">
        <time>2026-04-05T08:35:17.000Z</time>
      </trkpt>
      <trkpt lat="49.05488" lon="15.014564">
        <time>2026-04-05T08:35:18.000Z</time>
      </trkpt>
      <trkpt lat="49.054903" lon="15.01455">
        <time>2026-04-05T08:35:19.000Z</time>
      </trkpt>
      <trkpt lat="49.054931" lon="15.014536">
        <time>2026-04-05T08:35:20.000Z</time>
      </trkpt>
      <trkpt lat="49.054968" lon="15.014541">
        <time>2026-04-05T08:35:21.000Z</time>
      </trkpt>
      <trkpt lat="49.054999" lon="15.014543">
        <time>2026-04-05T08:35:22.000Z</time>
      </trkpt>
      <trkpt lat="49.055023" lon="15.014544">
        <time>2026-04-05T08:35:23.000Z</time>
      </trkpt>
      <trkpt lat="49.055049" lon="15.014544">
        <time>2026-04-05T08:35:24.000Z</time>
      </trkpt>
      <trkpt lat="49.055072" lon="15.014541">
        <time>2026-04-05T08:35:25.000Z</time>
      </trkpt>
      <trkpt lat="49.055098" lon="15.014528">
        <time>2026-04-05T08:35:26.000Z</time>
      </trkpt>
      <trkpt lat="49.055128" lon="15.014521">
        <time>2026-04-05T08:35:27.000Z</time>
      </trkpt>
      <trkpt lat="49.05515" lon="15.014511">
        <time>2026-04-05T08:35:28.000Z</time>
      </trkpt>
      <trkpt lat="49.055177" lon="15.014504">
        <time>2026-04-05T08:35:29.000Z</time>
      </trkpt>
      <trkpt lat="49.055202" lon="15.014487">
        <time>2026-04-05T08:35:30.000Z</time>
      </trkpt>
      <trkpt lat="49.055226" lon="15.014481">
        <time>2026-04-05T08:35:31.000Z</time>
      </trkpt>
      <trkpt lat="49.055244" lon="15.014469">
        <time>2026-04-05T08:35:32.000Z</time>
      </trkpt>
      <trkpt lat="49.055267" lon="15.014462">
        <time>2026-04-05T08:35:33.000Z</time>
      </trkpt>
      <trkpt lat="49.055297" lon="15.014453">
        <time>2026-04-05T08:35:34.000Z</time>
      </trkpt>
      <trkpt lat="49.055322" lon="15.014429">
        <time>2026-04-05T08:35:35.000Z</time>
      </trkpt>
      <trkpt lat="49.055348" lon="15.014415">
        <time>2026-04-05T08:35:36.000Z</time>
      </trkpt>
      <trkpt lat="49.055371" lon="15.014409">
        <time>2026-04-05T08:35:37.000Z</time>
      </trkpt>
      <trkpt lat="49.055398" lon="15.014406">
        <time>2026-04-05T08:35:38.000Z</time>
      </trkpt>
      <trkpt lat="49.055423" lon="15.014394">
        <time>2026-04-05T08:35:39.000Z</time>
      </trkpt>
      <trkpt lat="49.055444" lon="15.014379">
        <time>2026-04-05T08:35:40.000Z</time>
      </trkpt>
      <trkpt lat="49.055465" lon="15.014367">
        <time>2026-04-05T08:35:41.000Z</time>
      </trkpt>
      <trkpt lat="49.05549" lon="15.014359">
        <time>2026-04-05T08:35:42.000Z</time>
      </trkpt>
      <trkpt lat="49.055514" lon="15.014359">
        <time>2026-04-05T08:35:43.000Z</time>
      </trkpt>
      <trkpt lat="49.055547" lon="15.014363">
        <time>2026-04-05T08:35:44.000Z</time>
      </trkpt>
      <trkpt lat="49.055571" lon="15.014371">
        <time>2026-04-05T08:35:45.000Z</time>
      </trkpt>
      <trkpt lat="49.055593" lon="15.014378">
        <time>2026-04-05T08:35:46.000Z</time>
      </trkpt>
      <trkpt lat="49.055617" lon="15.014385">
        <time>2026-04-05T08:35:47.000Z</time>
      </trkpt>
      <trkpt lat="49.055638" lon="15.014391">
        <time>2026-04-05T08:35:48.000Z</time>
      </trkpt>
      <trkpt lat="49.05567" lon="15.014404">
        <time>2026-04-05T08:35:49.000Z</time>
      </trkpt>
      <trkpt lat="49.055696" lon="15.014404">
        <time>2026-04-05T08:35:50.000Z</time>
      </trkpt>
      <trkpt lat="49.055707" lon="15.014392">
        <time>2026-04-05T08:35:51.000Z</time>
      </trkpt>
      <trkpt lat="49.055706" lon="15.01437">
        <time>2026-04-05T08:35:52.000Z</time>
      </trkpt>
      <trkpt lat="49.055705" lon="15.014339">
        <time>2026-04-05T08:35:53.000Z</time>
      </trkpt>
      <trkpt lat="49.055708" lon="15.01431">
        <time>2026-04-05T08:35:54.000Z</time>
      </trkpt>
      <trkpt lat="49.055717" lon="15.014273">
        <time>2026-04-05T08:35:55.000Z</time>
      </trkpt>
      <trkpt lat="49.055732" lon="15.014243">
        <time>2026-04-05T08:35:56.000Z</time>
      </trkpt>
      <trkpt lat="49.055742" lon="15.014211">
        <time>2026-04-05T08:35:57.000Z</time>
      </trkpt>
      <trkpt lat="49.055749" lon="15.01418">
        <time>2026-04-05T08:35:58.000Z</time>
      </trkpt>
      <trkpt lat="49.055759" lon="15.014137">
        <time>2026-04-05T08:35:59.000Z</time>
      </trkpt>
      <trkpt lat="49.05577" lon="15.014091">
        <time>2026-04-05T08:36:00.000Z</time>
      </trkpt>
      <trkpt lat="49.055791" lon="15.014061">
        <time>2026-04-05T08:36:01.000Z</time>
      </trkpt>
      <trkpt lat="49.055815" lon="15.014039">
        <time>2026-04-05T08:36:02.000Z</time>
      </trkpt>
      <trkpt lat="49.055837" lon="15.014016">
        <time>2026-04-05T08:36:03.000Z</time>
      </trkpt>
      <trkpt lat="49.055861" lon="15.013979">
        <time>2026-04-05T08:36:04.000Z</time>
      </trkpt>
      <trkpt lat="49.055884" lon="15.013936">
        <time>2026-04-05T08:36:05.000Z</time>
      </trkpt>
      <trkpt lat="49.055895" lon="15.013891">
        <time>2026-04-05T08:36:06.000Z</time>
      </trkpt>
      <trkpt lat="49.055902" lon="15.013851">
        <time>2026-04-05T08:36:07.000Z</time>
      </trkpt>
      <trkpt lat="49.055907" lon="15.01381">
        <time>2026-04-05T08:36:08.000Z</time>
      </trkpt>
      <trkpt lat="49.055911" lon="15.013753">
        <time>2026-04-05T08:36:09.000Z</time>
      </trkpt>
      <trkpt lat="49.055921" lon="15.01372">
        <time>2026-04-05T08:36:10.000Z</time>
      </trkpt>
      <trkpt lat="49.055932" lon="15.013678">
        <time>2026-04-05T08:36:11.000Z</time>
      </trkpt>
      <trkpt lat="49.055945" lon="15.013635">
        <time>2026-04-05T08:36:12.000Z</time>
      </trkpt>
      <trkpt lat="49.05596" lon="15.013586">
        <time>2026-04-05T08:36:13.000Z</time>
      </trkpt>
      <trkpt lat="49.055967" lon="15.013544">
        <time>2026-04-05T08:36:14.000Z</time>
      </trkpt>
      <trkpt lat="49.055975" lon="15.013512">
        <time>2026-04-05T08:36:15.000Z</time>
      </trkpt>
      <trkpt lat="49.055988" lon="15.013472">
        <time>2026-04-05T08:36:16.000Z</time>
      </trkpt>
      <trkpt lat="49.056002" lon="15.01344">
        <time>2026-04-05T08:36:17.000Z</time>
      </trkpt>
      <trkpt lat="49.056015" lon="15.013412">
        <time>2026-04-05T08:36:18.000Z</time>
      </trkpt>
      <trkpt lat="49.056033" lon="15.013384">
        <time>2026-04-05T08:36:19.000Z</time>
      </trkpt>
      <trkpt lat="49.056048" lon="15.013345">
        <time>2026-04-05T08:36:20.000Z</time>
      </trkpt>
      <trkpt lat="49.056061" lon="15.013312">
        <time>2026-04-05T08:36:21.000Z</time>
      </trkpt>
      <trkpt lat="49.056073" lon="15.013265">
        <time>2026-04-05T08:36:22.000Z</time>
      </trkpt>
      <trkpt lat="49.056087" lon="15.013225">
        <time>2026-04-05T08:36:23.000Z</time>
      </trkpt>
      <trkpt lat="49.056091" lon="15.013191">
        <time>2026-04-05T08:36:24.000Z</time>
      </trkpt>
      <trkpt lat="49.056102" lon="15.013162">
        <time>2026-04-05T08:36:25.000Z</time>
      </trkpt>
      <trkpt lat="49.05612" lon="15.013124">
        <time>2026-04-05T08:36:26.000Z</time>
      </trkpt>
      <trkpt lat="49.056139" lon="15.013101">
        <time>2026-04-05T08:36:27.000Z</time>
      </trkpt>
      <trkpt lat="49.056156" lon="15.013085">
        <time>2026-04-05T08:36:28.000Z</time>
      </trkpt>
      <trkpt lat="49.056178" lon="15.01307">
        <time>2026-04-05T08:36:29.000Z</time>
      </trkpt>
      <trkpt lat="49.056211" lon="15.013051">
        <time>2026-04-05T08:36:30.000Z</time>
      </trkpt>
      <trkpt lat="49.056232" lon="15.01302">
        <time>2026-04-05T08:36:31.000Z</time>
      </trkpt>
      <trkpt lat="49.056252" lon="15.012988">
        <time>2026-04-05T08:36:32.000Z</time>
      </trkpt>
      <trkpt lat="49.056263" lon="15.012952">
        <time>2026-04-05T08:36:33.000Z</time>
      </trkpt>
      <trkpt lat="49.056261" lon="15.012918">
        <time>2026-04-05T08:36:34.000Z</time>
      </trkpt>
      <trkpt lat="49.056256" lon="15.012883">
        <time>2026-04-05T08:36:35.000Z</time>
      </trkpt>
      <trkpt lat="49.056247" lon="15.012851">
        <time>2026-04-05T08:36:36.000Z</time>
      </trkpt>
      <trkpt lat="49.056241" lon="15.012818">
        <time>2026-04-05T08:36:37.000Z</time>
      </trkpt>
      <trkpt lat="49.056235" lon="15.012779">
        <time>2026-04-05T08:36:38.000Z</time>
      </trkpt>
      <trkpt lat="49.056245" lon="15.012742">
        <time>2026-04-05T08:36:39.000Z</time>
      </trkpt>
      <trkpt lat="49.056265" lon="15.012713">
        <time>2026-04-05T08:36:40.000Z</time>
      </trkpt>
      <trkpt lat="49.056281" lon="15.012683">
        <time>2026-04-05T08:36:41.000Z</time>
      </trkpt>
      <trkpt lat="49.056286" lon="15.012646">
        <time>2026-04-05T08:36:42.000Z</time>
      </trkpt>
      <trkpt lat="49.056295" lon="15.012607">
        <time>2026-04-05T08:36:43.000Z</time>
      </trkpt>
      <trkpt lat="49.056311" lon="15.012564">
        <time>2026-04-05T08:36:44.000Z</time>
      </trkpt>
      <trkpt lat="49.05633" lon="15.012527">
        <time>2026-04-05T08:36:45.000Z</time>
      </trkpt>
      <trkpt lat="49.056348" lon="15.012501">
        <time>2026-04-05T08:36:46.000Z</time>
      </trkpt>
      <trkpt lat="49.056366" lon="15.012474">
        <time>2026-04-05T08:36:47.000Z</time>
      </trkpt>
      <trkpt lat="49.056389" lon="15.012451">
        <time>2026-04-05T08:36:48.000Z</time>
      </trkpt>
      <trkpt lat="49.056412" lon="15.012427">
        <time>2026-04-05T08:36:49.000Z</time>
      </trkpt>
      <trkpt lat="49.056426" lon="15.012399">
        <time>2026-04-05T08:36:50.000Z</time>
      </trkpt>
      <trkpt lat="49.05644" lon="15.012371">
        <time>2026-04-05T08:36:51.000Z</time>
      </trkpt>
      <trkpt lat="49.056446" lon="15.012347">
        <time>2026-04-05T08:36:52.000Z</time>
      </trkpt>
      <trkpt lat="49.056458" lon="15.012322">
        <time>2026-04-05T08:36:53.000Z</time>
      </trkpt>
      <trkpt lat="49.056474" lon="15.012298">
        <time>2026-04-05T08:36:54.000Z</time>
      </trkpt>
      <trkpt lat="49.056488" lon="15.012279">
        <time>2026-04-05T08:36:55.000Z</time>
      </trkpt>
      <trkpt lat="49.056506" lon="15.01226">
        <time>2026-04-05T08:36:56.000Z</time>
      </trkpt>
      <trkpt lat="49.05652" lon="15.012239">
        <time>2026-04-05T08:36:57.000Z</time>
      </trkpt>
      <trkpt lat="49.056532" lon="15.01221">
        <time>2026-04-05T08:36:58.000Z</time>
      </trkpt>
      <trkpt lat="49.056537" lon="15.012187">
        <time>2026-04-05T08:36:59.000Z</time>
      </trkpt>
      <trkpt lat="49.056546" lon="15.012149">
        <time>2026-04-05T08:37:00.000Z</time>
      </trkpt>
      <trkpt lat="49.056554" lon="15.012109">
        <time>2026-04-05T08:37:01.000Z</time>
      </trkpt>
      <trkpt lat="49.05656" lon="15.012069">
        <time>2026-04-05T08:37:02.000Z</time>
      </trkpt>
      <trkpt lat="49.056569" lon="15.012035">
        <time>2026-04-05T08:37:03.000Z</time>
      </trkpt>
      <trkpt lat="49.056579" lon="15.011992">
        <time>2026-04-05T08:37:04.000Z</time>
      </trkpt>
      <trkpt lat="49.056598" lon="15.011944">
        <time>2026-04-05T08:37:05.000Z</time>
      </trkpt>
      <trkpt lat="49.056616" lon="15.011908">
        <time>2026-04-05T08:37:06.000Z</time>
      </trkpt>
      <trkpt lat="49.056622" lon="15.011873">
        <time>2026-04-05T08:37:07.000Z</time>
      </trkpt>
      <trkpt lat="49.056623" lon="15.011827">
        <time>2026-04-05T08:37:08.000Z</time>
      </trkpt>
      <trkpt lat="49.056622" lon="15.011776">
        <time>2026-04-05T08:37:09.000Z</time>
      </trkpt>
      <trkpt lat="49.056625" lon="15.011734">
        <time>2026-04-05T08:37:10.000Z</time>
      </trkpt>
      <trkpt lat="49.056635" lon="15.011698">
        <time>2026-04-05T08:37:11.000Z</time>
      </trkpt>
      <trkpt lat="49.05666" lon="15.011668">
        <time>2026-04-05T08:37:12.000Z</time>
      </trkpt>
      <trkpt lat="49.056683" lon="15.011649">
        <time>2026-04-05T08:37:13.000Z</time>
      </trkpt>
      <trkpt lat="49.056706" lon="15.011637">
        <time>2026-04-05T08:37:14.000Z</time>
      </trkpt>
      <trkpt lat="49.056728" lon="15.011626">
        <time>2026-04-05T08:37:15.000Z</time>
      </trkpt>
      <trkpt lat="49.056754" lon="15.011615">
        <time>2026-04-05T08:37:16.000Z</time>
      </trkpt>
      <trkpt lat="49.056778" lon="15.011604">
        <time>2026-04-05T08:37:17.000Z</time>
      </trkpt>
      <trkpt lat="49.0568" lon="15.011593">
        <time>2026-04-05T08:37:18.000Z</time>
      </trkpt>
      <trkpt lat="49.056832" lon="15.011586">
        <time>2026-04-05T08:37:19.000Z</time>
      </trkpt>
      <trkpt lat="49.05686" lon="15.011578">
        <time>2026-04-05T08:37:20.000Z</time>
      </trkpt>
      <trkpt lat="49.056888" lon="15.011576">
        <time>2026-04-05T08:37:21.000Z</time>
      </trkpt>
      <trkpt lat="49.056919" lon="15.011574">
        <time>2026-04-05T08:37:22.000Z</time>
      </trkpt>
      <trkpt lat="49.05695" lon="15.011577">
        <time>2026-04-05T08:37:23.000Z</time>
      </trkpt>
      <trkpt lat="49.056973" lon="15.01158">
        <time>2026-04-05T08:37:24.000Z</time>
      </trkpt>
      <trkpt lat="49.057003" lon="15.011573">
        <time>2026-04-05T08:37:25.000Z</time>
      </trkpt>
      <trkpt lat="49.057029" lon="15.01157">
        <time>2026-04-05T08:37:26.000Z</time>
      </trkpt>
      <trkpt lat="49.057058" lon="15.011564">
        <time>2026-04-05T08:37:27.000Z</time>
      </trkpt>
      <trkpt lat="49.057087" lon="15.011563">
        <time>2026-04-05T08:37:28.000Z</time>
      </trkpt>
      <trkpt lat="49.057116" lon="15.011563">
        <time>2026-04-05T08:37:29.000Z</time>
      </trkpt>
      <trkpt lat="49.057144" lon="15.011561">
        <time>2026-04-05T08:37:30.000Z</time>
      </trkpt>
      <trkpt lat="49.057167" lon="15.011561">
        <time>2026-04-05T08:37:31.000Z</time>
      </trkpt>
      <trkpt lat="49.057199" lon="15.01156">
        <time>2026-04-05T08:37:32.000Z</time>
      </trkpt>
      <trkpt lat="49.057221" lon="15.011556">
        <time>2026-04-05T08:37:33.000Z</time>
      </trkpt>
      <trkpt lat="49.057244" lon="15.011553">
        <time>2026-04-05T08:37:34.000Z</time>
      </trkpt>
      <trkpt lat="49.057277" lon="15.011555">
        <time>2026-04-05T08:37:35.000Z</time>
      </trkpt>
      <trkpt lat="49.057302" lon="15.01155">
        <time>2026-04-05T08:37:36.000Z</time>
      </trkpt>
      <trkpt lat="49.057328" lon="15.011541">
        <time>2026-04-05T08:37:37.000Z</time>
      </trkpt>
      <trkpt lat="49.057342" lon="15.011531">
        <time>2026-04-05T08:37:38.000Z</time>
      </trkpt>
      <trkpt lat="49.057348" lon="15.0115">
        <time>2026-04-05T08:37:39.000Z</time>
      </trkpt>
      <trkpt lat="49.057352" lon="15.011484">
        <time>2026-04-05T08:37:40.000Z</time>
      </trkpt>
      <trkpt lat="49.057357" lon="15.011459">
        <time>2026-04-05T08:37:41.000Z</time>
      </trkpt>
      <trkpt lat="49.057362" lon="15.011441">
        <time>2026-04-05T08:37:42.000Z</time>
      </trkpt>
      <trkpt lat="49.057371" lon="15.01142">
        <time>2026-04-05T08:37:43.000Z</time>
      </trkpt>
      <trkpt lat="49.057397" lon="15.011391">
        <time>2026-04-05T08:37:44.000Z</time>
      </trkpt>
      <trkpt lat="49.057416" lon="15.011372">
        <time>2026-04-05T08:37:45.000Z</time>
      </trkpt>
      <trkpt lat="49.057435" lon="15.011357">
        <time>2026-04-05T08:37:46.000Z</time>
      </trkpt>
      <trkpt lat="49.057452" lon="15.011345">
        <time>2026-04-05T08:37:47.000Z</time>
      </trkpt>
      <trkpt lat="49.057479" lon="15.011335">
        <time>2026-04-05T08:37:48.000Z</time>
      </trkpt>
      <trkpt lat="49.057499" lon="15.011316">
        <time>2026-04-05T08:37:49.000Z</time>
      </trkpt>
      <trkpt lat="49.057514" lon="15.011295">
        <time>2026-04-05T08:37:50.000Z</time>
      </trkpt>
      <trkpt lat="49.057534" lon="15.011275">
        <time>2026-04-05T08:37:51.000Z</time>
      </trkpt>
      <trkpt lat="49.057548" lon="15.011263">
        <time>2026-04-05T08:37:52.000Z</time>
      </trkpt>
      <trkpt lat="49.057568" lon="15.011256">
        <time>2026-04-05T08:37:53.000Z</time>
      </trkpt>
      <trkpt lat="49.057592" lon="15.011247">
        <time>2026-04-05T08:37:54.000Z</time>
      </trkpt>
      <trkpt lat="49.057609" lon="15.011231">
        <time>2026-04-05T08:37:55.000Z</time>
      </trkpt>
      <trkpt lat="49.057629" lon="15.01121">
        <time>2026-04-05T08:37:56.000Z</time>
      </trkpt>
      <trkpt lat="49.05764" lon="15.011188">
        <time>2026-04-05T08:37:57.000Z</time>
      </trkpt>
      <trkpt lat="49.057658" lon="15.011158">
        <time>2026-04-05T08:37:58.000Z</time>
      </trkpt>
      <trkpt lat="49.057677" lon="15.01113">
        <time>2026-04-05T08:37:59.000Z</time>
      </trkpt>
      <trkpt lat="49.057692" lon="15.011105">
        <time>2026-04-05T08:38:00.000Z</time>
      </trkpt>
      <trkpt lat="49.057703" lon="15.011082">
        <time>2026-04-05T08:38:01.000Z</time>
      </trkpt>
      <trkpt lat="49.057718" lon="15.011058">
        <time>2026-04-05T08:38:02.000Z</time>
      </trkpt>
      <trkpt lat="49.057732" lon="15.011026">
        <time>2026-04-05T08:38:03.000Z</time>
      </trkpt>
      <trkpt lat="49.057748" lon="15.010994">
        <time>2026-04-05T08:38:04.000Z</time>
      </trkpt>
      <trkpt lat="49.057763" lon="15.01097">
        <time>2026-04-05T08:38:05.000Z</time>
      </trkpt>
      <trkpt lat="49.057778" lon="15.010949">
        <time>2026-04-05T08:38:06.000Z</time>
      </trkpt>
      <trkpt lat="49.057794" lon="15.010932">
        <time>2026-04-05T08:38:07.000Z</time>
      </trkpt>
      <trkpt lat="49.05781" lon="15.010917">
        <time>2026-04-05T08:38:08.000Z</time>
      </trkpt>
      <trkpt lat="49.057834" lon="15.010896">
        <time>2026-04-05T08:38:09.000Z</time>
      </trkpt>
      <trkpt lat="49.057851" lon="15.010879">
        <time>2026-04-05T08:38:10.000Z</time>
      </trkpt>
      <trkpt lat="49.057865" lon="15.010861">
        <time>2026-04-05T08:38:11.000Z</time>
      </trkpt>
      <trkpt lat="49.057879" lon="15.010837">
        <time>2026-04-05T08:38:12.000Z</time>
      </trkpt>
      <trkpt lat="49.057903" lon="15.010819">
        <time>2026-04-05T08:38:13.000Z</time>
      </trkpt>
      <trkpt lat="49.057919" lon="15.010791">
        <time>2026-04-05T08:38:14.000Z</time>
      </trkpt>
      <trkpt lat="49.057938" lon="15.010759">
        <time>2026-04-05T08:38:15.000Z</time>
      </trkpt>
      <trkpt lat="49.05795" lon="15.010731">
        <time>2026-04-05T08:38:16.000Z</time>
      </trkpt>
      <trkpt lat="49.057963" lon="15.010698">
        <time>2026-04-05T08:38:17.000Z</time>
      </trkpt>
      <trkpt lat="49.057982" lon="15.01066">
        <time>2026-04-05T08:38:18.000Z</time>
      </trkpt>
      <trkpt lat="49.057996" lon="15.010632">
        <time>2026-04-05T08:38:19.000Z</time>
      </trkpt>
      <trkpt lat="49.058013" lon="15.010596">
        <time>2026-04-05T08:38:20.000Z</time>
      </trkpt>
      <trkpt lat="49.058027" lon="15.010573">
        <time>2026-04-05T08:38:21.000Z</time>
      </trkpt>
      <trkpt lat="49.058034" lon="15.010551">
        <time>2026-04-05T08:38:22.000Z</time>
      </trkpt>
      <trkpt lat="49.058038" lon="15.010534">
        <time>2026-04-05T08:38:23.000Z</time>
      </trkpt>
      <trkpt lat="49.05804" lon="15.010522">
        <time>2026-04-05T08:38:24.000Z</time>
      </trkpt>
      <trkpt lat="49.058043" lon="15.010505">
        <time>2026-04-05T08:38:25.000Z</time>
      </trkpt>
      <trkpt lat="49.058043" lon="15.010467">
        <time>2026-04-05T08:38:26.000Z</time>
      </trkpt>
      <trkpt lat="49.058045" lon="15.010436">
        <time>2026-04-05T08:38:27.000Z</time>
      </trkpt>
      <trkpt lat="49.058048" lon="15.010396">
        <time>2026-04-05T08:38:28.000Z</time>
      </trkpt>
      <trkpt lat="49.058053" lon="15.010357">
        <time>2026-04-05T08:38:29.000Z</time>
      </trkpt>
      <trkpt lat="49.05806" lon="15.010328">
        <time>2026-04-05T08:38:30.000Z</time>
      </trkpt>
      <trkpt lat="49.058066" lon="15.010304">
        <time>2026-04-05T08:38:31.000Z</time>
      </trkpt>
      <trkpt lat="49.058075" lon="15.010276">
        <time>2026-04-05T08:38:32.000Z</time>
      </trkpt>
      <trkpt lat="49.058081" lon="15.010245">
        <time>2026-04-05T08:38:33.000Z</time>
      </trkpt>
      <trkpt lat="49.058091" lon="15.010207">
        <time>2026-04-05T08:38:34.000Z</time>
      </trkpt>
      <trkpt lat="49.058094" lon="15.010171">
        <time>2026-04-05T08:38:35.000Z</time>
      </trkpt>
      <trkpt lat="49.058097" lon="15.010137">
        <time>2026-04-05T08:38:36.000Z</time>
      </trkpt>
      <trkpt lat="49.058099" lon="15.010098">
        <time>2026-04-05T08:38:37.000Z</time>
      </trkpt>
      <trkpt lat="49.058103" lon="15.010073">
        <time>2026-04-05T08:38:38.000Z</time>
      </trkpt>
      <trkpt lat="49.058105" lon="15.010043">
        <time>2026-04-05T08:38:39.000Z</time>
      </trkpt>
      <trkpt lat="49.058118" lon="15.010013">
        <time>2026-04-05T08:38:40.000Z</time>
      </trkpt>
      <trkpt lat="49.058129" lon="15.009983">
        <time>2026-04-05T08:38:41.000Z</time>
      </trkpt>
      <trkpt lat="49.058137" lon="15.009957">
        <time>2026-04-05T08:38:42.000Z</time>
      </trkpt>
      <trkpt lat="49.058142" lon="15.009936">
        <time>2026-04-05T08:38:43.000Z</time>
      </trkpt>
      <trkpt lat="49.058143" lon="15.009925">
        <time>2026-04-05T08:38:44.000Z</time>
      </trkpt>
      <trkpt lat="49.058141" lon="15.009913">
        <time>2026-04-05T08:38:45.000Z</time>
      </trkpt>
      <trkpt lat="49.058134" lon="15.009905">
        <time>2026-04-05T08:38:46.000Z</time>
      </trkpt>
      <trkpt lat="49.058126" lon="15.009893">
        <time>2026-04-05T08:38:47.000Z</time>
      </trkpt>
      <trkpt lat="49.058117" lon="15.009868">
        <time>2026-04-05T08:38:48.000Z</time>
      </trkpt>
      <trkpt lat="49.058105" lon="15.009846">
        <time>2026-04-05T08:38:49.000Z</time>
      </trkpt>
      <trkpt lat="49.058094" lon="15.009825">
        <time>2026-04-05T08:38:50.000Z</time>
      </trkpt>
      <trkpt lat="49.058078" lon="15.009805">
        <time>2026-04-05T08:38:51.000Z</time>
      </trkpt>
      <trkpt lat="49.05806" lon="15.009781">
        <time>2026-04-05T08:38:52.000Z</time>
      </trkpt>
      <trkpt lat="49.058046" lon="15.009763">
        <time>2026-04-05T08:38:53.000Z</time>
      </trkpt>
      <trkpt lat="49.058032" lon="15.009751">
        <time>2026-04-05T08:38:54.000Z</time>
      </trkpt>
      <trkpt lat="49.058014" lon="15.009727">
        <time>2026-04-05T08:38:55.000Z</time>
      </trkpt>
      <trkpt lat="49.058002" lon="15.009705">
        <time>2026-04-05T08:38:56.000Z</time>
      </trkpt>
      <trkpt lat="49.057992" lon="15.009684">
        <time>2026-04-05T08:38:57.000Z</time>
      </trkpt>
      <trkpt lat="49.057984" lon="15.009666">
        <time>2026-04-05T08:38:58.000Z</time>
      </trkpt>
      <trkpt lat="49.057977" lon="15.00965">
        <time>2026-04-05T08:38:59.000Z</time>
      </trkpt>
      <trkpt lat="49.05797" lon="15.009631">
        <time>2026-04-05T08:39:00.000Z</time>
      </trkpt>
      <trkpt lat="49.057962" lon="15.009611">
        <time>2026-04-05T08:39:01.000Z</time>
      </trkpt>
      <trkpt lat="49.057955" lon="15.009583">
        <time>2026-04-05T08:39:02.000Z</time>
      </trkpt>
      <trkpt lat="49.057943" lon="15.00957">
        <time>2026-04-05T08:39:03.000Z</time>
      </trkpt>
      <trkpt lat="49.057929" lon="15.009549">
        <time>2026-04-05T08:39:04.000Z</time>
      </trkpt>
      <trkpt lat="49.057925" lon="15.009527">
        <time>2026-04-05T08:39:05.000Z</time>
      </trkpt>
      <trkpt lat="49.057916" lon="15.009507">
        <time>2026-04-05T08:39:06.000Z</time>
      </trkpt>
      <trkpt lat="49.05791" lon="15.00949">
        <time>2026-04-05T08:39:07.000Z</time>
      </trkpt>
      <trkpt lat="49.0579" lon="15.009466">
        <time>2026-04-05T08:39:08.000Z</time>
      </trkpt>
      <trkpt lat="49.057895" lon="15.009437">
        <time>2026-04-05T08:39:09.000Z</time>
      </trkpt>
      <trkpt lat="49.057891" lon="15.00941">
        <time>2026-04-05T08:39:10.000Z</time>
      </trkpt>
      <trkpt lat="49.057887" lon="15.009381">
        <time>2026-04-05T08:39:11.000Z</time>
      </trkpt>
      <trkpt lat="49.057885" lon="15.009362">
        <time>2026-04-05T08:39:12.000Z</time>
      </trkpt>
      <trkpt lat="49.057885" lon="15.009348">
        <time>2026-04-05T08:39:13.000Z</time>
      </trkpt>
      <trkpt lat="49.057888" lon="15.009352">
        <time>2026-04-05T08:39:14.000Z</time>
      </trkpt>
      <trkpt lat="49.057893" lon="15.009362">
        <time>2026-04-05T08:39:15.000Z</time>
      </trkpt>
      <trkpt lat="49.0579" lon="15.009367">
        <time>2026-04-05T08:39:16.000Z</time>
      </trkpt>
      <trkpt lat="49.057908" lon="15.00937">
        <time>2026-04-05T08:39:17.000Z</time>
      </trkpt>
      <trkpt lat="49.057917" lon="15.009375">
        <time>2026-04-05T08:39:18.000Z</time>
      </trkpt>
      <trkpt lat="49.057934" lon="15.009384">
        <time>2026-04-05T08:39:19.000Z</time>
      </trkpt>
      <trkpt lat="49.057948" lon="15.009389">
        <time>2026-04-05T08:39:20.000Z</time>
      </trkpt>
      <trkpt lat="49.057963" lon="15.009387">
        <time>2026-04-05T08:39:21.000Z</time>
      </trkpt>
      <trkpt lat="49.057982" lon="15.009376">
        <time>2026-04-05T08:39:22.000Z</time>
      </trkpt>
      <trkpt lat="49.057999" lon="15.009358">
        <time>2026-04-05T08:39:23.000Z</time>
      </trkpt>
      <trkpt lat="49.058008" lon="15.009345">
        <time>2026-04-05T08:39:24.000Z</time>
      </trkpt>
      <trkpt lat="49.05802" lon="15.009329">
        <time>2026-04-05T08:39:25.000Z</time>
      </trkpt>
      <trkpt lat="49.05803" lon="15.009317">
        <time>2026-04-05T08:39:26.000Z</time>
      </trkpt>
      <trkpt lat="49.05804" lon="15.009301">
        <time>2026-04-05T08:39:27.000Z</time>
      </trkpt>
      <trkpt lat="49.05805" lon="15.00929">
        <time>2026-04-05T08:39:28.000Z</time>
      </trkpt>
      <trkpt lat="49.058061" lon="15.009288">
        <time>2026-04-05T08:39:29.000Z</time>
      </trkpt>
      <trkpt lat="49.058065" lon="15.009297">
        <time>2026-04-05T08:39:30.000Z</time>
      </trkpt>
      <trkpt lat="49.05807" lon="15.009309">
        <time>2026-04-05T08:39:31.000Z</time>
      </trkpt>
      <trkpt lat="49.058077" lon="15.009321">
        <time>2026-04-05T08:39:32.000Z</time>
      </trkpt>
      <trkpt lat="49.058088" lon="15.00933">
        <time>2026-04-05T08:39:33.000Z</time>
      </trkpt>
      <trkpt lat="49.058101" lon="15.009333">
        <time>2026-04-05T08:39:34.000Z</time>
      </trkpt>
      <trkpt lat="49.058118" lon="15.009335">
        <time>2026-04-05T08:39:35.000Z</time>
      </trkpt>
      <trkpt lat="49.058135" lon="15.009336">
        <time>2026-04-05T08:39:36.000Z</time>
      </trkpt>
      <trkpt lat="49.058153" lon="15.00934">
        <time>2026-04-05T08:39:37.000Z</time>
      </trkpt>
      <trkpt lat="49.058171" lon="15.009345">
        <time>2026-04-05T08:39:38.000Z</time>
      </trkpt>
      <trkpt lat="49.05819" lon="15.009355">
        <time>2026-04-05T08:39:39.000Z</time>
      </trkpt>
      <trkpt lat="49.05821" lon="15.00936">
        <time>2026-04-05T08:39:40.000Z</time>
      </trkpt>
      <trkpt lat="49.05823" lon="15.009362">
        <time>2026-04-05T08:39:41.000Z</time>
      </trkpt>
      <trkpt lat="49.058246" lon="15.00936">
        <time>2026-04-05T08:39:42.000Z</time>
      </trkpt>
      <trkpt lat="49.058263" lon="15.009355">
        <time>2026-04-05T08:39:43.000Z</time>
      </trkpt>
      <trkpt lat="49.058273" lon="15.009341">
        <time>2026-04-05T08:39:44.000Z</time>
      </trkpt>
      <trkpt lat="49.058289" lon="15.009333">
        <time>2026-04-05T08:39:45.000Z</time>
      </trkpt>
      <trkpt lat="49.058304" lon="15.009332">
        <time>2026-04-05T08:39:46.000Z</time>
      </trkpt>
      <trkpt lat="49.05832" lon="15.009341">
        <time>2026-04-05T08:39:47.000Z</time>
      </trkpt>
      <trkpt lat="49.058336" lon="15.009342">
        <time>2026-04-05T08:39:48.000Z</time>
      </trkpt>
      <trkpt lat="49.058353" lon="15.009348">
        <time>2026-04-05T08:39:49.000Z</time>
      </trkpt>
      <trkpt lat="49.058372" lon="15.009357">
        <time>2026-04-05T08:39:50.000Z</time>
      </trkpt>
      <trkpt lat="49.058389" lon="15.009364">
        <time>2026-04-05T08:39:51.000Z</time>
      </trkpt>
      <trkpt lat="49.058406" lon="15.009362">
        <time>2026-04-05T08:39:52.000Z</time>
      </trkpt>
      <trkpt lat="49.058426" lon="15.009353">
        <time>2026-04-05T08:39:53.000Z</time>
      </trkpt>
      <trkpt lat="49.058445" lon="15.009349">
        <time>2026-04-05T08:39:54.000Z</time>
      </trkpt>
      <trkpt lat="49.058461" lon="15.009347">
        <time>2026-04-05T08:39:55.000Z</time>
      </trkpt>
      <trkpt lat="49.058477" lon="15.009346">
        <time>2026-04-05T08:39:56.000Z</time>
      </trkpt>
      <trkpt lat="49.058494" lon="15.009349">
        <time>2026-04-05T08:39:57.000Z</time>
      </trkpt>
      <trkpt lat="49.058509" lon="15.009355">
        <time>2026-04-05T08:39:58.000Z</time>
      </trkpt>
      <trkpt lat="49.058527" lon="15.00936">
        <time>2026-04-05T08:39:59.000Z</time>
      </trkpt>
      <trkpt lat="49.058546" lon="15.009364">
        <time>2026-04-05T08:40:00.000Z</time>
      </trkpt>
      <trkpt lat="49.058562" lon="15.009358">
        <time>2026-04-05T08:40:01.000Z</time>
      </trkpt>
      <trkpt lat="49.058576" lon="15.009358">
        <time>2026-04-05T08:40:02.000Z</time>
      </trkpt>
      <trkpt lat="49.058588" lon="15.00936">
        <time>2026-04-05T08:40:03.000Z</time>
      </trkpt>
      <trkpt lat="49.0586" lon="15.009361">
        <time>2026-04-05T08:40:04.000Z</time>
      </trkpt>
      <trkpt lat="49.058607" lon="15.00936">
        <time>2026-04-05T08:40:05.000Z</time>
      </trkpt>
      <trkpt lat="49.058619" lon="15.009358">
        <time>2026-04-05T08:40:06.000Z</time>
      </trkpt>
      <trkpt lat="49.058623" lon="15.009353">
        <time>2026-04-05T08:40:07.000Z</time>
      </trkpt>
      <trkpt lat="49.058635" lon="15.009342">
        <time>2026-04-05T08:40:08.000Z</time>
      </trkpt>
      <trkpt lat="49.05865" lon="15.009338">
        <time>2026-04-05T08:40:09.000Z</time>
      </trkpt>
      <trkpt lat="49.058665" lon="15.009337">
        <time>2026-04-05T08:40:10.000Z</time>
      </trkpt>
      <trkpt lat="49.05868" lon="15.009335">
        <time>2026-04-05T08:40:11.000Z</time>
      </trkpt>
      <trkpt lat="49.058698" lon="15.009333">
        <time>2026-04-05T08:40:12.000Z</time>
      </trkpt>
      <trkpt lat="49.058723" lon="15.00932">
        <time>2026-04-05T08:40:13.000Z</time>
      </trkpt>
      <trkpt lat="49.058745" lon="15.009315">
        <time>2026-04-05T08:40:14.000Z</time>
      </trkpt>
      <trkpt lat="49.058766" lon="15.009317">
        <time>2026-04-05T08:40:15.000Z</time>
      </trkpt>
      <trkpt lat="49.058789" lon="15.009317">
        <time>2026-04-05T08:40:16.000Z</time>
      </trkpt>
      <trkpt lat="49.058812" lon="15.009313">
        <time>2026-04-05T08:40:17.000Z</time>
      </trkpt>
      <trkpt lat="49.058831" lon="15.009312">
        <time>2026-04-05T08:40:18.000Z</time>
      </trkpt>
      <trkpt lat="49.05885" lon="15.009317">
        <time>2026-04-05T08:40:19.000Z</time>
      </trkpt>
      <trkpt lat="49.058864" lon="15.00933">
        <time>2026-04-05T08:40:20.000Z</time>
      </trkpt>
      <trkpt lat="49.058875" lon="15.009346">
        <time>2026-04-05T08:40:21.000Z</time>
      </trkpt>
      <trkpt lat="49.05887" lon="15.009367">
        <time>2026-04-05T08:40:22.000Z</time>
      </trkpt>
      <trkpt lat="49.058865" lon="15.009389">
        <time>2026-04-05T08:40:23.000Z</time>
      </trkpt>
      <trkpt lat="49.058859" lon="15.009415">
        <time>2026-04-05T08:40:24.000Z</time>
      </trkpt>
      <trkpt lat="49.058855" lon="15.009447">
        <time>2026-04-05T08:40:25.000Z</time>
      </trkpt>
      <trkpt lat="49.058854" lon="15.009481">
        <time>2026-04-05T08:40:26.000Z</time>
      </trkpt>
      <trkpt lat="49.058855" lon="15.009513">
        <time>2026-04-05T08:40:27.000Z</time>
      </trkpt>
      <trkpt lat="49.058854" lon="15.009543">
        <time>2026-04-05T08:40:28.000Z</time>
      </trkpt>
      <trkpt lat="49.058853" lon="15.009566">
        <time>2026-04-05T08:40:29.000Z</time>
      </trkpt>
      <trkpt lat="49.058854" lon="15.009592">
        <time>2026-04-05T08:40:30.000Z</time>
      </trkpt>
      <trkpt lat="49.058856" lon="15.009615">
        <time>2026-04-05T08:40:31.000Z</time>
      </trkpt>
      <trkpt lat="49.058859" lon="15.009653">
        <time>2026-04-05T08:40:32.000Z</time>
      </trkpt>
      <trkpt lat="49.058858" lon="15.009686">
        <time>2026-04-05T08:40:33.000Z</time>
      </trkpt>
      <trkpt lat="49.058855" lon="15.009708">
        <time>2026-04-05T08:40:34.000Z</time>
      </trkpt>
      <trkpt lat="49.058854" lon="15.009734">
        <time>2026-04-05T08:40:35.000Z</time>
      </trkpt>
      <trkpt lat="49.058854" lon="15.009768">
        <time>2026-04-05T08:40:36.000Z</time>
      </trkpt>
      <trkpt lat="49.058855" lon="15.009805">
        <time>2026-04-05T08:40:37.000Z</time>
      </trkpt>
      <trkpt lat="49.058856" lon="15.009833">
        <time>2026-04-05T08:40:38.000Z</time>
      </trkpt>
      <trkpt lat="49.058854" lon="15.009869">
        <time>2026-04-05T08:40:39.000Z</time>
      </trkpt>
      <trkpt lat="49.058849" lon="15.009922">
        <time>2026-04-05T08:40:40.000Z</time>
      </trkpt>
      <trkpt lat="49.058843" lon="15.009956">
        <time>2026-04-05T08:40:41.000Z</time>
      </trkpt>
      <trkpt lat="49.058838" lon="15.009982">
        <time>2026-04-05T08:40:42.000Z</time>
      </trkpt>
      <trkpt lat="49.058834" lon="15.010009">
        <time>2026-04-05T08:40:43.000Z</time>
      </trkpt>
      <trkpt lat="49.058832" lon="15.010039">
        <time>2026-04-05T08:40:44.000Z</time>
      </trkpt>
      <trkpt lat="49.05883" lon="15.010063">
        <time>2026-04-05T08:40:45.000Z</time>
      </trkpt>
      <trkpt lat="49.058841" lon="15.010096">
        <time>2026-04-05T08:40:46.000Z</time>
      </trkpt>
      <trkpt lat="49.058844" lon="15.010128">
        <time>2026-04-05T08:40:47.000Z</time>
      </trkpt>
      <trkpt lat="49.058848" lon="15.010156">
        <time>2026-04-05T08:40:48.000Z</time>
      </trkpt>
      <trkpt lat="49.058848" lon="15.010194">
        <time>2026-04-05T08:40:49.000Z</time>
      </trkpt>
      <trkpt lat="49.058853" lon="15.010223">
        <time>2026-04-05T08:40:50.000Z</time>
      </trkpt>
      <trkpt lat="49.058859" lon="15.010253">
        <time>2026-04-05T08:40:51.000Z</time>
      </trkpt>
      <trkpt lat="49.058866" lon="15.010282">
        <time>2026-04-05T08:40:52.000Z</time>
      </trkpt>
      <trkpt lat="49.058868" lon="15.010312">
        <time>2026-04-05T08:40:53.000Z</time>
      </trkpt>
      <trkpt lat="49.058875" lon="15.010336">
        <time>2026-04-05T08:40:54.000Z</time>
      </trkpt>
      <trkpt lat="49.058882" lon="15.010354">
        <time>2026-04-05T08:40:55.000Z</time>
      </trkpt>
      <trkpt lat="49.058886" lon="15.010368">
        <time>2026-04-05T08:40:56.000Z</time>
      </trkpt>
      <trkpt lat="49.058891" lon="15.010381">
        <time>2026-04-05T08:40:57.000Z</time>
      </trkpt>
      <trkpt lat="49.058894" lon="15.010404">
        <time>2026-04-05T08:40:58.000Z</time>
      </trkpt>
      <trkpt lat="49.058902" lon="15.01043">
        <time>2026-04-05T08:40:59.000Z</time>
      </trkpt>
      <trkpt lat="49.058907" lon="15.010452">
        <time>2026-04-05T08:41:00.000Z</time>
      </trkpt>
      <trkpt lat="49.05891" lon="15.010466">
        <time>2026-04-05T08:41:01.000Z</time>
      </trkpt>
      <trkpt lat="49.058909" lon="15.010483">
        <time>2026-04-05T08:41:02.000Z</time>
      </trkpt>
      <trkpt lat="49.058912" lon="15.010497">
        <time>2026-04-05T08:41:03.000Z</time>
      </trkpt>
      <trkpt lat="49.058916" lon="15.010522">
        <time>2026-04-05T08:41:04.000Z</time>
      </trkpt>
      <trkpt lat="49.058922" lon="15.010538">
        <time>2026-04-05T08:41:05.000Z</time>
      </trkpt>
      <trkpt lat="49.058933" lon="15.010548">
        <time>2026-04-05T08:41:06.000Z</time>
      </trkpt>
      <trkpt lat="49.058943" lon="15.010565">
        <time>2026-04-05T08:41:07.000Z</time>
      </trkpt>
      <trkpt lat="49.058952" lon="15.010578">
        <time>2026-04-05T08:41:08.000Z</time>
      </trkpt>
      <trkpt lat="49.058959" lon="15.010586">
        <time>2026-04-05T08:41:09.000Z</time>
      </trkpt>
      <trkpt lat="49.058969" lon="15.010602">
        <time>2026-04-05T08:41:10.000Z</time>
      </trkpt>
      <trkpt lat="49.058978" lon="15.01061">
        <time>2026-04-05T08:41:11.000Z</time>
      </trkpt>
      <trkpt lat="49.058986" lon="15.010607">
        <time>2026-04-05T08:41:12.000Z</time>
      </trkpt>
      <trkpt lat="49.058993" lon="15.010607">
        <time>2026-04-05T08:41:13.000Z</time>
      </trkpt>
      <trkpt lat="49.059004" lon="15.010609">
        <time>2026-04-05T08:41:14.000Z</time>
      </trkpt>
      <trkpt lat="49.059019" lon="15.01061">
        <time>2026-04-05T08:41:15.000Z</time>
      </trkpt>
      <trkpt lat="49.059035" lon="15.010605">
        <time>2026-04-05T08:41:16.000Z</time>
      </trkpt>
      <trkpt lat="49.059049" lon="15.010602">
        <time>2026-04-05T08:41:17.000Z</time>
      </trkpt>
      <trkpt lat="49.059063" lon="15.010603">
        <time>2026-04-05T08:41:18.000Z</time>
      </trkpt>
      <trkpt lat="49.059073" lon="15.010606">
        <time>2026-04-05T08:41:19.000Z</time>
      </trkpt>
      <trkpt lat="49.059086" lon="15.010607">
        <time>2026-04-05T08:41:20.000Z</time>
      </trkpt>
      <trkpt lat="49.059096" lon="15.01061">
        <time>2026-04-05T08:41:21.000Z</time>
      </trkpt>
      <trkpt lat="49.059109" lon="15.010614">
        <time>2026-04-05T08:41:22.000Z</time>
      </trkpt>
      <trkpt lat="49.059119" lon="15.010621">
        <time>2026-04-05T08:41:23.000Z</time>
      </trkpt>
      <trkpt lat="49.059124" lon="15.010626">
        <time>2026-04-05T08:41:24.000Z</time>
      </trkpt>
      <trkpt lat="49.05913" lon="15.010635">
        <time>2026-04-05T08:41:25.000Z</time>
      </trkpt>
      <trkpt lat="49.059133" lon="15.010651">
        <time>2026-04-05T08:41:26.000Z</time>
      </trkpt>
      <trkpt lat="49.059139" lon="15.010673">
        <time>2026-04-05T08:41:27.000Z</time>
      </trkpt>
      <trkpt lat="49.059135" lon="15.01069">
        <time>2026-04-05T08:41:28.000Z</time>
      </trkpt>
      <trkpt lat="49.059129" lon="15.010707">
        <time>2026-04-05T08:41:29.000Z</time>
      </trkpt>
      <trkpt lat="49.059123" lon="15.010725">
        <time>2026-04-05T08:41:30.000Z</time>
      </trkpt>
      <trkpt lat="49.059116" lon="15.010747">
        <time>2026-04-05T08:41:31.000Z</time>
      </trkpt>
      <trkpt lat="49.059101" lon="15.010777">
        <time>2026-04-05T08:41:32.000Z</time>
      </trkpt>
      <trkpt lat="49.059089" lon="15.010802">
        <time>2026-04-05T08:41:33.000Z</time>
      </trkpt>
      <trkpt lat="49.05908" lon="15.010821">
        <time>2026-04-05T08:41:34.000Z</time>
      </trkpt>
      <trkpt lat="49.059074" lon="15.010845">
        <time>2026-04-05T08:41:35.000Z</time>
      </trkpt>
      <trkpt lat="49.059069" lon="15.010867">
        <time>2026-04-05T08:41:36.000Z</time>
      </trkpt>
      <trkpt lat="49.059065" lon="15.010885">
        <time>2026-04-05T08:41:37.000Z</time>
      </trkpt>
      <trkpt lat="49.059063" lon="15.010902">
        <time>2026-04-05T08:41:38.000Z</time>
      </trkpt>
      <trkpt lat="49.059057" lon="15.010929">
        <time>2026-04-05T08:41:39.000Z</time>
      </trkpt>
      <trkpt lat="49.059052" lon="15.010947">
        <time>2026-04-05T08:41:40.000Z</time>
      </trkpt>
      <trkpt lat="49.059044" lon="15.010976">
        <time>2026-04-05T08:41:41.000Z</time>
      </trkpt>
      <trkpt lat="49.059034" lon="15.011009">
        <time>2026-04-05T08:41:42.000Z</time>
      </trkpt>
      <trkpt lat="49.059029" lon="15.011032">
        <time>2026-04-05T08:41:43.000Z</time>
      </trkpt>
      <trkpt lat="49.059025" lon="15.011053">
        <time>2026-04-05T08:41:44.000Z</time>
      </trkpt>
      <trkpt lat="49.059023" lon="15.011071">
        <time>2026-04-05T08:41:45.000Z</time>
      </trkpt>
      <trkpt lat="49.059018" lon="15.01109">
        <time>2026-04-05T08:41:46.000Z</time>
      </trkpt>
      <trkpt lat="49.059012" lon="15.011103">
        <time>2026-04-05T08:41:47.000Z</time>
      </trkpt>
      <trkpt lat="49.059005" lon="15.011115">
        <time>2026-04-05T08:41:48.000Z</time>
      </trkpt>
      <trkpt lat="49.059003" lon="15.011116">
        <time>2026-04-05T08:41:49.000Z</time>
      </trkpt>
      <trkpt lat="49.059003" lon="15.011106">
        <time>2026-04-05T08:41:50.000Z</time>
      </trkpt>
      <trkpt lat="49.059002" lon="15.011103">
        <time>2026-04-05T08:41:51.000Z</time>
      </trkpt>
      <trkpt lat="49.058994" lon="15.011114">
        <time>2026-04-05T08:41:52.000Z</time>
      </trkpt>
      <trkpt lat="49.058986" lon="15.01113">
        <time>2026-04-05T08:41:53.000Z</time>
      </trkpt>
      <trkpt lat="49.058978" lon="15.011147">
        <time>2026-04-05T08:41:54.000Z</time>
      </trkpt>
      <trkpt lat="49.05896" lon="15.011172">
        <time>2026-04-05T08:41:55.000Z</time>
      </trkpt>
      <trkpt lat="49.058941" lon="15.011189">
        <time>2026-04-05T08:41:56.000Z</time>
      </trkpt>
      <trkpt lat="49.058925" lon="15.011194">
        <time>2026-04-05T08:41:57.000Z</time>
      </trkpt>
      <trkpt lat="49.058911" lon="15.011191">
        <time>2026-04-05T08:41:58.000Z</time>
      </trkpt>
      <trkpt lat="49.058896" lon="15.011182">
        <time>2026-04-05T08:41:59.000Z</time>
      </trkpt>
      <trkpt lat="49.058879" lon="15.011172">
        <time>2026-04-05T08:42:00.000Z</time>
      </trkpt>
      <trkpt lat="49.058862" lon="15.011165">
        <time>2026-04-05T08:42:01.000Z</time>
      </trkpt>
      <trkpt lat="49.058844" lon="15.011156">
        <time>2026-04-05T08:42:02.000Z</time>
      </trkpt>
      <trkpt lat="49.058823" lon="15.011148">
        <time>2026-04-05T08:42:03.000Z</time>
      </trkpt>
      <trkpt lat="49.058809" lon="15.01115">
        <time>2026-04-05T08:42:04.000Z</time>
      </trkpt>
      <trkpt lat="49.058791" lon="15.011155">
        <time>2026-04-05T08:42:05.000Z</time>
      </trkpt>
      <trkpt lat="49.058774" lon="15.011148">
        <time>2026-04-05T08:42:06.000Z</time>
      </trkpt>
      <trkpt lat="49.058756" lon="15.01114">
        <time>2026-04-05T08:42:07.000Z</time>
      </trkpt>
      <trkpt lat="49.058738" lon="15.011136">
        <time>2026-04-05T08:42:08.000Z</time>
      </trkpt>
      <trkpt lat="49.058719" lon="15.011132">
        <time>2026-04-05T08:42:09.000Z</time>
      </trkpt>
      <trkpt lat="49.058698" lon="15.011119">
        <time>2026-04-05T08:42:10.000Z</time>
      </trkpt>
      <trkpt lat="49.058672" lon="15.011105">
        <time>2026-04-05T08:42:11.000Z</time>
      </trkpt>
      <trkpt lat="49.058643" lon="15.011095">
        <time>2026-04-05T08:42:12.000Z</time>
      </trkpt>
      <trkpt lat="49.058615" lon="15.01108">
        <time>2026-04-05T08:42:13.000Z</time>
      </trkpt>
      <trkpt lat="49.058596" lon="15.011059">
        <time>2026-04-05T08:42:14.000Z</time>
      </trkpt>
      <trkpt lat="49.058577" lon="15.011039">
        <time>2026-04-05T08:42:15.000Z</time>
      </trkpt>
      <trkpt lat="49.058561" lon="15.011021">
        <time>2026-04-05T08:42:16.000Z</time>
      </trkpt>
      <trkpt lat="49.058537" lon="15.011008">
        <time>2026-04-05T08:42:17.000Z</time>
      </trkpt>
      <trkpt lat="49.058518" lon="15.011008">
        <time>2026-04-05T08:42:18.000Z</time>
      </trkpt>
      <trkpt lat="49.0585" lon="15.011014">
        <time>2026-04-05T08:42:19.000Z</time>
      </trkpt>
      <trkpt lat="49.058481" lon="15.011008">
        <time>2026-04-05T08:42:20.000Z</time>
      </trkpt>
      <trkpt lat="49.058458" lon="15.011004">
        <time>2026-04-05T08:42:21.000Z</time>
      </trkpt>
      <trkpt lat="49.058439" lon="15.010996">
        <time>2026-04-05T08:42:22.000Z</time>
      </trkpt>
      <trkpt lat="49.058412" lon="15.010984">
        <time>2026-04-05T08:42:23.000Z</time>
      </trkpt>
      <trkpt lat="49.058395" lon="15.010971">
        <time>2026-04-05T08:42:24.000Z</time>
      </trkpt>
      <trkpt lat="49.058369" lon="15.010963">
        <time>2026-04-05T08:42:25.000Z</time>
      </trkpt>
      <trkpt lat="49.058334" lon="15.010943">
        <time>2026-04-05T08:42:26.000Z</time>
      </trkpt>
      <trkpt lat="49.058307" lon="15.010931">
        <time>2026-04-05T08:42:27.000Z</time>
      </trkpt>
      <trkpt lat="49.058279" lon="15.010923">
        <time>2026-04-05T08:42:28.000Z</time>
      </trkpt>
      <trkpt lat="49.058254" lon="15.010899">
        <time>2026-04-05T08:42:29.000Z</time>
      </trkpt>
      <trkpt lat="49.05823" lon="15.01088">
        <time>2026-04-05T08:42:30.000Z</time>
      </trkpt>
      <trkpt lat="49.058214" lon="15.010854">
        <time>2026-04-05T08:42:31.000Z</time>
      </trkpt>
      <trkpt lat="49.058202" lon="15.010832">
        <time>2026-04-05T08:42:32.000Z</time>
      </trkpt>
      <trkpt lat="49.058194" lon="15.010813">
        <time>2026-04-05T08:42:33.000Z</time>
      </trkpt>
      <trkpt lat="49.058179" lon="15.010796">
        <time>2026-04-05T08:42:34.000Z</time>
      </trkpt>
      <trkpt lat="49.058156" lon="15.010788">
        <time>2026-04-05T08:42:35.000Z</time>
      </trkpt>
      <trkpt lat="49.058132" lon="15.010774">
        <time>2026-04-05T08:42:36.000Z</time>
      </trkpt>
      <trkpt lat="49.058112" lon="15.01076">
        <time>2026-04-05T08:42:37.000Z</time>
      </trkpt>
      <trkpt lat="49.058092" lon="15.010734">
        <time>2026-04-05T08:42:38.000Z</time>
      </trkpt>
      <trkpt lat="49.058076" lon="15.010713">
        <time>2026-04-05T08:42:39.000Z</time>
      </trkpt>
      <trkpt lat="49.058062" lon="15.010689">
        <time>2026-04-05T08:42:40.000Z</time>
      </trkpt>
      <trkpt lat="49.058052" lon="15.01066">
        <time>2026-04-05T08:42:41.000Z</time>
      </trkpt>
      <trkpt lat="49.058052" lon="15.010608">
        <time>2026-04-05T08:42:42.000Z</time>
      </trkpt>
      <trkpt lat="49.058045" lon="15.010564">
        <time>2026-04-05T08:42:43.000Z</time>
      </trkpt>
      <trkpt lat="49.058037" lon="15.010531">
        <time>2026-04-05T08:42:44.000Z</time>
      </trkpt>
      <trkpt lat="49.05802" lon="15.010507">
        <time>2026-04-05T08:42:45.000Z</time>
      </trkpt>
      <trkpt lat="49.058005" lon="15.010483">
        <time>2026-04-05T08:42:46.000Z</time>
      </trkpt>
      <trkpt lat="49.057986" lon="15.01045">
        <time>2026-04-05T08:42:47.000Z</time>
      </trkpt>
      <trkpt lat="49.057965" lon="15.010429">
        <time>2026-04-05T08:42:48.000Z</time>
      </trkpt>
      <trkpt lat="49.057943" lon="15.010411">
        <time>2026-04-05T08:42:49.000Z</time>
      </trkpt>
      <trkpt lat="49.057924" lon="15.010403">
        <time>2026-04-05T08:42:50.000Z</time>
      </trkpt>
      <trkpt lat="49.057896" lon="15.010392">
        <time>2026-04-05T08:42:51.000Z</time>
      </trkpt>
      <trkpt lat="49.057873" lon="15.010379">
        <time>2026-04-05T08:42:52.000Z</time>
      </trkpt>
      <trkpt lat="49.057852" lon="15.010362">
        <time>2026-04-05T08:42:53.000Z</time>
      </trkpt>
      <trkpt lat="49.057836" lon="15.010347">
        <time>2026-04-05T08:42:54.000Z</time>
      </trkpt>
      <trkpt lat="49.057815" lon="15.010326">
        <time>2026-04-05T08:42:55.000Z</time>
      </trkpt>
      <trkpt lat="49.057787" lon="15.010291">
        <time>2026-04-05T08:42:56.000Z</time>
      </trkpt>
      <trkpt lat="49.057758" lon="15.01027">
        <time>2026-04-05T08:42:57.000Z</time>
      </trkpt>
      <trkpt lat="49.057736" lon="15.010258">
        <time>2026-04-05T08:42:58.000Z</time>
      </trkpt>
      <trkpt lat="49.057716" lon="15.010244">
        <time>2026-04-05T08:42:59.000Z</time>
      </trkpt>
      <trkpt lat="49.057697" lon="15.010236">
        <time>2026-04-05T08:43:00.000Z</time>
      </trkpt>
      <trkpt lat="49.057675" lon="15.010233">
        <time>2026-04-05T08:43:01.000Z</time>
      </trkpt>
      <trkpt lat="49.057655" lon="15.010231">
        <time>2026-04-05T08:43:02.000Z</time>
      </trkpt>
      <trkpt lat="49.057639" lon="15.010208">
        <time>2026-04-05T08:43:03.000Z</time>
      </trkpt>
      <trkpt lat="49.05762" lon="15.010202">
        <time>2026-04-05T08:43:04.000Z</time>
      </trkpt>
      <trkpt lat="49.057603" lon="15.010197">
        <time>2026-04-05T08:43:05.000Z</time>
      </trkpt>
      <trkpt lat="49.057583" lon="15.010196">
        <time>2026-04-05T08:43:06.000Z</time>
      </trkpt>
      <trkpt lat="49.057558" lon="15.010188">
        <time>2026-04-05T08:43:07.000Z</time>
      </trkpt>
      <trkpt lat="49.057538" lon="15.010174">
        <time>2026-04-05T08:43:08.000Z</time>
      </trkpt>
      <trkpt lat="49.057524" lon="15.010156">
        <time>2026-04-05T08:43:09.000Z</time>
      </trkpt>
      <trkpt lat="49.05751" lon="15.010136">
        <time>2026-04-05T08:43:10.000Z</time>
      </trkpt>
      <trkpt lat="49.0575" lon="15.010118">
        <time>2026-04-05T08:43:11.000Z</time>
      </trkpt>
      <trkpt lat="49.05749" lon="15.010117">
        <time>2026-04-05T08:43:12.000Z</time>
      </trkpt>
      <trkpt lat="49.057473" lon="15.010108">
        <time>2026-04-05T08:43:13.000Z</time>
      </trkpt>
      <trkpt lat="49.057452" lon="15.010093">
        <time>2026-04-05T08:43:14.000Z</time>
      </trkpt>
      <trkpt lat="49.057431" lon="15.010085">
        <time>2026-04-05T08:43:15.000Z</time>
      </trkpt>
      <trkpt lat="49.057417" lon="15.010071">
        <time>2026-04-05T08:43:16.000Z</time>
      </trkpt>
      <trkpt lat="49.057399" lon="15.010056">
        <time>2026-04-05T08:43:17.000Z</time>
      </trkpt>
      <trkpt lat="49.057385" lon="15.010043">
        <time>2026-04-05T08:43:18.000Z</time>
      </trkpt>
      <trkpt lat="49.057367" lon="15.010026">
        <time>2026-04-05T08:43:19.000Z</time>
      </trkpt>
      <trkpt lat="49.057347" lon="15.010002">
        <time>2026-04-05T08:43:20.000Z</time>
      </trkpt>
      <trkpt lat="49.057329" lon="15.009967">
        <time>2026-04-05T08:43:21.000Z</time>
      </trkpt>
      <trkpt lat="49.057325" lon="15.009933">
        <time>2026-04-05T08:43:22.000Z</time>
      </trkpt>
      <trkpt lat="49.057328" lon="15.009886">
        <time>2026-04-05T08:43:23.000Z</time>
      </trkpt>
      <trkpt lat="49.05732" lon="15.009834">
        <time>2026-04-05T08:43:24.000Z</time>
      </trkpt>
      <trkpt lat="49.057308" lon="15.009797">
        <time>2026-04-05T08:43:25.000Z</time>
      </trkpt>
      <trkpt lat="49.057296" lon="15.009766">
        <time>2026-04-05T08:43:26.000Z</time>
      </trkpt>
      <trkpt lat="49.057279" lon="15.009745">
        <time>2026-04-05T08:43:27.000Z</time>
      </trkpt>
      <trkpt lat="49.057254" lon="15.009717">
        <time>2026-04-05T08:43:28.000Z</time>
      </trkpt>
      <trkpt lat="49.057235" lon="15.009699">
        <time>2026-04-05T08:43:29.000Z</time>
      </trkpt>
      <trkpt lat="49.057207" lon="15.009679">
        <time>2026-04-05T08:43:30.000Z</time>
      </trkpt>
      <trkpt lat="49.057188" lon="15.009677">
        <time>2026-04-05T08:43:31.000Z</time>
      </trkpt>
      <trkpt lat="49.057164" lon="15.009658">
        <time>2026-04-05T08:43:32.000Z</time>
      </trkpt>
      <trkpt lat="49.057141" lon="15.009635">
        <time>2026-04-05T08:43:33.000Z</time>
      </trkpt>
      <trkpt lat="49.057112" lon="15.009627">
        <time>2026-04-05T08:43:34.000Z</time>
      </trkpt>
      <trkpt lat="49.057089" lon="15.009632">
        <time>2026-04-05T08:43:35.000Z</time>
      </trkpt>
      <trkpt lat="49.05707" lon="15.009635">
        <time>2026-04-05T08:43:36.000Z</time>
      </trkpt>
      <trkpt lat="49.057051" lon="15.009631">
        <time>2026-04-05T08:43:37.000Z</time>
      </trkpt>
      <trkpt lat="49.057028" lon="15.009625">
        <time>2026-04-05T08:43:38.000Z</time>
      </trkpt>
      <trkpt lat="49.057009" lon="15.009632">
        <time>2026-04-05T08:43:39.000Z</time>
      </trkpt>
      <trkpt lat="49.056985" lon="15.009637">
        <time>2026-04-05T08:43:40.000Z</time>
      </trkpt>
      <trkpt lat="49.056968" lon="15.009637">
        <time>2026-04-05T08:43:41.000Z</time>
      </trkpt>
      <trkpt lat="49.056955" lon="15.009635">
        <time>2026-04-05T08:43:42.000Z</time>
      </trkpt>
      <trkpt lat="49.056939" lon="15.009638">
        <time>2026-04-05T08:43:43.000Z</time>
      </trkpt>
      <trkpt lat="49.056931" lon="15.009642">
        <time>2026-04-05T08:43:44.000Z</time>
      </trkpt>
      <trkpt lat="49.056918" lon="15.009644">
        <time>2026-04-05T08:43:45.000Z</time>
      </trkpt>
      <trkpt lat="49.056908" lon="15.009627">
        <time>2026-04-05T08:43:46.000Z</time>
      </trkpt>
      <trkpt lat="49.056895" lon="15.009629">
        <time>2026-04-05T08:43:47.000Z</time>
      </trkpt>
      <trkpt lat="49.056883" lon="15.009635">
        <time>2026-04-05T08:43:48.000Z</time>
      </trkpt>
      <trkpt lat="49.056867" lon="15.00962">
        <time>2026-04-05T08:43:49.000Z</time>
      </trkpt>
      <trkpt lat="49.056859" lon="15.009613">
        <time>2026-04-05T08:43:50.000Z</time>
      </trkpt>
      <trkpt lat="49.056845" lon="15.009615">
        <time>2026-04-05T08:43:51.000Z</time>
      </trkpt>
      <trkpt lat="49.056832" lon="15.009617">
        <time>2026-04-05T08:43:52.000Z</time>
      </trkpt>
      <trkpt lat="49.05682" lon="15.009617">
        <time>2026-04-05T08:43:53.000Z</time>
      </trkpt>
      <trkpt lat="49.056808" lon="15.009614">
        <time>2026-04-05T08:43:54.000Z</time>
      </trkpt>
      <trkpt lat="49.056794" lon="15.009612">
        <time>2026-04-05T08:43:55.000Z</time>
      </trkpt>
      <trkpt lat="49.056783" lon="15.00961">
        <time>2026-04-05T08:43:56.000Z</time>
      </trkpt>
      <trkpt lat="49.056774" lon="15.009607">
        <time>2026-04-05T08:43:57.000Z</time>
      </trkpt>
      <trkpt lat="49.056767" lon="15.009605">
        <time>2026-04-05T08:43:58.000Z</time>
      </trkpt>
      <trkpt lat="49.056757" lon="15.00961">
        <time>2026-04-05T08:43:59.000Z</time>
      </trkpt>
      <trkpt lat="49.056745" lon="15.009609">
        <time>2026-04-05T08:44:00.000Z</time>
      </trkpt>
      <trkpt lat="49.056734" lon="15.009606">
        <time>2026-04-05T08:44:01.000Z</time>
      </trkpt>
      <trkpt lat="49.056723" lon="15.0096">
        <time>2026-04-05T08:44:02.000Z</time>
      </trkpt>
      <trkpt lat="49.056714" lon="15.009591">
        <time>2026-04-05T08:44:03.000Z</time>
      </trkpt>
      <trkpt lat="49.056704" lon="15.009577">
        <time>2026-04-05T08:44:04.000Z</time>
      </trkpt>
      <trkpt lat="49.056701" lon="15.009569">
        <time>2026-04-05T08:44:05.000Z</time>
      </trkpt>
      <trkpt lat="49.056698" lon="15.009552">
        <time>2026-04-05T08:44:06.000Z</time>
      </trkpt>
      <trkpt lat="49.056688" lon="15.009532">
        <time>2026-04-05T08:44:07.000Z</time>
      </trkpt>
      <trkpt lat="49.056672" lon="15.009502">
        <time>2026-04-05T08:44:08.000Z</time>
      </trkpt>
      <trkpt lat="49.056653" lon="15.009471">
        <time>2026-04-05T08:44:09.000Z</time>
      </trkpt>
      <trkpt lat="49.056638" lon="15.009446">
        <time>2026-04-05T08:44:10.000Z</time>
      </trkpt>
      <trkpt lat="49.056623" lon="15.009428">
        <time>2026-04-05T08:44:11.000Z</time>
      </trkpt>
      <trkpt lat="49.056614" lon="15.009413">
        <time>2026-04-05T08:44:12.000Z</time>
      </trkpt>
      <trkpt lat="49.056608" lon="15.009406">
        <time>2026-04-05T08:44:13.000Z</time>
      </trkpt>
      <trkpt lat="49.056605" lon="15.00941">
        <time>2026-04-05T08:44:14.000Z</time>
      </trkpt>
      <trkpt lat="49.056603" lon="15.009428">
        <time>2026-04-05T08:44:15.000Z</time>
      </trkpt>
      <trkpt lat="49.056591" lon="15.00945">
        <time>2026-04-05T08:44:16.000Z</time>
      </trkpt>
      <trkpt lat="49.056579" lon="15.009464">
        <time>2026-04-05T08:44:17.000Z</time>
      </trkpt>
      <trkpt lat="49.056564" lon="15.009478">
        <time>2026-04-05T08:44:18.000Z</time>
      </trkpt>
      <trkpt lat="49.056547" lon="15.009496">
        <time>2026-04-05T08:44:19.000Z</time>
      </trkpt>
      <trkpt lat="49.056532" lon="15.009515">
        <time>2026-04-05T08:44:20.000Z</time>
      </trkpt>
      <trkpt lat="49.056518" lon="15.009535">
        <time>2026-04-05T08:44:21.000Z</time>
      </trkpt>
      <trkpt lat="49.056509" lon="15.009552">
        <time>2026-04-05T08:44:22.000Z</time>
      </trkpt>
      <trkpt lat="49.056495" lon="15.009586">
        <time>2026-04-05T08:44:23.000Z</time>
      </trkpt>
      <trkpt lat="49.056474" lon="15.009605">
        <time>2026-04-05T08:44:24.000Z</time>
      </trkpt>
      <trkpt lat="49.05646" lon="15.009623">
        <time>2026-04-05T08:44:25.000Z</time>
      </trkpt>
      <trkpt lat="49.056442" lon="15.009659">
        <time>2026-04-05T08:44:26.000Z</time>
      </trkpt>
      <trkpt lat="49.056414" lon="15.009683">
        <time>2026-04-05T08:44:27.000Z</time>
      </trkpt>
      <trkpt lat="49.056393" lon="15.009692">
        <time>2026-04-05T08:44:28.000Z</time>
      </trkpt>
      <trkpt lat="49.056366" lon="15.009699">
        <time>2026-04-05T08:44:29.000Z</time>
      </trkpt>
      <trkpt lat="49.05634" lon="15.009706">
        <time>2026-04-05T08:44:30.000Z</time>
      </trkpt>
      <trkpt lat="49.056323" lon="15.009726">
        <time>2026-04-05T08:44:31.000Z</time>
      </trkpt>
      <trkpt lat="49.056304" lon="15.009746">
        <time>2026-04-05T08:44:32.000Z</time>
      </trkpt>
      <trkpt lat="49.056287" lon="15.00976">
        <time>2026-04-05T08:44:33.000Z</time>
      </trkpt>
      <trkpt lat="49.056269" lon="15.009774">
        <time>2026-04-05T08:44:34.000Z</time>
      </trkpt>
      <trkpt lat="49.056251" lon="15.009777">
        <time>2026-04-05T08:44:35.000Z</time>
      </trkpt>
      <trkpt lat="49.056228" lon="15.009787">
        <time>2026-04-05T08:44:36.000Z</time>
      </trkpt>
      <trkpt lat="49.056203" lon="15.009785">
        <time>2026-04-05T08:44:37.000Z</time>
      </trkpt>
      <trkpt lat="49.056179" lon="15.009786">
        <time>2026-04-05T08:44:38.000Z</time>
      </trkpt>
      <trkpt lat="49.056153" lon="15.009785">
        <time>2026-04-05T08:44:39.000Z</time>
      </trkpt>
      <trkpt lat="49.056132" lon="15.009776">
        <time>2026-04-05T08:44:40.000Z</time>
      </trkpt>
      <trkpt lat="49.056108" lon="15.009766">
        <time>2026-04-05T08:44:41.000Z</time>
      </trkpt>
      <trkpt lat="49.056079" lon="15.009764">
        <time>2026-04-05T08:44:42.000Z</time>
      </trkpt>
      <trkpt lat="49.056049" lon="15.00977">
        <time>2026-04-05T08:44:43.000Z</time>
      </trkpt>
      <trkpt lat="49.056023" lon="15.009767">
        <time>2026-04-05T08:44:44.000Z</time>
      </trkpt>
      <trkpt lat="49.055998" lon="15.009766">
        <time>2026-04-05T08:44:45.000Z</time>
      </trkpt>
      <trkpt lat="49.055975" lon="15.009764">
        <time>2026-04-05T08:44:46.000Z</time>
      </trkpt>
      <trkpt lat="49.055953" lon="15.009762">
        <time>2026-04-05T08:44:47.000Z</time>
      </trkpt>
      <trkpt lat="49.055922" lon="15.009763">
        <time>2026-04-05T08:44:48.000Z</time>
      </trkpt>
      <trkpt lat="49.055895" lon="15.009763">
        <time>2026-04-05T08:44:49.000Z</time>
      </trkpt>
      <trkpt lat="49.055868" lon="15.009766">
        <time>2026-04-05T08:44:50.000Z</time>
      </trkpt>
      <trkpt lat="49.055837" lon="15.009776">
        <time>2026-04-05T08:44:51.000Z</time>
      </trkpt>
      <trkpt lat="49.055805" lon="15.009782">
        <time>2026-04-05T08:44:52.000Z</time>
      </trkpt>
      <trkpt lat="49.055785" lon="15.009785">
        <time>2026-04-05T08:44:53.000Z</time>
      </trkpt>
      <trkpt lat="49.055762" lon="15.009789">
        <time>2026-04-05T08:44:54.000Z</time>
      </trkpt>
      <trkpt lat="49.055734" lon="15.009786">
        <time>2026-04-05T08:44:55.000Z</time>
      </trkpt>
      <trkpt lat="49.055712" lon="15.009781">
        <time>2026-04-05T08:44:56.000Z</time>
      </trkpt>
      <trkpt lat="49.055687" lon="15.00978">
        <time>2026-04-05T08:44:57.000Z</time>
      </trkpt>
      <trkpt lat="49.055662" lon="15.009765">
        <time>2026-04-05T08:44:58.000Z</time>
      </trkpt>
      <trkpt lat="49.055644" lon="15.009785">
        <time>2026-04-05T08:44:59.000Z</time>
      </trkpt>
      <trkpt lat="49.055619" lon="15.009791">
        <time>2026-04-05T08:45:00.000Z</time>
      </trkpt>
      <trkpt lat="49.055599" lon="15.009784">
        <time>2026-04-05T08:45:01.000Z</time>
      </trkpt>
      <trkpt lat="49.05558" lon="15.009785">
        <time>2026-04-05T08:45:02.000Z</time>
      </trkpt>
      <trkpt lat="49.05556" lon="15.009786">
        <time>2026-04-05T08:45:03.000Z</time>
      </trkpt>
      <trkpt lat="49.055539" lon="15.009775">
        <time>2026-04-05T08:45:04.000Z</time>
      </trkpt>
      <trkpt lat="49.055518" lon="15.00977">
        <time>2026-04-05T08:45:05.000Z</time>
      </trkpt>
      <trkpt lat="49.055502" lon="15.009775">
        <time>2026-04-05T08:45:06.000Z</time>
      </trkpt>
      <trkpt lat="49.055484" lon="15.009782">
        <time>2026-04-05T08:45:07.000Z</time>
      </trkpt>
      <trkpt lat="49.055461" lon="15.009791">
        <time>2026-04-05T08:45:08.000Z</time>
      </trkpt>
      <trkpt lat="49.055427" lon="15.009797">
        <time>2026-04-05T08:45:09.000Z</time>
      </trkpt>
      <trkpt lat="49.055403" lon="15.009796">
        <time>2026-04-05T08:45:10.000Z</time>
      </trkpt>
      <trkpt lat="49.055378" lon="15.009797">
        <time>2026-04-05T08:45:11.000Z</time>
      </trkpt>
      <trkpt lat="49.055363" lon="15.009799">
        <time>2026-04-05T08:45:12.000Z</time>
      </trkpt>
      <trkpt lat="49.055337" lon="15.009802">
        <time>2026-04-05T08:45:13.000Z</time>
      </trkpt>
      <trkpt lat="49.055315" lon="15.009808">
        <time>2026-04-05T08:45:14.000Z</time>
      </trkpt>
      <trkpt lat="49.055293" lon="15.009813">
        <time>2026-04-05T08:45:15.000Z</time>
      </trkpt>
      <trkpt lat="49.055273" lon="15.009812">
        <time>2026-04-05T08:45:16.000Z</time>
      </trkpt>
      <trkpt lat="49.055249" lon="15.009809">
        <time>2026-04-05T08:45:17.000Z</time>
      </trkpt>
      <trkpt lat="49.055214" lon="15.009801">
        <time>2026-04-05T08:45:18.000Z</time>
      </trkpt>
      <trkpt lat="49.05518" lon="15.009792">
        <time>2026-04-05T08:45:19.000Z</time>
      </trkpt>
      <trkpt lat="49.055154" lon="15.009776">
        <time>2026-04-05T08:45:20.000Z</time>
      </trkpt>
      <trkpt lat="49.055131" lon="15.009773">
        <time>2026-04-05T08:45:21.000Z</time>
      </trkpt>
      <trkpt lat="49.055108" lon="15.009775">
        <time>2026-04-05T08:45:22.000Z</time>
      </trkpt>
      <trkpt lat="49.055082" lon="15.009755">
        <time>2026-04-05T08:45:23.000Z</time>
      </trkpt>
      <trkpt lat="49.055065" lon="15.009722">
        <time>2026-04-05T08:45:24.000Z</time>
      </trkpt>
      <trkpt lat="49.055046" lon="15.009703">
        <time>2026-04-05T08:45:25.000Z</time>
      </trkpt>
      <trkpt lat="49.055022" lon="15.009685">
        <time>2026-04-05T08:45:26.000Z</time>
      </trkpt>
      <trkpt lat="49.055008" lon="15.009674">
        <time>2026-04-05T08:45:27.000Z</time>
      </trkpt>
      <trkpt lat="49.054993" lon="15.009657">
        <time>2026-04-05T08:45:28.000Z</time>
      </trkpt>
      <trkpt lat="49.054976" lon="15.009651">
        <time>2026-04-05T08:45:29.000Z</time>
      </trkpt>
      <trkpt lat="49.05496" lon="15.009645">
        <time>2026-04-05T08:45:30.000Z</time>
      </trkpt>
      <trkpt lat="49.054945" lon="15.009638">
        <time>2026-04-05T08:45:31.000Z</time>
      </trkpt>
      <trkpt lat="49.054924" lon="15.009637">
        <time>2026-04-05T08:45:32.000Z</time>
      </trkpt>
      <trkpt lat="49.054908" lon="15.009654">
        <time>2026-04-05T08:45:33.000Z</time>
      </trkpt>
      <trkpt lat="49.054891" lon="15.009668">
        <time>2026-04-05T08:45:34.000Z</time>
      </trkpt>
      <trkpt lat="49.054875" lon="15.009683">
        <time>2026-04-05T08:45:35.000Z</time>
      </trkpt>
      <trkpt lat="49.054853" lon="15.009688">
        <time>2026-04-05T08:45:36.000Z</time>
      </trkpt>
      <trkpt lat="49.054827" lon="15.009692">
        <time>2026-04-05T08:45:37.000Z</time>
      </trkpt>
      <trkpt lat="49.054807" lon="15.009704">
        <time>2026-04-05T08:45:38.000Z</time>
      </trkpt>
      <trkpt lat="49.054787" lon="15.009717">
        <time>2026-04-05T08:45:39.000Z</time>
      </trkpt>
      <trkpt lat="49.054765" lon="15.009717">
        <time>2026-04-05T08:45:40.000Z</time>
      </trkpt>
      <trkpt lat="49.054745" lon="15.009717">
        <time>2026-04-05T08:45:41.000Z</time>
      </trkpt>
      <trkpt lat="49.054719" lon="15.009695">
        <time>2026-04-05T08:45:42.000Z</time>
      </trkpt>
      <trkpt lat="49.054697" lon="15.009683">
        <time>2026-04-05T08:45:43.000Z</time>
      </trkpt>
      <trkpt lat="49.054678" lon="15.009684">
        <time>2026-04-05T08:45:44.000Z</time>
      </trkpt>
      <trkpt lat="49.054647" lon="15.009692">
        <time>2026-04-05T08:45:45.000Z</time>
      </trkpt>
      <trkpt lat="49.054621" lon="15.009711">
        <time>2026-04-05T08:45:46.000Z</time>
      </trkpt>
      <trkpt lat="49.054599" lon="15.009716">
        <time>2026-04-05T08:45:47.000Z</time>
      </trkpt>
      <trkpt lat="49.05458" lon="15.009713">
        <time>2026-04-05T08:45:48.000Z</time>
      </trkpt>
      <trkpt lat="49.054555" lon="15.009709">
        <time>2026-04-05T08:45:49.000Z</time>
      </trkpt>
      <trkpt lat="49.054528" lon="15.009704">
        <time>2026-04-05T08:45:50.000Z</time>
      </trkpt>
      <trkpt lat="49.054509" lon="15.009695">
        <time>2026-04-05T08:45:51.000Z</time>
      </trkpt>
      <trkpt lat="49.05449" lon="15.009705">
        <time>2026-04-05T08:45:52.000Z</time>
      </trkpt>
      <trkpt lat="49.054466" lon="15.009716">
        <time>2026-04-05T08:45:53.000Z</time>
      </trkpt>
      <trkpt lat="49.054441" lon="15.009721">
        <time>2026-04-05T08:45:54.000Z</time>
      </trkpt>
      <trkpt lat="49.054414" lon="15.009721">
        <time>2026-04-05T08:45:55.000Z</time>
      </trkpt>
      <trkpt lat="49.054394" lon="15.009721">
        <time>2026-04-05T08:45:56.000Z</time>
      </trkpt>
      <trkpt lat="49.054367" lon="15.009725">
        <time>2026-04-05T08:45:57.000Z</time>
      </trkpt>
      <trkpt lat="49.054345" lon="15.009727">
        <time>2026-04-05T08:45:58.000Z</time>
      </trkpt>
      <trkpt lat="49.054321" lon="15.00973">
        <time>2026-04-05T08:45:59.000Z</time>
      </trkpt>
      <trkpt lat="49.054302" lon="15.009738">
        <time>2026-04-05T08:46:00.000Z</time>
      </trkpt>
      <trkpt lat="49.054281" lon="15.009747">
        <time>2026-04-05T08:46:01.000Z</time>
      </trkpt>
      <trkpt lat="49.054266" lon="15.009761">
        <time>2026-04-05T08:46:02.000Z</time>
      </trkpt>
      <trkpt lat="49.054246" lon="15.009781">
        <time>2026-04-05T08:46:03.000Z</time>
      </trkpt>
      <trkpt lat="49.054219" lon="15.009782">
        <time>2026-04-05T08:46:04.000Z</time>
      </trkpt>
      <trkpt lat="49.054197" lon="15.009795">
        <time>2026-04-05T08:46:05.000Z</time>
      </trkpt>
      <trkpt lat="49.054178" lon="15.009806">
        <time>2026-04-05T08:46:06.000Z</time>
      </trkpt>
      <trkpt lat="49.05415" lon="15.009813">
        <time>2026-04-05T08:46:07.000Z</time>
      </trkpt>
      <trkpt lat="49.054133" lon="15.009807">
        <time>2026-04-05T08:46:08.000Z</time>
      </trkpt>
      <trkpt lat="49.054112" lon="15.009785">
        <time>2026-04-05T08:46:09.000Z</time>
      </trkpt>
      <trkpt lat="49.054105" lon="15.009789">
        <time>2026-04-05T08:46:10.000Z</time>
      </trkpt>
      <trkpt lat="49.054094" lon="15.009797">
        <time>2026-04-05T08:46:11.000Z</time>
      </trkpt>
      <trkpt lat="49.054087" lon="15.0098">
        <time>2026-04-05T08:46:12.000Z</time>
      </trkpt>
      <trkpt lat="49.054078" lon="15.009812">
        <time>2026-04-05T08:46:13.000Z</time>
      </trkpt>
      <trkpt lat="49.054062" lon="15.009828">
        <time>2026-04-05T08:46:14.000Z</time>
      </trkpt>
      <trkpt lat="49.054046" lon="15.009828">
        <time>2026-04-05T08:46:15.000Z</time>
      </trkpt>
      <trkpt lat="49.054027" lon="15.009834">
        <time>2026-04-05T08:46:16.000Z</time>
      </trkpt>
      <trkpt lat="49.054014" lon="15.009847">
        <time>2026-04-05T08:46:17.000Z</time>
      </trkpt>
      <trkpt lat="49.053996" lon="15.009855">
        <time>2026-04-05T08:46:18.000Z</time>
      </trkpt>
      <trkpt lat="49.053977" lon="15.009861">
        <time>2026-04-05T08:46:19.000Z</time>
      </trkpt>
      <trkpt lat="49.053958" lon="15.009866">
        <time>2026-04-05T08:46:20.000Z</time>
      </trkpt>
      <trkpt lat="49.05394" lon="15.009878">
        <time>2026-04-05T08:46:21.000Z</time>
      </trkpt>
      <trkpt lat="49.053925" lon="15.009894">
        <time>2026-04-05T08:46:22.000Z</time>
      </trkpt>
      <trkpt lat="49.053915" lon="15.009909">
        <time>2026-04-05T08:46:23.000Z</time>
      </trkpt>
      <trkpt lat="49.053905" lon="15.009935">
        <time>2026-04-05T08:46:24.000Z</time>
      </trkpt>
      <trkpt lat="49.053894" lon="15.009975">
        <time>2026-04-05T08:46:25.000Z</time>
      </trkpt>
      <trkpt lat="49.053872" lon="15.009995">
        <time>2026-04-05T08:46:26.000Z</time>
      </trkpt>
      <trkpt lat="49.053852" lon="15.010014">
        <time>2026-04-05T08:46:27.000Z</time>
      </trkpt>
      <trkpt lat="49.053833" lon="15.010029">
        <time>2026-04-05T08:46:28.000Z</time>
      </trkpt>
      <trkpt lat="49.053814" lon="15.010044">
        <time>2026-04-05T08:46:29.000Z</time>
      </trkpt>
      <trkpt lat="49.053797" lon="15.010055">
        <time>2026-04-05T08:46:30.000Z</time>
      </trkpt>
      <trkpt lat="49.053782" lon="15.01007">
        <time>2026-04-05T08:46:31.000Z</time>
      </trkpt>
      <trkpt lat="49.053763" lon="15.010087">
        <time>2026-04-05T08:46:32.000Z</time>
      </trkpt>
      <trkpt lat="49.053747" lon="15.010103">
        <time>2026-04-05T08:46:33.000Z</time>
      </trkpt>
      <trkpt lat="49.053735" lon="15.010123">
        <time>2026-04-05T08:46:34.000Z</time>
      </trkpt>
      <trkpt lat="49.053725" lon="15.010148">
        <time>2026-04-05T08:46:35.000Z</time>
      </trkpt>
      <trkpt lat="49.053719" lon="15.01017">
        <time>2026-04-05T08:46:36.000Z</time>
      </trkpt>
      <trkpt lat="49.053713" lon="15.010196">
        <time>2026-04-05T08:46:37.000Z</time>
      </trkpt>
      <trkpt lat="49.053711" lon="15.010223">
        <time>2026-04-05T08:46:38.000Z</time>
      </trkpt>
      <trkpt lat="49.053709" lon="15.010255">
        <time>2026-04-05T08:46:39.000Z</time>
      </trkpt>
      <trkpt lat="49.053704" lon="15.01028">
        <time>2026-04-05T08:46:40.000Z</time>
      </trkpt>
      <trkpt lat="49.053695" lon="15.010303">
        <time>2026-04-05T08:46:41.000Z</time>
      </trkpt>
      <trkpt lat="49.053688" lon="15.010326">
        <time>2026-04-05T08:46:42.000Z</time>
      </trkpt>
      <trkpt lat="49.053681" lon="15.010351">
        <time>2026-04-05T08:46:43.000Z</time>
      </trkpt>
      <trkpt lat="49.053672" lon="15.010382">
        <time>2026-04-05T08:46:44.000Z</time>
      </trkpt>
      <trkpt lat="49.053661" lon="15.010403">
        <time>2026-04-05T08:46:45.000Z</time>
      </trkpt>
      <trkpt lat="49.053644" lon="15.01042">
        <time>2026-04-05T08:46:46.000Z</time>
      </trkpt>
      <trkpt lat="49.053631" lon="15.010438">
        <time>2026-04-05T08:46:47.000Z</time>
      </trkpt>
      <trkpt lat="49.053619" lon="15.010452">
        <time>2026-04-05T08:46:48.000Z</time>
      </trkpt>
      <trkpt lat="49.053609" lon="15.010468">
        <time>2026-04-05T08:46:49.000Z</time>
      </trkpt>
      <trkpt lat="49.0536" lon="15.010489">
        <time>2026-04-05T08:46:50.000Z</time>
      </trkpt>
      <trkpt lat="49.053593" lon="15.010522">
        <time>2026-04-05T08:46:51.000Z</time>
      </trkpt>
      <trkpt lat="49.053585" lon="15.01055">
        <time>2026-04-05T08:46:52.000Z</time>
      </trkpt>
      <trkpt lat="49.053579" lon="15.01058">
        <time>2026-04-05T08:46:53.000Z</time>
      </trkpt>
      <trkpt lat="49.05357" lon="15.010607">
        <time>2026-04-05T08:46:54.000Z</time>
      </trkpt>
      <trkpt lat="49.053561" lon="15.010627">
        <time>2026-04-05T08:46:55.000Z</time>
      </trkpt>
      <trkpt lat="49.053548" lon="15.010645">
        <time>2026-04-05T08:46:56.000Z</time>
      </trkpt>
      <trkpt lat="49.053537" lon="15.010665">
        <time>2026-04-05T08:46:57.000Z</time>
      </trkpt>
      <trkpt lat="49.053528" lon="15.010693">
        <time>2026-04-05T08:46:58.000Z</time>
      </trkpt>
      <trkpt lat="49.05352" lon="15.010717">
        <time>2026-04-05T08:46:59.000Z</time>
      </trkpt>
      <trkpt lat="49.053511" lon="15.010744">
        <time>2026-04-05T08:47:00.000Z</time>
      </trkpt>
      <trkpt lat="49.053511" lon="15.010775">
        <time>2026-04-05T08:47:01.000Z</time>
      </trkpt>
      <trkpt lat="49.05351" lon="15.010802">
        <time>2026-04-05T08:47:02.000Z</time>
      </trkpt>
      <trkpt lat="49.05351" lon="15.010835">
        <time>2026-04-05T08:47:03.000Z</time>
      </trkpt>
      <trkpt lat="49.05351" lon="15.01086">
        <time>2026-04-05T08:47:04.000Z</time>
      </trkpt>
      <trkpt lat="49.053515" lon="15.010881">
        <time>2026-04-05T08:47:05.000Z</time>
      </trkpt>
      <trkpt lat="49.053519" lon="15.010906">
        <time>2026-04-05T08:47:06.000Z</time>
      </trkpt>
      <trkpt lat="49.053523" lon="15.010937">
        <time>2026-04-05T08:47:07.000Z</time>
      </trkpt>
      <trkpt lat="49.053526" lon="15.010963">
        <time>2026-04-05T08:47:08.000Z</time>
      </trkpt>
      <trkpt lat="49.053536" lon="15.010991">
        <time>2026-04-05T08:47:09.000Z</time>
      </trkpt>
      <trkpt lat="49.053548" lon="15.01102">
        <time>2026-04-05T08:47:10.000Z</time>
      </trkpt>
      <trkpt lat="49.053561" lon="15.011062">
        <time>2026-04-05T08:47:11.000Z</time>
      </trkpt>
      <trkpt lat="49.053569" lon="15.011097">
        <time>2026-04-05T08:47:12.000Z</time>
      </trkpt>
      <trkpt lat="49.053571" lon="15.011136">
        <time>2026-04-05T08:47:13.000Z</time>
      </trkpt>
      <trkpt lat="49.053571" lon="15.011168">
        <time>2026-04-05T08:47:14.000Z</time>
      </trkpt>
      <trkpt lat="49.053562" lon="15.011203">
        <time>2026-04-05T08:47:15.000Z</time>
      </trkpt>
      <trkpt lat="49.053556" lon="15.011234">
        <time>2026-04-05T08:47:16.000Z</time>
      </trkpt>
      <trkpt lat="49.053552" lon="15.011267">
        <time>2026-04-05T08:47:17.000Z</time>
      </trkpt>
      <trkpt lat="49.053548" lon="15.011295">
        <time>2026-04-05T08:47:18.000Z</time>
      </trkpt>
      <trkpt lat="49.053543" lon="15.01132">
        <time>2026-04-05T08:47:19.000Z</time>
      </trkpt>
      <trkpt lat="49.053538" lon="15.011342">
        <time>2026-04-05T08:47:20.000Z</time>
      </trkpt>
      <trkpt lat="49.053531" lon="15.011368">
        <time>2026-04-05T08:47:21.000Z</time>
      </trkpt>
      <trkpt lat="49.053522" lon="15.011398">
        <time>2026-04-05T08:47:22.000Z</time>
      </trkpt>
      <trkpt lat="49.053512" lon="15.011422">
        <time>2026-04-05T08:47:23.000Z</time>
      </trkpt>
      <trkpt lat="49.053499" lon="15.011439">
        <time>2026-04-05T08:47:24.000Z</time>
      </trkpt>
      <trkpt lat="49.053484" lon="15.011456">
        <time>2026-04-05T08:47:25.000Z</time>
      </trkpt>
      <trkpt lat="49.053466" lon="15.011471">
        <time>2026-04-05T08:47:26.000Z</time>
      </trkpt>
      <trkpt lat="49.053441" lon="15.011486">
        <time>2026-04-05T08:47:27.000Z</time>
      </trkpt>
      <trkpt lat="49.053421" lon="15.011498">
        <time>2026-04-05T08:47:28.000Z</time>
      </trkpt>
      <trkpt lat="49.053406" lon="15.011508">
        <time>2026-04-05T08:47:29.000Z</time>
      </trkpt>
      <trkpt lat="49.053385" lon="15.011524">
        <time>2026-04-05T08:47:30.000Z</time>
      </trkpt>
      <trkpt lat="49.053368" lon="15.01154">
        <time>2026-04-05T08:47:31.000Z</time>
      </trkpt>
      <trkpt lat="49.053345" lon="15.011557">
        <time>2026-04-05T08:47:32.000Z</time>
      </trkpt>
      <trkpt lat="49.053325" lon="15.011573">
        <time>2026-04-05T08:47:33.000Z</time>
      </trkpt>
      <trkpt lat="49.053301" lon="15.011582">
        <time>2026-04-05T08:47:34.000Z</time>
      </trkpt>
      <trkpt lat="49.053275" lon="15.011591">
        <time>2026-04-05T08:47:35.000Z</time>
      </trkpt>
      <trkpt lat="49.053245" lon="15.011591">
        <time>2026-04-05T08:47:36.000Z</time>
      </trkpt>
      <trkpt lat="49.053218" lon="15.011588">
        <time>2026-04-05T08:47:37.000Z</time>
      </trkpt>
      <trkpt lat="49.053197" lon="15.011596">
        <time>2026-04-05T08:47:38.000Z</time>
      </trkpt>
      <trkpt lat="49.05317" lon="15.011607">
        <time>2026-04-05T08:47:39.000Z</time>
      </trkpt>
      <trkpt lat="49.053143" lon="15.011616">
        <time>2026-04-05T08:47:40.000Z</time>
      </trkpt>
      <trkpt lat="49.053119" lon="15.011635">
        <time>2026-04-05T08:47:41.000Z</time>
      </trkpt>
      <trkpt lat="49.053105" lon="15.011654">
        <time>2026-04-05T08:47:42.000Z</time>
      </trkpt>
      <trkpt lat="49.053088" lon="15.011678">
        <time>2026-04-05T08:47:43.000Z</time>
      </trkpt>
      <trkpt lat="49.053072" lon="15.011697">
        <time>2026-04-05T08:47:44.000Z</time>
      </trkpt>
      <trkpt lat="49.05305" lon="15.011716">
        <time>2026-04-05T08:47:45.000Z</time>
      </trkpt>
      <trkpt lat="49.053032" lon="15.011732">
        <time>2026-04-05T08:47:46.000Z</time>
      </trkpt>
      <trkpt lat="49.053009" lon="15.011753">
        <time>2026-04-05T08:47:47.000Z</time>
      </trkpt>
      <trkpt lat="49.052991" lon="15.011771">
        <time>2026-04-05T08:47:48.000Z</time>
      </trkpt>
      <trkpt lat="49.052959" lon="15.011782">
        <time>2026-04-05T08:47:49.000Z</time>
      </trkpt>
      <trkpt lat="49.052939" lon="15.011788">
        <time>2026-04-05T08:47:50.000Z</time>
      </trkpt>
      <trkpt lat="49.052919" lon="15.011798">
        <time>2026-04-05T08:47:51.000Z</time>
      </trkpt>
      <trkpt lat="49.0529" lon="15.011809">
        <time>2026-04-05T08:47:52.000Z</time>
      </trkpt>
      <trkpt lat="49.052889" lon="15.011824">
        <time>2026-04-05T08:47:53.000Z</time>
      </trkpt>
      <trkpt lat="49.05288" lon="15.011847">
        <time>2026-04-05T08:47:54.000Z</time>
      </trkpt>
      <trkpt lat="49.052872" lon="15.011868">
        <time>2026-04-05T08:47:55.000Z</time>
      </trkpt>
      <trkpt lat="49.052861" lon="15.011883">
        <time>2026-04-05T08:47:56.000Z</time>
      </trkpt>
      <trkpt lat="49.052848" lon="15.011908">
        <time>2026-04-05T08:47:57.000Z</time>
      </trkpt>
      <trkpt lat="49.052838" lon="15.011941">
        <time>2026-04-05T08:47:58.000Z</time>
      </trkpt>
      <trkpt lat="49.052837" lon="15.011971">
        <time>2026-04-05T08:47:59.000Z</time>
      </trkpt>
      <trkpt lat="49.052833" lon="15.012013">
        <time>2026-04-05T08:48:00.000Z</time>
      </trkpt>
      <trkpt lat="49.052825" lon="15.012053">
        <time>2026-04-05T08:48:01.000Z</time>
      </trkpt>
      <trkpt lat="49.052819" lon="15.012092">
        <time>2026-04-05T08:48:02.000Z</time>
      </trkpt>
      <trkpt lat="49.052821" lon="15.012119">
        <time>2026-04-05T08:48:03.000Z</time>
      </trkpt>
      <trkpt lat="49.052822" lon="15.012145">
        <time>2026-04-05T08:48:04.000Z</time>
      </trkpt>
      <trkpt lat="49.052819" lon="15.01217">
        <time>2026-04-05T08:48:05.000Z</time>
      </trkpt>
      <trkpt lat="49.052804" lon="15.012199">
        <time>2026-04-05T08:48:06.000Z</time>
      </trkpt>
      <trkpt lat="49.052787" lon="15.01222">
        <time>2026-04-05T08:48:07.000Z</time>
      </trkpt>
      <trkpt lat="49.052773" lon="15.01224">
        <time>2026-04-05T08:48:08.000Z</time>
      </trkpt>
      <trkpt lat="49.05276" lon="15.012261">
        <time>2026-04-05T08:48:09.000Z</time>
      </trkpt>
      <trkpt lat="49.052753" lon="15.012296">
        <time>2026-04-05T08:48:10.000Z</time>
      </trkpt>
      <trkpt lat="49.052745" lon="15.012332">
        <time>2026-04-05T08:48:11.000Z</time>
      </trkpt>
      <trkpt lat="49.052739" lon="15.01237">
        <time>2026-04-05T08:48:12.000Z</time>
      </trkpt>
      <trkpt lat="49.052735" lon="15.012396">
        <time>2026-04-05T08:48:13.000Z</time>
      </trkpt>
      <trkpt lat="49.052721" lon="15.012422">
        <time>2026-04-05T08:48:14.000Z</time>
      </trkpt>
      <trkpt lat="49.052706" lon="15.012451">
        <time>2026-04-05T08:48:15.000Z</time>
      </trkpt>
      <trkpt lat="49.052692" lon="15.012478">
        <time>2026-04-05T08:48:16.000Z</time>
      </trkpt>
      <trkpt lat="49.05268" lon="15.012502">
        <time>2026-04-05T08:48:17.000Z</time>
      </trkpt>
      <trkpt lat="49.052666" lon="15.012522">
        <time>2026-04-05T08:48:18.000Z</time>
      </trkpt>
      <trkpt lat="49.052649" lon="15.012545">
        <time>2026-04-05T08:48:19.000Z</time>
      </trkpt>
      <trkpt lat="49.052638" lon="15.012568">
        <time>2026-04-05T08:48:20.000Z</time>
      </trkpt>
      <trkpt lat="49.052621" lon="15.012591">
        <time>2026-04-05T08:48:21.000Z</time>
      </trkpt>
      <trkpt lat="49.052605" lon="15.012618">
        <time>2026-04-05T08:48:22.000Z</time>
      </trkpt>
      <trkpt lat="49.052592" lon="15.012643">
        <time>2026-04-05T08:48:23.000Z</time>
      </trkpt>
      <trkpt lat="49.052583" lon="15.012662">
        <time>2026-04-05T08:48:24.000Z</time>
      </trkpt>
      <trkpt lat="49.052573" lon="15.012681">
        <time>2026-04-05T08:48:25.000Z</time>
      </trkpt>
      <trkpt lat="49.052564" lon="15.012709">
        <time>2026-04-05T08:48:26.000Z</time>
      </trkpt>
      <trkpt lat="49.052553" lon="15.012732">
        <time>2026-04-05T08:48:27.000Z</time>
      </trkpt>
      <trkpt lat="49.052543" lon="15.012756">
        <time>2026-04-05T08:48:28.000Z</time>
      </trkpt>
      <trkpt lat="49.052537" lon="15.012785">
        <time>2026-04-05T08:48:29.000Z</time>
      </trkpt>
      <trkpt lat="49.052529" lon="15.01282">
        <time>2026-04-05T08:48:30.000Z</time>
      </trkpt>
      <trkpt lat="49.052525" lon="15.012844">
        <time>2026-04-05T08:48:31.000Z</time>
      </trkpt>
      <trkpt lat="49.052523" lon="15.012872">
        <time>2026-04-05T08:48:32.000Z</time>
      </trkpt>
      <trkpt lat="49.052525" lon="15.012887">
        <time>2026-04-05T08:48:33.000Z</time>
      </trkpt>
      <trkpt lat="49.052542" lon="15.012905">
        <time>2026-04-05T08:48:34.000Z</time>
      </trkpt>
      <trkpt lat="49.05254" lon="15.012926">
        <time>2026-04-05T08:48:35.000Z</time>
      </trkpt>
      <trkpt lat="49.052542" lon="15.012942">
        <time>2026-04-05T08:48:36.000Z</time>
      </trkpt>
      <trkpt lat="49.052544" lon="15.012965">
        <time>2026-04-05T08:48:37.000Z</time>
      </trkpt>
      <trkpt lat="49.052533" lon="15.012988">
        <time>2026-04-05T08:48:38.000Z</time>
      </trkpt>
      <trkpt lat="49.052522" lon="15.013004">
        <time>2026-04-05T08:48:39.000Z</time>
      </trkpt>
      <trkpt lat="49.052504" lon="15.013021">
        <time>2026-04-05T08:48:40.000Z</time>
      </trkpt>
      <trkpt lat="49.052491" lon="15.013023">
        <time>2026-04-05T08:48:41.000Z</time>
      </trkpt>
      <trkpt lat="49.052473" lon="15.013035">
        <time>2026-04-05T08:48:42.000Z</time>
      </trkpt>
      <trkpt lat="49.052454" lon="15.013048">
        <time>2026-04-05T08:48:43.000Z</time>
      </trkpt>
      <trkpt lat="49.052438" lon="15.013064">
        <time>2026-04-05T08:48:44.000Z</time>
      </trkpt>
      <trkpt lat="49.052424" lon="15.01308">
        <time>2026-04-05T08:48:45.000Z</time>
      </trkpt>
      <trkpt lat="49.052411" lon="15.013095">
        <time>2026-04-05T08:48:46.000Z</time>
      </trkpt>
      <trkpt lat="49.052399" lon="15.013106">
        <time>2026-04-05T08:48:47.000Z</time>
      </trkpt>
      <trkpt lat="49.052386" lon="15.013123">
        <time>2026-04-05T08:48:48.000Z</time>
      </trkpt>
      <trkpt lat="49.052376" lon="15.013137">
        <time>2026-04-05T08:48:49.000Z</time>
      </trkpt>
      <trkpt lat="49.052365" lon="15.013157">
        <time>2026-04-05T08:48:50.000Z</time>
      </trkpt>
      <trkpt lat="49.052355" lon="15.013174">
        <time>2026-04-05T08:48:51.000Z</time>
      </trkpt>
      <trkpt lat="49.052344" lon="15.013192">
        <time>2026-04-05T08:48:52.000Z</time>
      </trkpt>
      <trkpt lat="49.052333" lon="15.013213">
        <time>2026-04-05T08:48:53.000Z</time>
      </trkpt>
      <trkpt lat="49.052321" lon="15.013228">
        <time>2026-04-05T08:48:54.000Z</time>
      </trkpt>
      <trkpt lat="49.052306" lon="15.013244">
        <time>2026-04-05T08:48:55.000Z</time>
      </trkpt>
      <trkpt lat="49.052297" lon="15.013258">
        <time>2026-04-05T08:48:56.000Z</time>
      </trkpt>
      <trkpt lat="49.052291" lon="15.013286">
        <time>2026-04-05T08:48:57.000Z</time>
      </trkpt>
      <trkpt lat="49.052292" lon="15.013321">
        <time>2026-04-05T08:48:58.000Z</time>
      </trkpt>
      <trkpt lat="49.05229" lon="15.013353">
        <time>2026-04-05T08:48:59.000Z</time>
      </trkpt>
      <trkpt lat="49.05229" lon="15.01338">
        <time>2026-04-05T08:49:00.000Z</time>
      </trkpt>
      <trkpt lat="49.052289" lon="15.013408">
        <time>2026-04-05T08:49:01.000Z</time>
      </trkpt>
      <trkpt lat="49.05228" lon="15.013428">
        <time>2026-04-05T08:49:02.000Z</time>
      </trkpt>
      <trkpt lat="49.05227" lon="15.013444">
        <time>2026-04-05T08:49:03.000Z</time>
      </trkpt>
      <trkpt lat="49.052251" lon="15.013469">
        <time>2026-04-05T08:49:04.000Z</time>
      </trkpt>
      <trkpt lat="49.052231" lon="15.013497">
        <time>2026-04-05T08:49:05.000Z</time>
      </trkpt>
      <trkpt lat="49.052214" lon="15.01352">
        <time>2026-04-05T08:49:06.000Z</time>
      </trkpt>
      <trkpt lat="49.052199" lon="15.013541">
        <time>2026-04-05T08:49:07.000Z</time>
      </trkpt>
      <trkpt lat="49.052191" lon="15.013564">
        <time>2026-04-05T08:49:08.000Z</time>
      </trkpt>
      <trkpt lat="49.052181" lon="15.013585">
        <time>2026-04-05T08:49:09.000Z</time>
      </trkpt>
      <trkpt lat="49.052172" lon="15.01361">
        <time>2026-04-05T08:49:10.000Z</time>
      </trkpt>
      <trkpt lat="49.052163" lon="15.013627">
        <time>2026-04-05T08:49:11.000Z</time>
      </trkpt>
      <trkpt lat="49.052155" lon="15.013647">
        <time>2026-04-05T08:49:12.000Z</time>
      </trkpt>
      <trkpt lat="49.05215" lon="15.013657">
        <time>2026-04-05T08:49:13.000Z</time>
      </trkpt>
      <trkpt lat="49.052136" lon="15.013674">
        <time>2026-04-05T08:49:14.000Z</time>
      </trkpt>
      <trkpt lat="49.052123" lon="15.013693">
        <time>2026-04-05T08:49:15.000Z</time>
      </trkpt>
      <trkpt lat="49.052108" lon="15.013713">
        <time>2026-04-05T08:49:16.000Z</time>
      </trkpt>
      <trkpt lat="49.052092" lon="15.013742">
        <time>2026-04-05T08:49:17.000Z</time>
      </trkpt>
      <trkpt lat="49.052082" lon="15.013758">
        <time>2026-04-05T08:49:18.000Z</time>
      </trkpt>
      <trkpt lat="49.052067" lon="15.013778">
        <time>2026-04-05T08:49:19.000Z</time>
      </trkpt>
      <trkpt lat="49.052052" lon="15.013799">
        <time>2026-04-05T08:49:20.000Z</time>
      </trkpt>
      <trkpt lat="49.052036" lon="15.01382">
        <time>2026-04-05T08:49:21.000Z</time>
      </trkpt>
      <trkpt lat="49.052017" lon="15.013845">
        <time>2026-04-05T08:49:22.000Z</time>
      </trkpt>
      <trkpt lat="49.051995" lon="15.013866">
        <time>2026-04-05T08:49:23.000Z</time>
      </trkpt>
      <trkpt lat="49.051977" lon="15.013881">
        <time>2026-04-05T08:49:24.000Z</time>
      </trkpt>
      <trkpt lat="49.051969" lon="15.013893">
        <time>2026-04-05T08:49:25.000Z</time>
      </trkpt>
      <trkpt lat="49.05195" lon="15.013907">
        <time>2026-04-05T08:49:26.000Z</time>
      </trkpt>
      <trkpt lat="49.051933" lon="15.013919">
        <time>2026-04-05T08:49:27.000Z</time>
      </trkpt>
      <trkpt lat="49.051912" lon="15.013929">
        <time>2026-04-05T08:49:28.000Z</time>
      </trkpt>
      <trkpt lat="49.051894" lon="15.013949">
        <time>2026-04-05T08:49:29.000Z</time>
      </trkpt>
      <trkpt lat="49.05188" lon="15.013964">
        <time>2026-04-05T08:49:30.000Z</time>
      </trkpt>
      <trkpt lat="49.051861" lon="15.013979">
        <time>2026-04-05T08:49:31.000Z</time>
      </trkpt>
      <trkpt lat="49.051841" lon="15.013992">
        <time>2026-04-05T08:49:32.000Z</time>
      </trkpt>
      <trkpt lat="49.051814" lon="15.014005">
        <time>2026-04-05T08:49:33.000Z</time>
      </trkpt>
      <trkpt lat="49.051794" lon="15.014025">
        <time>2026-04-05T08:49:34.000Z</time>
      </trkpt>
      <trkpt lat="49.051779" lon="15.014044">
        <time>2026-04-05T08:49:35.000Z</time>
      </trkpt>
      <trkpt lat="49.051766" lon="15.014062">
        <time>2026-04-05T08:49:36.000Z</time>
      </trkpt>
      <trkpt lat="49.051754" lon="15.014076">
        <time>2026-04-05T08:49:37.000Z</time>
      </trkpt>
      <trkpt lat="49.051742" lon="15.014092">
        <time>2026-04-05T08:49:38.000Z</time>
      </trkpt>
      <trkpt lat="49.051727" lon="15.014103">
        <time>2026-04-05T08:49:39.000Z</time>
      </trkpt>
      <trkpt lat="49.051704" lon="15.014111">
        <time>2026-04-05T08:49:40.000Z</time>
      </trkpt>
      <trkpt lat="49.051681" lon="15.014124">
        <time>2026-04-05T08:49:41.000Z</time>
      </trkpt>
      <trkpt lat="49.051661" lon="15.014139">
        <time>2026-04-05T08:49:42.000Z</time>
      </trkpt>
      <trkpt lat="49.051643" lon="15.014158">
        <time>2026-04-05T08:49:43.000Z</time>
      </trkpt>
      <trkpt lat="49.051625" lon="15.01417">
        <time>2026-04-05T08:49:44.000Z</time>
      </trkpt>
      <trkpt lat="49.051604" lon="15.014187">
        <time>2026-04-05T08:49:45.000Z</time>
      </trkpt>
      <trkpt lat="49.051587" lon="15.014207">
        <time>2026-04-05T08:49:46.000Z</time>
      </trkpt>
      <trkpt lat="49.051574" lon="15.01422">
        <time>2026-04-05T08:49:47.000Z</time>
      </trkpt>
      <trkpt lat="49.051562" lon="15.014238">
        <time>2026-04-05T08:49:48.000Z</time>
      </trkpt>
      <trkpt lat="49.051546" lon="15.01425">
        <time>2026-04-05T08:49:49.000Z</time>
      </trkpt>
      <trkpt lat="49.051527" lon="15.014264">
        <time>2026-04-05T08:49:50.000Z</time>
      </trkpt>
      <trkpt lat="49.051511" lon="15.014278">
        <time>2026-04-05T08:49:51.000Z</time>
      </trkpt>
      <trkpt lat="49.05149" lon="15.014295">
        <time>2026-04-05T08:49:52.000Z</time>
      </trkpt>
      <trkpt lat="49.051478" lon="15.014305">
        <time>2026-04-05T08:49:53.000Z</time>
      </trkpt>
      <trkpt lat="49.051459" lon="15.014318">
        <time>2026-04-05T08:49:54.000Z</time>
      </trkpt>
      <trkpt lat="49.051439" lon="15.014328">
        <time>2026-04-05T08:49:55.000Z</time>
      </trkpt>
      <trkpt lat="49.051423" lon="15.014343">
        <time>2026-04-05T08:49:56.000Z</time>
      </trkpt>
      <trkpt lat="49.051409" lon="15.014361">
        <time>2026-04-05T08:49:57.000Z</time>
      </trkpt>
      <trkpt lat="49.051394" lon="15.014378">
        <time>2026-04-05T08:49:58.000Z</time>
      </trkpt>
      <trkpt lat="49.051379" lon="15.014398">
        <time>2026-04-05T08:49:59.000Z</time>
      </trkpt>
      <trkpt lat="49.051362" lon="15.014422">
        <time>2026-04-05T08:50:00.000Z</time>
      </trkpt>
      <trkpt lat="49.051349" lon="15.014458">
        <time>2026-04-05T08:50:01.000Z</time>
      </trkpt>
      <trkpt lat="49.051337" lon="15.014486">
        <time>2026-04-05T08:50:02.000Z</time>
      </trkpt>
      <trkpt lat="49.051328" lon="15.014518">
        <time>2026-04-05T08:50:03.000Z</time>
      </trkpt>
      <trkpt lat="49.051313" lon="15.014534">
        <time>2026-04-05T08:50:04.000Z</time>
      </trkpt>
      <trkpt lat="49.051294" lon="15.014553">
        <time>2026-04-05T08:50:05.000Z</time>
      </trkpt>
      <trkpt lat="49.051273" lon="15.014576">
        <time>2026-04-05T08:50:06.000Z</time>
      </trkpt>
      <trkpt lat="49.05126" lon="15.014602">
        <time>2026-04-05T08:50:07.000Z</time>
      </trkpt>
      <trkpt lat="49.051239" lon="15.014628">
        <time>2026-04-05T08:50:08.000Z</time>
      </trkpt>
      <trkpt lat="49.05122" lon="15.014644">
        <time>2026-04-05T08:50:09.000Z</time>
      </trkpt>
      <trkpt lat="49.051201" lon="15.014656">
        <time>2026-04-05T08:50:10.000Z</time>
      </trkpt>
      <trkpt lat="49.051174" lon="15.014673">
        <time>2026-04-05T08:50:11.000Z</time>
      </trkpt>
      <trkpt lat="49.051159" lon="15.01469">
        <time>2026-04-05T08:50:12.000Z</time>
      </trkpt>
      <trkpt lat="49.051142" lon="15.014706">
        <time>2026-04-05T08:50:13.000Z</time>
      </trkpt>
      <trkpt lat="49.051129" lon="15.014718">
        <time>2026-04-05T08:50:14.000Z</time>
      </trkpt>
      <trkpt lat="49.051114" lon="15.014733">
        <time>2026-04-05T08:50:15.000Z</time>
      </trkpt>
      <trkpt lat="49.051097" lon="15.014753">
        <time>2026-04-05T08:50:16.000Z</time>
      </trkpt>
      <trkpt lat="49.051087" lon="15.014777">
        <time>2026-04-05T08:50:17.000Z</time>
      </trkpt>
      <trkpt lat="49.051079" lon="15.014798">
        <time>2026-04-05T08:50:18.000Z</time>
      </trkpt>
      <trkpt lat="49.051069" lon="15.014826">
        <time>2026-04-05T08:50:19.000Z</time>
      </trkpt>
      <trkpt lat="49.051062" lon="15.014849">
        <time>2026-04-05T08:50:20.000Z</time>
      </trkpt>
      <trkpt lat="49.051046" lon="15.014884">
        <time>2026-04-05T08:50:21.000Z</time>
      </trkpt>
      <trkpt lat="49.051039" lon="15.014905">
        <time>2026-04-05T08:50:22.000Z</time>
      </trkpt>
      <trkpt lat="49.05103" lon="15.014923">
        <time>2026-04-05T08:50:23.000Z</time>
      </trkpt>
      <trkpt lat="49.051016" lon="15.014947">
        <time>2026-04-05T08:50:24.000Z</time>
      </trkpt>
      <trkpt lat="49.051001" lon="15.014965">
        <time>2026-04-05T08:50:25.000Z</time>
      </trkpt>
      <trkpt lat="49.050983" lon="15.01498">
        <time>2026-04-05T08:50:26.000Z</time>
      </trkpt>
      <trkpt lat="49.050957" lon="15.014992">
        <time>2026-04-05T08:50:27.000Z</time>
      </trkpt>
      <trkpt lat="49.050937" lon="15.015003">
        <time>2026-04-05T08:50:28.000Z</time>
      </trkpt>
      <trkpt lat="49.050922" lon="15.015018">
        <time>2026-04-05T08:50:29.000Z</time>
      </trkpt>
      <trkpt lat="49.050901" lon="15.015036">
        <time>2026-04-05T08:50:30.000Z</time>
      </trkpt>
      <trkpt lat="49.050883" lon="15.015058">
        <time>2026-04-05T08:50:31.000Z</time>
      </trkpt>
      <trkpt lat="49.050866" lon="15.015077">
        <time>2026-04-05T08:50:32.000Z</time>
      </trkpt>
      <trkpt lat="49.050852" lon="15.015092">
        <time>2026-04-05T08:50:33.000Z</time>
      </trkpt>
      <trkpt lat="49.050833" lon="15.015106">
        <time>2026-04-05T08:50:34.000Z</time>
      </trkpt>
      <trkpt lat="49.050817" lon="15.015113">
        <time>2026-04-05T08:50:35.000Z</time>
      </trkpt>
      <trkpt lat="49.050791" lon="15.015129">
        <time>2026-04-05T08:50:36.000Z</time>
      </trkpt>
      <trkpt lat="49.050767" lon="15.01514">
        <time>2026-04-05T08:50:37.000Z</time>
      </trkpt>
      <trkpt lat="49.050753" lon="15.015156">
        <time>2026-04-05T08:50:38.000Z</time>
      </trkpt>
      <trkpt lat="49.05074" lon="15.015174">
        <time>2026-04-05T08:50:39.000Z</time>
      </trkpt>
      <trkpt lat="49.050716" lon="15.015191">
        <time>2026-04-05T08:50:40.000Z</time>
      </trkpt>
      <trkpt lat="49.05069" lon="15.015194">
        <time>2026-04-05T08:50:41.000Z</time>
      </trkpt>
      <trkpt lat="49.050669" lon="15.015201">
        <time>2026-04-05T08:50:42.000Z</time>
      </trkpt>
      <trkpt lat="49.050645" lon="15.015207">
        <time>2026-04-05T08:50:43.000Z</time>
      </trkpt>
      <trkpt lat="49.050624" lon="15.015217">
        <time>2026-04-05T08:50:44.000Z</time>
      </trkpt>
      <trkpt lat="49.050606" lon="15.015228">
        <time>2026-04-05T08:50:45.000Z</time>
      </trkpt>
      <trkpt lat="49.050587" lon="15.015245">
        <time>2026-04-05T08:50:46.000Z</time>
      </trkpt>
      <trkpt lat="49.050567" lon="15.015268">
        <time>2026-04-05T08:50:47.000Z</time>
      </trkpt>
      <trkpt lat="49.050554" lon="15.015285">
        <time>2026-04-05T08:50:48.000Z</time>
      </trkpt>
      <trkpt lat="49.050541" lon="15.015295">
        <time>2026-04-05T08:50:49.000Z</time>
      </trkpt>
      <trkpt lat="49.050521" lon="15.015296">
        <time>2026-04-05T08:50:50.000Z</time>
      </trkpt>
      <trkpt lat="49.050514" lon="15.015314">
        <time>2026-04-05T08:50:51.000Z</time>
      </trkpt>
      <trkpt lat="49.050518" lon="15.015338">
        <time>2026-04-05T08:50:52.000Z</time>
      </trkpt>
      <trkpt lat="49.050525" lon="15.015358">
        <time>2026-04-05T08:50:53.000Z</time>
      </trkpt>
      <trkpt lat="49.050533" lon="15.015378">
        <time>2026-04-05T08:50:54.000Z</time>
      </trkpt>
      <trkpt lat="49.05054" lon="15.015394">
        <time>2026-04-05T08:50:55.000Z</time>
      </trkpt>
      <trkpt lat="49.050547" lon="15.015415">
        <time>2026-04-05T08:50:56.000Z</time>
      </trkpt>
      <trkpt lat="49.050563" lon="15.015445">
        <time>2026-04-05T08:50:57.000Z</time>
      </trkpt>
      <trkpt lat="49.050575" lon="15.015463">
        <time>2026-04-05T08:50:58.000Z</time>
      </trkpt>
      <trkpt lat="49.050587" lon="15.015479">
        <time>2026-04-05T08:50:59.000Z</time>
      </trkpt>
      <trkpt lat="49.050595" lon="15.015493">
        <time>2026-04-05T08:51:00.000Z</time>
      </trkpt>
      <trkpt lat="49.050598" lon="15.015516">
        <time>2026-04-05T08:51:01.000Z</time>
      </trkpt>
      <trkpt lat="49.050597" lon="15.015551">
        <time>2026-04-05T08:51:02.000Z</time>
      </trkpt>
      <trkpt lat="49.050591" lon="15.01557">
        <time>2026-04-05T08:51:03.000Z</time>
      </trkpt>
      <trkpt lat="49.050582" lon="15.015589">
        <time>2026-04-05T08:51:04.000Z</time>
      </trkpt>
      <trkpt lat="49.050576" lon="15.015609">
        <time>2026-04-05T08:51:05.000Z</time>
      </trkpt>
      <trkpt lat="49.050567" lon="15.015628">
        <time>2026-04-05T08:51:06.000Z</time>
      </trkpt>
      <trkpt lat="49.050557" lon="15.015652">
        <time>2026-04-05T08:51:07.000Z</time>
      </trkpt>
      <trkpt lat="49.050544" lon="15.015684">
        <time>2026-04-05T08:51:08.000Z</time>
      </trkpt>
      <trkpt lat="49.050535" lon="15.015714">
        <time>2026-04-05T08:51:09.000Z</time>
      </trkpt>
      <trkpt lat="49.050527" lon="15.01574">
        <time>2026-04-05T08:51:10.000Z</time>
      </trkpt>
      <trkpt lat="49.050518" lon="15.015766">
        <time>2026-04-05T08:51:11.000Z</time>
      </trkpt>
      <trkpt lat="49.050505" lon="15.015792">
        <time>2026-04-05T08:51:12.000Z</time>
      </trkpt>
      <trkpt lat="49.050491" lon="15.015819">
        <time>2026-04-05T08:51:13.000Z</time>
      </trkpt>
      <trkpt lat="49.050476" lon="15.015855">
        <time>2026-04-05T08:51:14.000Z</time>
      </trkpt>
      <trkpt lat="49.050458" lon="15.015886">
        <time>2026-04-05T08:51:15.000Z</time>
      </trkpt>
      <trkpt lat="49.050444" lon="15.015902">
        <time>2026-04-05T08:51:16.000Z</time>
      </trkpt>
      <trkpt lat="49.05043" lon="15.015926">
        <time>2026-04-05T08:51:17.000Z</time>
      </trkpt>
      <trkpt lat="49.050417" lon="15.015953">
        <time>2026-04-05T08:51:18.000Z</time>
      </trkpt>
      <trkpt lat="49.050407" lon="15.015978">
        <time>2026-04-05T08:51:19.000Z</time>
      </trkpt>
      <trkpt lat="49.050397" lon="15.016004">
        <time>2026-04-05T08:51:20.000Z</time>
      </trkpt>
      <trkpt lat="49.050397" lon="15.016025">
        <time>2026-04-05T08:51:21.000Z</time>
      </trkpt>
      <trkpt lat="49.050396" lon="15.016051">
        <time>2026-04-05T08:51:22.000Z</time>
      </trkpt>
      <trkpt lat="49.050393" lon="15.01609">
        <time>2026-04-05T08:51:23.000Z</time>
      </trkpt>
      <trkpt lat="49.050389" lon="15.016129">
        <time>2026-04-05T08:51:24.000Z</time>
      </trkpt>
      <trkpt lat="49.050388" lon="15.016158">
        <time>2026-04-05T08:51:25.000Z</time>
      </trkpt>
      <trkpt lat="49.050386" lon="15.016188">
        <time>2026-04-05T08:51:26.000Z</time>
      </trkpt>
      <trkpt lat="49.050382" lon="15.016213">
        <time>2026-04-05T08:51:27.000Z</time>
      </trkpt>
      <trkpt lat="49.050377" lon="15.016243">
        <time>2026-04-05T08:51:28.000Z</time>
      </trkpt>
      <trkpt lat="49.05036" lon="15.016258">
        <time>2026-04-05T08:51:29.000Z</time>
      </trkpt>
      <trkpt lat="49.050343" lon="15.016272">
        <time>2026-04-05T08:51:30.000Z</time>
      </trkpt>
      <trkpt lat="49.050334" lon="15.016299">
        <time>2026-04-05T08:51:31.000Z</time>
      </trkpt>
      <trkpt lat="49.050325" lon="15.016324">
        <time>2026-04-05T08:51:32.000Z</time>
      </trkpt>
      <trkpt lat="49.050311" lon="15.016339">
        <time>2026-04-05T08:51:33.000Z</time>
      </trkpt>
      <trkpt lat="49.0503" lon="15.016356">
        <time>2026-04-05T08:51:34.000Z</time>
      </trkpt>
      <trkpt lat="49.050293" lon="15.016378">
        <time>2026-04-05T08:51:35.000Z</time>
      </trkpt>
      <trkpt lat="49.050288" lon="15.016398">
        <time>2026-04-05T08:51:36.000Z</time>
      </trkpt>
      <trkpt lat="49.050291" lon="15.016438">
        <time>2026-04-05T08:51:37.000Z</time>
      </trkpt>
      <trkpt lat="49.050293" lon="15.016463">
        <time>2026-04-05T08:51:38.000Z</time>
      </trkpt>
      <trkpt lat="49.050289" lon="15.016477">
        <time>2026-04-05T08:51:39.000Z</time>
      </trkpt>
      <trkpt lat="49.050291" lon="15.016503">
        <time>2026-04-05T08:51:40.000Z</time>
      </trkpt>
      <trkpt lat="49.050288" lon="15.016532">
        <time>2026-04-05T08:51:41.000Z</time>
      </trkpt>
      <trkpt lat="49.050282" lon="15.016566">
        <time>2026-04-05T08:51:42.000Z</time>
      </trkpt>
      <trkpt lat="49.050279" lon="15.016598">
        <time>2026-04-05T08:51:43.000Z</time>
      </trkpt>
      <trkpt lat="49.050278" lon="15.01662">
        <time>2026-04-05T08:51:44.000Z</time>
      </trkpt>
      <trkpt lat="49.050273" lon="15.016649">
        <time>2026-04-05T08:51:45.000Z</time>
      </trkpt>
      <trkpt lat="49.050263" lon="15.016676">
        <time>2026-04-05T08:51:46.000Z</time>
      </trkpt>
      <trkpt lat="49.050251" lon="15.016699">
        <time>2026-04-05T08:51:47.000Z</time>
      </trkpt>
      <trkpt lat="49.050235" lon="15.016722">
        <time>2026-04-05T08:51:48.000Z</time>
      </trkpt>
      <trkpt lat="49.050229" lon="15.016744">
        <time>2026-04-05T08:51:49.000Z</time>
      </trkpt>
      <trkpt lat="49.050227" lon="15.016767">
        <time>2026-04-05T08:51:50.000Z</time>
      </trkpt>
      <trkpt lat="49.050223" lon="15.016792">
        <time>2026-04-05T08:51:51.000Z</time>
      </trkpt>
      <trkpt lat="49.050217" lon="15.016818">
        <time>2026-04-05T08:51:52.000Z</time>
      </trkpt>
      <trkpt lat="49.050206" lon="15.016857">
        <time>2026-04-05T08:51:53.000Z</time>
      </trkpt>
      <trkpt lat="49.050194" lon="15.016888">
        <time>2026-04-05T08:51:54.000Z</time>
      </trkpt>
      <trkpt lat="49.05018" lon="15.016913">
        <time>2026-04-05T08:51:55.000Z</time>
      </trkpt>
      <trkpt lat="49.050162" lon="15.016939">
        <time>2026-04-05T08:51:56.000Z</time>
      </trkpt>
      <trkpt lat="49.050148" lon="15.016962">
        <time>2026-04-05T08:51:57.000Z</time>
      </trkpt>
      <trkpt lat="49.050133" lon="15.016989">
        <time>2026-04-05T08:51:58.000Z</time>
      </trkpt>
      <trkpt lat="49.050126" lon="15.017023">
        <time>2026-04-05T08:51:59.000Z</time>
      </trkpt>
      <trkpt lat="49.050119" lon="15.017039">
        <time>2026-04-05T08:52:00.000Z</time>
      </trkpt>
      <trkpt lat="49.050117" lon="15.01706">
        <time>2026-04-05T08:52:01.000Z</time>
      </trkpt>
      <trkpt lat="49.050121" lon="15.017077">
        <time>2026-04-05T08:52:02.000Z</time>
      </trkpt>
      <trkpt lat="49.050124" lon="15.01708">
        <time>2026-04-05T08:52:03.000Z</time>
      </trkpt>
      <trkpt lat="49.050133" lon="15.017088">
        <time>2026-04-05T08:52:04.000Z</time>
      </trkpt>
      <trkpt lat="49.050143" lon="15.017102">
        <time>2026-04-05T08:52:05.000Z</time>
      </trkpt>
      <trkpt lat="49.05015" lon="15.017122">
        <time>2026-04-05T08:52:06.000Z</time>
      </trkpt>
      <trkpt lat="49.050143" lon="15.017126">
        <time>2026-04-05T08:52:07.000Z</time>
      </trkpt>
      <trkpt lat="49.050136" lon="15.017137">
        <time>2026-04-05T08:52:08.000Z</time>
      </trkpt>
      <trkpt lat="49.050142" lon="15.017137">
        <time>2026-04-05T08:52:09.000Z</time>
      </trkpt>
      <trkpt lat="49.05015" lon="15.017137">
        <time>2026-04-05T08:52:10.000Z</time>
      </trkpt>
      <trkpt lat="49.05016" lon="15.017147">
        <time>2026-04-05T08:52:11.000Z</time>
      </trkpt>
      <trkpt lat="49.050168" lon="15.01715">
        <time>2026-04-05T08:52:12.000Z</time>
      </trkpt>
      <trkpt lat="49.050176" lon="15.017154">
        <time>2026-04-05T08:52:13.000Z</time>
      </trkpt>
      <trkpt lat="49.050181" lon="15.017154">
        <time>2026-04-05T08:52:14.000Z</time>
      </trkpt>
      <trkpt lat="49.050182" lon="15.017154">
        <time>2026-04-05T08:52:15.000Z</time>
      </trkpt>
      <trkpt lat="49.050183" lon="15.017152">
        <time>2026-04-05T08:52:16.000Z</time>
      </trkpt>
      <trkpt lat="49.050188" lon="15.017159">
        <time>2026-04-05T08:52:17.000Z</time>
      </trkpt>
      <trkpt lat="49.050187" lon="15.017165">
        <time>2026-04-05T08:52:18.000Z</time>
      </trkpt>
      <trkpt lat="49.050187" lon="15.017169">
        <time>2026-04-05T08:52:19.000Z</time>
      </trkpt>
    </trkseg>
  </trk>
</gpx>
