<?xml version="1.0" encoding="UTF-8"?>
<gpx version="1.1" creator="Livelox" xmlns="http://www.topografix.com/GPX/1/1" xmlns:xsi="http://www.w3.org/2001/XMLSchema-instance" xsi:schemaLocation="http://www.topografix.com/GPX/1/1 http://www.topografix.com/GPX/1/1/gpx.xsd http://www.garmin.com/xmlschemas/GpxExtensions/v3 http://www.garmin.com/xmlschemas/GpxExtensionsv3.xsd http://www.garmin.com/xmlschemas/TrackPointExtension/v1 http://www.garmin.com/xmlschemas/TrackPointExtensionv1.xsd http://www.garmin.com/xmlschemas/PowerExtension/v1 http://www.garmin.com/xmlschemas/PowerExtensionv1.xsd http://www.topografix.com/GPX/gpx_style/0/2 http://www.topografix.com/GPX/gpx_style/0/2/gpx_style.xsd" xmlns:gpxtpx="http://www.garmin.com/xmlschemas/TrackPointExtension/v1" xmlns:gpxx="http://www.garmin.com/xmlschemas/GpxExtensions/v3" xmlns:gpxpx="http://www.garmin.com/xmlschemas/PowerExtension/v1" xmlns:gpx_style="http://www.topografix.com/GPX/gpx_style/0/2">
  <metadata>
    <name>5. 4. 2026 Velikonoce PGP - middle, H18-21_Top Masters, Luhan Jakub</name>
    <author>
      <name>gpx.studio</name>
      <link href="https://gpx.studio"/>
    </author>
  </metadata>
  <trk>
    <name>5. 4. 2026 Velikonoce PGP - middle, H18-21_Top Masters, Luhan Jakub</name>
    <trkseg>
      <trkpt lat="49.050052" lon="15.018015">
        <time>2026-04-05T07:56:05.000Z</time>
      </trkpt>
      <trkpt lat="49.050054" lon="15.018016">
        <time>2026-04-05T07:56:06.000Z</time>
      </trkpt>
      <trkpt lat="49.050056" lon="15.018013">
        <time>2026-04-05T07:56:07.000Z</time>
      </trkpt>
      <trkpt lat="49.050067" lon="15.018021">
        <time>2026-04-05T07:56:08.000Z</time>
      </trkpt>
      <trkpt lat="49.050079" lon="15.018026">
        <time>2026-04-05T07:56:09.000Z</time>
      </trkpt>
      <trkpt lat="49.050089" lon="15.018029">
        <time>2026-04-05T07:56:10.000Z</time>
      </trkpt>
      <trkpt lat="49.05011" lon="15.018048">
        <time>2026-04-05T07:56:11.000Z</time>
      </trkpt>
      <trkpt lat="49.050121" lon="15.018056">
        <time>2026-04-05T07:56:12.000Z</time>
      </trkpt>
      <trkpt lat="49.050139" lon="15.018074">
        <time>2026-04-05T07:56:13.000Z</time>
      </trkpt>
      <trkpt lat="49.05016" lon="15.018093">
        <time>2026-04-05T07:56:14.000Z</time>
      </trkpt>
      <trkpt lat="49.050174" lon="15.018103">
        <time>2026-04-05T07:56:15.000Z</time>
      </trkpt>
      <trkpt lat="49.050193" lon="15.018111">
        <time>2026-04-05T07:56:16.000Z</time>
      </trkpt>
      <trkpt lat="49.050217" lon="15.018127">
        <time>2026-04-05T07:56:17.000Z</time>
      </trkpt>
      <trkpt lat="49.050245" lon="15.018143">
        <time>2026-04-05T07:56:18.000Z</time>
      </trkpt>
      <trkpt lat="49.050267" lon="15.018159">
        <time>2026-04-05T07:56:19.000Z</time>
      </trkpt>
      <trkpt lat="49.050286" lon="15.018172">
        <time>2026-04-05T07:56:20.000Z</time>
      </trkpt>
      <trkpt lat="49.050304" lon="15.01819">
        <time>2026-04-05T07:56:21.000Z</time>
      </trkpt>
      <trkpt lat="49.050322" lon="15.018211">
        <time>2026-04-05T07:56:22.000Z</time>
      </trkpt>
      <trkpt lat="49.050343" lon="15.018229">
        <time>2026-04-05T07:56:23.000Z</time>
      </trkpt>
      <trkpt lat="49.050369" lon="15.018254">
        <time>2026-04-05T07:56:24.000Z</time>
      </trkpt>
      <trkpt lat="49.050384" lon="15.018272">
        <time>2026-04-05T07:56:25.000Z</time>
      </trkpt>
      <trkpt lat="49.050405" lon="15.018296">
        <time>2026-04-05T07:56:26.000Z</time>
      </trkpt>
      <trkpt lat="49.050414" lon="15.018319">
        <time>2026-04-05T07:56:27.000Z</time>
      </trkpt>
      <trkpt lat="49.050414" lon="15.018345">
        <time>2026-04-05T07:56:28.000Z</time>
      </trkpt>
      <trkpt lat="49.050418" lon="15.018371">
        <time>2026-04-05T07:56:29.000Z</time>
      </trkpt>
      <trkpt lat="49.050414" lon="15.018393">
        <time>2026-04-05T07:56:30.000Z</time>
      </trkpt>
      <trkpt lat="49.050415" lon="15.018417">
        <time>2026-04-05T07:56:31.000Z</time>
      </trkpt>
      <trkpt lat="49.050432" lon="15.018464">
        <time>2026-04-05T07:56:32.000Z</time>
      </trkpt>
      <trkpt lat="49.050435" lon="15.018502">
        <time>2026-04-05T07:56:33.000Z</time>
      </trkpt>
      <trkpt lat="49.050442" lon="15.018537">
        <time>2026-04-05T07:56:34.000Z</time>
      </trkpt>
      <trkpt lat="49.050448" lon="15.018569">
        <time>2026-04-05T07:56:35.000Z</time>
      </trkpt>
      <trkpt lat="49.050449" lon="15.018607">
        <time>2026-04-05T07:56:36.000Z</time>
      </trkpt>
      <trkpt lat="49.050451" lon="15.018637">
        <time>2026-04-05T07:56:37.000Z</time>
      </trkpt>
      <trkpt lat="49.050456" lon="15.018659">
        <time>2026-04-05T07:56:38.000Z</time>
      </trkpt>
      <trkpt lat="49.050476" lon="15.018691">
        <time>2026-04-05T07:56:39.000Z</time>
      </trkpt>
      <trkpt lat="49.050493" lon="15.018726">
        <time>2026-04-05T07:56:40.000Z</time>
      </trkpt>
      <trkpt lat="49.050499" lon="15.018758">
        <time>2026-04-05T07:56:41.000Z</time>
      </trkpt>
      <trkpt lat="49.050502" lon="15.018797">
        <time>2026-04-05T07:56:42.000Z</time>
      </trkpt>
      <trkpt lat="49.050509" lon="15.018828">
        <time>2026-04-05T07:56:43.000Z</time>
      </trkpt>
      <trkpt lat="49.050511" lon="15.018867">
        <time>2026-04-05T07:56:44.000Z</time>
      </trkpt>
      <trkpt lat="49.050522" lon="15.018908">
        <time>2026-04-05T07:56:45.000Z</time>
      </trkpt>
      <trkpt lat="49.050535" lon="15.018959">
        <time>2026-04-05T07:56:46.000Z</time>
      </trkpt>
      <trkpt lat="49.050544" lon="15.018994">
        <time>2026-04-05T07:56:47.000Z</time>
      </trkpt>
      <trkpt lat="49.050552" lon="15.019029">
        <time>2026-04-05T07:56:48.000Z</time>
      </trkpt>
      <trkpt lat="49.050571" lon="15.019068">
        <time>2026-04-05T07:56:49.000Z</time>
      </trkpt>
      <trkpt lat="49.050588" lon="15.019108">
        <time>2026-04-05T07:56:50.000Z</time>
      </trkpt>
      <trkpt lat="49.050609" lon="15.019143">
        <time>2026-04-05T07:56:51.000Z</time>
      </trkpt>
      <trkpt lat="49.050627" lon="15.019187">
        <time>2026-04-05T07:56:52.000Z</time>
      </trkpt>
      <trkpt lat="49.050646" lon="15.019218">
        <time>2026-04-05T07:56:53.000Z</time>
      </trkpt>
      <trkpt lat="49.050659" lon="15.019249">
        <time>2026-04-05T07:56:54.000Z</time>
      </trkpt>
      <trkpt lat="49.050674" lon="15.019303">
        <time>2026-04-05T07:56:55.000Z</time>
      </trkpt>
      <trkpt lat="49.050687" lon="15.019348">
        <time>2026-04-05T07:56:56.000Z</time>
      </trkpt>
      <trkpt lat="49.050711" lon="15.019403">
        <time>2026-04-05T07:56:57.000Z</time>
      </trkpt>
      <trkpt lat="49.050724" lon="15.019432">
        <time>2026-04-05T07:56:58.000Z</time>
      </trkpt>
      <trkpt lat="49.050727" lon="15.019455">
        <time>2026-04-05T07:56:59.000Z</time>
      </trkpt>
      <trkpt lat="49.050736" lon="15.019477">
        <time>2026-04-05T07:57:00.000Z</time>
      </trkpt>
      <trkpt lat="49.050745" lon="15.019494">
        <time>2026-04-05T07:57:01.000Z</time>
      </trkpt>
      <trkpt lat="49.050756" lon="15.019518">
        <time>2026-04-05T07:57:02.000Z</time>
      </trkpt>
      <trkpt lat="49.050779" lon="15.019559">
        <time>2026-04-05T07:57:03.000Z</time>
      </trkpt>
      <trkpt lat="49.050798" lon="15.019597">
        <time>2026-04-05T07:57:04.000Z</time>
      </trkpt>
      <trkpt lat="49.050822" lon="15.019635">
        <time>2026-04-05T07:57:05.000Z</time>
      </trkpt>
      <trkpt lat="49.050841" lon="15.019666">
        <time>2026-04-05T07:57:06.000Z</time>
      </trkpt>
      <trkpt lat="49.050853" lon="15.019688">
        <time>2026-04-05T07:57:07.000Z</time>
      </trkpt>
      <trkpt lat="49.050863" lon="15.019708">
        <time>2026-04-05T07:57:08.000Z</time>
      </trkpt>
      <trkpt lat="49.050888" lon="15.019739">
        <time>2026-04-05T07:57:09.000Z</time>
      </trkpt>
      <trkpt lat="49.050911" lon="15.019771">
        <time>2026-04-05T07:57:10.000Z</time>
      </trkpt>
      <trkpt lat="49.050932" lon="15.019804">
        <time>2026-04-05T07:57:11.000Z</time>
      </trkpt>
      <trkpt lat="49.050947" lon="15.019837">
        <time>2026-04-05T07:57:12.000Z</time>
      </trkpt>
      <trkpt lat="49.050952" lon="15.019869">
        <time>2026-04-05T07:57:13.000Z</time>
      </trkpt>
      <trkpt lat="49.050958" lon="15.019905">
        <time>2026-04-05T07:57:14.000Z</time>
      </trkpt>
      <trkpt lat="49.050974" lon="15.019947">
        <time>2026-04-05T07:57:15.000Z</time>
      </trkpt>
      <trkpt lat="49.050977" lon="15.019975">
        <time>2026-04-05T07:57:16.000Z</time>
      </trkpt>
      <trkpt lat="49.050988" lon="15.020013">
        <time>2026-04-05T07:57:17.000Z</time>
      </trkpt>
      <trkpt lat="49.051006" lon="15.020053">
        <time>2026-04-05T07:57:18.000Z</time>
      </trkpt>
      <trkpt lat="49.051024" lon="15.020087">
        <time>2026-04-05T07:57:19.000Z</time>
      </trkpt>
      <trkpt lat="49.051039" lon="15.020109">
        <time>2026-04-05T07:57:20.000Z</time>
      </trkpt>
      <trkpt lat="49.051044" lon="15.020116">
        <time>2026-04-05T07:57:21.000Z</time>
      </trkpt>
      <trkpt lat="49.051054" lon="15.020124">
        <time>2026-04-05T07:57:22.000Z</time>
      </trkpt>
      <trkpt lat="49.05107" lon="15.020131">
        <time>2026-04-05T07:57:23.000Z</time>
      </trkpt>
      <trkpt lat="49.051089" lon="15.020131">
        <time>2026-04-05T07:57:24.000Z</time>
      </trkpt>
      <trkpt lat="49.051099" lon="15.020118">
        <time>2026-04-05T07:57:25.000Z</time>
      </trkpt>
      <trkpt lat="49.051114" lon="15.020114">
        <time>2026-04-05T07:57:26.000Z</time>
      </trkpt>
      <trkpt lat="49.051121" lon="15.020093">
        <time>2026-04-05T07:57:27.000Z</time>
      </trkpt>
      <trkpt lat="49.051131" lon="15.020073">
        <time>2026-04-05T07:57:28.000Z</time>
      </trkpt>
      <trkpt lat="49.051139" lon="15.020054">
        <time>2026-04-05T07:57:29.000Z</time>
      </trkpt>
      <trkpt lat="49.051156" lon="15.020036">
        <time>2026-04-05T07:57:30.000Z</time>
      </trkpt>
      <trkpt lat="49.051174" lon="15.020017">
        <time>2026-04-05T07:57:31.000Z</time>
      </trkpt>
      <trkpt lat="49.051195" lon="15.020005">
        <time>2026-04-05T07:57:32.000Z</time>
      </trkpt>
      <trkpt lat="49.051214" lon="15.019992">
        <time>2026-04-05T07:57:33.000Z</time>
      </trkpt>
      <trkpt lat="49.051222" lon="15.019978">
        <time>2026-04-05T07:57:34.000Z</time>
      </trkpt>
      <trkpt lat="49.051236" lon="15.019972">
        <time>2026-04-05T07:57:35.000Z</time>
      </trkpt>
      <trkpt lat="49.051254" lon="15.019972">
        <time>2026-04-05T07:57:36.000Z</time>
      </trkpt>
      <trkpt lat="49.051283" lon="15.019975">
        <time>2026-04-05T07:57:37.000Z</time>
      </trkpt>
      <trkpt lat="49.05131" lon="15.019986">
        <time>2026-04-05T07:57:38.000Z</time>
      </trkpt>
      <trkpt lat="49.051346" lon="15.019998">
        <time>2026-04-05T07:57:39.000Z</time>
      </trkpt>
      <trkpt lat="49.051376" lon="15.020001">
        <time>2026-04-05T07:57:40.000Z</time>
      </trkpt>
      <trkpt lat="49.051395" lon="15.019989">
        <time>2026-04-05T07:57:41.000Z</time>
      </trkpt>
      <trkpt lat="49.051414" lon="15.019974">
        <time>2026-04-05T07:57:42.000Z</time>
      </trkpt>
      <trkpt lat="49.051413" lon="15.019936">
        <time>2026-04-05T07:57:43.000Z</time>
      </trkpt>
      <trkpt lat="49.051414" lon="15.019903">
        <time>2026-04-05T07:57:44.000Z</time>
      </trkpt>
      <trkpt lat="49.051427" lon="15.019881">
        <time>2026-04-05T07:57:45.000Z</time>
      </trkpt>
      <trkpt lat="49.051439" lon="15.019853">
        <time>2026-04-05T07:57:46.000Z</time>
      </trkpt>
      <trkpt lat="49.051456" lon="15.019832">
        <time>2026-04-05T07:57:47.000Z</time>
      </trkpt>
      <trkpt lat="49.051481" lon="15.01982">
        <time>2026-04-05T07:57:48.000Z</time>
      </trkpt>
      <trkpt lat="49.0515" lon="15.019803">
        <time>2026-04-05T07:57:49.000Z</time>
      </trkpt>
      <trkpt lat="49.051517" lon="15.019786">
        <time>2026-04-05T07:57:50.000Z</time>
      </trkpt>
      <trkpt lat="49.051548" lon="15.01978">
        <time>2026-04-05T07:57:51.000Z</time>
      </trkpt>
      <trkpt lat="49.051569" lon="15.019772">
        <time>2026-04-05T07:57:52.000Z</time>
      </trkpt>
      <trkpt lat="49.0516" lon="15.019769">
        <time>2026-04-05T07:57:53.000Z</time>
      </trkpt>
      <trkpt lat="49.051632" lon="15.019768">
        <time>2026-04-05T07:57:54.000Z</time>
      </trkpt>
      <trkpt lat="49.051658" lon="15.019767">
        <time>2026-04-05T07:57:55.000Z</time>
      </trkpt>
      <trkpt lat="49.051687" lon="15.019762">
        <time>2026-04-05T07:57:56.000Z</time>
      </trkpt>
      <trkpt lat="49.051707" lon="15.019745">
        <time>2026-04-05T07:57:57.000Z</time>
      </trkpt>
      <trkpt lat="49.051719" lon="15.019726">
        <time>2026-04-05T07:57:58.000Z</time>
      </trkpt>
      <trkpt lat="49.051729" lon="15.019706">
        <time>2026-04-05T07:57:59.000Z</time>
      </trkpt>
      <trkpt lat="49.051741" lon="15.019695">
        <time>2026-04-05T07:58:00.000Z</time>
      </trkpt>
      <trkpt lat="49.051758" lon="15.019695">
        <time>2026-04-05T07:58:01.000Z</time>
      </trkpt>
      <trkpt lat="49.051791" lon="15.019703">
        <time>2026-04-05T07:58:02.000Z</time>
      </trkpt>
      <trkpt lat="49.051812" lon="15.019696">
        <time>2026-04-05T07:58:03.000Z</time>
      </trkpt>
      <trkpt lat="49.051828" lon="15.019679">
        <time>2026-04-05T07:58:04.000Z</time>
      </trkpt>
      <trkpt lat="49.051851" lon="15.019667">
        <time>2026-04-05T07:58:05.000Z</time>
      </trkpt>
      <trkpt lat="49.051874" lon="15.019655">
        <time>2026-04-05T07:58:06.000Z</time>
      </trkpt>
      <trkpt lat="49.051899" lon="15.019652">
        <time>2026-04-05T07:58:07.000Z</time>
      </trkpt>
      <trkpt lat="49.051925" lon="15.01965">
        <time>2026-04-05T07:58:08.000Z</time>
      </trkpt>
      <trkpt lat="49.051934" lon="15.019638">
        <time>2026-04-05T07:58:09.000Z</time>
      </trkpt>
      <trkpt lat="49.051946" lon="15.01962">
        <time>2026-04-05T07:58:10.000Z</time>
      </trkpt>
      <trkpt lat="49.05196" lon="15.019602">
        <time>2026-04-05T07:58:11.000Z</time>
      </trkpt>
      <trkpt lat="49.051974" lon="15.019591">
        <time>2026-04-05T07:58:12.000Z</time>
      </trkpt>
      <trkpt lat="49.051977" lon="15.019569">
        <time>2026-04-05T07:58:13.000Z</time>
      </trkpt>
      <trkpt lat="49.051983" lon="15.019553">
        <time>2026-04-05T07:58:14.000Z</time>
      </trkpt>
      <trkpt lat="49.051993" lon="15.01955">
        <time>2026-04-05T07:58:15.000Z</time>
      </trkpt>
      <trkpt lat="49.052001" lon="15.019555">
        <time>2026-04-05T07:58:16.000Z</time>
      </trkpt>
      <trkpt lat="49.052024" lon="15.01957">
        <time>2026-04-05T07:58:17.000Z</time>
      </trkpt>
      <trkpt lat="49.052064" lon="15.019599">
        <time>2026-04-05T07:58:18.000Z</time>
      </trkpt>
      <trkpt lat="49.052089" lon="15.019625">
        <time>2026-04-05T07:58:19.000Z</time>
      </trkpt>
      <trkpt lat="49.052109" lon="15.019651">
        <time>2026-04-05T07:58:20.000Z</time>
      </trkpt>
      <trkpt lat="49.052141" lon="15.019678">
        <time>2026-04-05T07:58:21.000Z</time>
      </trkpt>
      <trkpt lat="49.052143" lon="15.019689">
        <time>2026-04-05T07:58:22.000Z</time>
      </trkpt>
      <trkpt lat="49.052169" lon="15.019716">
        <time>2026-04-05T07:58:23.000Z</time>
      </trkpt>
      <trkpt lat="49.052181" lon="15.019742">
        <time>2026-04-05T07:58:24.000Z</time>
      </trkpt>
      <trkpt lat="49.052189" lon="15.019768">
        <time>2026-04-05T07:58:25.000Z</time>
      </trkpt>
      <trkpt lat="49.052208" lon="15.019787">
        <time>2026-04-05T07:58:26.000Z</time>
      </trkpt>
      <trkpt lat="49.052227" lon="15.019802">
        <time>2026-04-05T07:58:27.000Z</time>
      </trkpt>
      <trkpt lat="49.052249" lon="15.019812">
        <time>2026-04-05T07:58:28.000Z</time>
      </trkpt>
      <trkpt lat="49.052287" lon="15.019821">
        <time>2026-04-05T07:58:29.000Z</time>
      </trkpt>
      <trkpt lat="49.052326" lon="15.019833">
        <time>2026-04-05T07:58:30.000Z</time>
      </trkpt>
      <trkpt lat="49.052358" lon="15.019844">
        <time>2026-04-05T07:58:31.000Z</time>
      </trkpt>
      <trkpt lat="49.052387" lon="15.019867">
        <time>2026-04-05T07:58:32.000Z</time>
      </trkpt>
      <trkpt lat="49.052411" lon="15.019891">
        <time>2026-04-05T07:58:33.000Z</time>
      </trkpt>
      <trkpt lat="49.05244" lon="15.019913">
        <time>2026-04-05T07:58:34.000Z</time>
      </trkpt>
      <trkpt lat="49.052477" lon="15.01994">
        <time>2026-04-05T07:58:35.000Z</time>
      </trkpt>
      <trkpt lat="49.052533" lon="15.019994">
        <time>2026-04-05T07:58:36.000Z</time>
      </trkpt>
      <trkpt lat="49.052576" lon="15.020026">
        <time>2026-04-05T07:58:37.000Z</time>
      </trkpt>
      <trkpt lat="49.052597" lon="15.02003">
        <time>2026-04-05T07:58:38.000Z</time>
      </trkpt>
      <trkpt lat="49.052591" lon="15.020047">
        <time>2026-04-05T07:58:39.000Z</time>
      </trkpt>
      <trkpt lat="49.052575" lon="15.020075">
        <time>2026-04-05T07:58:40.000Z</time>
      </trkpt>
      <trkpt lat="49.052561" lon="15.020122">
        <time>2026-04-05T07:58:41.000Z</time>
      </trkpt>
      <trkpt lat="49.052575" lon="15.020167">
        <time>2026-04-05T07:58:42.000Z</time>
      </trkpt>
      <trkpt lat="49.052587" lon="15.020215">
        <time>2026-04-05T07:58:43.000Z</time>
      </trkpt>
      <trkpt lat="49.052597" lon="15.020248">
        <time>2026-04-05T07:58:44.000Z</time>
      </trkpt>
      <trkpt lat="49.052599" lon="15.020275">
        <time>2026-04-05T07:58:45.000Z</time>
      </trkpt>
      <trkpt lat="49.052593" lon="15.020291">
        <time>2026-04-05T07:58:46.000Z</time>
      </trkpt>
      <trkpt lat="49.052599" lon="15.020316">
        <time>2026-04-05T07:58:47.000Z</time>
      </trkpt>
      <trkpt lat="49.052597" lon="15.020337">
        <time>2026-04-05T07:58:48.000Z</time>
      </trkpt>
      <trkpt lat="49.052599" lon="15.020354">
        <time>2026-04-05T07:58:49.000Z</time>
      </trkpt>
      <trkpt lat="49.052608" lon="15.020381">
        <time>2026-04-05T07:58:50.000Z</time>
      </trkpt>
      <trkpt lat="49.052624" lon="15.020418">
        <time>2026-04-05T07:58:51.000Z</time>
      </trkpt>
      <trkpt lat="49.052645" lon="15.020451">
        <time>2026-04-05T07:58:52.000Z</time>
      </trkpt>
      <trkpt lat="49.052665" lon="15.020485">
        <time>2026-04-05T07:58:53.000Z</time>
      </trkpt>
      <trkpt lat="49.052682" lon="15.020512">
        <time>2026-04-05T07:58:54.000Z</time>
      </trkpt>
      <trkpt lat="49.052693" lon="15.020539">
        <time>2026-04-05T07:58:55.000Z</time>
      </trkpt>
      <trkpt lat="49.05269" lon="15.020563">
        <time>2026-04-05T07:58:56.000Z</time>
      </trkpt>
      <trkpt lat="49.052705" lon="15.020589">
        <time>2026-04-05T07:58:57.000Z</time>
      </trkpt>
      <trkpt lat="49.052722" lon="15.020614">
        <time>2026-04-05T07:58:58.000Z</time>
      </trkpt>
      <trkpt lat="49.052737" lon="15.020646">
        <time>2026-04-05T07:58:59.000Z</time>
      </trkpt>
      <trkpt lat="49.052742" lon="15.020668">
        <time>2026-04-05T07:59:00.000Z</time>
      </trkpt>
      <trkpt lat="49.052748" lon="15.020697">
        <time>2026-04-05T07:59:01.000Z</time>
      </trkpt>
      <trkpt lat="49.052757" lon="15.020729">
        <time>2026-04-05T07:59:02.000Z</time>
      </trkpt>
      <trkpt lat="49.052767" lon="15.020752">
        <time>2026-04-05T07:59:03.000Z</time>
      </trkpt>
      <trkpt lat="49.052777" lon="15.020771">
        <time>2026-04-05T07:59:04.000Z</time>
      </trkpt>
      <trkpt lat="49.052792" lon="15.020793">
        <time>2026-04-05T07:59:05.000Z</time>
      </trkpt>
      <trkpt lat="49.052823" lon="15.020829">
        <time>2026-04-05T07:59:06.000Z</time>
      </trkpt>
      <trkpt lat="49.052852" lon="15.020857">
        <time>2026-04-05T07:59:07.000Z</time>
      </trkpt>
      <trkpt lat="49.05289" lon="15.020901">
        <time>2026-04-05T07:59:08.000Z</time>
      </trkpt>
      <trkpt lat="49.052914" lon="15.020942">
        <time>2026-04-05T07:59:09.000Z</time>
      </trkpt>
      <trkpt lat="49.052922" lon="15.020966">
        <time>2026-04-05T07:59:10.000Z</time>
      </trkpt>
      <trkpt lat="49.052942" lon="15.021002">
        <time>2026-04-05T07:59:11.000Z</time>
      </trkpt>
      <trkpt lat="49.05296" lon="15.021031">
        <time>2026-04-05T07:59:12.000Z</time>
      </trkpt>
      <trkpt lat="49.052978" lon="15.021056">
        <time>2026-04-05T07:59:13.000Z</time>
      </trkpt>
      <trkpt lat="49.052988" lon="15.021073">
        <time>2026-04-05T07:59:14.000Z</time>
      </trkpt>
      <trkpt lat="49.05301" lon="15.021096">
        <time>2026-04-05T07:59:15.000Z</time>
      </trkpt>
      <trkpt lat="49.053035" lon="15.021117">
        <time>2026-04-05T07:59:16.000Z</time>
      </trkpt>
      <trkpt lat="49.053059" lon="15.021137">
        <time>2026-04-05T07:59:17.000Z</time>
      </trkpt>
      <trkpt lat="49.053081" lon="15.021155">
        <time>2026-04-05T07:59:18.000Z</time>
      </trkpt>
      <trkpt lat="49.053094" lon="15.021169">
        <time>2026-04-05T07:59:19.000Z</time>
      </trkpt>
      <trkpt lat="49.053113" lon="15.021187">
        <time>2026-04-05T07:59:20.000Z</time>
      </trkpt>
      <trkpt lat="49.053142" lon="15.021225">
        <time>2026-04-05T07:59:21.000Z</time>
      </trkpt>
      <trkpt lat="49.053163" lon="15.021254">
        <time>2026-04-05T07:59:22.000Z</time>
      </trkpt>
      <trkpt lat="49.053187" lon="15.021282">
        <time>2026-04-05T07:59:23.000Z</time>
      </trkpt>
      <trkpt lat="49.053206" lon="15.021313">
        <time>2026-04-05T07:59:24.000Z</time>
      </trkpt>
      <trkpt lat="49.05322" lon="15.021345">
        <time>2026-04-05T07:59:25.000Z</time>
      </trkpt>
      <trkpt lat="49.053242" lon="15.021369">
        <time>2026-04-05T07:59:26.000Z</time>
      </trkpt>
      <trkpt lat="49.053265" lon="15.021387">
        <time>2026-04-05T07:59:27.000Z</time>
      </trkpt>
      <trkpt lat="49.053289" lon="15.021405">
        <time>2026-04-05T07:59:28.000Z</time>
      </trkpt>
      <trkpt lat="49.053314" lon="15.021422">
        <time>2026-04-05T07:59:29.000Z</time>
      </trkpt>
      <trkpt lat="49.053333" lon="15.02144">
        <time>2026-04-05T07:59:30.000Z</time>
      </trkpt>
      <trkpt lat="49.053351" lon="15.02146">
        <time>2026-04-05T07:59:31.000Z</time>
      </trkpt>
      <trkpt lat="49.05337" lon="15.021476">
        <time>2026-04-05T07:59:32.000Z</time>
      </trkpt>
      <trkpt lat="49.053375" lon="15.021485">
        <time>2026-04-05T07:59:33.000Z</time>
      </trkpt>
      <trkpt lat="49.053389" lon="15.02152">
        <time>2026-04-05T07:59:34.000Z</time>
      </trkpt>
      <trkpt lat="49.053417" lon="15.02156">
        <time>2026-04-05T07:59:35.000Z</time>
      </trkpt>
      <trkpt lat="49.053422" lon="15.021571">
        <time>2026-04-05T07:59:36.000Z</time>
      </trkpt>
      <trkpt lat="49.053435" lon="15.021583">
        <time>2026-04-05T07:59:37.000Z</time>
      </trkpt>
      <trkpt lat="49.053439" lon="15.021586">
        <time>2026-04-05T07:59:38.000Z</time>
      </trkpt>
      <trkpt lat="49.053459" lon="15.021598">
        <time>2026-04-05T07:59:39.000Z</time>
      </trkpt>
      <trkpt lat="49.053484" lon="15.021609">
        <time>2026-04-05T07:59:40.000Z</time>
      </trkpt>
      <trkpt lat="49.053506" lon="15.02162">
        <time>2026-04-05T07:59:41.000Z</time>
      </trkpt>
      <trkpt lat="49.053531" lon="15.021637">
        <time>2026-04-05T07:59:42.000Z</time>
      </trkpt>
      <trkpt lat="49.05355" lon="15.021657">
        <time>2026-04-05T07:59:43.000Z</time>
      </trkpt>
      <trkpt lat="49.053569" lon="15.021678">
        <time>2026-04-05T07:59:44.000Z</time>
      </trkpt>
      <trkpt lat="49.053587" lon="15.021703">
        <time>2026-04-05T07:59:45.000Z</time>
      </trkpt>
      <trkpt lat="49.053622" lon="15.021744">
        <time>2026-04-05T07:59:46.000Z</time>
      </trkpt>
      <trkpt lat="49.053649" lon="15.021782">
        <time>2026-04-05T07:59:47.000Z</time>
      </trkpt>
      <trkpt lat="49.05366" lon="15.021809">
        <time>2026-04-05T07:59:48.000Z</time>
      </trkpt>
      <trkpt lat="49.05367" lon="15.021839">
        <time>2026-04-05T07:59:49.000Z</time>
      </trkpt>
      <trkpt lat="49.053683" lon="15.021869">
        <time>2026-04-05T07:59:50.000Z</time>
      </trkpt>
      <trkpt lat="49.053705" lon="15.02192">
        <time>2026-04-05T07:59:51.000Z</time>
      </trkpt>
      <trkpt lat="49.053735" lon="15.021974">
        <time>2026-04-05T07:59:52.000Z</time>
      </trkpt>
      <trkpt lat="49.053752" lon="15.022017">
        <time>2026-04-05T07:59:53.000Z</time>
      </trkpt>
      <trkpt lat="49.053759" lon="15.022047">
        <time>2026-04-05T07:59:54.000Z</time>
      </trkpt>
      <trkpt lat="49.053779" lon="15.022081">
        <time>2026-04-05T07:59:55.000Z</time>
      </trkpt>
      <trkpt lat="49.053793" lon="15.02211">
        <time>2026-04-05T07:59:56.000Z</time>
      </trkpt>
      <trkpt lat="49.053794" lon="15.022131">
        <time>2026-04-05T07:59:57.000Z</time>
      </trkpt>
      <trkpt lat="49.053801" lon="15.022163">
        <time>2026-04-05T07:59:58.000Z</time>
      </trkpt>
      <trkpt lat="49.053812" lon="15.022196">
        <time>2026-04-05T07:59:59.000Z</time>
      </trkpt>
      <trkpt lat="49.053835" lon="15.022228">
        <time>2026-04-05T08:00:00.000Z</time>
      </trkpt>
      <trkpt lat="49.053854" lon="15.022256">
        <time>2026-04-05T08:00:01.000Z</time>
      </trkpt>
      <trkpt lat="49.053883" lon="15.022304">
        <time>2026-04-05T08:00:02.000Z</time>
      </trkpt>
      <trkpt lat="49.053898" lon="15.022334">
        <time>2026-04-05T08:00:03.000Z</time>
      </trkpt>
      <trkpt lat="49.053913" lon="15.02236">
        <time>2026-04-05T08:00:04.000Z</time>
      </trkpt>
      <trkpt lat="49.053939" lon="15.02239">
        <time>2026-04-05T08:00:05.000Z</time>
      </trkpt>
      <trkpt lat="49.053952" lon="15.022411">
        <time>2026-04-05T08:00:06.000Z</time>
      </trkpt>
      <trkpt lat="49.053965" lon="15.02244">
        <time>2026-04-05T08:00:07.000Z</time>
      </trkpt>
      <trkpt lat="49.053968" lon="15.022462">
        <time>2026-04-05T08:00:08.000Z</time>
      </trkpt>
      <trkpt lat="49.05397" lon="15.022486">
        <time>2026-04-05T08:00:09.000Z</time>
      </trkpt>
      <trkpt lat="49.053974" lon="15.022512">
        <time>2026-04-05T08:00:10.000Z</time>
      </trkpt>
      <trkpt lat="49.053982" lon="15.022539">
        <time>2026-04-05T08:00:11.000Z</time>
      </trkpt>
      <trkpt lat="49.053982" lon="15.022557">
        <time>2026-04-05T08:00:12.000Z</time>
      </trkpt>
      <trkpt lat="49.053991" lon="15.022587">
        <time>2026-04-05T08:00:13.000Z</time>
      </trkpt>
      <trkpt lat="49.053996" lon="15.022608">
        <time>2026-04-05T08:00:14.000Z</time>
      </trkpt>
      <trkpt lat="49.054" lon="15.022635">
        <time>2026-04-05T08:00:15.000Z</time>
      </trkpt>
      <trkpt lat="49.054007" lon="15.022663">
        <time>2026-04-05T08:00:16.000Z</time>
      </trkpt>
      <trkpt lat="49.05401" lon="15.0227">
        <time>2026-04-05T08:00:17.000Z</time>
      </trkpt>
      <trkpt lat="49.054022" lon="15.022751">
        <time>2026-04-05T08:00:18.000Z</time>
      </trkpt>
      <trkpt lat="49.054016" lon="15.022795">
        <time>2026-04-05T08:00:19.000Z</time>
      </trkpt>
      <trkpt lat="49.054008" lon="15.02284">
        <time>2026-04-05T08:00:20.000Z</time>
      </trkpt>
      <trkpt lat="49.053999" lon="15.022877">
        <time>2026-04-05T08:00:21.000Z</time>
      </trkpt>
      <trkpt lat="49.054006" lon="15.022923">
        <time>2026-04-05T08:00:22.000Z</time>
      </trkpt>
      <trkpt lat="49.05401" lon="15.022959">
        <time>2026-04-05T08:00:23.000Z</time>
      </trkpt>
      <trkpt lat="49.054016" lon="15.02299">
        <time>2026-04-05T08:00:24.000Z</time>
      </trkpt>
      <trkpt lat="49.054021" lon="15.023015">
        <time>2026-04-05T08:00:25.000Z</time>
      </trkpt>
      <trkpt lat="49.054035" lon="15.023056">
        <time>2026-04-05T08:00:26.000Z</time>
      </trkpt>
      <trkpt lat="49.054045" lon="15.023093">
        <time>2026-04-05T08:00:27.000Z</time>
      </trkpt>
      <trkpt lat="49.054035" lon="15.023115">
        <time>2026-04-05T08:00:28.000Z</time>
      </trkpt>
      <trkpt lat="49.054019" lon="15.023127">
        <time>2026-04-05T08:00:29.000Z</time>
      </trkpt>
      <trkpt lat="49.054" lon="15.023145">
        <time>2026-04-05T08:00:30.000Z</time>
      </trkpt>
      <trkpt lat="49.053987" lon="15.023165">
        <time>2026-04-05T08:00:31.000Z</time>
      </trkpt>
      <trkpt lat="49.053981" lon="15.02318">
        <time>2026-04-05T08:00:32.000Z</time>
      </trkpt>
      <trkpt lat="49.053978" lon="15.023182">
        <time>2026-04-05T08:00:33.000Z</time>
      </trkpt>
      <trkpt lat="49.053994" lon="15.023181">
        <time>2026-04-05T08:00:34.000Z</time>
      </trkpt>
      <trkpt lat="49.054005" lon="15.023169">
        <time>2026-04-05T08:00:35.000Z</time>
      </trkpt>
      <trkpt lat="49.054017" lon="15.023159">
        <time>2026-04-05T08:00:36.000Z</time>
      </trkpt>
      <trkpt lat="49.054039" lon="15.023159">
        <time>2026-04-05T08:00:37.000Z</time>
      </trkpt>
      <trkpt lat="49.054056" lon="15.023161">
        <time>2026-04-05T08:00:38.000Z</time>
      </trkpt>
      <trkpt lat="49.054069" lon="15.02316">
        <time>2026-04-05T08:00:39.000Z</time>
      </trkpt>
      <trkpt lat="49.054084" lon="15.023156">
        <time>2026-04-05T08:00:40.000Z</time>
      </trkpt>
      <trkpt lat="49.054098" lon="15.023155">
        <time>2026-04-05T08:00:41.000Z</time>
      </trkpt>
      <trkpt lat="49.054118" lon="15.02316">
        <time>2026-04-05T08:00:42.000Z</time>
      </trkpt>
      <trkpt lat="49.054125" lon="15.023152">
        <time>2026-04-05T08:00:43.000Z</time>
      </trkpt>
      <trkpt lat="49.054132" lon="15.023139">
        <time>2026-04-05T08:00:44.000Z</time>
      </trkpt>
      <trkpt lat="49.054146" lon="15.02312">
        <time>2026-04-05T08:00:45.000Z</time>
      </trkpt>
      <trkpt lat="49.054154" lon="15.023102">
        <time>2026-04-05T08:00:46.000Z</time>
      </trkpt>
      <trkpt lat="49.054166" lon="15.023091">
        <time>2026-04-05T08:00:47.000Z</time>
      </trkpt>
      <trkpt lat="49.054179" lon="15.023082">
        <time>2026-04-05T08:00:48.000Z</time>
      </trkpt>
      <trkpt lat="49.054195" lon="15.023079">
        <time>2026-04-05T08:00:49.000Z</time>
      </trkpt>
      <trkpt lat="49.054217" lon="15.02308">
        <time>2026-04-05T08:00:50.000Z</time>
      </trkpt>
      <trkpt lat="49.054235" lon="15.02307">
        <time>2026-04-05T08:00:51.000Z</time>
      </trkpt>
      <trkpt lat="49.054242" lon="15.023058">
        <time>2026-04-05T08:00:52.000Z</time>
      </trkpt>
      <trkpt lat="49.05426" lon="15.023049">
        <time>2026-04-05T08:00:53.000Z</time>
      </trkpt>
      <trkpt lat="49.054276" lon="15.023037">
        <time>2026-04-05T08:00:54.000Z</time>
      </trkpt>
      <trkpt lat="49.054289" lon="15.023037">
        <time>2026-04-05T08:00:55.000Z</time>
      </trkpt>
      <trkpt lat="49.054307" lon="15.023046">
        <time>2026-04-05T08:00:56.000Z</time>
      </trkpt>
      <trkpt lat="49.054327" lon="15.023054">
        <time>2026-04-05T08:00:57.000Z</time>
      </trkpt>
      <trkpt lat="49.054359" lon="15.023072">
        <time>2026-04-05T08:00:58.000Z</time>
      </trkpt>
      <trkpt lat="49.054381" lon="15.023087">
        <time>2026-04-05T08:00:59.000Z</time>
      </trkpt>
      <trkpt lat="49.0544" lon="15.023094">
        <time>2026-04-05T08:01:00.000Z</time>
      </trkpt>
      <trkpt lat="49.054412" lon="15.023097">
        <time>2026-04-05T08:01:01.000Z</time>
      </trkpt>
      <trkpt lat="49.054433" lon="15.023107">
        <time>2026-04-05T08:01:02.000Z</time>
      </trkpt>
      <trkpt lat="49.05447" lon="15.023117">
        <time>2026-04-05T08:01:03.000Z</time>
      </trkpt>
      <trkpt lat="49.054492" lon="15.023109">
        <time>2026-04-05T08:01:04.000Z</time>
      </trkpt>
      <trkpt lat="49.054518" lon="15.023101">
        <time>2026-04-05T08:01:05.000Z</time>
      </trkpt>
      <trkpt lat="49.054535" lon="15.023096">
        <time>2026-04-05T08:01:06.000Z</time>
      </trkpt>
      <trkpt lat="49.05455" lon="15.023082">
        <time>2026-04-05T08:01:07.000Z</time>
      </trkpt>
      <trkpt lat="49.054568" lon="15.023073">
        <time>2026-04-05T08:01:08.000Z</time>
      </trkpt>
      <trkpt lat="49.054581" lon="15.023067">
        <time>2026-04-05T08:01:09.000Z</time>
      </trkpt>
      <trkpt lat="49.054602" lon="15.023066">
        <time>2026-04-05T08:01:10.000Z</time>
      </trkpt>
      <trkpt lat="49.054639" lon="15.023068">
        <time>2026-04-05T08:01:11.000Z</time>
      </trkpt>
      <trkpt lat="49.054676" lon="15.023059">
        <time>2026-04-05T08:01:12.000Z</time>
      </trkpt>
      <trkpt lat="49.054704" lon="15.023042">
        <time>2026-04-05T08:01:13.000Z</time>
      </trkpt>
      <trkpt lat="49.05472" lon="15.023029">
        <time>2026-04-05T08:01:14.000Z</time>
      </trkpt>
      <trkpt lat="49.054748" lon="15.023022">
        <time>2026-04-05T08:01:15.000Z</time>
      </trkpt>
      <trkpt lat="49.054774" lon="15.023021">
        <time>2026-04-05T08:01:16.000Z</time>
      </trkpt>
      <trkpt lat="49.054796" lon="15.023008">
        <time>2026-04-05T08:01:17.000Z</time>
      </trkpt>
      <trkpt lat="49.054813" lon="15.022995">
        <time>2026-04-05T08:01:18.000Z</time>
      </trkpt>
      <trkpt lat="49.054823" lon="15.022968">
        <time>2026-04-05T08:01:19.000Z</time>
      </trkpt>
      <trkpt lat="49.054832" lon="15.022938">
        <time>2026-04-05T08:01:20.000Z</time>
      </trkpt>
      <trkpt lat="49.054846" lon="15.022928">
        <time>2026-04-05T08:01:21.000Z</time>
      </trkpt>
      <trkpt lat="49.054864" lon="15.022925">
        <time>2026-04-05T08:01:22.000Z</time>
      </trkpt>
      <trkpt lat="49.054877" lon="15.022929">
        <time>2026-04-05T08:01:23.000Z</time>
      </trkpt>
      <trkpt lat="49.054884" lon="15.022918">
        <time>2026-04-05T08:01:24.000Z</time>
      </trkpt>
      <trkpt lat="49.054885" lon="15.022907">
        <time>2026-04-05T08:01:25.000Z</time>
      </trkpt>
      <trkpt lat="49.054886" lon="15.022888">
        <time>2026-04-05T08:01:26.000Z</time>
      </trkpt>
      <trkpt lat="49.054896" lon="15.022879">
        <time>2026-04-05T08:01:27.000Z</time>
      </trkpt>
      <trkpt lat="49.054907" lon="15.022869">
        <time>2026-04-05T08:01:28.000Z</time>
      </trkpt>
      <trkpt lat="49.054916" lon="15.022862">
        <time>2026-04-05T08:01:29.000Z</time>
      </trkpt>
      <trkpt lat="49.054923" lon="15.022846">
        <time>2026-04-05T08:01:30.000Z</time>
      </trkpt>
      <trkpt lat="49.054947" lon="15.022842">
        <time>2026-04-05T08:01:31.000Z</time>
      </trkpt>
      <trkpt lat="49.054976" lon="15.022842">
        <time>2026-04-05T08:01:32.000Z</time>
      </trkpt>
      <trkpt lat="49.055006" lon="15.022832">
        <time>2026-04-05T08:01:33.000Z</time>
      </trkpt>
      <trkpt lat="49.055031" lon="15.022821">
        <time>2026-04-05T08:01:34.000Z</time>
      </trkpt>
      <trkpt lat="49.055043" lon="15.022805">
        <time>2026-04-05T08:01:35.000Z</time>
      </trkpt>
      <trkpt lat="49.055054" lon="15.022783">
        <time>2026-04-05T08:01:36.000Z</time>
      </trkpt>
      <trkpt lat="49.055058" lon="15.022759">
        <time>2026-04-05T08:01:37.000Z</time>
      </trkpt>
      <trkpt lat="49.055051" lon="15.022736">
        <time>2026-04-05T08:01:38.000Z</time>
      </trkpt>
      <trkpt lat="49.055048" lon="15.022718">
        <time>2026-04-05T08:01:39.000Z</time>
      </trkpt>
      <trkpt lat="49.055053" lon="15.022699">
        <time>2026-04-05T08:01:40.000Z</time>
      </trkpt>
      <trkpt lat="49.055067" lon="15.022689">
        <time>2026-04-05T08:01:41.000Z</time>
      </trkpt>
      <trkpt lat="49.055085" lon="15.022676">
        <time>2026-04-05T08:01:42.000Z</time>
      </trkpt>
      <trkpt lat="49.05511" lon="15.022669">
        <time>2026-04-05T08:01:43.000Z</time>
      </trkpt>
      <trkpt lat="49.055125" lon="15.022639">
        <time>2026-04-05T08:01:44.000Z</time>
      </trkpt>
      <trkpt lat="49.055136" lon="15.022617">
        <time>2026-04-05T08:01:45.000Z</time>
      </trkpt>
      <trkpt lat="49.05514" lon="15.022583">
        <time>2026-04-05T08:01:46.000Z</time>
      </trkpt>
      <trkpt lat="49.055142" lon="15.02256">
        <time>2026-04-05T08:01:47.000Z</time>
      </trkpt>
      <trkpt lat="49.055154" lon="15.022543">
        <time>2026-04-05T08:01:48.000Z</time>
      </trkpt>
      <trkpt lat="49.055167" lon="15.022537">
        <time>2026-04-05T08:01:49.000Z</time>
      </trkpt>
      <trkpt lat="49.055185" lon="15.022533">
        <time>2026-04-05T08:01:50.000Z</time>
      </trkpt>
      <trkpt lat="49.055202" lon="15.022529">
        <time>2026-04-05T08:01:51.000Z</time>
      </trkpt>
      <trkpt lat="49.055215" lon="15.022523">
        <time>2026-04-05T08:01:52.000Z</time>
      </trkpt>
      <trkpt lat="49.055232" lon="15.022525">
        <time>2026-04-05T08:01:53.000Z</time>
      </trkpt>
      <trkpt lat="49.055245" lon="15.022528">
        <time>2026-04-05T08:01:54.000Z</time>
      </trkpt>
      <trkpt lat="49.055254" lon="15.02253">
        <time>2026-04-05T08:01:55.000Z</time>
      </trkpt>
      <trkpt lat="49.055271" lon="15.022534">
        <time>2026-04-05T08:01:56.000Z</time>
      </trkpt>
      <trkpt lat="49.055286" lon="15.022543">
        <time>2026-04-05T08:01:57.000Z</time>
      </trkpt>
      <trkpt lat="49.055301" lon="15.022555">
        <time>2026-04-05T08:01:58.000Z</time>
      </trkpt>
      <trkpt lat="49.055307" lon="15.022562">
        <time>2026-04-05T08:01:59.000Z</time>
      </trkpt>
      <trkpt lat="49.055318" lon="15.022572">
        <time>2026-04-05T08:02:00.000Z</time>
      </trkpt>
      <trkpt lat="49.055325" lon="15.022583">
        <time>2026-04-05T08:02:01.000Z</time>
      </trkpt>
      <trkpt lat="49.055338" lon="15.022598">
        <time>2026-04-05T08:02:02.000Z</time>
      </trkpt>
      <trkpt lat="49.055346" lon="15.02261">
        <time>2026-04-05T08:02:03.000Z</time>
      </trkpt>
      <trkpt lat="49.055345" lon="15.022627">
        <time>2026-04-05T08:02:04.000Z</time>
      </trkpt>
      <trkpt lat="49.055352" lon="15.022647">
        <time>2026-04-05T08:02:05.000Z</time>
      </trkpt>
      <trkpt lat="49.055355" lon="15.02267">
        <time>2026-04-05T08:02:06.000Z</time>
      </trkpt>
      <trkpt lat="49.055359" lon="15.022703">
        <time>2026-04-05T08:02:07.000Z</time>
      </trkpt>
      <trkpt lat="49.055367" lon="15.022743">
        <time>2026-04-05T08:02:08.000Z</time>
      </trkpt>
      <trkpt lat="49.055372" lon="15.02279">
        <time>2026-04-05T08:02:09.000Z</time>
      </trkpt>
      <trkpt lat="49.055386" lon="15.022844">
        <time>2026-04-05T08:02:10.000Z</time>
      </trkpt>
      <trkpt lat="49.055389" lon="15.022887">
        <time>2026-04-05T08:02:11.000Z</time>
      </trkpt>
      <trkpt lat="49.055382" lon="15.022923">
        <time>2026-04-05T08:02:12.000Z</time>
      </trkpt>
      <trkpt lat="49.055381" lon="15.022964">
        <time>2026-04-05T08:02:13.000Z</time>
      </trkpt>
      <trkpt lat="49.055386" lon="15.022997">
        <time>2026-04-05T08:02:14.000Z</time>
      </trkpt>
      <trkpt lat="49.055387" lon="15.023019">
        <time>2026-04-05T08:02:15.000Z</time>
      </trkpt>
      <trkpt lat="49.055392" lon="15.023041">
        <time>2026-04-05T08:02:16.000Z</time>
      </trkpt>
      <trkpt lat="49.055404" lon="15.023061">
        <time>2026-04-05T08:02:17.000Z</time>
      </trkpt>
      <trkpt lat="49.055415" lon="15.023072">
        <time>2026-04-05T08:02:18.000Z</time>
      </trkpt>
      <trkpt lat="49.055427" lon="15.023077">
        <time>2026-04-05T08:02:19.000Z</time>
      </trkpt>
      <trkpt lat="49.055438" lon="15.023077">
        <time>2026-04-05T08:02:20.000Z</time>
      </trkpt>
      <trkpt lat="49.055445" lon="15.023072">
        <time>2026-04-05T08:02:21.000Z</time>
      </trkpt>
      <trkpt lat="49.055449" lon="15.023064">
        <time>2026-04-05T08:02:22.000Z</time>
      </trkpt>
      <trkpt lat="49.055457" lon="15.023059">
        <time>2026-04-05T08:02:23.000Z</time>
      </trkpt>
      <trkpt lat="49.055471" lon="15.023057">
        <time>2026-04-05T08:02:24.000Z</time>
      </trkpt>
      <trkpt lat="49.055489" lon="15.02306">
        <time>2026-04-05T08:02:25.000Z</time>
      </trkpt>
      <trkpt lat="49.05551" lon="15.02307">
        <time>2026-04-05T08:02:26.000Z</time>
      </trkpt>
      <trkpt lat="49.055523" lon="15.023075">
        <time>2026-04-05T08:02:27.000Z</time>
      </trkpt>
      <trkpt lat="49.055539" lon="15.023078">
        <time>2026-04-05T08:02:28.000Z</time>
      </trkpt>
      <trkpt lat="49.055555" lon="15.023075">
        <time>2026-04-05T08:02:29.000Z</time>
      </trkpt>
      <trkpt lat="49.055564" lon="15.023076">
        <time>2026-04-05T08:02:30.000Z</time>
      </trkpt>
      <trkpt lat="49.055589" lon="15.023087">
        <time>2026-04-05T08:02:31.000Z</time>
      </trkpt>
      <trkpt lat="49.055598" lon="15.02309">
        <time>2026-04-05T08:02:32.000Z</time>
      </trkpt>
      <trkpt lat="49.0556" lon="15.023084">
        <time>2026-04-05T08:02:33.000Z</time>
      </trkpt>
      <trkpt lat="49.055616" lon="15.023079">
        <time>2026-04-05T08:02:34.000Z</time>
      </trkpt>
      <trkpt lat="49.055635" lon="15.023076">
        <time>2026-04-05T08:02:35.000Z</time>
      </trkpt>
      <trkpt lat="49.055658" lon="15.02307">
        <time>2026-04-05T08:02:36.000Z</time>
      </trkpt>
      <trkpt lat="49.055669" lon="15.023067">
        <time>2026-04-05T08:02:37.000Z</time>
      </trkpt>
      <trkpt lat="49.055673" lon="15.023055">
        <time>2026-04-05T08:02:38.000Z</time>
      </trkpt>
      <trkpt lat="49.055672" lon="15.023038">
        <time>2026-04-05T08:02:39.000Z</time>
      </trkpt>
      <trkpt lat="49.055675" lon="15.023024">
        <time>2026-04-05T08:02:40.000Z</time>
      </trkpt>
      <trkpt lat="49.055683" lon="15.023017">
        <time>2026-04-05T08:02:41.000Z</time>
      </trkpt>
      <trkpt lat="49.055698" lon="15.023009">
        <time>2026-04-05T08:02:42.000Z</time>
      </trkpt>
      <trkpt lat="49.055709" lon="15.023006">
        <time>2026-04-05T08:02:43.000Z</time>
      </trkpt>
      <trkpt lat="49.055722" lon="15.022998">
        <time>2026-04-05T08:02:44.000Z</time>
      </trkpt>
      <trkpt lat="49.055732" lon="15.022992">
        <time>2026-04-05T08:02:45.000Z</time>
      </trkpt>
      <trkpt lat="49.055744" lon="15.022981">
        <time>2026-04-05T08:02:46.000Z</time>
      </trkpt>
      <trkpt lat="49.055756" lon="15.022968">
        <time>2026-04-05T08:02:47.000Z</time>
      </trkpt>
      <trkpt lat="49.055762" lon="15.022953">
        <time>2026-04-05T08:02:48.000Z</time>
      </trkpt>
      <trkpt lat="49.055766" lon="15.022938">
        <time>2026-04-05T08:02:49.000Z</time>
      </trkpt>
      <trkpt lat="49.05577" lon="15.022917">
        <time>2026-04-05T08:02:50.000Z</time>
      </trkpt>
      <trkpt lat="49.055779" lon="15.022898">
        <time>2026-04-05T08:02:51.000Z</time>
      </trkpt>
      <trkpt lat="49.055789" lon="15.022889">
        <time>2026-04-05T08:02:52.000Z</time>
      </trkpt>
      <trkpt lat="49.055795" lon="15.022879">
        <time>2026-04-05T08:02:53.000Z</time>
      </trkpt>
      <trkpt lat="49.055797" lon="15.022872">
        <time>2026-04-05T08:02:54.000Z</time>
      </trkpt>
      <trkpt lat="49.055801" lon="15.022869">
        <time>2026-04-05T08:02:55.000Z</time>
      </trkpt>
      <trkpt lat="49.055815" lon="15.022864">
        <time>2026-04-05T08:02:56.000Z</time>
      </trkpt>
      <trkpt lat="49.055828" lon="15.022859">
        <time>2026-04-05T08:02:57.000Z</time>
      </trkpt>
      <trkpt lat="49.055839" lon="15.022843">
        <time>2026-04-05T08:02:58.000Z</time>
      </trkpt>
      <trkpt lat="49.055847" lon="15.022827">
        <time>2026-04-05T08:02:59.000Z</time>
      </trkpt>
      <trkpt lat="49.055856" lon="15.022817">
        <time>2026-04-05T08:03:00.000Z</time>
      </trkpt>
      <trkpt lat="49.055868" lon="15.022807">
        <time>2026-04-05T08:03:01.000Z</time>
      </trkpt>
      <trkpt lat="49.055886" lon="15.022803">
        <time>2026-04-05T08:03:02.000Z</time>
      </trkpt>
      <trkpt lat="49.055899" lon="15.022796">
        <time>2026-04-05T08:03:03.000Z</time>
      </trkpt>
      <trkpt lat="49.055906" lon="15.022785">
        <time>2026-04-05T08:03:04.000Z</time>
      </trkpt>
      <trkpt lat="49.055907" lon="15.022786">
        <time>2026-04-05T08:03:05.000Z</time>
      </trkpt>
      <trkpt lat="49.05591" lon="15.022775">
        <time>2026-04-05T08:03:06.000Z</time>
      </trkpt>
      <trkpt lat="49.05592" lon="15.022762">
        <time>2026-04-05T08:03:07.000Z</time>
      </trkpt>
      <trkpt lat="49.055926" lon="15.022751">
        <time>2026-04-05T08:03:08.000Z</time>
      </trkpt>
      <trkpt lat="49.055936" lon="15.022744">
        <time>2026-04-05T08:03:09.000Z</time>
      </trkpt>
      <trkpt lat="49.055958" lon="15.022747">
        <time>2026-04-05T08:03:10.000Z</time>
      </trkpt>
      <trkpt lat="49.055974" lon="15.022731">
        <time>2026-04-05T08:03:11.000Z</time>
      </trkpt>
      <trkpt lat="49.055986" lon="15.022709">
        <time>2026-04-05T08:03:12.000Z</time>
      </trkpt>
      <trkpt lat="49.055996" lon="15.022696">
        <time>2026-04-05T08:03:13.000Z</time>
      </trkpt>
      <trkpt lat="49.056007" lon="15.02268">
        <time>2026-04-05T08:03:14.000Z</time>
      </trkpt>
      <trkpt lat="49.056023" lon="15.022672">
        <time>2026-04-05T08:03:15.000Z</time>
      </trkpt>
      <trkpt lat="49.056047" lon="15.022667">
        <time>2026-04-05T08:03:16.000Z</time>
      </trkpt>
      <trkpt lat="49.056066" lon="15.022664">
        <time>2026-04-05T08:03:17.000Z</time>
      </trkpt>
      <trkpt lat="49.056078" lon="15.02266">
        <time>2026-04-05T08:03:18.000Z</time>
      </trkpt>
      <trkpt lat="49.056096" lon="15.022662">
        <time>2026-04-05T08:03:19.000Z</time>
      </trkpt>
      <trkpt lat="49.056111" lon="15.022661">
        <time>2026-04-05T08:03:20.000Z</time>
      </trkpt>
      <trkpt lat="49.056118" lon="15.022653">
        <time>2026-04-05T08:03:21.000Z</time>
      </trkpt>
      <trkpt lat="49.056119" lon="15.022642">
        <time>2026-04-05T08:03:22.000Z</time>
      </trkpt>
      <trkpt lat="49.056119" lon="15.022633">
        <time>2026-04-05T08:03:23.000Z</time>
      </trkpt>
      <trkpt lat="49.056119" lon="15.022621">
        <time>2026-04-05T08:03:24.000Z</time>
      </trkpt>
      <trkpt lat="49.056115" lon="15.022603">
        <time>2026-04-05T08:03:25.000Z</time>
      </trkpt>
      <trkpt lat="49.056123" lon="15.0226">
        <time>2026-04-05T08:03:26.000Z</time>
      </trkpt>
      <trkpt lat="49.056131" lon="15.022614">
        <time>2026-04-05T08:03:27.000Z</time>
      </trkpt>
      <trkpt lat="49.056137" lon="15.022626">
        <time>2026-04-05T08:03:28.000Z</time>
      </trkpt>
      <trkpt lat="49.056143" lon="15.022641">
        <time>2026-04-05T08:03:29.000Z</time>
      </trkpt>
      <trkpt lat="49.056145" lon="15.02265">
        <time>2026-04-05T08:03:30.000Z</time>
      </trkpt>
      <trkpt lat="49.056146" lon="15.022654">
        <time>2026-04-05T08:03:31.000Z</time>
      </trkpt>
      <trkpt lat="49.056145" lon="15.022654">
        <time>2026-04-05T08:03:32.000Z</time>
      </trkpt>
      <trkpt lat="49.056142" lon="15.02266">
        <time>2026-04-05T08:03:33.000Z</time>
      </trkpt>
      <trkpt lat="49.05614" lon="15.022664">
        <time>2026-04-05T08:03:34.000Z</time>
      </trkpt>
      <trkpt lat="49.056147" lon="15.022672">
        <time>2026-04-05T08:03:35.000Z</time>
      </trkpt>
      <trkpt lat="49.056151" lon="15.022678">
        <time>2026-04-05T08:03:36.000Z</time>
      </trkpt>
      <trkpt lat="49.056157" lon="15.022683">
        <time>2026-04-05T08:03:37.000Z</time>
      </trkpt>
      <trkpt lat="49.05616" lon="15.022687">
        <time>2026-04-05T08:03:38.000Z</time>
      </trkpt>
      <trkpt lat="49.056169" lon="15.02269">
        <time>2026-04-05T08:03:39.000Z</time>
      </trkpt>
      <trkpt lat="49.056161" lon="15.022686">
        <time>2026-04-05T08:03:40.000Z</time>
      </trkpt>
      <trkpt lat="49.056151" lon="15.022686">
        <time>2026-04-05T08:03:41.000Z</time>
      </trkpt>
      <trkpt lat="49.056141" lon="15.022685">
        <time>2026-04-05T08:03:42.000Z</time>
      </trkpt>
      <trkpt lat="49.056132" lon="15.022688">
        <time>2026-04-05T08:03:43.000Z</time>
      </trkpt>
      <trkpt lat="49.056122" lon="15.02269">
        <time>2026-04-05T08:03:44.000Z</time>
      </trkpt>
      <trkpt lat="49.056102" lon="15.022687">
        <time>2026-04-05T08:03:45.000Z</time>
      </trkpt>
      <trkpt lat="49.056097" lon="15.022689">
        <time>2026-04-05T08:03:46.000Z</time>
      </trkpt>
      <trkpt lat="49.056092" lon="15.02269">
        <time>2026-04-05T08:03:47.000Z</time>
      </trkpt>
      <trkpt lat="49.056082" lon="15.022687">
        <time>2026-04-05T08:03:48.000Z</time>
      </trkpt>
      <trkpt lat="49.056082" lon="15.022687">
        <time>2026-04-05T08:03:49.000Z</time>
      </trkpt>
      <trkpt lat="49.056081" lon="15.022685">
        <time>2026-04-05T08:03:50.000Z</time>
      </trkpt>
      <trkpt lat="49.056065" lon="15.022681">
        <time>2026-04-05T08:03:51.000Z</time>
      </trkpt>
      <trkpt lat="49.056061" lon="15.022685">
        <time>2026-04-05T08:03:52.000Z</time>
      </trkpt>
      <trkpt lat="49.056051" lon="15.022684">
        <time>2026-04-05T08:03:53.000Z</time>
      </trkpt>
      <trkpt lat="49.056049" lon="15.022686">
        <time>2026-04-05T08:03:54.000Z</time>
      </trkpt>
      <trkpt lat="49.056049" lon="15.022692">
        <time>2026-04-05T08:03:55.000Z</time>
      </trkpt>
      <trkpt lat="49.05605" lon="15.022706">
        <time>2026-04-05T08:03:56.000Z</time>
      </trkpt>
      <trkpt lat="49.056051" lon="15.022715">
        <time>2026-04-05T08:03:57.000Z</time>
      </trkpt>
      <trkpt lat="49.056043" lon="15.022723">
        <time>2026-04-05T08:03:58.000Z</time>
      </trkpt>
      <trkpt lat="49.056028" lon="15.022722">
        <time>2026-04-05T08:03:59.000Z</time>
      </trkpt>
      <trkpt lat="49.056023" lon="15.022721">
        <time>2026-04-05T08:04:00.000Z</time>
      </trkpt>
      <trkpt lat="49.056025" lon="15.02272">
        <time>2026-04-05T08:04:01.000Z</time>
      </trkpt>
      <trkpt lat="49.056039" lon="15.022732">
        <time>2026-04-05T08:04:02.000Z</time>
      </trkpt>
      <trkpt lat="49.056037" lon="15.022738">
        <time>2026-04-05T08:04:03.000Z</time>
      </trkpt>
      <trkpt lat="49.056035" lon="15.02275">
        <time>2026-04-05T08:04:04.000Z</time>
      </trkpt>
      <trkpt lat="49.056022" lon="15.022755">
        <time>2026-04-05T08:04:05.000Z</time>
      </trkpt>
      <trkpt lat="49.056018" lon="15.022757">
        <time>2026-04-05T08:04:06.000Z</time>
      </trkpt>
      <trkpt lat="49.056016" lon="15.022756">
        <time>2026-04-05T08:04:07.000Z</time>
      </trkpt>
      <trkpt lat="49.056009" lon="15.022753">
        <time>2026-04-05T08:04:08.000Z</time>
      </trkpt>
      <trkpt lat="49.056009" lon="15.022751">
        <time>2026-04-05T08:04:09.000Z</time>
      </trkpt>
      <trkpt lat="49.056012" lon="15.022754">
        <time>2026-04-05T08:04:10.000Z</time>
      </trkpt>
      <trkpt lat="49.056014" lon="15.022755">
        <time>2026-04-05T08:04:11.000Z</time>
      </trkpt>
      <trkpt lat="49.056014" lon="15.022755">
        <time>2026-04-05T08:04:12.000Z</time>
      </trkpt>
      <trkpt lat="49.055997" lon="15.022755">
        <time>2026-04-05T08:04:13.000Z</time>
      </trkpt>
      <trkpt lat="49.055983" lon="15.022759">
        <time>2026-04-05T08:04:14.000Z</time>
      </trkpt>
      <trkpt lat="49.055981" lon="15.022758">
        <time>2026-04-05T08:04:15.000Z</time>
      </trkpt>
      <trkpt lat="49.055981" lon="15.022758">
        <time>2026-04-05T08:04:16.000Z</time>
      </trkpt>
      <trkpt lat="49.05598" lon="15.022757">
        <time>2026-04-05T08:04:17.000Z</time>
      </trkpt>
      <trkpt lat="49.055975" lon="15.02276">
        <time>2026-04-05T08:04:18.000Z</time>
      </trkpt>
      <trkpt lat="49.055974" lon="15.022763">
        <time>2026-04-05T08:04:19.000Z</time>
      </trkpt>
      <trkpt lat="49.055957" lon="15.022758">
        <time>2026-04-05T08:04:20.000Z</time>
      </trkpt>
      <trkpt lat="49.055949" lon="15.022759">
        <time>2026-04-05T08:04:21.000Z</time>
      </trkpt>
      <trkpt lat="49.055942" lon="15.022759">
        <time>2026-04-05T08:04:22.000Z</time>
      </trkpt>
      <trkpt lat="49.055942" lon="15.022757">
        <time>2026-04-05T08:04:23.000Z</time>
      </trkpt>
      <trkpt lat="49.055935" lon="15.022745">
        <time>2026-04-05T08:04:24.000Z</time>
      </trkpt>
      <trkpt lat="49.055951" lon="15.022734">
        <time>2026-04-05T08:04:25.000Z</time>
      </trkpt>
      <trkpt lat="49.055977" lon="15.022723">
        <time>2026-04-05T08:04:26.000Z</time>
      </trkpt>
      <trkpt lat="49.055993" lon="15.02269">
        <time>2026-04-05T08:04:27.000Z</time>
      </trkpt>
      <trkpt lat="49.055998" lon="15.022662">
        <time>2026-04-05T08:04:28.000Z</time>
      </trkpt>
      <trkpt lat="49.055997" lon="15.022617">
        <time>2026-04-05T08:04:29.000Z</time>
      </trkpt>
      <trkpt lat="49.055995" lon="15.022571">
        <time>2026-04-05T08:04:30.000Z</time>
      </trkpt>
      <trkpt lat="49.055992" lon="15.022529">
        <time>2026-04-05T08:04:31.000Z</time>
      </trkpt>
      <trkpt lat="49.055991" lon="15.022495">
        <time>2026-04-05T08:04:32.000Z</time>
      </trkpt>
      <trkpt lat="49.056003" lon="15.022474">
        <time>2026-04-05T08:04:33.000Z</time>
      </trkpt>
      <trkpt lat="49.056008" lon="15.022471">
        <time>2026-04-05T08:04:34.000Z</time>
      </trkpt>
      <trkpt lat="49.056018" lon="15.022474">
        <time>2026-04-05T08:04:35.000Z</time>
      </trkpt>
      <trkpt lat="49.056021" lon="15.022477">
        <time>2026-04-05T08:04:36.000Z</time>
      </trkpt>
      <trkpt lat="49.056019" lon="15.022474">
        <time>2026-04-05T08:04:37.000Z</time>
      </trkpt>
      <trkpt lat="49.056016" lon="15.022475">
        <time>2026-04-05T08:04:38.000Z</time>
      </trkpt>
      <trkpt lat="49.056016" lon="15.02248">
        <time>2026-04-05T08:04:39.000Z</time>
      </trkpt>
      <trkpt lat="49.056036" lon="15.0225">
        <time>2026-04-05T08:04:40.000Z</time>
      </trkpt>
      <trkpt lat="49.056046" lon="15.022509">
        <time>2026-04-05T08:04:41.000Z</time>
      </trkpt>
      <trkpt lat="49.056074" lon="15.022528">
        <time>2026-04-05T08:04:42.000Z</time>
      </trkpt>
      <trkpt lat="49.056091" lon="15.022538">
        <time>2026-04-05T08:04:43.000Z</time>
      </trkpt>
      <trkpt lat="49.056111" lon="15.022548">
        <time>2026-04-05T08:04:44.000Z</time>
      </trkpt>
      <trkpt lat="49.056126" lon="15.022566">
        <time>2026-04-05T08:04:45.000Z</time>
      </trkpt>
      <trkpt lat="49.056143" lon="15.022588">
        <time>2026-04-05T08:04:46.000Z</time>
      </trkpt>
      <trkpt lat="49.056151" lon="15.022612">
        <time>2026-04-05T08:04:47.000Z</time>
      </trkpt>
      <trkpt lat="49.056172" lon="15.022641">
        <time>2026-04-05T08:04:48.000Z</time>
      </trkpt>
      <trkpt lat="49.056177" lon="15.022648">
        <time>2026-04-05T08:04:49.000Z</time>
      </trkpt>
      <trkpt lat="49.056192" lon="15.022653">
        <time>2026-04-05T08:04:50.000Z</time>
      </trkpt>
      <trkpt lat="49.056212" lon="15.022654">
        <time>2026-04-05T08:04:51.000Z</time>
      </trkpt>
      <trkpt lat="49.056237" lon="15.02265">
        <time>2026-04-05T08:04:52.000Z</time>
      </trkpt>
      <trkpt lat="49.056246" lon="15.022632">
        <time>2026-04-05T08:04:53.000Z</time>
      </trkpt>
      <trkpt lat="49.056269" lon="15.022616">
        <time>2026-04-05T08:04:54.000Z</time>
      </trkpt>
      <trkpt lat="49.056285" lon="15.022596">
        <time>2026-04-05T08:04:55.000Z</time>
      </trkpt>
      <trkpt lat="49.056291" lon="15.02257">
        <time>2026-04-05T08:04:56.000Z</time>
      </trkpt>
      <trkpt lat="49.05629" lon="15.022543">
        <time>2026-04-05T08:04:57.000Z</time>
      </trkpt>
      <trkpt lat="49.056299" lon="15.022512">
        <time>2026-04-05T08:04:58.000Z</time>
      </trkpt>
      <trkpt lat="49.056308" lon="15.022474">
        <time>2026-04-05T08:04:59.000Z</time>
      </trkpt>
      <trkpt lat="49.056312" lon="15.02244">
        <time>2026-04-05T08:05:00.000Z</time>
      </trkpt>
      <trkpt lat="49.056327" lon="15.022406">
        <time>2026-04-05T08:05:01.000Z</time>
      </trkpt>
      <trkpt lat="49.05634" lon="15.022376">
        <time>2026-04-05T08:05:02.000Z</time>
      </trkpt>
      <trkpt lat="49.05635" lon="15.022339">
        <time>2026-04-05T08:05:03.000Z</time>
      </trkpt>
      <trkpt lat="49.056349" lon="15.022293">
        <time>2026-04-05T08:05:04.000Z</time>
      </trkpt>
      <trkpt lat="49.056338" lon="15.022237">
        <time>2026-04-05T08:05:05.000Z</time>
      </trkpt>
      <trkpt lat="49.05634" lon="15.022196">
        <time>2026-04-05T08:05:06.000Z</time>
      </trkpt>
      <trkpt lat="49.056344" lon="15.022152">
        <time>2026-04-05T08:05:07.000Z</time>
      </trkpt>
      <trkpt lat="49.056357" lon="15.022116">
        <time>2026-04-05T08:05:08.000Z</time>
      </trkpt>
      <trkpt lat="49.05637" lon="15.022069">
        <time>2026-04-05T08:05:09.000Z</time>
      </trkpt>
      <trkpt lat="49.056371" lon="15.022035">
        <time>2026-04-05T08:05:10.000Z</time>
      </trkpt>
      <trkpt lat="49.056375" lon="15.022004">
        <time>2026-04-05T08:05:11.000Z</time>
      </trkpt>
      <trkpt lat="49.056365" lon="15.02196">
        <time>2026-04-05T08:05:12.000Z</time>
      </trkpt>
      <trkpt lat="49.056357" lon="15.021918">
        <time>2026-04-05T08:05:13.000Z</time>
      </trkpt>
      <trkpt lat="49.056347" lon="15.021874">
        <time>2026-04-05T08:05:14.000Z</time>
      </trkpt>
      <trkpt lat="49.05634" lon="15.021823">
        <time>2026-04-05T08:05:15.000Z</time>
      </trkpt>
      <trkpt lat="49.056337" lon="15.021781">
        <time>2026-04-05T08:05:16.000Z</time>
      </trkpt>
      <trkpt lat="49.056339" lon="15.021754">
        <time>2026-04-05T08:05:17.000Z</time>
      </trkpt>
      <trkpt lat="49.05634" lon="15.021732">
        <time>2026-04-05T08:05:18.000Z</time>
      </trkpt>
      <trkpt lat="49.056336" lon="15.021694">
        <time>2026-04-05T08:05:19.000Z</time>
      </trkpt>
      <trkpt lat="49.056341" lon="15.021661">
        <time>2026-04-05T08:05:20.000Z</time>
      </trkpt>
      <trkpt lat="49.056354" lon="15.021643">
        <time>2026-04-05T08:05:21.000Z</time>
      </trkpt>
      <trkpt lat="49.056379" lon="15.021633">
        <time>2026-04-05T08:05:22.000Z</time>
      </trkpt>
      <trkpt lat="49.056398" lon="15.02161">
        <time>2026-04-05T08:05:23.000Z</time>
      </trkpt>
      <trkpt lat="49.056412" lon="15.021582">
        <time>2026-04-05T08:05:24.000Z</time>
      </trkpt>
      <trkpt lat="49.056409" lon="15.021523">
        <time>2026-04-05T08:05:25.000Z</time>
      </trkpt>
      <trkpt lat="49.056407" lon="15.021476">
        <time>2026-04-05T08:05:26.000Z</time>
      </trkpt>
      <trkpt lat="49.056401" lon="15.021433">
        <time>2026-04-05T08:05:27.000Z</time>
      </trkpt>
      <trkpt lat="49.056399" lon="15.021397">
        <time>2026-04-05T08:05:28.000Z</time>
      </trkpt>
      <trkpt lat="49.056406" lon="15.021379">
        <time>2026-04-05T08:05:29.000Z</time>
      </trkpt>
      <trkpt lat="49.056416" lon="15.02136">
        <time>2026-04-05T08:05:30.000Z</time>
      </trkpt>
      <trkpt lat="49.056418" lon="15.021331">
        <time>2026-04-05T08:05:31.000Z</time>
      </trkpt>
      <trkpt lat="49.056422" lon="15.021293">
        <time>2026-04-05T08:05:32.000Z</time>
      </trkpt>
      <trkpt lat="49.056421" lon="15.021265">
        <time>2026-04-05T08:05:33.000Z</time>
      </trkpt>
      <trkpt lat="49.056415" lon="15.021227">
        <time>2026-04-05T08:05:34.000Z</time>
      </trkpt>
      <trkpt lat="49.056402" lon="15.021188">
        <time>2026-04-05T08:05:35.000Z</time>
      </trkpt>
      <trkpt lat="49.056402" lon="15.021156">
        <time>2026-04-05T08:05:36.000Z</time>
      </trkpt>
      <trkpt lat="49.056409" lon="15.021135">
        <time>2026-04-05T08:05:37.000Z</time>
      </trkpt>
      <trkpt lat="49.056408" lon="15.021103">
        <time>2026-04-05T08:05:38.000Z</time>
      </trkpt>
      <trkpt lat="49.056406" lon="15.021072">
        <time>2026-04-05T08:05:39.000Z</time>
      </trkpt>
      <trkpt lat="49.056405" lon="15.021039">
        <time>2026-04-05T08:05:40.000Z</time>
      </trkpt>
      <trkpt lat="49.056411" lon="15.021013">
        <time>2026-04-05T08:05:41.000Z</time>
      </trkpt>
      <trkpt lat="49.056426" lon="15.02099">
        <time>2026-04-05T08:05:42.000Z</time>
      </trkpt>
      <trkpt lat="49.05645" lon="15.02097">
        <time>2026-04-05T08:05:43.000Z</time>
      </trkpt>
      <trkpt lat="49.056462" lon="15.02093">
        <time>2026-04-05T08:05:44.000Z</time>
      </trkpt>
      <trkpt lat="49.05648" lon="15.020904">
        <time>2026-04-05T08:05:45.000Z</time>
      </trkpt>
      <trkpt lat="49.056497" lon="15.020881">
        <time>2026-04-05T08:05:46.000Z</time>
      </trkpt>
      <trkpt lat="49.056523" lon="15.020862">
        <time>2026-04-05T08:05:47.000Z</time>
      </trkpt>
      <trkpt lat="49.056544" lon="15.020829">
        <time>2026-04-05T08:05:48.000Z</time>
      </trkpt>
      <trkpt lat="49.056545" lon="15.02079">
        <time>2026-04-05T08:05:49.000Z</time>
      </trkpt>
      <trkpt lat="49.056546" lon="15.02075">
        <time>2026-04-05T08:05:50.000Z</time>
      </trkpt>
      <trkpt lat="49.056549" lon="15.020719">
        <time>2026-04-05T08:05:51.000Z</time>
      </trkpt>
      <trkpt lat="49.056544" lon="15.020687">
        <time>2026-04-05T08:05:52.000Z</time>
      </trkpt>
      <trkpt lat="49.056543" lon="15.020662">
        <time>2026-04-05T08:05:53.000Z</time>
      </trkpt>
      <trkpt lat="49.056542" lon="15.020637">
        <time>2026-04-05T08:05:54.000Z</time>
      </trkpt>
      <trkpt lat="49.056537" lon="15.020605">
        <time>2026-04-05T08:05:55.000Z</time>
      </trkpt>
      <trkpt lat="49.056529" lon="15.020569">
        <time>2026-04-05T08:05:56.000Z</time>
      </trkpt>
      <trkpt lat="49.056526" lon="15.020542">
        <time>2026-04-05T08:05:57.000Z</time>
      </trkpt>
      <trkpt lat="49.056526" lon="15.020519">
        <time>2026-04-05T08:05:58.000Z</time>
      </trkpt>
      <trkpt lat="49.056525" lon="15.020499">
        <time>2026-04-05T08:05:59.000Z</time>
      </trkpt>
      <trkpt lat="49.056515" lon="15.020469">
        <time>2026-04-05T08:06:00.000Z</time>
      </trkpt>
      <trkpt lat="49.056507" lon="15.020439">
        <time>2026-04-05T08:06:01.000Z</time>
      </trkpt>
      <trkpt lat="49.056495" lon="15.020401">
        <time>2026-04-05T08:06:02.000Z</time>
      </trkpt>
      <trkpt lat="49.056484" lon="15.020364">
        <time>2026-04-05T08:06:03.000Z</time>
      </trkpt>
      <trkpt lat="49.056472" lon="15.020326">
        <time>2026-04-05T08:06:04.000Z</time>
      </trkpt>
      <trkpt lat="49.056457" lon="15.020291">
        <time>2026-04-05T08:06:05.000Z</time>
      </trkpt>
      <trkpt lat="49.05645" lon="15.020263">
        <time>2026-04-05T08:06:06.000Z</time>
      </trkpt>
      <trkpt lat="49.056438" lon="15.020208">
        <time>2026-04-05T08:06:07.000Z</time>
      </trkpt>
      <trkpt lat="49.05643" lon="15.020172">
        <time>2026-04-05T08:06:08.000Z</time>
      </trkpt>
      <trkpt lat="49.056414" lon="15.020134">
        <time>2026-04-05T08:06:09.000Z</time>
      </trkpt>
      <trkpt lat="49.0564" lon="15.020103">
        <time>2026-04-05T08:06:10.000Z</time>
      </trkpt>
      <trkpt lat="49.056385" lon="15.020072">
        <time>2026-04-05T08:06:11.000Z</time>
      </trkpt>
      <trkpt lat="49.056366" lon="15.020024">
        <time>2026-04-05T08:06:12.000Z</time>
      </trkpt>
      <trkpt lat="49.056341" lon="15.019966">
        <time>2026-04-05T08:06:13.000Z</time>
      </trkpt>
      <trkpt lat="49.056324" lon="15.019912">
        <time>2026-04-05T08:06:14.000Z</time>
      </trkpt>
      <trkpt lat="49.056324" lon="15.019871">
        <time>2026-04-05T08:06:15.000Z</time>
      </trkpt>
      <trkpt lat="49.056336" lon="15.019839">
        <time>2026-04-05T08:06:16.000Z</time>
      </trkpt>
      <trkpt lat="49.056342" lon="15.019814">
        <time>2026-04-05T08:06:17.000Z</time>
      </trkpt>
      <trkpt lat="49.056339" lon="15.019771">
        <time>2026-04-05T08:06:18.000Z</time>
      </trkpt>
      <trkpt lat="49.056335" lon="15.01973">
        <time>2026-04-05T08:06:19.000Z</time>
      </trkpt>
      <trkpt lat="49.056332" lon="15.019696">
        <time>2026-04-05T08:06:20.000Z</time>
      </trkpt>
      <trkpt lat="49.056333" lon="15.019664">
        <time>2026-04-05T08:06:21.000Z</time>
      </trkpt>
      <trkpt lat="49.056342" lon="15.019635">
        <time>2026-04-05T08:06:22.000Z</time>
      </trkpt>
      <trkpt lat="49.056348" lon="15.019596">
        <time>2026-04-05T08:06:23.000Z</time>
      </trkpt>
      <trkpt lat="49.056355" lon="15.019548">
        <time>2026-04-05T08:06:24.000Z</time>
      </trkpt>
      <trkpt lat="49.056358" lon="15.019512">
        <time>2026-04-05T08:06:25.000Z</time>
      </trkpt>
      <trkpt lat="49.056364" lon="15.019471">
        <time>2026-04-05T08:06:26.000Z</time>
      </trkpt>
      <trkpt lat="49.056365" lon="15.019431">
        <time>2026-04-05T08:06:27.000Z</time>
      </trkpt>
      <trkpt lat="49.05637" lon="15.019392">
        <time>2026-04-05T08:06:28.000Z</time>
      </trkpt>
      <trkpt lat="49.056381" lon="15.019367">
        <time>2026-04-05T08:06:29.000Z</time>
      </trkpt>
      <trkpt lat="49.056383" lon="15.019342">
        <time>2026-04-05T08:06:30.000Z</time>
      </trkpt>
      <trkpt lat="49.056383" lon="15.019327">
        <time>2026-04-05T08:06:31.000Z</time>
      </trkpt>
      <trkpt lat="49.056382" lon="15.019325">
        <time>2026-04-05T08:06:32.000Z</time>
      </trkpt>
      <trkpt lat="49.056399" lon="15.01933">
        <time>2026-04-05T08:06:33.000Z</time>
      </trkpt>
      <trkpt lat="49.056399" lon="15.019324">
        <time>2026-04-05T08:06:34.000Z</time>
      </trkpt>
      <trkpt lat="49.056404" lon="15.019324">
        <time>2026-04-05T08:06:35.000Z</time>
      </trkpt>
      <trkpt lat="49.056422" lon="15.019339">
        <time>2026-04-05T08:06:36.000Z</time>
      </trkpt>
      <trkpt lat="49.056428" lon="15.019347">
        <time>2026-04-05T08:06:37.000Z</time>
      </trkpt>
      <trkpt lat="49.056434" lon="15.019362">
        <time>2026-04-05T08:06:38.000Z</time>
      </trkpt>
      <trkpt lat="49.056432" lon="15.019376">
        <time>2026-04-05T08:06:39.000Z</time>
      </trkpt>
      <trkpt lat="49.056437" lon="15.019395">
        <time>2026-04-05T08:06:40.000Z</time>
      </trkpt>
      <trkpt lat="49.056441" lon="15.019411">
        <time>2026-04-05T08:06:41.000Z</time>
      </trkpt>
      <trkpt lat="49.056445" lon="15.019421">
        <time>2026-04-05T08:06:42.000Z</time>
      </trkpt>
      <trkpt lat="49.056455" lon="15.019426">
        <time>2026-04-05T08:06:43.000Z</time>
      </trkpt>
      <trkpt lat="49.056473" lon="15.019431">
        <time>2026-04-05T08:06:44.000Z</time>
      </trkpt>
      <trkpt lat="49.056493" lon="15.019433">
        <time>2026-04-05T08:06:45.000Z</time>
      </trkpt>
      <trkpt lat="49.056512" lon="15.019435">
        <time>2026-04-05T08:06:46.000Z</time>
      </trkpt>
      <trkpt lat="49.056539" lon="15.019436">
        <time>2026-04-05T08:06:47.000Z</time>
      </trkpt>
      <trkpt lat="49.056573" lon="15.019438">
        <time>2026-04-05T08:06:48.000Z</time>
      </trkpt>
      <trkpt lat="49.056607" lon="15.019448">
        <time>2026-04-05T08:06:49.000Z</time>
      </trkpt>
      <trkpt lat="49.056632" lon="15.019457">
        <time>2026-04-05T08:06:50.000Z</time>
      </trkpt>
      <trkpt lat="49.056655" lon="15.019484">
        <time>2026-04-05T08:06:51.000Z</time>
      </trkpt>
      <trkpt lat="49.056668" lon="15.019509">
        <time>2026-04-05T08:06:52.000Z</time>
      </trkpt>
      <trkpt lat="49.056682" lon="15.019531">
        <time>2026-04-05T08:06:53.000Z</time>
      </trkpt>
      <trkpt lat="49.056705" lon="15.019552">
        <time>2026-04-05T08:06:54.000Z</time>
      </trkpt>
      <trkpt lat="49.05673" lon="15.019574">
        <time>2026-04-05T08:06:55.000Z</time>
      </trkpt>
      <trkpt lat="49.056752" lon="15.019601">
        <time>2026-04-05T08:06:56.000Z</time>
      </trkpt>
      <trkpt lat="49.056768" lon="15.019631">
        <time>2026-04-05T08:06:57.000Z</time>
      </trkpt>
      <trkpt lat="49.056784" lon="15.019654">
        <time>2026-04-05T08:06:58.000Z</time>
      </trkpt>
      <trkpt lat="49.056801" lon="15.019678">
        <time>2026-04-05T08:06:59.000Z</time>
      </trkpt>
      <trkpt lat="49.056827" lon="15.019703">
        <time>2026-04-05T08:07:00.000Z</time>
      </trkpt>
      <trkpt lat="49.056845" lon="15.019713">
        <time>2026-04-05T08:07:01.000Z</time>
      </trkpt>
      <trkpt lat="49.056862" lon="15.019723">
        <time>2026-04-05T08:07:02.000Z</time>
      </trkpt>
      <trkpt lat="49.056886" lon="15.019741">
        <time>2026-04-05T08:07:03.000Z</time>
      </trkpt>
      <trkpt lat="49.05691" lon="15.019764">
        <time>2026-04-05T08:07:04.000Z</time>
      </trkpt>
      <trkpt lat="49.056925" lon="15.019785">
        <time>2026-04-05T08:07:05.000Z</time>
      </trkpt>
      <trkpt lat="49.056943" lon="15.019808">
        <time>2026-04-05T08:07:06.000Z</time>
      </trkpt>
      <trkpt lat="49.056974" lon="15.019835">
        <time>2026-04-05T08:07:07.000Z</time>
      </trkpt>
      <trkpt lat="49.057001" lon="15.019853">
        <time>2026-04-05T08:07:08.000Z</time>
      </trkpt>
      <trkpt lat="49.057021" lon="15.019873">
        <time>2026-04-05T08:07:09.000Z</time>
      </trkpt>
      <trkpt lat="49.057046" lon="15.019892">
        <time>2026-04-05T08:07:10.000Z</time>
      </trkpt>
      <trkpt lat="49.057077" lon="15.019919">
        <time>2026-04-05T08:07:11.000Z</time>
      </trkpt>
      <trkpt lat="49.057103" lon="15.019939">
        <time>2026-04-05T08:07:12.000Z</time>
      </trkpt>
      <trkpt lat="49.05713" lon="15.019958">
        <time>2026-04-05T08:07:13.000Z</time>
      </trkpt>
      <trkpt lat="49.057166" lon="15.01999">
        <time>2026-04-05T08:07:14.000Z</time>
      </trkpt>
      <trkpt lat="49.057203" lon="15.020015">
        <time>2026-04-05T08:07:15.000Z</time>
      </trkpt>
      <trkpt lat="49.057243" lon="15.020045">
        <time>2026-04-05T08:07:16.000Z</time>
      </trkpt>
      <trkpt lat="49.05727" lon="15.020066">
        <time>2026-04-05T08:07:17.000Z</time>
      </trkpt>
      <trkpt lat="49.057292" lon="15.020087">
        <time>2026-04-05T08:07:18.000Z</time>
      </trkpt>
      <trkpt lat="49.057314" lon="15.020112">
        <time>2026-04-05T08:07:19.000Z</time>
      </trkpt>
      <trkpt lat="49.057329" lon="15.020128">
        <time>2026-04-05T08:07:20.000Z</time>
      </trkpt>
      <trkpt lat="49.057349" lon="15.020146">
        <time>2026-04-05T08:07:21.000Z</time>
      </trkpt>
      <trkpt lat="49.057368" lon="15.020164">
        <time>2026-04-05T08:07:22.000Z</time>
      </trkpt>
      <trkpt lat="49.057378" lon="15.02017">
        <time>2026-04-05T08:07:23.000Z</time>
      </trkpt>
      <trkpt lat="49.057402" lon="15.020186">
        <time>2026-04-05T08:07:24.000Z</time>
      </trkpt>
      <trkpt lat="49.057428" lon="15.020219">
        <time>2026-04-05T08:07:25.000Z</time>
      </trkpt>
      <trkpt lat="49.057437" lon="15.02023">
        <time>2026-04-05T08:07:26.000Z</time>
      </trkpt>
      <trkpt lat="49.057466" lon="15.020258">
        <time>2026-04-05T08:07:27.000Z</time>
      </trkpt>
      <trkpt lat="49.057488" lon="15.020288">
        <time>2026-04-05T08:07:28.000Z</time>
      </trkpt>
      <trkpt lat="49.057507" lon="15.020327">
        <time>2026-04-05T08:07:29.000Z</time>
      </trkpt>
      <trkpt lat="49.057518" lon="15.020355">
        <time>2026-04-05T08:07:30.000Z</time>
      </trkpt>
      <trkpt lat="49.057539" lon="15.020378">
        <time>2026-04-05T08:07:31.000Z</time>
      </trkpt>
      <trkpt lat="49.057566" lon="15.020394">
        <time>2026-04-05T08:07:32.000Z</time>
      </trkpt>
      <trkpt lat="49.057594" lon="15.020405">
        <time>2026-04-05T08:07:33.000Z</time>
      </trkpt>
      <trkpt lat="49.057622" lon="15.020417">
        <time>2026-04-05T08:07:34.000Z</time>
      </trkpt>
      <trkpt lat="49.05765" lon="15.020436">
        <time>2026-04-05T08:07:35.000Z</time>
      </trkpt>
      <trkpt lat="49.057662" lon="15.020454">
        <time>2026-04-05T08:07:36.000Z</time>
      </trkpt>
      <trkpt lat="49.057662" lon="15.020465">
        <time>2026-04-05T08:07:37.000Z</time>
      </trkpt>
      <trkpt lat="49.057665" lon="15.020483">
        <time>2026-04-05T08:07:38.000Z</time>
      </trkpt>
      <trkpt lat="49.057667" lon="15.020504">
        <time>2026-04-05T08:07:39.000Z</time>
      </trkpt>
      <trkpt lat="49.057675" lon="15.02053">
        <time>2026-04-05T08:07:40.000Z</time>
      </trkpt>
      <trkpt lat="49.057692" lon="15.020558">
        <time>2026-04-05T08:07:41.000Z</time>
      </trkpt>
      <trkpt lat="49.057718" lon="15.020598">
        <time>2026-04-05T08:07:42.000Z</time>
      </trkpt>
      <trkpt lat="49.057729" lon="15.020625">
        <time>2026-04-05T08:07:43.000Z</time>
      </trkpt>
      <trkpt lat="49.057739" lon="15.020634">
        <time>2026-04-05T08:07:44.000Z</time>
      </trkpt>
      <trkpt lat="49.057766" lon="15.020648">
        <time>2026-04-05T08:07:45.000Z</time>
      </trkpt>
      <trkpt lat="49.057799" lon="15.020653">
        <time>2026-04-05T08:07:46.000Z</time>
      </trkpt>
      <trkpt lat="49.057825" lon="15.020659">
        <time>2026-04-05T08:07:47.000Z</time>
      </trkpt>
      <trkpt lat="49.057834" lon="15.02066">
        <time>2026-04-05T08:07:48.000Z</time>
      </trkpt>
      <trkpt lat="49.057849" lon="15.020669">
        <time>2026-04-05T08:07:49.000Z</time>
      </trkpt>
      <trkpt lat="49.05787" lon="15.020695">
        <time>2026-04-05T08:07:50.000Z</time>
      </trkpt>
      <trkpt lat="49.057897" lon="15.020736">
        <time>2026-04-05T08:07:51.000Z</time>
      </trkpt>
      <trkpt lat="49.057922" lon="15.020772">
        <time>2026-04-05T08:07:52.000Z</time>
      </trkpt>
      <trkpt lat="49.057936" lon="15.020807">
        <time>2026-04-05T08:07:53.000Z</time>
      </trkpt>
      <trkpt lat="49.057943" lon="15.020843">
        <time>2026-04-05T08:07:54.000Z</time>
      </trkpt>
      <trkpt lat="49.057945" lon="15.020876">
        <time>2026-04-05T08:07:55.000Z</time>
      </trkpt>
      <trkpt lat="49.057971" lon="15.020898">
        <time>2026-04-05T08:07:56.000Z</time>
      </trkpt>
      <trkpt lat="49.057975" lon="15.0209">
        <time>2026-04-05T08:07:57.000Z</time>
      </trkpt>
      <trkpt lat="49.058001" lon="15.02092">
        <time>2026-04-05T08:07:58.000Z</time>
      </trkpt>
      <trkpt lat="49.058021" lon="15.020938">
        <time>2026-04-05T08:07:59.000Z</time>
      </trkpt>
      <trkpt lat="49.058035" lon="15.020964">
        <time>2026-04-05T08:08:00.000Z</time>
      </trkpt>
      <trkpt lat="49.058048" lon="15.02099">
        <time>2026-04-05T08:08:01.000Z</time>
      </trkpt>
      <trkpt lat="49.058057" lon="15.020998">
        <time>2026-04-05T08:08:02.000Z</time>
      </trkpt>
      <trkpt lat="49.058084" lon="15.021025">
        <time>2026-04-05T08:08:03.000Z</time>
      </trkpt>
      <trkpt lat="49.058105" lon="15.021039">
        <time>2026-04-05T08:08:04.000Z</time>
      </trkpt>
      <trkpt lat="49.058131" lon="15.021057">
        <time>2026-04-05T08:08:05.000Z</time>
      </trkpt>
      <trkpt lat="49.058152" lon="15.021088">
        <time>2026-04-05T08:08:06.000Z</time>
      </trkpt>
      <trkpt lat="49.058163" lon="15.021134">
        <time>2026-04-05T08:08:07.000Z</time>
      </trkpt>
      <trkpt lat="49.058177" lon="15.021189">
        <time>2026-04-05T08:08:08.000Z</time>
      </trkpt>
      <trkpt lat="49.058178" lon="15.021235">
        <time>2026-04-05T08:08:09.000Z</time>
      </trkpt>
      <trkpt lat="49.05818" lon="15.021286">
        <time>2026-04-05T08:08:10.000Z</time>
      </trkpt>
      <trkpt lat="49.058185" lon="15.021344">
        <time>2026-04-05T08:08:11.000Z</time>
      </trkpt>
      <trkpt lat="49.058184" lon="15.021379">
        <time>2026-04-05T08:08:12.000Z</time>
      </trkpt>
      <trkpt lat="49.058182" lon="15.021433">
        <time>2026-04-05T08:08:13.000Z</time>
      </trkpt>
      <trkpt lat="49.058182" lon="15.021481">
        <time>2026-04-05T08:08:14.000Z</time>
      </trkpt>
      <trkpt lat="49.058186" lon="15.021533">
        <time>2026-04-05T08:08:15.000Z</time>
      </trkpt>
      <trkpt lat="49.058169" lon="15.021567">
        <time>2026-04-05T08:08:16.000Z</time>
      </trkpt>
      <trkpt lat="49.058164" lon="15.021626">
        <time>2026-04-05T08:08:17.000Z</time>
      </trkpt>
      <trkpt lat="49.058156" lon="15.021684">
        <time>2026-04-05T08:08:18.000Z</time>
      </trkpt>
      <trkpt lat="49.058149" lon="15.02173">
        <time>2026-04-05T08:08:19.000Z</time>
      </trkpt>
      <trkpt lat="49.058136" lon="15.021778">
        <time>2026-04-05T08:08:20.000Z</time>
      </trkpt>
      <trkpt lat="49.058115" lon="15.021821">
        <time>2026-04-05T08:08:21.000Z</time>
      </trkpt>
      <trkpt lat="49.058116" lon="15.021871">
        <time>2026-04-05T08:08:22.000Z</time>
      </trkpt>
      <trkpt lat="49.058103" lon="15.021902">
        <time>2026-04-05T08:08:23.000Z</time>
      </trkpt>
      <trkpt lat="49.058092" lon="15.02195">
        <time>2026-04-05T08:08:24.000Z</time>
      </trkpt>
      <trkpt lat="49.058076" lon="15.021975">
        <time>2026-04-05T08:08:25.000Z</time>
      </trkpt>
      <trkpt lat="49.058047" lon="15.022">
        <time>2026-04-05T08:08:26.000Z</time>
      </trkpt>
      <trkpt lat="49.058023" lon="15.022032">
        <time>2026-04-05T08:08:27.000Z</time>
      </trkpt>
      <trkpt lat="49.058012" lon="15.022074">
        <time>2026-04-05T08:08:28.000Z</time>
      </trkpt>
      <trkpt lat="49.058" lon="15.022127">
        <time>2026-04-05T08:08:29.000Z</time>
      </trkpt>
      <trkpt lat="49.057984" lon="15.022169">
        <time>2026-04-05T08:08:30.000Z</time>
      </trkpt>
      <trkpt lat="49.057975" lon="15.022215">
        <time>2026-04-05T08:08:31.000Z</time>
      </trkpt>
      <trkpt lat="49.057968" lon="15.022261">
        <time>2026-04-05T08:08:32.000Z</time>
      </trkpt>
      <trkpt lat="49.057958" lon="15.022288">
        <time>2026-04-05T08:08:33.000Z</time>
      </trkpt>
      <trkpt lat="49.057954" lon="15.022336">
        <time>2026-04-05T08:08:34.000Z</time>
      </trkpt>
      <trkpt lat="49.057939" lon="15.02238">
        <time>2026-04-05T08:08:35.000Z</time>
      </trkpt>
      <trkpt lat="49.057911" lon="15.022405">
        <time>2026-04-05T08:08:36.000Z</time>
      </trkpt>
      <trkpt lat="49.057895" lon="15.02243">
        <time>2026-04-05T08:08:37.000Z</time>
      </trkpt>
      <trkpt lat="49.05788" lon="15.022484">
        <time>2026-04-05T08:08:38.000Z</time>
      </trkpt>
      <trkpt lat="49.05787" lon="15.022525">
        <time>2026-04-05T08:08:39.000Z</time>
      </trkpt>
      <trkpt lat="49.05786" lon="15.022556">
        <time>2026-04-05T08:08:40.000Z</time>
      </trkpt>
      <trkpt lat="49.057849" lon="15.022567">
        <time>2026-04-05T08:08:41.000Z</time>
      </trkpt>
      <trkpt lat="49.057831" lon="15.022561">
        <time>2026-04-05T08:08:42.000Z</time>
      </trkpt>
      <trkpt lat="49.057803" lon="15.022556">
        <time>2026-04-05T08:08:43.000Z</time>
      </trkpt>
      <trkpt lat="49.05778" lon="15.022541">
        <time>2026-04-05T08:08:44.000Z</time>
      </trkpt>
      <trkpt lat="49.057752" lon="15.022525">
        <time>2026-04-05T08:08:45.000Z</time>
      </trkpt>
      <trkpt lat="49.05772" lon="15.022506">
        <time>2026-04-05T08:08:46.000Z</time>
      </trkpt>
      <trkpt lat="49.057691" lon="15.022498">
        <time>2026-04-05T08:08:47.000Z</time>
      </trkpt>
      <trkpt lat="49.057669" lon="15.022488">
        <time>2026-04-05T08:08:48.000Z</time>
      </trkpt>
      <trkpt lat="49.057653" lon="15.022474">
        <time>2026-04-05T08:08:49.000Z</time>
      </trkpt>
      <trkpt lat="49.057639" lon="15.022458">
        <time>2026-04-05T08:08:50.000Z</time>
      </trkpt>
      <trkpt lat="49.057631" lon="15.022441">
        <time>2026-04-05T08:08:51.000Z</time>
      </trkpt>
      <trkpt lat="49.057623" lon="15.022423">
        <time>2026-04-05T08:08:52.000Z</time>
      </trkpt>
      <trkpt lat="49.057609" lon="15.022397">
        <time>2026-04-05T08:08:53.000Z</time>
      </trkpt>
      <trkpt lat="49.0576" lon="15.022384">
        <time>2026-04-05T08:08:54.000Z</time>
      </trkpt>
      <trkpt lat="49.057591" lon="15.022373">
        <time>2026-04-05T08:08:55.000Z</time>
      </trkpt>
      <trkpt lat="49.057581" lon="15.022364">
        <time>2026-04-05T08:08:56.000Z</time>
      </trkpt>
      <trkpt lat="49.057568" lon="15.022347">
        <time>2026-04-05T08:08:57.000Z</time>
      </trkpt>
      <trkpt lat="49.057566" lon="15.022342">
        <time>2026-04-05T08:08:58.000Z</time>
      </trkpt>
      <trkpt lat="49.05756" lon="15.022333">
        <time>2026-04-05T08:08:59.000Z</time>
      </trkpt>
      <trkpt lat="49.05755" lon="15.022319">
        <time>2026-04-05T08:09:00.000Z</time>
      </trkpt>
      <trkpt lat="49.057549" lon="15.022296">
        <time>2026-04-05T08:09:01.000Z</time>
      </trkpt>
      <trkpt lat="49.057533" lon="15.022271">
        <time>2026-04-05T08:09:02.000Z</time>
      </trkpt>
      <trkpt lat="49.057527" lon="15.022252">
        <time>2026-04-05T08:09:03.000Z</time>
      </trkpt>
      <trkpt lat="49.057517" lon="15.022235">
        <time>2026-04-05T08:09:04.000Z</time>
      </trkpt>
      <trkpt lat="49.057497" lon="15.022203">
        <time>2026-04-05T08:09:05.000Z</time>
      </trkpt>
      <trkpt lat="49.057471" lon="15.022152">
        <time>2026-04-05T08:09:06.000Z</time>
      </trkpt>
      <trkpt lat="49.057456" lon="15.022112">
        <time>2026-04-05T08:09:07.000Z</time>
      </trkpt>
      <trkpt lat="49.057458" lon="15.022084">
        <time>2026-04-05T08:09:08.000Z</time>
      </trkpt>
      <trkpt lat="49.05747" lon="15.022068">
        <time>2026-04-05T08:09:09.000Z</time>
      </trkpt>
      <trkpt lat="49.057471" lon="15.022058">
        <time>2026-04-05T08:09:10.000Z</time>
      </trkpt>
      <trkpt lat="49.057465" lon="15.022057">
        <time>2026-04-05T08:09:11.000Z</time>
      </trkpt>
      <trkpt lat="49.057464" lon="15.022067">
        <time>2026-04-05T08:09:12.000Z</time>
      </trkpt>
      <trkpt lat="49.057466" lon="15.022094">
        <time>2026-04-05T08:09:13.000Z</time>
      </trkpt>
      <trkpt lat="49.057481" lon="15.022131">
        <time>2026-04-05T08:09:14.000Z</time>
      </trkpt>
      <trkpt lat="49.057487" lon="15.022167">
        <time>2026-04-05T08:09:15.000Z</time>
      </trkpt>
      <trkpt lat="49.057489" lon="15.0222">
        <time>2026-04-05T08:09:16.000Z</time>
      </trkpt>
      <trkpt lat="49.057499" lon="15.022248">
        <time>2026-04-05T08:09:17.000Z</time>
      </trkpt>
      <trkpt lat="49.05751" lon="15.022283">
        <time>2026-04-05T08:09:18.000Z</time>
      </trkpt>
      <trkpt lat="49.057515" lon="15.022323">
        <time>2026-04-05T08:09:19.000Z</time>
      </trkpt>
      <trkpt lat="49.057513" lon="15.022343">
        <time>2026-04-05T08:09:20.000Z</time>
      </trkpt>
      <trkpt lat="49.057526" lon="15.022369">
        <time>2026-04-05T08:09:21.000Z</time>
      </trkpt>
      <trkpt lat="49.057537" lon="15.0224">
        <time>2026-04-05T08:09:22.000Z</time>
      </trkpt>
      <trkpt lat="49.057553" lon="15.022434">
        <time>2026-04-05T08:09:23.000Z</time>
      </trkpt>
      <trkpt lat="49.057564" lon="15.022459">
        <time>2026-04-05T08:09:24.000Z</time>
      </trkpt>
      <trkpt lat="49.057583" lon="15.022495">
        <time>2026-04-05T08:09:25.000Z</time>
      </trkpt>
      <trkpt lat="49.057607" lon="15.022524">
        <time>2026-04-05T08:09:26.000Z</time>
      </trkpt>
      <trkpt lat="49.057626" lon="15.022542">
        <time>2026-04-05T08:09:27.000Z</time>
      </trkpt>
      <trkpt lat="49.057652" lon="15.022581">
        <time>2026-04-05T08:09:28.000Z</time>
      </trkpt>
      <trkpt lat="49.057682" lon="15.022623">
        <time>2026-04-05T08:09:29.000Z</time>
      </trkpt>
      <trkpt lat="49.057715" lon="15.022654">
        <time>2026-04-05T08:09:30.000Z</time>
      </trkpt>
      <trkpt lat="49.057739" lon="15.022675">
        <time>2026-04-05T08:09:31.000Z</time>
      </trkpt>
      <trkpt lat="49.05774" lon="15.022693">
        <time>2026-04-05T08:09:32.000Z</time>
      </trkpt>
      <trkpt lat="49.057745" lon="15.022725">
        <time>2026-04-05T08:09:33.000Z</time>
      </trkpt>
      <trkpt lat="49.057766" lon="15.022773">
        <time>2026-04-05T08:09:34.000Z</time>
      </trkpt>
      <trkpt lat="49.05778" lon="15.022826">
        <time>2026-04-05T08:09:35.000Z</time>
      </trkpt>
      <trkpt lat="49.057792" lon="15.022869">
        <time>2026-04-05T08:09:36.000Z</time>
      </trkpt>
      <trkpt lat="49.057803" lon="15.022899">
        <time>2026-04-05T08:09:37.000Z</time>
      </trkpt>
      <trkpt lat="49.057829" lon="15.022925">
        <time>2026-04-05T08:09:38.000Z</time>
      </trkpt>
      <trkpt lat="49.057858" lon="15.022953">
        <time>2026-04-05T08:09:39.000Z</time>
      </trkpt>
      <trkpt lat="49.057868" lon="15.022969">
        <time>2026-04-05T08:09:40.000Z</time>
      </trkpt>
      <trkpt lat="49.057882" lon="15.022995">
        <time>2026-04-05T08:09:41.000Z</time>
      </trkpt>
      <trkpt lat="49.057891" lon="15.023009">
        <time>2026-04-05T08:09:42.000Z</time>
      </trkpt>
      <trkpt lat="49.057912" lon="15.023022">
        <time>2026-04-05T08:09:43.000Z</time>
      </trkpt>
      <trkpt lat="49.057937" lon="15.023025">
        <time>2026-04-05T08:09:44.000Z</time>
      </trkpt>
      <trkpt lat="49.057971" lon="15.023035">
        <time>2026-04-05T08:09:45.000Z</time>
      </trkpt>
      <trkpt lat="49.057988" lon="15.023044">
        <time>2026-04-05T08:09:46.000Z</time>
      </trkpt>
      <trkpt lat="49.057993" lon="15.023053">
        <time>2026-04-05T08:09:47.000Z</time>
      </trkpt>
      <trkpt lat="49.057996" lon="15.023062">
        <time>2026-04-05T08:09:48.000Z</time>
      </trkpt>
      <trkpt lat="49.058007" lon="15.023078">
        <time>2026-04-05T08:09:49.000Z</time>
      </trkpt>
      <trkpt lat="49.058017" lon="15.023086">
        <time>2026-04-05T08:09:50.000Z</time>
      </trkpt>
      <trkpt lat="49.058024" lon="15.023093">
        <time>2026-04-05T08:09:51.000Z</time>
      </trkpt>
      <trkpt lat="49.058042" lon="15.023115">
        <time>2026-04-05T08:09:52.000Z</time>
      </trkpt>
      <trkpt lat="49.058063" lon="15.023145">
        <time>2026-04-05T08:09:53.000Z</time>
      </trkpt>
      <trkpt lat="49.058083" lon="15.023171">
        <time>2026-04-05T08:09:54.000Z</time>
      </trkpt>
      <trkpt lat="49.05811" lon="15.023195">
        <time>2026-04-05T08:09:55.000Z</time>
      </trkpt>
      <trkpt lat="49.058154" lon="15.023219">
        <time>2026-04-05T08:09:56.000Z</time>
      </trkpt>
      <trkpt lat="49.05818" lon="15.023214">
        <time>2026-04-05T08:09:57.000Z</time>
      </trkpt>
      <trkpt lat="49.058199" lon="15.023197">
        <time>2026-04-05T08:09:58.000Z</time>
      </trkpt>
      <trkpt lat="49.058213" lon="15.023191">
        <time>2026-04-05T08:09:59.000Z</time>
      </trkpt>
      <trkpt lat="49.058217" lon="15.023176">
        <time>2026-04-05T08:10:00.000Z</time>
      </trkpt>
      <trkpt lat="49.058243" lon="15.023173">
        <time>2026-04-05T08:10:01.000Z</time>
      </trkpt>
      <trkpt lat="49.058257" lon="15.023166">
        <time>2026-04-05T08:10:02.000Z</time>
      </trkpt>
      <trkpt lat="49.058276" lon="15.023161">
        <time>2026-04-05T08:10:03.000Z</time>
      </trkpt>
      <trkpt lat="49.058288" lon="15.023156">
        <time>2026-04-05T08:10:04.000Z</time>
      </trkpt>
      <trkpt lat="49.058314" lon="15.023158">
        <time>2026-04-05T08:10:05.000Z</time>
      </trkpt>
      <trkpt lat="49.058339" lon="15.023164">
        <time>2026-04-05T08:10:06.000Z</time>
      </trkpt>
      <trkpt lat="49.058361" lon="15.023171">
        <time>2026-04-05T08:10:07.000Z</time>
      </trkpt>
      <trkpt lat="49.058378" lon="15.023178">
        <time>2026-04-05T08:10:08.000Z</time>
      </trkpt>
      <trkpt lat="49.058391" lon="15.023184">
        <time>2026-04-05T08:10:09.000Z</time>
      </trkpt>
      <trkpt lat="49.058409" lon="15.023193">
        <time>2026-04-05T08:10:10.000Z</time>
      </trkpt>
      <trkpt lat="49.058428" lon="15.023199">
        <time>2026-04-05T08:10:11.000Z</time>
      </trkpt>
      <trkpt lat="49.058441" lon="15.023208">
        <time>2026-04-05T08:10:12.000Z</time>
      </trkpt>
      <trkpt lat="49.058448" lon="15.023218">
        <time>2026-04-05T08:10:13.000Z</time>
      </trkpt>
      <trkpt lat="49.058459" lon="15.023237">
        <time>2026-04-05T08:10:14.000Z</time>
      </trkpt>
      <trkpt lat="49.058472" lon="15.023262">
        <time>2026-04-05T08:10:15.000Z</time>
      </trkpt>
      <trkpt lat="49.058493" lon="15.023287">
        <time>2026-04-05T08:10:16.000Z</time>
      </trkpt>
      <trkpt lat="49.058514" lon="15.023308">
        <time>2026-04-05T08:10:17.000Z</time>
      </trkpt>
      <trkpt lat="49.058529" lon="15.023336">
        <time>2026-04-05T08:10:18.000Z</time>
      </trkpt>
      <trkpt lat="49.058537" lon="15.023364">
        <time>2026-04-05T08:10:19.000Z</time>
      </trkpt>
      <trkpt lat="49.058543" lon="15.023384">
        <time>2026-04-05T08:10:20.000Z</time>
      </trkpt>
      <trkpt lat="49.058552" lon="15.023402">
        <time>2026-04-05T08:10:21.000Z</time>
      </trkpt>
      <trkpt lat="49.058569" lon="15.023425">
        <time>2026-04-05T08:10:22.000Z</time>
      </trkpt>
      <trkpt lat="49.058575" lon="15.023447">
        <time>2026-04-05T08:10:23.000Z</time>
      </trkpt>
      <trkpt lat="49.058578" lon="15.02347">
        <time>2026-04-05T08:10:24.000Z</time>
      </trkpt>
      <trkpt lat="49.05858" lon="15.02349">
        <time>2026-04-05T08:10:25.000Z</time>
      </trkpt>
      <trkpt lat="49.058593" lon="15.023512">
        <time>2026-04-05T08:10:26.000Z</time>
      </trkpt>
      <trkpt lat="49.058603" lon="15.023524">
        <time>2026-04-05T08:10:27.000Z</time>
      </trkpt>
      <trkpt lat="49.058608" lon="15.023528">
        <time>2026-04-05T08:10:28.000Z</time>
      </trkpt>
      <trkpt lat="49.05861" lon="15.023532">
        <time>2026-04-05T08:10:29.000Z</time>
      </trkpt>
      <trkpt lat="49.058615" lon="15.023548">
        <time>2026-04-05T08:10:30.000Z</time>
      </trkpt>
      <trkpt lat="49.058617" lon="15.023558">
        <time>2026-04-05T08:10:31.000Z</time>
      </trkpt>
      <trkpt lat="49.058626" lon="15.023555">
        <time>2026-04-05T08:10:32.000Z</time>
      </trkpt>
      <trkpt lat="49.058626" lon="15.023542">
        <time>2026-04-05T08:10:33.000Z</time>
      </trkpt>
      <trkpt lat="49.058629" lon="15.023523">
        <time>2026-04-05T08:10:34.000Z</time>
      </trkpt>
      <trkpt lat="49.058626" lon="15.023496">
        <time>2026-04-05T08:10:35.000Z</time>
      </trkpt>
      <trkpt lat="49.058624" lon="15.023467">
        <time>2026-04-05T08:10:36.000Z</time>
      </trkpt>
      <trkpt lat="49.058628" lon="15.023441">
        <time>2026-04-05T08:10:37.000Z</time>
      </trkpt>
      <trkpt lat="49.058644" lon="15.023423">
        <time>2026-04-05T08:10:38.000Z</time>
      </trkpt>
      <trkpt lat="49.058653" lon="15.023416">
        <time>2026-04-05T08:10:39.000Z</time>
      </trkpt>
      <trkpt lat="49.058671" lon="15.023413">
        <time>2026-04-05T08:10:40.000Z</time>
      </trkpt>
      <trkpt lat="49.058688" lon="15.023411">
        <time>2026-04-05T08:10:41.000Z</time>
      </trkpt>
      <trkpt lat="49.058719" lon="15.023411">
        <time>2026-04-05T08:10:42.000Z</time>
      </trkpt>
      <trkpt lat="49.058747" lon="15.02341">
        <time>2026-04-05T08:10:43.000Z</time>
      </trkpt>
      <trkpt lat="49.058763" lon="15.023395">
        <time>2026-04-05T08:10:44.000Z</time>
      </trkpt>
      <trkpt lat="49.05878" lon="15.023377">
        <time>2026-04-05T08:10:45.000Z</time>
      </trkpt>
      <trkpt lat="49.058801" lon="15.023362">
        <time>2026-04-05T08:10:46.000Z</time>
      </trkpt>
      <trkpt lat="49.058813" lon="15.023354">
        <time>2026-04-05T08:10:47.000Z</time>
      </trkpt>
      <trkpt lat="49.058822" lon="15.023341">
        <time>2026-04-05T08:10:48.000Z</time>
      </trkpt>
      <trkpt lat="49.05883" lon="15.023322">
        <time>2026-04-05T08:10:49.000Z</time>
      </trkpt>
      <trkpt lat="49.058829" lon="15.023304">
        <time>2026-04-05T08:10:50.000Z</time>
      </trkpt>
      <trkpt lat="49.058824" lon="15.02328">
        <time>2026-04-05T08:10:51.000Z</time>
      </trkpt>
      <trkpt lat="49.058815" lon="15.023249">
        <time>2026-04-05T08:10:52.000Z</time>
      </trkpt>
      <trkpt lat="49.058816" lon="15.023225">
        <time>2026-04-05T08:10:53.000Z</time>
      </trkpt>
      <trkpt lat="49.058822" lon="15.023204">
        <time>2026-04-05T08:10:54.000Z</time>
      </trkpt>
      <trkpt lat="49.058831" lon="15.023185">
        <time>2026-04-05T08:10:55.000Z</time>
      </trkpt>
      <trkpt lat="49.05884" lon="15.023162">
        <time>2026-04-05T08:10:56.000Z</time>
      </trkpt>
      <trkpt lat="49.058844" lon="15.023133">
        <time>2026-04-05T08:10:57.000Z</time>
      </trkpt>
      <trkpt lat="49.058847" lon="15.023107">
        <time>2026-04-05T08:10:58.000Z</time>
      </trkpt>
      <trkpt lat="49.058853" lon="15.023079">
        <time>2026-04-05T08:10:59.000Z</time>
      </trkpt>
      <trkpt lat="49.058865" lon="15.02306">
        <time>2026-04-05T08:11:00.000Z</time>
      </trkpt>
      <trkpt lat="49.058878" lon="15.023031">
        <time>2026-04-05T08:11:01.000Z</time>
      </trkpt>
      <trkpt lat="49.058894" lon="15.023008">
        <time>2026-04-05T08:11:02.000Z</time>
      </trkpt>
      <trkpt lat="49.058904" lon="15.022978">
        <time>2026-04-05T08:11:03.000Z</time>
      </trkpt>
      <trkpt lat="49.058919" lon="15.02296">
        <time>2026-04-05T08:11:04.000Z</time>
      </trkpt>
      <trkpt lat="49.058937" lon="15.022952">
        <time>2026-04-05T08:11:05.000Z</time>
      </trkpt>
      <trkpt lat="49.058958" lon="15.02296">
        <time>2026-04-05T08:11:06.000Z</time>
      </trkpt>
      <trkpt lat="49.05898" lon="15.022965">
        <time>2026-04-05T08:11:07.000Z</time>
      </trkpt>
      <trkpt lat="49.058989" lon="15.022951">
        <time>2026-04-05T08:11:08.000Z</time>
      </trkpt>
      <trkpt lat="49.059003" lon="15.022937">
        <time>2026-04-05T08:11:09.000Z</time>
      </trkpt>
      <trkpt lat="49.059017" lon="15.02293">
        <time>2026-04-05T08:11:10.000Z</time>
      </trkpt>
      <trkpt lat="49.059028" lon="15.022922">
        <time>2026-04-05T08:11:11.000Z</time>
      </trkpt>
      <trkpt lat="49.059041" lon="15.022914">
        <time>2026-04-05T08:11:12.000Z</time>
      </trkpt>
      <trkpt lat="49.059052" lon="15.0229">
        <time>2026-04-05T08:11:13.000Z</time>
      </trkpt>
      <trkpt lat="49.05907" lon="15.022886">
        <time>2026-04-05T08:11:14.000Z</time>
      </trkpt>
      <trkpt lat="49.059085" lon="15.022865">
        <time>2026-04-05T08:11:15.000Z</time>
      </trkpt>
      <trkpt lat="49.059094" lon="15.022837">
        <time>2026-04-05T08:11:16.000Z</time>
      </trkpt>
      <trkpt lat="49.059106" lon="15.022817">
        <time>2026-04-05T08:11:17.000Z</time>
      </trkpt>
      <trkpt lat="49.059117" lon="15.022782">
        <time>2026-04-05T08:11:18.000Z</time>
      </trkpt>
      <trkpt lat="49.059132" lon="15.022764">
        <time>2026-04-05T08:11:19.000Z</time>
      </trkpt>
      <trkpt lat="49.059147" lon="15.022746">
        <time>2026-04-05T08:11:20.000Z</time>
      </trkpt>
      <trkpt lat="49.059161" lon="15.022715">
        <time>2026-04-05T08:11:21.000Z</time>
      </trkpt>
      <trkpt lat="49.059173" lon="15.022673">
        <time>2026-04-05T08:11:22.000Z</time>
      </trkpt>
      <trkpt lat="49.059179" lon="15.022616">
        <time>2026-04-05T08:11:23.000Z</time>
      </trkpt>
      <trkpt lat="49.059187" lon="15.022568">
        <time>2026-04-05T08:11:24.000Z</time>
      </trkpt>
      <trkpt lat="49.059187" lon="15.022518">
        <time>2026-04-05T08:11:25.000Z</time>
      </trkpt>
      <trkpt lat="49.059212" lon="15.022479">
        <time>2026-04-05T08:11:26.000Z</time>
      </trkpt>
      <trkpt lat="49.059222" lon="15.022441">
        <time>2026-04-05T08:11:27.000Z</time>
      </trkpt>
      <trkpt lat="49.059216" lon="15.022391">
        <time>2026-04-05T08:11:28.000Z</time>
      </trkpt>
      <trkpt lat="49.059232" lon="15.022357">
        <time>2026-04-05T08:11:29.000Z</time>
      </trkpt>
      <trkpt lat="49.05923" lon="15.022294">
        <time>2026-04-05T08:11:30.000Z</time>
      </trkpt>
      <trkpt lat="49.059232" lon="15.022243">
        <time>2026-04-05T08:11:31.000Z</time>
      </trkpt>
      <trkpt lat="49.05922" lon="15.022192">
        <time>2026-04-05T08:11:32.000Z</time>
      </trkpt>
      <trkpt lat="49.059218" lon="15.022155">
        <time>2026-04-05T08:11:33.000Z</time>
      </trkpt>
      <trkpt lat="49.05923" lon="15.022129">
        <time>2026-04-05T08:11:34.000Z</time>
      </trkpt>
      <trkpt lat="49.059235" lon="15.022079">
        <time>2026-04-05T08:11:35.000Z</time>
      </trkpt>
      <trkpt lat="49.059226" lon="15.022032">
        <time>2026-04-05T08:11:36.000Z</time>
      </trkpt>
      <trkpt lat="49.059248" lon="15.021999">
        <time>2026-04-05T08:11:37.000Z</time>
      </trkpt>
      <trkpt lat="49.059249" lon="15.021943">
        <time>2026-04-05T08:11:38.000Z</time>
      </trkpt>
      <trkpt lat="49.05925" lon="15.0219">
        <time>2026-04-05T08:11:39.000Z</time>
      </trkpt>
      <trkpt lat="49.059266" lon="15.021872">
        <time>2026-04-05T08:11:40.000Z</time>
      </trkpt>
      <trkpt lat="49.059283" lon="15.021858">
        <time>2026-04-05T08:11:41.000Z</time>
      </trkpt>
      <trkpt lat="49.059303" lon="15.021838">
        <time>2026-04-05T08:11:42.000Z</time>
      </trkpt>
      <trkpt lat="49.059314" lon="15.021821">
        <time>2026-04-05T08:11:43.000Z</time>
      </trkpt>
      <trkpt lat="49.059314" lon="15.021803">
        <time>2026-04-05T08:11:44.000Z</time>
      </trkpt>
      <trkpt lat="49.059312" lon="15.021785">
        <time>2026-04-05T08:11:45.000Z</time>
      </trkpt>
      <trkpt lat="49.059302" lon="15.021775">
        <time>2026-04-05T08:11:46.000Z</time>
      </trkpt>
      <trkpt lat="49.059298" lon="15.021766">
        <time>2026-04-05T08:11:47.000Z</time>
      </trkpt>
      <trkpt lat="49.059298" lon="15.021751">
        <time>2026-04-05T08:11:48.000Z</time>
      </trkpt>
      <trkpt lat="49.059296" lon="15.021728">
        <time>2026-04-05T08:11:49.000Z</time>
      </trkpt>
      <trkpt lat="49.059298" lon="15.021706">
        <time>2026-04-05T08:11:50.000Z</time>
      </trkpt>
      <trkpt lat="49.059297" lon="15.021687">
        <time>2026-04-05T08:11:51.000Z</time>
      </trkpt>
      <trkpt lat="49.059299" lon="15.021677">
        <time>2026-04-05T08:11:52.000Z</time>
      </trkpt>
      <trkpt lat="49.059299" lon="15.021662">
        <time>2026-04-05T08:11:53.000Z</time>
      </trkpt>
      <trkpt lat="49.059304" lon="15.021641">
        <time>2026-04-05T08:11:54.000Z</time>
      </trkpt>
      <trkpt lat="49.059314" lon="15.021626">
        <time>2026-04-05T08:11:55.000Z</time>
      </trkpt>
      <trkpt lat="49.059317" lon="15.021596">
        <time>2026-04-05T08:11:56.000Z</time>
      </trkpt>
      <trkpt lat="49.059313" lon="15.021564">
        <time>2026-04-05T08:11:57.000Z</time>
      </trkpt>
      <trkpt lat="49.059317" lon="15.021539">
        <time>2026-04-05T08:11:58.000Z</time>
      </trkpt>
      <trkpt lat="49.059327" lon="15.021523">
        <time>2026-04-05T08:11:59.000Z</time>
      </trkpt>
      <trkpt lat="49.059341" lon="15.021516">
        <time>2026-04-05T08:12:00.000Z</time>
      </trkpt>
      <trkpt lat="49.059346" lon="15.021515">
        <time>2026-04-05T08:12:01.000Z</time>
      </trkpt>
      <trkpt lat="49.059349" lon="15.021505">
        <time>2026-04-05T08:12:02.000Z</time>
      </trkpt>
      <trkpt lat="49.059351" lon="15.021489">
        <time>2026-04-05T08:12:03.000Z</time>
      </trkpt>
      <trkpt lat="49.059362" lon="15.021477">
        <time>2026-04-05T08:12:04.000Z</time>
      </trkpt>
      <trkpt lat="49.05937" lon="15.021455">
        <time>2026-04-05T08:12:05.000Z</time>
      </trkpt>
      <trkpt lat="49.059388" lon="15.02145">
        <time>2026-04-05T08:12:06.000Z</time>
      </trkpt>
      <trkpt lat="49.059397" lon="15.021447">
        <time>2026-04-05T08:12:07.000Z</time>
      </trkpt>
      <trkpt lat="49.059409" lon="15.021446">
        <time>2026-04-05T08:12:08.000Z</time>
      </trkpt>
      <trkpt lat="49.059425" lon="15.021434">
        <time>2026-04-05T08:12:09.000Z</time>
      </trkpt>
      <trkpt lat="49.059422" lon="15.02141">
        <time>2026-04-05T08:12:10.000Z</time>
      </trkpt>
      <trkpt lat="49.059426" lon="15.021395">
        <time>2026-04-05T08:12:11.000Z</time>
      </trkpt>
      <trkpt lat="49.059419" lon="15.021381">
        <time>2026-04-05T08:12:12.000Z</time>
      </trkpt>
      <trkpt lat="49.059415" lon="15.021371">
        <time>2026-04-05T08:12:13.000Z</time>
      </trkpt>
      <trkpt lat="49.05941" lon="15.02135">
        <time>2026-04-05T08:12:14.000Z</time>
      </trkpt>
      <trkpt lat="49.059409" lon="15.021324">
        <time>2026-04-05T08:12:15.000Z</time>
      </trkpt>
      <trkpt lat="49.059417" lon="15.021309">
        <time>2026-04-05T08:12:16.000Z</time>
      </trkpt>
      <trkpt lat="49.059426" lon="15.021291">
        <time>2026-04-05T08:12:17.000Z</time>
      </trkpt>
      <trkpt lat="49.059433" lon="15.021278">
        <time>2026-04-05T08:12:18.000Z</time>
      </trkpt>
      <trkpt lat="49.059433" lon="15.021254">
        <time>2026-04-05T08:12:19.000Z</time>
      </trkpt>
      <trkpt lat="49.059435" lon="15.02123">
        <time>2026-04-05T08:12:20.000Z</time>
      </trkpt>
      <trkpt lat="49.059447" lon="15.021188">
        <time>2026-04-05T08:12:21.000Z</time>
      </trkpt>
      <trkpt lat="49.059458" lon="15.021153">
        <time>2026-04-05T08:12:22.000Z</time>
      </trkpt>
      <trkpt lat="49.059467" lon="15.021121">
        <time>2026-04-05T08:12:23.000Z</time>
      </trkpt>
      <trkpt lat="49.059458" lon="15.021087">
        <time>2026-04-05T08:12:24.000Z</time>
      </trkpt>
      <trkpt lat="49.059463" lon="15.021067">
        <time>2026-04-05T08:12:25.000Z</time>
      </trkpt>
      <trkpt lat="49.059468" lon="15.021044">
        <time>2026-04-05T08:12:26.000Z</time>
      </trkpt>
      <trkpt lat="49.05948" lon="15.02102">
        <time>2026-04-05T08:12:27.000Z</time>
      </trkpt>
      <trkpt lat="49.059496" lon="15.021002">
        <time>2026-04-05T08:12:28.000Z</time>
      </trkpt>
      <trkpt lat="49.059513" lon="15.020995">
        <time>2026-04-05T08:12:29.000Z</time>
      </trkpt>
      <trkpt lat="49.059531" lon="15.02099">
        <time>2026-04-05T08:12:30.000Z</time>
      </trkpt>
      <trkpt lat="49.059556" lon="15.020985">
        <time>2026-04-05T08:12:31.000Z</time>
      </trkpt>
      <trkpt lat="49.059566" lon="15.020962">
        <time>2026-04-05T08:12:32.000Z</time>
      </trkpt>
      <trkpt lat="49.059575" lon="15.020939">
        <time>2026-04-05T08:12:33.000Z</time>
      </trkpt>
      <trkpt lat="49.05957" lon="15.020911">
        <time>2026-04-05T08:12:34.000Z</time>
      </trkpt>
      <trkpt lat="49.05958" lon="15.020895">
        <time>2026-04-05T08:12:35.000Z</time>
      </trkpt>
      <trkpt lat="49.05959" lon="15.020887">
        <time>2026-04-05T08:12:36.000Z</time>
      </trkpt>
      <trkpt lat="49.059611" lon="15.020883">
        <time>2026-04-05T08:12:37.000Z</time>
      </trkpt>
      <trkpt lat="49.059619" lon="15.020866">
        <time>2026-04-05T08:12:38.000Z</time>
      </trkpt>
      <trkpt lat="49.059624" lon="15.020845">
        <time>2026-04-05T08:12:39.000Z</time>
      </trkpt>
      <trkpt lat="49.05963" lon="15.020822">
        <time>2026-04-05T08:12:40.000Z</time>
      </trkpt>
      <trkpt lat="49.059632" lon="15.0208">
        <time>2026-04-05T08:12:41.000Z</time>
      </trkpt>
      <trkpt lat="49.059633" lon="15.020779">
        <time>2026-04-05T08:12:42.000Z</time>
      </trkpt>
      <trkpt lat="49.059628" lon="15.020761">
        <time>2026-04-05T08:12:43.000Z</time>
      </trkpt>
      <trkpt lat="49.059623" lon="15.020745">
        <time>2026-04-05T08:12:44.000Z</time>
      </trkpt>
      <trkpt lat="49.059617" lon="15.020731">
        <time>2026-04-05T08:12:45.000Z</time>
      </trkpt>
      <trkpt lat="49.059614" lon="15.020712">
        <time>2026-04-05T08:12:46.000Z</time>
      </trkpt>
      <trkpt lat="49.059608" lon="15.020686">
        <time>2026-04-05T08:12:47.000Z</time>
      </trkpt>
      <trkpt lat="49.059604" lon="15.020653">
        <time>2026-04-05T08:12:48.000Z</time>
      </trkpt>
      <trkpt lat="49.059596" lon="15.020615">
        <time>2026-04-05T08:12:49.000Z</time>
      </trkpt>
      <trkpt lat="49.059588" lon="15.020585">
        <time>2026-04-05T08:12:50.000Z</time>
      </trkpt>
      <trkpt lat="49.059589" lon="15.020561">
        <time>2026-04-05T08:12:51.000Z</time>
      </trkpt>
      <trkpt lat="49.059581" lon="15.020532">
        <time>2026-04-05T08:12:52.000Z</time>
      </trkpt>
      <trkpt lat="49.059564" lon="15.020501">
        <time>2026-04-05T08:12:53.000Z</time>
      </trkpt>
      <trkpt lat="49.059559" lon="15.020468">
        <time>2026-04-05T08:12:54.000Z</time>
      </trkpt>
      <trkpt lat="49.059559" lon="15.020433">
        <time>2026-04-05T08:12:55.000Z</time>
      </trkpt>
      <trkpt lat="49.059564" lon="15.020412">
        <time>2026-04-05T08:12:56.000Z</time>
      </trkpt>
      <trkpt lat="49.059569" lon="15.02039">
        <time>2026-04-05T08:12:57.000Z</time>
      </trkpt>
      <trkpt lat="49.059572" lon="15.020364">
        <time>2026-04-05T08:12:58.000Z</time>
      </trkpt>
      <trkpt lat="49.059579" lon="15.020349">
        <time>2026-04-05T08:12:59.000Z</time>
      </trkpt>
      <trkpt lat="49.059573" lon="15.020323">
        <time>2026-04-05T08:13:00.000Z</time>
      </trkpt>
      <trkpt lat="49.059557" lon="15.020294">
        <time>2026-04-05T08:13:01.000Z</time>
      </trkpt>
      <trkpt lat="49.059536" lon="15.020269">
        <time>2026-04-05T08:13:02.000Z</time>
      </trkpt>
      <trkpt lat="49.059519" lon="15.020238">
        <time>2026-04-05T08:13:03.000Z</time>
      </trkpt>
      <trkpt lat="49.059507" lon="15.020216">
        <time>2026-04-05T08:13:04.000Z</time>
      </trkpt>
      <trkpt lat="49.059491" lon="15.020208">
        <time>2026-04-05T08:13:05.000Z</time>
      </trkpt>
      <trkpt lat="49.059471" lon="15.020209">
        <time>2026-04-05T08:13:06.000Z</time>
      </trkpt>
      <trkpt lat="49.059452" lon="15.020194">
        <time>2026-04-05T08:13:07.000Z</time>
      </trkpt>
      <trkpt lat="49.059435" lon="15.020175">
        <time>2026-04-05T08:13:08.000Z</time>
      </trkpt>
      <trkpt lat="49.059414" lon="15.020153">
        <time>2026-04-05T08:13:09.000Z</time>
      </trkpt>
      <trkpt lat="49.059399" lon="15.020131">
        <time>2026-04-05T08:13:10.000Z</time>
      </trkpt>
      <trkpt lat="49.059393" lon="15.020124">
        <time>2026-04-05T08:13:11.000Z</time>
      </trkpt>
      <trkpt lat="49.059386" lon="15.020109">
        <time>2026-04-05T08:13:12.000Z</time>
      </trkpt>
      <trkpt lat="49.059386" lon="15.020102">
        <time>2026-04-05T08:13:13.000Z</time>
      </trkpt>
      <trkpt lat="49.059384" lon="15.020095">
        <time>2026-04-05T08:13:14.000Z</time>
      </trkpt>
      <trkpt lat="49.059382" lon="15.020082">
        <time>2026-04-05T08:13:15.000Z</time>
      </trkpt>
      <trkpt lat="49.059375" lon="15.020061">
        <time>2026-04-05T08:13:16.000Z</time>
      </trkpt>
      <trkpt lat="49.059371" lon="15.020046">
        <time>2026-04-05T08:13:17.000Z</time>
      </trkpt>
      <trkpt lat="49.059371" lon="15.020034">
        <time>2026-04-05T08:13:18.000Z</time>
      </trkpt>
      <trkpt lat="49.059375" lon="15.020023">
        <time>2026-04-05T08:13:19.000Z</time>
      </trkpt>
      <trkpt lat="49.059375" lon="15.020005">
        <time>2026-04-05T08:13:20.000Z</time>
      </trkpt>
      <trkpt lat="49.059382" lon="15.01999">
        <time>2026-04-05T08:13:21.000Z</time>
      </trkpt>
      <trkpt lat="49.059375" lon="15.019971">
        <time>2026-04-05T08:13:22.000Z</time>
      </trkpt>
      <trkpt lat="49.059372" lon="15.019948">
        <time>2026-04-05T08:13:23.000Z</time>
      </trkpt>
      <trkpt lat="49.05937" lon="15.019913">
        <time>2026-04-05T08:13:24.000Z</time>
      </trkpt>
      <trkpt lat="49.059356" lon="15.019866">
        <time>2026-04-05T08:13:25.000Z</time>
      </trkpt>
      <trkpt lat="49.059339" lon="15.019818">
        <time>2026-04-05T08:13:26.000Z</time>
      </trkpt>
      <trkpt lat="49.059318" lon="15.019766">
        <time>2026-04-05T08:13:27.000Z</time>
      </trkpt>
      <trkpt lat="49.059298" lon="15.019722">
        <time>2026-04-05T08:13:28.000Z</time>
      </trkpt>
      <trkpt lat="49.05928" lon="15.019685">
        <time>2026-04-05T08:13:29.000Z</time>
      </trkpt>
      <trkpt lat="49.059258" lon="15.019654">
        <time>2026-04-05T08:13:30.000Z</time>
      </trkpt>
      <trkpt lat="49.059236" lon="15.019616">
        <time>2026-04-05T08:13:31.000Z</time>
      </trkpt>
      <trkpt lat="49.059233" lon="15.019589">
        <time>2026-04-05T08:13:32.000Z</time>
      </trkpt>
      <trkpt lat="49.059225" lon="15.019548">
        <time>2026-04-05T08:13:33.000Z</time>
      </trkpt>
      <trkpt lat="49.059219" lon="15.019501">
        <time>2026-04-05T08:13:34.000Z</time>
      </trkpt>
      <trkpt lat="49.059215" lon="15.01946">
        <time>2026-04-05T08:13:35.000Z</time>
      </trkpt>
      <trkpt lat="49.059208" lon="15.019407">
        <time>2026-04-05T08:13:36.000Z</time>
      </trkpt>
      <trkpt lat="49.059191" lon="15.019356">
        <time>2026-04-05T08:13:37.000Z</time>
      </trkpt>
      <trkpt lat="49.059171" lon="15.019306">
        <time>2026-04-05T08:13:38.000Z</time>
      </trkpt>
      <trkpt lat="49.059158" lon="15.01926">
        <time>2026-04-05T08:13:39.000Z</time>
      </trkpt>
      <trkpt lat="49.059154" lon="15.019217">
        <time>2026-04-05T08:13:40.000Z</time>
      </trkpt>
      <trkpt lat="49.059163" lon="15.019184">
        <time>2026-04-05T08:13:41.000Z</time>
      </trkpt>
      <trkpt lat="49.059164" lon="15.019147">
        <time>2026-04-05T08:13:42.000Z</time>
      </trkpt>
      <trkpt lat="49.059153" lon="15.019113">
        <time>2026-04-05T08:13:43.000Z</time>
      </trkpt>
      <trkpt lat="49.059137" lon="15.019097">
        <time>2026-04-05T08:13:44.000Z</time>
      </trkpt>
      <trkpt lat="49.059116" lon="15.019087">
        <time>2026-04-05T08:13:45.000Z</time>
      </trkpt>
      <trkpt lat="49.059098" lon="15.019089">
        <time>2026-04-05T08:13:46.000Z</time>
      </trkpt>
      <trkpt lat="49.059078" lon="15.019095">
        <time>2026-04-05T08:13:47.000Z</time>
      </trkpt>
      <trkpt lat="49.059055" lon="15.019102">
        <time>2026-04-05T08:13:48.000Z</time>
      </trkpt>
      <trkpt lat="49.059037" lon="15.01911">
        <time>2026-04-05T08:13:49.000Z</time>
      </trkpt>
      <trkpt lat="49.059023" lon="15.019127">
        <time>2026-04-05T08:13:50.000Z</time>
      </trkpt>
      <trkpt lat="49.059003" lon="15.019148">
        <time>2026-04-05T08:13:51.000Z</time>
      </trkpt>
      <trkpt lat="49.058982" lon="15.019169">
        <time>2026-04-05T08:13:52.000Z</time>
      </trkpt>
      <trkpt lat="49.05896" lon="15.019184">
        <time>2026-04-05T08:13:53.000Z</time>
      </trkpt>
      <trkpt lat="49.058932" lon="15.019193">
        <time>2026-04-05T08:13:54.000Z</time>
      </trkpt>
      <trkpt lat="49.058907" lon="15.019208">
        <time>2026-04-05T08:13:55.000Z</time>
      </trkpt>
      <trkpt lat="49.058884" lon="15.019222">
        <time>2026-04-05T08:13:56.000Z</time>
      </trkpt>
      <trkpt lat="49.05886" lon="15.019214">
        <time>2026-04-05T08:13:57.000Z</time>
      </trkpt>
      <trkpt lat="49.058839" lon="15.019201">
        <time>2026-04-05T08:13:58.000Z</time>
      </trkpt>
      <trkpt lat="49.058819" lon="15.019184">
        <time>2026-04-05T08:13:59.000Z</time>
      </trkpt>
      <trkpt lat="49.058802" lon="15.019166">
        <time>2026-04-05T08:14:00.000Z</time>
      </trkpt>
      <trkpt lat="49.058787" lon="15.019146">
        <time>2026-04-05T08:14:01.000Z</time>
      </trkpt>
      <trkpt lat="49.058776" lon="15.019125">
        <time>2026-04-05T08:14:02.000Z</time>
      </trkpt>
      <trkpt lat="49.058768" lon="15.019104">
        <time>2026-04-05T08:14:03.000Z</time>
      </trkpt>
      <trkpt lat="49.058751" lon="15.019079">
        <time>2026-04-05T08:14:04.000Z</time>
      </trkpt>
      <trkpt lat="49.058735" lon="15.01906">
        <time>2026-04-05T08:14:05.000Z</time>
      </trkpt>
      <trkpt lat="49.05872" lon="15.019041">
        <time>2026-04-05T08:14:06.000Z</time>
      </trkpt>
      <trkpt lat="49.058706" lon="15.019006">
        <time>2026-04-05T08:14:07.000Z</time>
      </trkpt>
      <trkpt lat="49.058692" lon="15.018958">
        <time>2026-04-05T08:14:08.000Z</time>
      </trkpt>
      <trkpt lat="49.058686" lon="15.018913">
        <time>2026-04-05T08:14:09.000Z</time>
      </trkpt>
      <trkpt lat="49.058686" lon="15.018873">
        <time>2026-04-05T08:14:10.000Z</time>
      </trkpt>
      <trkpt lat="49.058688" lon="15.018818">
        <time>2026-04-05T08:14:11.000Z</time>
      </trkpt>
      <trkpt lat="49.058686" lon="15.018772">
        <time>2026-04-05T08:14:12.000Z</time>
      </trkpt>
      <trkpt lat="49.058676" lon="15.018727">
        <time>2026-04-05T08:14:13.000Z</time>
      </trkpt>
      <trkpt lat="49.058662" lon="15.018678">
        <time>2026-04-05T08:14:14.000Z</time>
      </trkpt>
      <trkpt lat="49.058644" lon="15.018617">
        <time>2026-04-05T08:14:15.000Z</time>
      </trkpt>
      <trkpt lat="49.058635" lon="15.018577">
        <time>2026-04-05T08:14:16.000Z</time>
      </trkpt>
      <trkpt lat="49.058624" lon="15.018542">
        <time>2026-04-05T08:14:17.000Z</time>
      </trkpt>
      <trkpt lat="49.058613" lon="15.018511">
        <time>2026-04-05T08:14:18.000Z</time>
      </trkpt>
      <trkpt lat="49.058598" lon="15.018483">
        <time>2026-04-05T08:14:19.000Z</time>
      </trkpt>
      <trkpt lat="49.058589" lon="15.018462">
        <time>2026-04-05T08:14:20.000Z</time>
      </trkpt>
      <trkpt lat="49.058581" lon="15.018439">
        <time>2026-04-05T08:14:21.000Z</time>
      </trkpt>
      <trkpt lat="49.058573" lon="15.018405">
        <time>2026-04-05T08:14:22.000Z</time>
      </trkpt>
      <trkpt lat="49.058569" lon="15.018373">
        <time>2026-04-05T08:14:23.000Z</time>
      </trkpt>
      <trkpt lat="49.058548" lon="15.018323">
        <time>2026-04-05T08:14:24.000Z</time>
      </trkpt>
      <trkpt lat="49.058523" lon="15.018288">
        <time>2026-04-05T08:14:25.000Z</time>
      </trkpt>
      <trkpt lat="49.058498" lon="15.018267">
        <time>2026-04-05T08:14:26.000Z</time>
      </trkpt>
      <trkpt lat="49.05848" lon="15.018248">
        <time>2026-04-05T08:14:27.000Z</time>
      </trkpt>
      <trkpt lat="49.058462" lon="15.018235">
        <time>2026-04-05T08:14:28.000Z</time>
      </trkpt>
      <trkpt lat="49.058439" lon="15.01822">
        <time>2026-04-05T08:14:29.000Z</time>
      </trkpt>
      <trkpt lat="49.05843" lon="15.018209">
        <time>2026-04-05T08:14:30.000Z</time>
      </trkpt>
      <trkpt lat="49.058421" lon="15.018201">
        <time>2026-04-05T08:14:31.000Z</time>
      </trkpt>
      <trkpt lat="49.058402" lon="15.01818">
        <time>2026-04-05T08:14:32.000Z</time>
      </trkpt>
      <trkpt lat="49.058388" lon="15.018152">
        <time>2026-04-05T08:14:33.000Z</time>
      </trkpt>
      <trkpt lat="49.05838" lon="15.018126">
        <time>2026-04-05T08:14:34.000Z</time>
      </trkpt>
      <trkpt lat="49.058371" lon="15.018091">
        <time>2026-04-05T08:14:35.000Z</time>
      </trkpt>
      <trkpt lat="49.058367" lon="15.018055">
        <time>2026-04-05T08:14:36.000Z</time>
      </trkpt>
      <trkpt lat="49.058354" lon="15.018019">
        <time>2026-04-05T08:14:37.000Z</time>
      </trkpt>
      <trkpt lat="49.058342" lon="15.01797">
        <time>2026-04-05T08:14:38.000Z</time>
      </trkpt>
      <trkpt lat="49.058337" lon="15.017944">
        <time>2026-04-05T08:14:39.000Z</time>
      </trkpt>
      <trkpt lat="49.058327" lon="15.017901">
        <time>2026-04-05T08:14:40.000Z</time>
      </trkpt>
      <trkpt lat="49.058313" lon="15.017879">
        <time>2026-04-05T08:14:41.000Z</time>
      </trkpt>
      <trkpt lat="49.058292" lon="15.017848">
        <time>2026-04-05T08:14:42.000Z</time>
      </trkpt>
      <trkpt lat="49.058273" lon="15.017807">
        <time>2026-04-05T08:14:43.000Z</time>
      </trkpt>
      <trkpt lat="49.058264" lon="15.01778">
        <time>2026-04-05T08:14:44.000Z</time>
      </trkpt>
      <trkpt lat="49.058253" lon="15.017759">
        <time>2026-04-05T08:14:45.000Z</time>
      </trkpt>
      <trkpt lat="49.058242" lon="15.017737">
        <time>2026-04-05T08:14:46.000Z</time>
      </trkpt>
      <trkpt lat="49.058233" lon="15.017708">
        <time>2026-04-05T08:14:47.000Z</time>
      </trkpt>
      <trkpt lat="49.058214" lon="15.017675">
        <time>2026-04-05T08:14:48.000Z</time>
      </trkpt>
      <trkpt lat="49.058196" lon="15.017638">
        <time>2026-04-05T08:14:49.000Z</time>
      </trkpt>
      <trkpt lat="49.058181" lon="15.017605">
        <time>2026-04-05T08:14:50.000Z</time>
      </trkpt>
      <trkpt lat="49.058169" lon="15.017571">
        <time>2026-04-05T08:14:51.000Z</time>
      </trkpt>
      <trkpt lat="49.058161" lon="15.017543">
        <time>2026-04-05T08:14:52.000Z</time>
      </trkpt>
      <trkpt lat="49.058152" lon="15.017515">
        <time>2026-04-05T08:14:53.000Z</time>
      </trkpt>
      <trkpt lat="49.058141" lon="15.017483">
        <time>2026-04-05T08:14:54.000Z</time>
      </trkpt>
      <trkpt lat="49.058136" lon="15.017458">
        <time>2026-04-05T08:14:55.000Z</time>
      </trkpt>
      <trkpt lat="49.058134" lon="15.017436">
        <time>2026-04-05T08:14:56.000Z</time>
      </trkpt>
      <trkpt lat="49.058132" lon="15.017421">
        <time>2026-04-05T08:14:57.000Z</time>
      </trkpt>
      <trkpt lat="49.058122" lon="15.017407">
        <time>2026-04-05T08:14:58.000Z</time>
      </trkpt>
      <trkpt lat="49.058114" lon="15.017399">
        <time>2026-04-05T08:14:59.000Z</time>
      </trkpt>
      <trkpt lat="49.058099" lon="15.017372">
        <time>2026-04-05T08:15:00.000Z</time>
      </trkpt>
      <trkpt lat="49.058084" lon="15.017322">
        <time>2026-04-05T08:15:01.000Z</time>
      </trkpt>
      <trkpt lat="49.058078" lon="15.017275">
        <time>2026-04-05T08:15:02.000Z</time>
      </trkpt>
      <trkpt lat="49.058088" lon="15.01723">
        <time>2026-04-05T08:15:03.000Z</time>
      </trkpt>
      <trkpt lat="49.058091" lon="15.017204">
        <time>2026-04-05T08:15:04.000Z</time>
      </trkpt>
      <trkpt lat="49.058089" lon="15.017169">
        <time>2026-04-05T08:15:05.000Z</time>
      </trkpt>
      <trkpt lat="49.058086" lon="15.017125">
        <time>2026-04-05T08:15:06.000Z</time>
      </trkpt>
      <trkpt lat="49.058071" lon="15.017074">
        <time>2026-04-05T08:15:07.000Z</time>
      </trkpt>
      <trkpt lat="49.058055" lon="15.017028">
        <time>2026-04-05T08:15:08.000Z</time>
      </trkpt>
      <trkpt lat="49.058042" lon="15.016991">
        <time>2026-04-05T08:15:09.000Z</time>
      </trkpt>
      <trkpt lat="49.058045" lon="15.016953">
        <time>2026-04-05T08:15:10.000Z</time>
      </trkpt>
      <trkpt lat="49.058056" lon="15.016909">
        <time>2026-04-05T08:15:11.000Z</time>
      </trkpt>
      <trkpt lat="49.058064" lon="15.016871">
        <time>2026-04-05T08:15:12.000Z</time>
      </trkpt>
      <trkpt lat="49.058069" lon="15.016836">
        <time>2026-04-05T08:15:13.000Z</time>
      </trkpt>
      <trkpt lat="49.058078" lon="15.016814">
        <time>2026-04-05T08:15:14.000Z</time>
      </trkpt>
      <trkpt lat="49.058097" lon="15.016783">
        <time>2026-04-05T08:15:15.000Z</time>
      </trkpt>
      <trkpt lat="49.058106" lon="15.016756">
        <time>2026-04-05T08:15:16.000Z</time>
      </trkpt>
      <trkpt lat="49.058114" lon="15.016722">
        <time>2026-04-05T08:15:17.000Z</time>
      </trkpt>
      <trkpt lat="49.058124" lon="15.016688">
        <time>2026-04-05T08:15:18.000Z</time>
      </trkpt>
      <trkpt lat="49.058129" lon="15.016651">
        <time>2026-04-05T08:15:19.000Z</time>
      </trkpt>
      <trkpt lat="49.058131" lon="15.016616">
        <time>2026-04-05T08:15:20.000Z</time>
      </trkpt>
      <trkpt lat="49.058131" lon="15.016575">
        <time>2026-04-05T08:15:21.000Z</time>
      </trkpt>
      <trkpt lat="49.058123" lon="15.016525">
        <time>2026-04-05T08:15:22.000Z</time>
      </trkpt>
      <trkpt lat="49.05812" lon="15.016485">
        <time>2026-04-05T08:15:23.000Z</time>
      </trkpt>
      <trkpt lat="49.058115" lon="15.016441">
        <time>2026-04-05T08:15:24.000Z</time>
      </trkpt>
      <trkpt lat="49.05811" lon="15.016395">
        <time>2026-04-05T08:15:25.000Z</time>
      </trkpt>
      <trkpt lat="49.058105" lon="15.016343">
        <time>2026-04-05T08:15:26.000Z</time>
      </trkpt>
      <trkpt lat="49.058107" lon="15.016287">
        <time>2026-04-05T08:15:27.000Z</time>
      </trkpt>
      <trkpt lat="49.058108" lon="15.016238">
        <time>2026-04-05T08:15:28.000Z</time>
      </trkpt>
      <trkpt lat="49.058101" lon="15.016188">
        <time>2026-04-05T08:15:29.000Z</time>
      </trkpt>
      <trkpt lat="49.058082" lon="15.01613">
        <time>2026-04-05T08:15:30.000Z</time>
      </trkpt>
      <trkpt lat="49.058059" lon="15.016083">
        <time>2026-04-05T08:15:31.000Z</time>
      </trkpt>
      <trkpt lat="49.05804" lon="15.016043">
        <time>2026-04-05T08:15:32.000Z</time>
      </trkpt>
      <trkpt lat="49.058032" lon="15.015996">
        <time>2026-04-05T08:15:33.000Z</time>
      </trkpt>
      <trkpt lat="49.058027" lon="15.015947">
        <time>2026-04-05T08:15:34.000Z</time>
      </trkpt>
      <trkpt lat="49.058022" lon="15.015895">
        <time>2026-04-05T08:15:35.000Z</time>
      </trkpt>
      <trkpt lat="49.058022" lon="15.015851">
        <time>2026-04-05T08:15:36.000Z</time>
      </trkpt>
      <trkpt lat="49.058021" lon="15.015801">
        <time>2026-04-05T08:15:37.000Z</time>
      </trkpt>
      <trkpt lat="49.058025" lon="15.015755">
        <time>2026-04-05T08:15:38.000Z</time>
      </trkpt>
      <trkpt lat="49.058028" lon="15.015703">
        <time>2026-04-05T08:15:39.000Z</time>
      </trkpt>
      <trkpt lat="49.058034" lon="15.015658">
        <time>2026-04-05T08:15:40.000Z</time>
      </trkpt>
      <trkpt lat="49.058033" lon="15.015612">
        <time>2026-04-05T08:15:41.000Z</time>
      </trkpt>
      <trkpt lat="49.058048" lon="15.01558">
        <time>2026-04-05T08:15:42.000Z</time>
      </trkpt>
      <trkpt lat="49.058055" lon="15.01555">
        <time>2026-04-05T08:15:43.000Z</time>
      </trkpt>
      <trkpt lat="49.058055" lon="15.015514">
        <time>2026-04-05T08:15:44.000Z</time>
      </trkpt>
      <trkpt lat="49.058046" lon="15.015479">
        <time>2026-04-05T08:15:45.000Z</time>
      </trkpt>
      <trkpt lat="49.05804" lon="15.015452">
        <time>2026-04-05T08:15:46.000Z</time>
      </trkpt>
      <trkpt lat="49.05803" lon="15.015412">
        <time>2026-04-05T08:15:47.000Z</time>
      </trkpt>
      <trkpt lat="49.058027" lon="15.015373">
        <time>2026-04-05T08:15:48.000Z</time>
      </trkpt>
      <trkpt lat="49.058027" lon="15.015339">
        <time>2026-04-05T08:15:49.000Z</time>
      </trkpt>
      <trkpt lat="49.058022" lon="15.015296">
        <time>2026-04-05T08:15:50.000Z</time>
      </trkpt>
      <trkpt lat="49.058017" lon="15.015265">
        <time>2026-04-05T08:15:51.000Z</time>
      </trkpt>
      <trkpt lat="49.058011" lon="15.015228">
        <time>2026-04-05T08:15:52.000Z</time>
      </trkpt>
      <trkpt lat="49.058013" lon="15.015196">
        <time>2026-04-05T08:15:53.000Z</time>
      </trkpt>
      <trkpt lat="49.058023" lon="15.015173">
        <time>2026-04-05T08:15:54.000Z</time>
      </trkpt>
      <trkpt lat="49.058027" lon="15.015139">
        <time>2026-04-05T08:15:55.000Z</time>
      </trkpt>
      <trkpt lat="49.058036" lon="15.015115">
        <time>2026-04-05T08:15:56.000Z</time>
      </trkpt>
      <trkpt lat="49.058047" lon="15.015097">
        <time>2026-04-05T08:15:57.000Z</time>
      </trkpt>
      <trkpt lat="49.05806" lon="15.015085">
        <time>2026-04-05T08:15:58.000Z</time>
      </trkpt>
      <trkpt lat="49.058071" lon="15.015066">
        <time>2026-04-05T08:15:59.000Z</time>
      </trkpt>
      <trkpt lat="49.058072" lon="15.015047">
        <time>2026-04-05T08:16:00.000Z</time>
      </trkpt>
      <trkpt lat="49.058074" lon="15.015012">
        <time>2026-04-05T08:16:01.000Z</time>
      </trkpt>
      <trkpt lat="49.058073" lon="15.014985">
        <time>2026-04-05T08:16:02.000Z</time>
      </trkpt>
      <trkpt lat="49.058083" lon="15.014959">
        <time>2026-04-05T08:16:03.000Z</time>
      </trkpt>
      <trkpt lat="49.058102" lon="15.014929">
        <time>2026-04-05T08:16:04.000Z</time>
      </trkpt>
      <trkpt lat="49.058127" lon="15.014909">
        <time>2026-04-05T08:16:05.000Z</time>
      </trkpt>
      <trkpt lat="49.058132" lon="15.014874">
        <time>2026-04-05T08:16:06.000Z</time>
      </trkpt>
      <trkpt lat="49.058126" lon="15.014861">
        <time>2026-04-05T08:16:07.000Z</time>
      </trkpt>
      <trkpt lat="49.058098" lon="15.01482">
        <time>2026-04-05T08:16:08.000Z</time>
      </trkpt>
      <trkpt lat="49.058085" lon="15.014798">
        <time>2026-04-05T08:16:09.000Z</time>
      </trkpt>
      <trkpt lat="49.058069" lon="15.014775">
        <time>2026-04-05T08:16:10.000Z</time>
      </trkpt>
      <trkpt lat="49.058056" lon="15.014759">
        <time>2026-04-05T08:16:11.000Z</time>
      </trkpt>
      <trkpt lat="49.058049" lon="15.014753">
        <time>2026-04-05T08:16:12.000Z</time>
      </trkpt>
      <trkpt lat="49.058039" lon="15.01474">
        <time>2026-04-05T08:16:13.000Z</time>
      </trkpt>
      <trkpt lat="49.058022" lon="15.014716">
        <time>2026-04-05T08:16:14.000Z</time>
      </trkpt>
      <trkpt lat="49.057999" lon="15.014693">
        <time>2026-04-05T08:16:15.000Z</time>
      </trkpt>
      <trkpt lat="49.057981" lon="15.014683">
        <time>2026-04-05T08:16:16.000Z</time>
      </trkpt>
      <trkpt lat="49.057974" lon="15.014669">
        <time>2026-04-05T08:16:17.000Z</time>
      </trkpt>
      <trkpt lat="49.057963" lon="15.014637">
        <time>2026-04-05T08:16:18.000Z</time>
      </trkpt>
      <trkpt lat="49.057954" lon="15.014609">
        <time>2026-04-05T08:16:19.000Z</time>
      </trkpt>
      <trkpt lat="49.057945" lon="15.014587">
        <time>2026-04-05T08:16:20.000Z</time>
      </trkpt>
      <trkpt lat="49.057934" lon="15.014565">
        <time>2026-04-05T08:16:21.000Z</time>
      </trkpt>
      <trkpt lat="49.057928" lon="15.014556">
        <time>2026-04-05T08:16:22.000Z</time>
      </trkpt>
      <trkpt lat="49.057924" lon="15.01455">
        <time>2026-04-05T08:16:23.000Z</time>
      </trkpt>
      <trkpt lat="49.057922" lon="15.014547">
        <time>2026-04-05T08:16:24.000Z</time>
      </trkpt>
      <trkpt lat="49.057917" lon="15.014533">
        <time>2026-04-05T08:16:25.000Z</time>
      </trkpt>
      <trkpt lat="49.057912" lon="15.014515">
        <time>2026-04-05T08:16:26.000Z</time>
      </trkpt>
      <trkpt lat="49.057906" lon="15.0145">
        <time>2026-04-05T08:16:27.000Z</time>
      </trkpt>
      <trkpt lat="49.057903" lon="15.014487">
        <time>2026-04-05T08:16:28.000Z</time>
      </trkpt>
      <trkpt lat="49.057892" lon="15.014465">
        <time>2026-04-05T08:16:29.000Z</time>
      </trkpt>
      <trkpt lat="49.057885" lon="15.014439">
        <time>2026-04-05T08:16:30.000Z</time>
      </trkpt>
      <trkpt lat="49.057885" lon="15.014429">
        <time>2026-04-05T08:16:31.000Z</time>
      </trkpt>
      <trkpt lat="49.057885" lon="15.014416">
        <time>2026-04-05T08:16:32.000Z</time>
      </trkpt>
      <trkpt lat="49.057883" lon="15.01441">
        <time>2026-04-05T08:16:33.000Z</time>
      </trkpt>
      <trkpt lat="49.057881" lon="15.014393">
        <time>2026-04-05T08:16:34.000Z</time>
      </trkpt>
      <trkpt lat="49.057881" lon="15.014385">
        <time>2026-04-05T08:16:35.000Z</time>
      </trkpt>
      <trkpt lat="49.057871" lon="15.014338">
        <time>2026-04-05T08:16:36.000Z</time>
      </trkpt>
      <trkpt lat="49.057862" lon="15.014308">
        <time>2026-04-05T08:16:37.000Z</time>
      </trkpt>
      <trkpt lat="49.057841" lon="15.014266">
        <time>2026-04-05T08:16:38.000Z</time>
      </trkpt>
      <trkpt lat="49.057829" lon="15.014231">
        <time>2026-04-05T08:16:39.000Z</time>
      </trkpt>
      <trkpt lat="49.057822" lon="15.014194">
        <time>2026-04-05T08:16:40.000Z</time>
      </trkpt>
      <trkpt lat="49.057818" lon="15.014173">
        <time>2026-04-05T08:16:41.000Z</time>
      </trkpt>
      <trkpt lat="49.057815" lon="15.014143">
        <time>2026-04-05T08:16:42.000Z</time>
      </trkpt>
      <trkpt lat="49.057807" lon="15.014109">
        <time>2026-04-05T08:16:43.000Z</time>
      </trkpt>
      <trkpt lat="49.0578" lon="15.014068">
        <time>2026-04-05T08:16:44.000Z</time>
      </trkpt>
      <trkpt lat="49.0578" lon="15.01404">
        <time>2026-04-05T08:16:45.000Z</time>
      </trkpt>
      <trkpt lat="49.057797" lon="15.01402">
        <time>2026-04-05T08:16:46.000Z</time>
      </trkpt>
      <trkpt lat="49.057794" lon="15.014009">
        <time>2026-04-05T08:16:47.000Z</time>
      </trkpt>
      <trkpt lat="49.057792" lon="15.014003">
        <time>2026-04-05T08:16:48.000Z</time>
      </trkpt>
      <trkpt lat="49.057788" lon="15.014014">
        <time>2026-04-05T08:16:49.000Z</time>
      </trkpt>
      <trkpt lat="49.057784" lon="15.014013">
        <time>2026-04-05T08:16:50.000Z</time>
      </trkpt>
      <trkpt lat="49.057781" lon="15.014013">
        <time>2026-04-05T08:16:51.000Z</time>
      </trkpt>
      <trkpt lat="49.05778" lon="15.014014">
        <time>2026-04-05T08:16:52.000Z</time>
      </trkpt>
      <trkpt lat="49.057772" lon="15.013998">
        <time>2026-04-05T08:16:53.000Z</time>
      </trkpt>
      <trkpt lat="49.057768" lon="15.01399">
        <time>2026-04-05T08:16:54.000Z</time>
      </trkpt>
      <trkpt lat="49.057765" lon="15.013983">
        <time>2026-04-05T08:16:55.000Z</time>
      </trkpt>
      <trkpt lat="49.05776" lon="15.013978">
        <time>2026-04-05T08:16:56.000Z</time>
      </trkpt>
      <trkpt lat="49.057758" lon="15.013975">
        <time>2026-04-05T08:16:57.000Z</time>
      </trkpt>
      <trkpt lat="49.057752" lon="15.01397">
        <time>2026-04-05T08:16:58.000Z</time>
      </trkpt>
      <trkpt lat="49.057748" lon="15.01397">
        <time>2026-04-05T08:16:59.000Z</time>
      </trkpt>
      <trkpt lat="49.057748" lon="15.013967">
        <time>2026-04-05T08:17:00.000Z</time>
      </trkpt>
      <trkpt lat="49.057745" lon="15.01396">
        <time>2026-04-05T08:17:01.000Z</time>
      </trkpt>
      <trkpt lat="49.057743" lon="15.013955">
        <time>2026-04-05T08:17:02.000Z</time>
      </trkpt>
      <trkpt lat="49.057742" lon="15.013954">
        <time>2026-04-05T08:17:03.000Z</time>
      </trkpt>
      <trkpt lat="49.057742" lon="15.013953">
        <time>2026-04-05T08:17:04.000Z</time>
      </trkpt>
      <trkpt lat="49.057743" lon="15.013953">
        <time>2026-04-05T08:17:05.000Z</time>
      </trkpt>
      <trkpt lat="49.057742" lon="15.013952">
        <time>2026-04-05T08:17:06.000Z</time>
      </trkpt>
      <trkpt lat="49.057743" lon="15.013951">
        <time>2026-04-05T08:17:07.000Z</time>
      </trkpt>
      <trkpt lat="49.057743" lon="15.01395">
        <time>2026-04-05T08:17:08.000Z</time>
      </trkpt>
      <trkpt lat="49.057743" lon="15.01395">
        <time>2026-04-05T08:17:09.000Z</time>
      </trkpt>
      <trkpt lat="49.057743" lon="15.01395">
        <time>2026-04-05T08:17:10.000Z</time>
      </trkpt>
      <trkpt lat="49.057743" lon="15.01395">
        <time>2026-04-05T08:17:11.000Z</time>
      </trkpt>
      <trkpt lat="49.057743" lon="15.01395">
        <time>2026-04-05T08:17:12.000Z</time>
      </trkpt>
      <trkpt lat="49.057743" lon="15.01395">
        <time>2026-04-05T08:17:13.000Z</time>
      </trkpt>
      <trkpt lat="49.057743" lon="15.01395">
        <time>2026-04-05T08:17:14.000Z</time>
      </trkpt>
      <trkpt lat="49.057743" lon="15.01395">
        <time>2026-04-05T08:17:15.000Z</time>
      </trkpt>
      <trkpt lat="49.057743" lon="15.01395">
        <time>2026-04-05T08:17:16.000Z</time>
      </trkpt>
      <trkpt lat="49.057743" lon="15.01395">
        <time>2026-04-05T08:17:17.000Z</time>
      </trkpt>
      <trkpt lat="49.057743" lon="15.01395">
        <time>2026-04-05T08:17:18.000Z</time>
      </trkpt>
      <trkpt lat="49.057743" lon="15.01395">
        <time>2026-04-05T08:17:19.000Z</time>
      </trkpt>
      <trkpt lat="49.057743" lon="15.01395">
        <time>2026-04-05T08:17:20.000Z</time>
      </trkpt>
      <trkpt lat="49.057743" lon="15.01395">
        <time>2026-04-05T08:17:21.000Z</time>
      </trkpt>
      <trkpt lat="49.057743" lon="15.01395">
        <time>2026-04-05T08:17:22.000Z</time>
      </trkpt>
      <trkpt lat="49.057743" lon="15.01395">
        <time>2026-04-05T08:17:23.000Z</time>
      </trkpt>
      <trkpt lat="49.057743" lon="15.013948">
        <time>2026-04-05T08:17:24.000Z</time>
      </trkpt>
      <trkpt lat="49.057739" lon="15.013942">
        <time>2026-04-05T08:17:25.000Z</time>
      </trkpt>
      <trkpt lat="49.057731" lon="15.013926">
        <time>2026-04-05T08:17:26.000Z</time>
      </trkpt>
      <trkpt lat="49.057722" lon="15.013906">
        <time>2026-04-05T08:17:27.000Z</time>
      </trkpt>
      <trkpt lat="49.057714" lon="15.013882">
        <time>2026-04-05T08:17:28.000Z</time>
      </trkpt>
      <trkpt lat="49.057716" lon="15.013862">
        <time>2026-04-05T08:17:29.000Z</time>
      </trkpt>
      <trkpt lat="49.057719" lon="15.013842">
        <time>2026-04-05T08:17:30.000Z</time>
      </trkpt>
      <trkpt lat="49.057725" lon="15.013823">
        <time>2026-04-05T08:17:31.000Z</time>
      </trkpt>
      <trkpt lat="49.057731" lon="15.013802">
        <time>2026-04-05T08:17:32.000Z</time>
      </trkpt>
      <trkpt lat="49.057746" lon="15.013778">
        <time>2026-04-05T08:17:33.000Z</time>
      </trkpt>
      <trkpt lat="49.057775" lon="15.013747">
        <time>2026-04-05T08:17:34.000Z</time>
      </trkpt>
      <trkpt lat="49.057805" lon="15.013733">
        <time>2026-04-05T08:17:35.000Z</time>
      </trkpt>
      <trkpt lat="49.057842" lon="15.013714">
        <time>2026-04-05T08:17:36.000Z</time>
      </trkpt>
      <trkpt lat="49.057865" lon="15.013698">
        <time>2026-04-05T08:17:37.000Z</time>
      </trkpt>
      <trkpt lat="49.057865" lon="15.013679">
        <time>2026-04-05T08:17:38.000Z</time>
      </trkpt>
      <trkpt lat="49.057862" lon="15.013664">
        <time>2026-04-05T08:17:39.000Z</time>
      </trkpt>
      <trkpt lat="49.057851" lon="15.013654">
        <time>2026-04-05T08:17:40.000Z</time>
      </trkpt>
      <trkpt lat="49.057838" lon="15.01364">
        <time>2026-04-05T08:17:41.000Z</time>
      </trkpt>
      <trkpt lat="49.057814" lon="15.013622">
        <time>2026-04-05T08:17:42.000Z</time>
      </trkpt>
      <trkpt lat="49.0578" lon="15.013615">
        <time>2026-04-05T08:17:43.000Z</time>
      </trkpt>
      <trkpt lat="49.057785" lon="15.013609">
        <time>2026-04-05T08:17:44.000Z</time>
      </trkpt>
      <trkpt lat="49.057769" lon="15.013592">
        <time>2026-04-05T08:17:45.000Z</time>
      </trkpt>
      <trkpt lat="49.057752" lon="15.013562">
        <time>2026-04-05T08:17:46.000Z</time>
      </trkpt>
      <trkpt lat="49.057726" lon="15.013532">
        <time>2026-04-05T08:17:47.000Z</time>
      </trkpt>
      <trkpt lat="49.057707" lon="15.013511">
        <time>2026-04-05T08:17:48.000Z</time>
      </trkpt>
      <trkpt lat="49.057691" lon="15.01349">
        <time>2026-04-05T08:17:49.000Z</time>
      </trkpt>
      <trkpt lat="49.057669" lon="15.013472">
        <time>2026-04-05T08:17:50.000Z</time>
      </trkpt>
      <trkpt lat="49.057649" lon="15.013459">
        <time>2026-04-05T08:17:51.000Z</time>
      </trkpt>
      <trkpt lat="49.057633" lon="15.01345">
        <time>2026-04-05T08:17:52.000Z</time>
      </trkpt>
      <trkpt lat="49.057622" lon="15.013447">
        <time>2026-04-05T08:17:53.000Z</time>
      </trkpt>
      <trkpt lat="49.05762" lon="15.013449">
        <time>2026-04-05T08:17:54.000Z</time>
      </trkpt>
      <trkpt lat="49.057617" lon="15.013445">
        <time>2026-04-05T08:17:55.000Z</time>
      </trkpt>
      <trkpt lat="49.057606" lon="15.013437">
        <time>2026-04-05T08:17:56.000Z</time>
      </trkpt>
      <trkpt lat="49.057585" lon="15.013436">
        <time>2026-04-05T08:17:57.000Z</time>
      </trkpt>
      <trkpt lat="49.057577" lon="15.013449">
        <time>2026-04-05T08:17:58.000Z</time>
      </trkpt>
      <trkpt lat="49.057542" lon="15.013459">
        <time>2026-04-05T08:17:59.000Z</time>
      </trkpt>
      <trkpt lat="49.057499" lon="15.013445">
        <time>2026-04-05T08:18:00.000Z</time>
      </trkpt>
      <trkpt lat="49.057461" lon="15.013424">
        <time>2026-04-05T08:18:01.000Z</time>
      </trkpt>
      <trkpt lat="49.057432" lon="15.013408">
        <time>2026-04-05T08:18:02.000Z</time>
      </trkpt>
      <trkpt lat="49.057405" lon="15.013391">
        <time>2026-04-05T08:18:03.000Z</time>
      </trkpt>
      <trkpt lat="49.05739" lon="15.013386">
        <time>2026-04-05T08:18:04.000Z</time>
      </trkpt>
      <trkpt lat="49.057364" lon="15.013379">
        <time>2026-04-05T08:18:05.000Z</time>
      </trkpt>
      <trkpt lat="49.05734" lon="15.01336">
        <time>2026-04-05T08:18:06.000Z</time>
      </trkpt>
      <trkpt lat="49.057311" lon="15.013347">
        <time>2026-04-05T08:18:07.000Z</time>
      </trkpt>
      <trkpt lat="49.05729" lon="15.01333">
        <time>2026-04-05T08:18:08.000Z</time>
      </trkpt>
      <trkpt lat="49.057259" lon="15.013312">
        <time>2026-04-05T08:18:09.000Z</time>
      </trkpt>
      <trkpt lat="49.057229" lon="15.013296">
        <time>2026-04-05T08:18:10.000Z</time>
      </trkpt>
      <trkpt lat="49.057196" lon="15.01328">
        <time>2026-04-05T08:18:11.000Z</time>
      </trkpt>
      <trkpt lat="49.057165" lon="15.013283">
        <time>2026-04-05T08:18:12.000Z</time>
      </trkpt>
      <trkpt lat="49.057143" lon="15.013285">
        <time>2026-04-05T08:18:13.000Z</time>
      </trkpt>
      <trkpt lat="49.057121" lon="15.013283">
        <time>2026-04-05T08:18:14.000Z</time>
      </trkpt>
      <trkpt lat="49.057107" lon="15.013283">
        <time>2026-04-05T08:18:15.000Z</time>
      </trkpt>
      <trkpt lat="49.057077" lon="15.013292">
        <time>2026-04-05T08:18:16.000Z</time>
      </trkpt>
      <trkpt lat="49.057041" lon="15.013299">
        <time>2026-04-05T08:18:17.000Z</time>
      </trkpt>
      <trkpt lat="49.057017" lon="15.013302">
        <time>2026-04-05T08:18:18.000Z</time>
      </trkpt>
      <trkpt lat="49.056995" lon="15.013302">
        <time>2026-04-05T08:18:19.000Z</time>
      </trkpt>
      <trkpt lat="49.056975" lon="15.013305">
        <time>2026-04-05T08:18:20.000Z</time>
      </trkpt>
      <trkpt lat="49.05695" lon="15.013318">
        <time>2026-04-05T08:18:21.000Z</time>
      </trkpt>
      <trkpt lat="49.056925" lon="15.013311">
        <time>2026-04-05T08:18:22.000Z</time>
      </trkpt>
      <trkpt lat="49.056905" lon="15.013301">
        <time>2026-04-05T08:18:23.000Z</time>
      </trkpt>
      <trkpt lat="49.056885" lon="15.013289">
        <time>2026-04-05T08:18:24.000Z</time>
      </trkpt>
      <trkpt lat="49.056862" lon="15.013291">
        <time>2026-04-05T08:18:25.000Z</time>
      </trkpt>
      <trkpt lat="49.056859" lon="15.013312">
        <time>2026-04-05T08:18:26.000Z</time>
      </trkpt>
      <trkpt lat="49.056854" lon="15.013317">
        <time>2026-04-05T08:18:27.000Z</time>
      </trkpt>
      <trkpt lat="49.056838" lon="15.013308">
        <time>2026-04-05T08:18:28.000Z</time>
      </trkpt>
      <trkpt lat="49.056821" lon="15.013295">
        <time>2026-04-05T08:18:29.000Z</time>
      </trkpt>
      <trkpt lat="49.056793" lon="15.013279">
        <time>2026-04-05T08:18:30.000Z</time>
      </trkpt>
      <trkpt lat="49.05677" lon="15.013264">
        <time>2026-04-05T08:18:31.000Z</time>
      </trkpt>
      <trkpt lat="49.056749" lon="15.013251">
        <time>2026-04-05T08:18:32.000Z</time>
      </trkpt>
      <trkpt lat="49.056731" lon="15.013255">
        <time>2026-04-05T08:18:33.000Z</time>
      </trkpt>
      <trkpt lat="49.056701" lon="15.013242">
        <time>2026-04-05T08:18:34.000Z</time>
      </trkpt>
      <trkpt lat="49.056676" lon="15.013228">
        <time>2026-04-05T08:18:35.000Z</time>
      </trkpt>
      <trkpt lat="49.056645" lon="15.013219">
        <time>2026-04-05T08:18:36.000Z</time>
      </trkpt>
      <trkpt lat="49.056615" lon="15.013213">
        <time>2026-04-05T08:18:37.000Z</time>
      </trkpt>
      <trkpt lat="49.056594" lon="15.013212">
        <time>2026-04-05T08:18:38.000Z</time>
      </trkpt>
      <trkpt lat="49.056576" lon="15.013214">
        <time>2026-04-05T08:18:39.000Z</time>
      </trkpt>
      <trkpt lat="49.056554" lon="15.013223">
        <time>2026-04-05T08:18:40.000Z</time>
      </trkpt>
      <trkpt lat="49.056539" lon="15.013233">
        <time>2026-04-05T08:18:41.000Z</time>
      </trkpt>
      <trkpt lat="49.056524" lon="15.013235">
        <time>2026-04-05T08:18:42.000Z</time>
      </trkpt>
      <trkpt lat="49.056506" lon="15.013233">
        <time>2026-04-05T08:18:43.000Z</time>
      </trkpt>
      <trkpt lat="49.056481" lon="15.013233">
        <time>2026-04-05T08:18:44.000Z</time>
      </trkpt>
      <trkpt lat="49.056448" lon="15.013228">
        <time>2026-04-05T08:18:45.000Z</time>
      </trkpt>
      <trkpt lat="49.05642" lon="15.01323">
        <time>2026-04-05T08:18:46.000Z</time>
      </trkpt>
      <trkpt lat="49.056388" lon="15.013213">
        <time>2026-04-05T08:18:47.000Z</time>
      </trkpt>
      <trkpt lat="49.056366" lon="15.013206">
        <time>2026-04-05T08:18:48.000Z</time>
      </trkpt>
      <trkpt lat="49.056343" lon="15.0132">
        <time>2026-04-05T08:18:49.000Z</time>
      </trkpt>
      <trkpt lat="49.056312" lon="15.013202">
        <time>2026-04-05T08:18:50.000Z</time>
      </trkpt>
      <trkpt lat="49.0563" lon="15.013217">
        <time>2026-04-05T08:18:51.000Z</time>
      </trkpt>
      <trkpt lat="49.056288" lon="15.013228">
        <time>2026-04-05T08:18:52.000Z</time>
      </trkpt>
      <trkpt lat="49.056274" lon="15.013233">
        <time>2026-04-05T08:18:53.000Z</time>
      </trkpt>
      <trkpt lat="49.056256" lon="15.013227">
        <time>2026-04-05T08:18:54.000Z</time>
      </trkpt>
      <trkpt lat="49.056232" lon="15.013218">
        <time>2026-04-05T08:18:55.000Z</time>
      </trkpt>
      <trkpt lat="49.056192" lon="15.01321">
        <time>2026-04-05T08:18:56.000Z</time>
      </trkpt>
      <trkpt lat="49.056151" lon="15.013219">
        <time>2026-04-05T08:18:57.000Z</time>
      </trkpt>
      <trkpt lat="49.056122" lon="15.01322">
        <time>2026-04-05T08:18:58.000Z</time>
      </trkpt>
      <trkpt lat="49.056101" lon="15.013231">
        <time>2026-04-05T08:18:59.000Z</time>
      </trkpt>
      <trkpt lat="49.056074" lon="15.013251">
        <time>2026-04-05T08:19:00.000Z</time>
      </trkpt>
      <trkpt lat="49.056053" lon="15.013267">
        <time>2026-04-05T08:19:01.000Z</time>
      </trkpt>
      <trkpt lat="49.056027" lon="15.013268">
        <time>2026-04-05T08:19:02.000Z</time>
      </trkpt>
      <trkpt lat="49.055991" lon="15.013267">
        <time>2026-04-05T08:19:03.000Z</time>
      </trkpt>
      <trkpt lat="49.055952" lon="15.013263">
        <time>2026-04-05T08:19:04.000Z</time>
      </trkpt>
      <trkpt lat="49.055918" lon="15.013258">
        <time>2026-04-05T08:19:05.000Z</time>
      </trkpt>
      <trkpt lat="49.055884" lon="15.013261">
        <time>2026-04-05T08:19:06.000Z</time>
      </trkpt>
      <trkpt lat="49.055856" lon="15.013262">
        <time>2026-04-05T08:19:07.000Z</time>
      </trkpt>
      <trkpt lat="49.055833" lon="15.013253">
        <time>2026-04-05T08:19:08.000Z</time>
      </trkpt>
      <trkpt lat="49.055805" lon="15.013238">
        <time>2026-04-05T08:19:09.000Z</time>
      </trkpt>
      <trkpt lat="49.055779" lon="15.013222">
        <time>2026-04-05T08:19:10.000Z</time>
      </trkpt>
      <trkpt lat="49.055757" lon="15.013215">
        <time>2026-04-05T08:19:11.000Z</time>
      </trkpt>
      <trkpt lat="49.055732" lon="15.0132">
        <time>2026-04-05T08:19:12.000Z</time>
      </trkpt>
      <trkpt lat="49.055706" lon="15.013181">
        <time>2026-04-05T08:19:13.000Z</time>
      </trkpt>
      <trkpt lat="49.055679" lon="15.013167">
        <time>2026-04-05T08:19:14.000Z</time>
      </trkpt>
      <trkpt lat="49.055657" lon="15.013162">
        <time>2026-04-05T08:19:15.000Z</time>
      </trkpt>
      <trkpt lat="49.055626" lon="15.013153">
        <time>2026-04-05T08:19:16.000Z</time>
      </trkpt>
      <trkpt lat="49.055597" lon="15.013149">
        <time>2026-04-05T08:19:17.000Z</time>
      </trkpt>
      <trkpt lat="49.055577" lon="15.013144">
        <time>2026-04-05T08:19:18.000Z</time>
      </trkpt>
      <trkpt lat="49.055565" lon="15.013147">
        <time>2026-04-05T08:19:19.000Z</time>
      </trkpt>
      <trkpt lat="49.055547" lon="15.01315">
        <time>2026-04-05T08:19:20.000Z</time>
      </trkpt>
      <trkpt lat="49.055517" lon="15.013142">
        <time>2026-04-05T08:19:21.000Z</time>
      </trkpt>
      <trkpt lat="49.055487" lon="15.013138">
        <time>2026-04-05T08:19:22.000Z</time>
      </trkpt>
      <trkpt lat="49.055461" lon="15.013131">
        <time>2026-04-05T08:19:23.000Z</time>
      </trkpt>
      <trkpt lat="49.055436" lon="15.013126">
        <time>2026-04-05T08:19:24.000Z</time>
      </trkpt>
      <trkpt lat="49.055407" lon="15.013127">
        <time>2026-04-05T08:19:25.000Z</time>
      </trkpt>
      <trkpt lat="49.055383" lon="15.013121">
        <time>2026-04-05T08:19:26.000Z</time>
      </trkpt>
      <trkpt lat="49.055368" lon="15.013128">
        <time>2026-04-05T08:19:27.000Z</time>
      </trkpt>
      <trkpt lat="49.055364" lon="15.01315">
        <time>2026-04-05T08:19:28.000Z</time>
      </trkpt>
      <trkpt lat="49.055357" lon="15.013165">
        <time>2026-04-05T08:19:29.000Z</time>
      </trkpt>
      <trkpt lat="49.055342" lon="15.013174">
        <time>2026-04-05T08:19:30.000Z</time>
      </trkpt>
      <trkpt lat="49.055328" lon="15.013183">
        <time>2026-04-05T08:19:31.000Z</time>
      </trkpt>
      <trkpt lat="49.055312" lon="15.013194">
        <time>2026-04-05T08:19:32.000Z</time>
      </trkpt>
      <trkpt lat="49.055297" lon="15.013205">
        <time>2026-04-05T08:19:33.000Z</time>
      </trkpt>
      <trkpt lat="49.055298" lon="15.013221">
        <time>2026-04-05T08:19:34.000Z</time>
      </trkpt>
      <trkpt lat="49.055295" lon="15.013234">
        <time>2026-04-05T08:19:35.000Z</time>
      </trkpt>
      <trkpt lat="49.055287" lon="15.013246">
        <time>2026-04-05T08:19:36.000Z</time>
      </trkpt>
      <trkpt lat="49.055273" lon="15.013258">
        <time>2026-04-05T08:19:37.000Z</time>
      </trkpt>
      <trkpt lat="49.055254" lon="15.01327">
        <time>2026-04-05T08:19:38.000Z</time>
      </trkpt>
      <trkpt lat="49.055224" lon="15.01329">
        <time>2026-04-05T08:19:39.000Z</time>
      </trkpt>
      <trkpt lat="49.055202" lon="15.013306">
        <time>2026-04-05T08:19:40.000Z</time>
      </trkpt>
      <trkpt lat="49.055169" lon="15.013323">
        <time>2026-04-05T08:19:41.000Z</time>
      </trkpt>
      <trkpt lat="49.055135" lon="15.01334">
        <time>2026-04-05T08:19:42.000Z</time>
      </trkpt>
      <trkpt lat="49.055109" lon="15.013365">
        <time>2026-04-05T08:19:43.000Z</time>
      </trkpt>
      <trkpt lat="49.055091" lon="15.013385">
        <time>2026-04-05T08:19:44.000Z</time>
      </trkpt>
      <trkpt lat="49.05507" lon="15.013405">
        <time>2026-04-05T08:19:45.000Z</time>
      </trkpt>
      <trkpt lat="49.055046" lon="15.013425">
        <time>2026-04-05T08:19:46.000Z</time>
      </trkpt>
      <trkpt lat="49.055023" lon="15.013445">
        <time>2026-04-05T08:19:47.000Z</time>
      </trkpt>
      <trkpt lat="49.054998" lon="15.013468">
        <time>2026-04-05T08:19:48.000Z</time>
      </trkpt>
      <trkpt lat="49.054973" lon="15.013473">
        <time>2026-04-05T08:19:49.000Z</time>
      </trkpt>
      <trkpt lat="49.054941" lon="15.013475">
        <time>2026-04-05T08:19:50.000Z</time>
      </trkpt>
      <trkpt lat="49.054911" lon="15.013469">
        <time>2026-04-05T08:19:51.000Z</time>
      </trkpt>
      <trkpt lat="49.054849" lon="15.01345">
        <time>2026-04-05T08:19:52.000Z</time>
      </trkpt>
      <trkpt lat="49.054808" lon="15.013442">
        <time>2026-04-05T08:19:53.000Z</time>
      </trkpt>
      <trkpt lat="49.054775" lon="15.01344">
        <time>2026-04-05T08:19:54.000Z</time>
      </trkpt>
      <trkpt lat="49.054752" lon="15.013448">
        <time>2026-04-05T08:19:55.000Z</time>
      </trkpt>
      <trkpt lat="49.054726" lon="15.013454">
        <time>2026-04-05T08:19:56.000Z</time>
      </trkpt>
      <trkpt lat="49.054695" lon="15.013468">
        <time>2026-04-05T08:19:57.000Z</time>
      </trkpt>
      <trkpt lat="49.05466" lon="15.013483">
        <time>2026-04-05T08:19:58.000Z</time>
      </trkpt>
      <trkpt lat="49.054615" lon="15.013497">
        <time>2026-04-05T08:19:59.000Z</time>
      </trkpt>
      <trkpt lat="49.054575" lon="15.013501">
        <time>2026-04-05T08:20:00.000Z</time>
      </trkpt>
      <trkpt lat="49.054538" lon="15.013501">
        <time>2026-04-05T08:20:01.000Z</time>
      </trkpt>
      <trkpt lat="49.054505" lon="15.013505">
        <time>2026-04-05T08:20:02.000Z</time>
      </trkpt>
      <trkpt lat="49.054473" lon="15.013506">
        <time>2026-04-05T08:20:03.000Z</time>
      </trkpt>
      <trkpt lat="49.054445" lon="15.013503">
        <time>2026-04-05T08:20:04.000Z</time>
      </trkpt>
      <trkpt lat="49.054422" lon="15.013508">
        <time>2026-04-05T08:20:05.000Z</time>
      </trkpt>
      <trkpt lat="49.054403" lon="15.01352">
        <time>2026-04-05T08:20:06.000Z</time>
      </trkpt>
      <trkpt lat="49.054392" lon="15.013545">
        <time>2026-04-05T08:20:07.000Z</time>
      </trkpt>
      <trkpt lat="49.05438" lon="15.013574">
        <time>2026-04-05T08:20:08.000Z</time>
      </trkpt>
      <trkpt lat="49.05437" lon="15.013594">
        <time>2026-04-05T08:20:09.000Z</time>
      </trkpt>
      <trkpt lat="49.05437" lon="15.013629">
        <time>2026-04-05T08:20:10.000Z</time>
      </trkpt>
      <trkpt lat="49.054376" lon="15.013666">
        <time>2026-04-05T08:20:11.000Z</time>
      </trkpt>
      <trkpt lat="49.054383" lon="15.013699">
        <time>2026-04-05T08:20:12.000Z</time>
      </trkpt>
      <trkpt lat="49.054386" lon="15.013736">
        <time>2026-04-05T08:20:13.000Z</time>
      </trkpt>
      <trkpt lat="49.054402" lon="15.013783">
        <time>2026-04-05T08:20:14.000Z</time>
      </trkpt>
      <trkpt lat="49.054398" lon="15.013812">
        <time>2026-04-05T08:20:15.000Z</time>
      </trkpt>
      <trkpt lat="49.054399" lon="15.013846">
        <time>2026-04-05T08:20:16.000Z</time>
      </trkpt>
      <trkpt lat="49.054397" lon="15.013873">
        <time>2026-04-05T08:20:17.000Z</time>
      </trkpt>
      <trkpt lat="49.05439" lon="15.013896">
        <time>2026-04-05T08:20:18.000Z</time>
      </trkpt>
      <trkpt lat="49.054377" lon="15.013915">
        <time>2026-04-05T08:20:19.000Z</time>
      </trkpt>
      <trkpt lat="49.054367" lon="15.013939">
        <time>2026-04-05T08:20:20.000Z</time>
      </trkpt>
      <trkpt lat="49.054361" lon="15.013963">
        <time>2026-04-05T08:20:21.000Z</time>
      </trkpt>
      <trkpt lat="49.054361" lon="15.013999">
        <time>2026-04-05T08:20:22.000Z</time>
      </trkpt>
      <trkpt lat="49.054358" lon="15.014028">
        <time>2026-04-05T08:20:23.000Z</time>
      </trkpt>
      <trkpt lat="49.054351" lon="15.014063">
        <time>2026-04-05T08:20:24.000Z</time>
      </trkpt>
      <trkpt lat="49.054346" lon="15.0141">
        <time>2026-04-05T08:20:25.000Z</time>
      </trkpt>
      <trkpt lat="49.054343" lon="15.014161">
        <time>2026-04-05T08:20:26.000Z</time>
      </trkpt>
      <trkpt lat="49.05434" lon="15.014212">
        <time>2026-04-05T08:20:27.000Z</time>
      </trkpt>
      <trkpt lat="49.054342" lon="15.014257">
        <time>2026-04-05T08:20:28.000Z</time>
      </trkpt>
      <trkpt lat="49.054342" lon="15.014303">
        <time>2026-04-05T08:20:29.000Z</time>
      </trkpt>
      <trkpt lat="49.054338" lon="15.014351">
        <time>2026-04-05T08:20:30.000Z</time>
      </trkpt>
      <trkpt lat="49.054334" lon="15.014396">
        <time>2026-04-05T08:20:31.000Z</time>
      </trkpt>
      <trkpt lat="49.054324" lon="15.014435">
        <time>2026-04-05T08:20:32.000Z</time>
      </trkpt>
      <trkpt lat="49.054317" lon="15.014475">
        <time>2026-04-05T08:20:33.000Z</time>
      </trkpt>
      <trkpt lat="49.054314" lon="15.014517">
        <time>2026-04-05T08:20:34.000Z</time>
      </trkpt>
      <trkpt lat="49.054317" lon="15.014559">
        <time>2026-04-05T08:20:35.000Z</time>
      </trkpt>
      <trkpt lat="49.054303" lon="15.014605">
        <time>2026-04-05T08:20:36.000Z</time>
      </trkpt>
      <trkpt lat="49.054294" lon="15.014646">
        <time>2026-04-05T08:20:37.000Z</time>
      </trkpt>
      <trkpt lat="49.05429" lon="15.014691">
        <time>2026-04-05T08:20:38.000Z</time>
      </trkpt>
      <trkpt lat="49.054296" lon="15.014725">
        <time>2026-04-05T08:20:39.000Z</time>
      </trkpt>
      <trkpt lat="49.054297" lon="15.014772">
        <time>2026-04-05T08:20:40.000Z</time>
      </trkpt>
      <trkpt lat="49.054301" lon="15.014812">
        <time>2026-04-05T08:20:41.000Z</time>
      </trkpt>
      <trkpt lat="49.0543" lon="15.014846">
        <time>2026-04-05T08:20:42.000Z</time>
      </trkpt>
      <trkpt lat="49.054302" lon="15.014888">
        <time>2026-04-05T08:20:43.000Z</time>
      </trkpt>
      <trkpt lat="49.054302" lon="15.014941">
        <time>2026-04-05T08:20:44.000Z</time>
      </trkpt>
      <trkpt lat="49.054311" lon="15.015003">
        <time>2026-04-05T08:20:45.000Z</time>
      </trkpt>
      <trkpt lat="49.054322" lon="15.01504">
        <time>2026-04-05T08:20:46.000Z</time>
      </trkpt>
      <trkpt lat="49.054321" lon="15.015087">
        <time>2026-04-05T08:20:47.000Z</time>
      </trkpt>
      <trkpt lat="49.054313" lon="15.015117">
        <time>2026-04-05T08:20:48.000Z</time>
      </trkpt>
      <trkpt lat="49.054303" lon="15.015143">
        <time>2026-04-05T08:20:49.000Z</time>
      </trkpt>
      <trkpt lat="49.054297" lon="15.015173">
        <time>2026-04-05T08:20:50.000Z</time>
      </trkpt>
      <trkpt lat="49.054279" lon="15.015199">
        <time>2026-04-05T08:20:51.000Z</time>
      </trkpt>
      <trkpt lat="49.054273" lon="15.015221">
        <time>2026-04-05T08:20:52.000Z</time>
      </trkpt>
      <trkpt lat="49.054274" lon="15.015252">
        <time>2026-04-05T08:20:53.000Z</time>
      </trkpt>
      <trkpt lat="49.054272" lon="15.015259">
        <time>2026-04-05T08:20:54.000Z</time>
      </trkpt>
      <trkpt lat="49.05429" lon="15.015256">
        <time>2026-04-05T08:20:55.000Z</time>
      </trkpt>
      <trkpt lat="49.054287" lon="15.015205">
        <time>2026-04-05T08:20:56.000Z</time>
      </trkpt>
      <trkpt lat="49.054289" lon="15.015169">
        <time>2026-04-05T08:20:57.000Z</time>
      </trkpt>
      <trkpt lat="49.054288" lon="15.015151">
        <time>2026-04-05T08:20:58.000Z</time>
      </trkpt>
      <trkpt lat="49.054292" lon="15.015122">
        <time>2026-04-05T08:20:59.000Z</time>
      </trkpt>
      <trkpt lat="49.054309" lon="15.015101">
        <time>2026-04-05T08:21:00.000Z</time>
      </trkpt>
      <trkpt lat="49.054334" lon="15.015091">
        <time>2026-04-05T08:21:01.000Z</time>
      </trkpt>
      <trkpt lat="49.054361" lon="15.015069">
        <time>2026-04-05T08:21:02.000Z</time>
      </trkpt>
      <trkpt lat="49.054393" lon="15.015053">
        <time>2026-04-05T08:21:03.000Z</time>
      </trkpt>
      <trkpt lat="49.054432" lon="15.015032">
        <time>2026-04-05T08:21:04.000Z</time>
      </trkpt>
      <trkpt lat="49.054457" lon="15.015014">
        <time>2026-04-05T08:21:05.000Z</time>
      </trkpt>
      <trkpt lat="49.054489" lon="15.014995">
        <time>2026-04-05T08:21:06.000Z</time>
      </trkpt>
      <trkpt lat="49.054512" lon="15.014977">
        <time>2026-04-05T08:21:07.000Z</time>
      </trkpt>
      <trkpt lat="49.054537" lon="15.014973">
        <time>2026-04-05T08:21:08.000Z</time>
      </trkpt>
      <trkpt lat="49.054565" lon="15.014966">
        <time>2026-04-05T08:21:09.000Z</time>
      </trkpt>
      <trkpt lat="49.05459" lon="15.014958">
        <time>2026-04-05T08:21:10.000Z</time>
      </trkpt>
      <trkpt lat="49.05461" lon="15.014943">
        <time>2026-04-05T08:21:11.000Z</time>
      </trkpt>
      <trkpt lat="49.054632" lon="15.014932">
        <time>2026-04-05T08:21:12.000Z</time>
      </trkpt>
      <trkpt lat="49.054656" lon="15.01492">
        <time>2026-04-05T08:21:13.000Z</time>
      </trkpt>
      <trkpt lat="49.054685" lon="15.014907">
        <time>2026-04-05T08:21:14.000Z</time>
      </trkpt>
      <trkpt lat="49.054713" lon="15.01488">
        <time>2026-04-05T08:21:15.000Z</time>
      </trkpt>
      <trkpt lat="49.054738" lon="15.014855">
        <time>2026-04-05T08:21:16.000Z</time>
      </trkpt>
      <trkpt lat="49.05477" lon="15.014842">
        <time>2026-04-05T08:21:17.000Z</time>
      </trkpt>
      <trkpt lat="49.054799" lon="15.014828">
        <time>2026-04-05T08:21:18.000Z</time>
      </trkpt>
      <trkpt lat="49.05483" lon="15.014812">
        <time>2026-04-05T08:21:19.000Z</time>
      </trkpt>
      <trkpt lat="49.054863" lon="15.014803">
        <time>2026-04-05T08:21:20.000Z</time>
      </trkpt>
      <trkpt lat="49.054893" lon="15.014796">
        <time>2026-04-05T08:21:21.000Z</time>
      </trkpt>
      <trkpt lat="49.054919" lon="15.014793">
        <time>2026-04-05T08:21:22.000Z</time>
      </trkpt>
      <trkpt lat="49.054959" lon="15.014794">
        <time>2026-04-05T08:21:23.000Z</time>
      </trkpt>
      <trkpt lat="49.055006" lon="15.014795">
        <time>2026-04-05T08:21:24.000Z</time>
      </trkpt>
      <trkpt lat="49.055032" lon="15.014791">
        <time>2026-04-05T08:21:25.000Z</time>
      </trkpt>
      <trkpt lat="49.055052" lon="15.014764">
        <time>2026-04-05T08:21:26.000Z</time>
      </trkpt>
      <trkpt lat="49.055065" lon="15.014732">
        <time>2026-04-05T08:21:27.000Z</time>
      </trkpt>
      <trkpt lat="49.055085" lon="15.014712">
        <time>2026-04-05T08:21:28.000Z</time>
      </trkpt>
      <trkpt lat="49.055111" lon="15.014687">
        <time>2026-04-05T08:21:29.000Z</time>
      </trkpt>
      <trkpt lat="49.055137" lon="15.014655">
        <time>2026-04-05T08:21:30.000Z</time>
      </trkpt>
      <trkpt lat="49.055159" lon="15.014629">
        <time>2026-04-05T08:21:31.000Z</time>
      </trkpt>
      <trkpt lat="49.055181" lon="15.014606">
        <time>2026-04-05T08:21:32.000Z</time>
      </trkpt>
      <trkpt lat="49.055202" lon="15.01459">
        <time>2026-04-05T08:21:33.000Z</time>
      </trkpt>
      <trkpt lat="49.055226" lon="15.014591">
        <time>2026-04-05T08:21:34.000Z</time>
      </trkpt>
      <trkpt lat="49.055249" lon="15.014583">
        <time>2026-04-05T08:21:35.000Z</time>
      </trkpt>
      <trkpt lat="49.055276" lon="15.014584">
        <time>2026-04-05T08:21:36.000Z</time>
      </trkpt>
      <trkpt lat="49.055309" lon="15.014575">
        <time>2026-04-05T08:21:37.000Z</time>
      </trkpt>
      <trkpt lat="49.055342" lon="15.014558">
        <time>2026-04-05T08:21:38.000Z</time>
      </trkpt>
      <trkpt lat="49.055358" lon="15.014539">
        <time>2026-04-05T08:21:39.000Z</time>
      </trkpt>
      <trkpt lat="49.055384" lon="15.014511">
        <time>2026-04-05T08:21:40.000Z</time>
      </trkpt>
      <trkpt lat="49.055404" lon="15.014498">
        <time>2026-04-05T08:21:41.000Z</time>
      </trkpt>
      <trkpt lat="49.055423" lon="15.014486">
        <time>2026-04-05T08:21:42.000Z</time>
      </trkpt>
      <trkpt lat="49.055449" lon="15.014475">
        <time>2026-04-05T08:21:43.000Z</time>
      </trkpt>
      <trkpt lat="49.055488" lon="15.014479">
        <time>2026-04-05T08:21:44.000Z</time>
      </trkpt>
      <trkpt lat="49.055511" lon="15.014475">
        <time>2026-04-05T08:21:45.000Z</time>
      </trkpt>
      <trkpt lat="49.055548" lon="15.014468">
        <time>2026-04-05T08:21:46.000Z</time>
      </trkpt>
      <trkpt lat="49.055585" lon="15.014473">
        <time>2026-04-05T08:21:47.000Z</time>
      </trkpt>
      <trkpt lat="49.055621" lon="15.014472">
        <time>2026-04-05T08:21:48.000Z</time>
      </trkpt>
      <trkpt lat="49.055648" lon="15.014466">
        <time>2026-04-05T08:21:49.000Z</time>
      </trkpt>
      <trkpt lat="49.055674" lon="15.014457">
        <time>2026-04-05T08:21:50.000Z</time>
      </trkpt>
      <trkpt lat="49.055696" lon="15.014434">
        <time>2026-04-05T08:21:51.000Z</time>
      </trkpt>
      <trkpt lat="49.055709" lon="15.014421">
        <time>2026-04-05T08:21:52.000Z</time>
      </trkpt>
      <trkpt lat="49.055746" lon="15.014422">
        <time>2026-04-05T08:21:53.000Z</time>
      </trkpt>
      <trkpt lat="49.055761" lon="15.014408">
        <time>2026-04-05T08:21:54.000Z</time>
      </trkpt>
      <trkpt lat="49.05578" lon="15.014385">
        <time>2026-04-05T08:21:55.000Z</time>
      </trkpt>
      <trkpt lat="49.055804" lon="15.014359">
        <time>2026-04-05T08:21:56.000Z</time>
      </trkpt>
      <trkpt lat="49.055822" lon="15.014329">
        <time>2026-04-05T08:21:57.000Z</time>
      </trkpt>
      <trkpt lat="49.055826" lon="15.014286">
        <time>2026-04-05T08:21:58.000Z</time>
      </trkpt>
      <trkpt lat="49.05584" lon="15.014253">
        <time>2026-04-05T08:21:59.000Z</time>
      </trkpt>
      <trkpt lat="49.055848" lon="15.014218">
        <time>2026-04-05T08:22:00.000Z</time>
      </trkpt>
      <trkpt lat="49.055862" lon="15.014176">
        <time>2026-04-05T08:22:01.000Z</time>
      </trkpt>
      <trkpt lat="49.055867" lon="15.014137">
        <time>2026-04-05T08:22:02.000Z</time>
      </trkpt>
      <trkpt lat="49.055873" lon="15.014095">
        <time>2026-04-05T08:22:03.000Z</time>
      </trkpt>
      <trkpt lat="49.05587" lon="15.014064">
        <time>2026-04-05T08:22:04.000Z</time>
      </trkpt>
      <trkpt lat="49.055876" lon="15.014019">
        <time>2026-04-05T08:22:05.000Z</time>
      </trkpt>
      <trkpt lat="49.055884" lon="15.013959">
        <time>2026-04-05T08:22:06.000Z</time>
      </trkpt>
      <trkpt lat="49.055894" lon="15.013915">
        <time>2026-04-05T08:22:07.000Z</time>
      </trkpt>
      <trkpt lat="49.05591" lon="15.013858">
        <time>2026-04-05T08:22:08.000Z</time>
      </trkpt>
      <trkpt lat="49.05591" lon="15.013808">
        <time>2026-04-05T08:22:09.000Z</time>
      </trkpt>
      <trkpt lat="49.055916" lon="15.013746">
        <time>2026-04-05T08:22:10.000Z</time>
      </trkpt>
      <trkpt lat="49.055929" lon="15.013696">
        <time>2026-04-05T08:22:11.000Z</time>
      </trkpt>
      <trkpt lat="49.055952" lon="15.013655">
        <time>2026-04-05T08:22:12.000Z</time>
      </trkpt>
      <trkpt lat="49.055973" lon="15.013611">
        <time>2026-04-05T08:22:13.000Z</time>
      </trkpt>
      <trkpt lat="49.055992" lon="15.013583">
        <time>2026-04-05T08:22:14.000Z</time>
      </trkpt>
      <trkpt lat="49.056012" lon="15.013546">
        <time>2026-04-05T08:22:15.000Z</time>
      </trkpt>
      <trkpt lat="49.056026" lon="15.01351">
        <time>2026-04-05T08:22:16.000Z</time>
      </trkpt>
      <trkpt lat="49.056048" lon="15.013483">
        <time>2026-04-05T08:22:17.000Z</time>
      </trkpt>
      <trkpt lat="49.056063" lon="15.013455">
        <time>2026-04-05T08:22:18.000Z</time>
      </trkpt>
      <trkpt lat="49.056087" lon="15.013429">
        <time>2026-04-05T08:22:19.000Z</time>
      </trkpt>
      <trkpt lat="49.05611" lon="15.013404">
        <time>2026-04-05T08:22:20.000Z</time>
      </trkpt>
      <trkpt lat="49.05613" lon="15.013335">
        <time>2026-04-05T08:22:21.000Z</time>
      </trkpt>
      <trkpt lat="49.056129" lon="15.013277">
        <time>2026-04-05T08:22:22.000Z</time>
      </trkpt>
      <trkpt lat="49.056136" lon="15.013221">
        <time>2026-04-05T08:22:23.000Z</time>
      </trkpt>
      <trkpt lat="49.056135" lon="15.013172">
        <time>2026-04-05T08:22:24.000Z</time>
      </trkpt>
      <trkpt lat="49.056137" lon="15.013141">
        <time>2026-04-05T08:22:25.000Z</time>
      </trkpt>
      <trkpt lat="49.056137" lon="15.013109">
        <time>2026-04-05T08:22:26.000Z</time>
      </trkpt>
      <trkpt lat="49.056142" lon="15.01305">
        <time>2026-04-05T08:22:27.000Z</time>
      </trkpt>
      <trkpt lat="49.056152" lon="15.013007">
        <time>2026-04-05T08:22:28.000Z</time>
      </trkpt>
      <trkpt lat="49.056162" lon="15.012961">
        <time>2026-04-05T08:22:29.000Z</time>
      </trkpt>
      <trkpt lat="49.056174" lon="15.012906">
        <time>2026-04-05T08:22:30.000Z</time>
      </trkpt>
      <trkpt lat="49.05619" lon="15.012868">
        <time>2026-04-05T08:22:31.000Z</time>
      </trkpt>
      <trkpt lat="49.056205" lon="15.012806">
        <time>2026-04-05T08:22:32.000Z</time>
      </trkpt>
      <trkpt lat="49.056217" lon="15.012755">
        <time>2026-04-05T08:22:33.000Z</time>
      </trkpt>
      <trkpt lat="49.05622" lon="15.012715">
        <time>2026-04-05T08:22:34.000Z</time>
      </trkpt>
      <trkpt lat="49.056235" lon="15.012686">
        <time>2026-04-05T08:22:35.000Z</time>
      </trkpt>
      <trkpt lat="49.056245" lon="15.01265">
        <time>2026-04-05T08:22:36.000Z</time>
      </trkpt>
      <trkpt lat="49.056253" lon="15.012599">
        <time>2026-04-05T08:22:37.000Z</time>
      </trkpt>
      <trkpt lat="49.05627" lon="15.012553">
        <time>2026-04-05T08:22:38.000Z</time>
      </trkpt>
      <trkpt lat="49.056283" lon="15.012505">
        <time>2026-04-05T08:22:39.000Z</time>
      </trkpt>
      <trkpt lat="49.056302" lon="15.012462">
        <time>2026-04-05T08:22:40.000Z</time>
      </trkpt>
      <trkpt lat="49.056324" lon="15.012428">
        <time>2026-04-05T08:22:41.000Z</time>
      </trkpt>
      <trkpt lat="49.056349" lon="15.012398">
        <time>2026-04-05T08:22:42.000Z</time>
      </trkpt>
      <trkpt lat="49.056366" lon="15.012374">
        <time>2026-04-05T08:22:43.000Z</time>
      </trkpt>
      <trkpt lat="49.056387" lon="15.012344">
        <time>2026-04-05T08:22:44.000Z</time>
      </trkpt>
      <trkpt lat="49.056419" lon="15.012325">
        <time>2026-04-05T08:22:45.000Z</time>
      </trkpt>
      <trkpt lat="49.056433" lon="15.012288">
        <time>2026-04-05T08:22:46.000Z</time>
      </trkpt>
      <trkpt lat="49.05644" lon="15.012239">
        <time>2026-04-05T08:22:47.000Z</time>
      </trkpt>
      <trkpt lat="49.056456" lon="15.01219">
        <time>2026-04-05T08:22:48.000Z</time>
      </trkpt>
      <trkpt lat="49.056483" lon="15.012145">
        <time>2026-04-05T08:22:49.000Z</time>
      </trkpt>
      <trkpt lat="49.056502" lon="15.01211">
        <time>2026-04-05T08:22:50.000Z</time>
      </trkpt>
      <trkpt lat="49.056525" lon="15.012054">
        <time>2026-04-05T08:22:51.000Z</time>
      </trkpt>
      <trkpt lat="49.056529" lon="15.01201">
        <time>2026-04-05T08:22:52.000Z</time>
      </trkpt>
      <trkpt lat="49.05655" lon="15.011951">
        <time>2026-04-05T08:22:53.000Z</time>
      </trkpt>
      <trkpt lat="49.056575" lon="15.011918">
        <time>2026-04-05T08:22:54.000Z</time>
      </trkpt>
      <trkpt lat="49.056602" lon="15.011875">
        <time>2026-04-05T08:22:55.000Z</time>
      </trkpt>
      <trkpt lat="49.056613" lon="15.011834">
        <time>2026-04-05T08:22:56.000Z</time>
      </trkpt>
      <trkpt lat="49.056619" lon="15.011792">
        <time>2026-04-05T08:22:57.000Z</time>
      </trkpt>
      <trkpt lat="49.056621" lon="15.011755">
        <time>2026-04-05T08:22:58.000Z</time>
      </trkpt>
      <trkpt lat="49.056637" lon="15.0117">
        <time>2026-04-05T08:22:59.000Z</time>
      </trkpt>
      <trkpt lat="49.056652" lon="15.011659">
        <time>2026-04-05T08:23:00.000Z</time>
      </trkpt>
      <trkpt lat="49.05669" lon="15.011646">
        <time>2026-04-05T08:23:01.000Z</time>
      </trkpt>
      <trkpt lat="49.056721" lon="15.011636">
        <time>2026-04-05T08:23:02.000Z</time>
      </trkpt>
      <trkpt lat="49.056749" lon="15.011628">
        <time>2026-04-05T08:23:03.000Z</time>
      </trkpt>
      <trkpt lat="49.05678" lon="15.011626">
        <time>2026-04-05T08:23:04.000Z</time>
      </trkpt>
      <trkpt lat="49.0568" lon="15.011612">
        <time>2026-04-05T08:23:05.000Z</time>
      </trkpt>
      <trkpt lat="49.056803" lon="15.011588">
        <time>2026-04-05T08:23:06.000Z</time>
      </trkpt>
      <trkpt lat="49.056815" lon="15.011579">
        <time>2026-04-05T08:23:07.000Z</time>
      </trkpt>
      <trkpt lat="49.05683" lon="15.011576">
        <time>2026-04-05T08:23:08.000Z</time>
      </trkpt>
      <trkpt lat="49.056851" lon="15.011576">
        <time>2026-04-05T08:23:09.000Z</time>
      </trkpt>
      <trkpt lat="49.056871" lon="15.011574">
        <time>2026-04-05T08:23:10.000Z</time>
      </trkpt>
      <trkpt lat="49.056902" lon="15.011581">
        <time>2026-04-05T08:23:11.000Z</time>
      </trkpt>
      <trkpt lat="49.056927" lon="15.011582">
        <time>2026-04-05T08:23:12.000Z</time>
      </trkpt>
      <trkpt lat="49.056955" lon="15.011591">
        <time>2026-04-05T08:23:13.000Z</time>
      </trkpt>
      <trkpt lat="49.056992" lon="15.011605">
        <time>2026-04-05T08:23:14.000Z</time>
      </trkpt>
      <trkpt lat="49.057027" lon="15.011613">
        <time>2026-04-05T08:23:15.000Z</time>
      </trkpt>
      <trkpt lat="49.057048" lon="15.011617">
        <time>2026-04-05T08:23:16.000Z</time>
      </trkpt>
      <trkpt lat="49.057077" lon="15.01161">
        <time>2026-04-05T08:23:17.000Z</time>
      </trkpt>
      <trkpt lat="49.0571" lon="15.011589">
        <time>2026-04-05T08:23:18.000Z</time>
      </trkpt>
      <trkpt lat="49.057139" lon="15.011578">
        <time>2026-04-05T08:23:19.000Z</time>
      </trkpt>
      <trkpt lat="49.057172" lon="15.011582">
        <time>2026-04-05T08:23:20.000Z</time>
      </trkpt>
      <trkpt lat="49.057205" lon="15.01158">
        <time>2026-04-05T08:23:21.000Z</time>
      </trkpt>
      <trkpt lat="49.057238" lon="15.011587">
        <time>2026-04-05T08:23:22.000Z</time>
      </trkpt>
      <trkpt lat="49.05726" lon="15.011587">
        <time>2026-04-05T08:23:23.000Z</time>
      </trkpt>
      <trkpt lat="49.057284" lon="15.011586">
        <time>2026-04-05T08:23:24.000Z</time>
      </trkpt>
      <trkpt lat="49.057306" lon="15.011582">
        <time>2026-04-05T08:23:25.000Z</time>
      </trkpt>
      <trkpt lat="49.057324" lon="15.011571">
        <time>2026-04-05T08:23:26.000Z</time>
      </trkpt>
      <trkpt lat="49.057357" lon="15.011567">
        <time>2026-04-05T08:23:27.000Z</time>
      </trkpt>
      <trkpt lat="49.057391" lon="15.011575">
        <time>2026-04-05T08:23:28.000Z</time>
      </trkpt>
      <trkpt lat="49.057427" lon="15.011577">
        <time>2026-04-05T08:23:29.000Z</time>
      </trkpt>
      <trkpt lat="49.057458" lon="15.01157">
        <time>2026-04-05T08:23:30.000Z</time>
      </trkpt>
      <trkpt lat="49.057476" lon="15.011558">
        <time>2026-04-05T08:23:31.000Z</time>
      </trkpt>
      <trkpt lat="49.057493" lon="15.011542">
        <time>2026-04-05T08:23:32.000Z</time>
      </trkpt>
      <trkpt lat="49.057506" lon="15.011523">
        <time>2026-04-05T08:23:33.000Z</time>
      </trkpt>
      <trkpt lat="49.05753" lon="15.011504">
        <time>2026-04-05T08:23:34.000Z</time>
      </trkpt>
      <trkpt lat="49.057561" lon="15.011492">
        <time>2026-04-05T08:23:35.000Z</time>
      </trkpt>
      <trkpt lat="49.05758" lon="15.011478">
        <time>2026-04-05T08:23:36.000Z</time>
      </trkpt>
      <trkpt lat="49.057606" lon="15.011459">
        <time>2026-04-05T08:23:37.000Z</time>
      </trkpt>
      <trkpt lat="49.057619" lon="15.011441">
        <time>2026-04-05T08:23:38.000Z</time>
      </trkpt>
      <trkpt lat="49.057618" lon="15.011418">
        <time>2026-04-05T08:23:39.000Z</time>
      </trkpt>
      <trkpt lat="49.057621" lon="15.011386">
        <time>2026-04-05T08:23:40.000Z</time>
      </trkpt>
      <trkpt lat="49.057618" lon="15.01135">
        <time>2026-04-05T08:23:41.000Z</time>
      </trkpt>
      <trkpt lat="49.057628" lon="15.011324">
        <time>2026-04-05T08:23:42.000Z</time>
      </trkpt>
      <trkpt lat="49.057644" lon="15.0113">
        <time>2026-04-05T08:23:43.000Z</time>
      </trkpt>
      <trkpt lat="49.057649" lon="15.011271">
        <time>2026-04-05T08:23:44.000Z</time>
      </trkpt>
      <trkpt lat="49.057663" lon="15.011235">
        <time>2026-04-05T08:23:45.000Z</time>
      </trkpt>
      <trkpt lat="49.057674" lon="15.011212">
        <time>2026-04-05T08:23:46.000Z</time>
      </trkpt>
      <trkpt lat="49.057693" lon="15.011182">
        <time>2026-04-05T08:23:47.000Z</time>
      </trkpt>
      <trkpt lat="49.057713" lon="15.011143">
        <time>2026-04-05T08:23:48.000Z</time>
      </trkpt>
      <trkpt lat="49.057716" lon="15.011105">
        <time>2026-04-05T08:23:49.000Z</time>
      </trkpt>
      <trkpt lat="49.057734" lon="15.011068">
        <time>2026-04-05T08:23:50.000Z</time>
      </trkpt>
      <trkpt lat="49.057748" lon="15.011022">
        <time>2026-04-05T08:23:51.000Z</time>
      </trkpt>
      <trkpt lat="49.057777" lon="15.010984">
        <time>2026-04-05T08:23:52.000Z</time>
      </trkpt>
      <trkpt lat="49.057805" lon="15.010958">
        <time>2026-04-05T08:23:53.000Z</time>
      </trkpt>
      <trkpt lat="49.057847" lon="15.010934">
        <time>2026-04-05T08:23:54.000Z</time>
      </trkpt>
      <trkpt lat="49.057878" lon="15.010906">
        <time>2026-04-05T08:23:55.000Z</time>
      </trkpt>
      <trkpt lat="49.057895" lon="15.010868">
        <time>2026-04-05T08:23:56.000Z</time>
      </trkpt>
      <trkpt lat="49.057926" lon="15.010842">
        <time>2026-04-05T08:23:57.000Z</time>
      </trkpt>
      <trkpt lat="49.057953" lon="15.010812">
        <time>2026-04-05T08:23:58.000Z</time>
      </trkpt>
      <trkpt lat="49.057977" lon="15.010785">
        <time>2026-04-05T08:23:59.000Z</time>
      </trkpt>
      <trkpt lat="49.057992" lon="15.010756">
        <time>2026-04-05T08:24:00.000Z</time>
      </trkpt>
      <trkpt lat="49.05801" lon="15.010737">
        <time>2026-04-05T08:24:01.000Z</time>
      </trkpt>
      <trkpt lat="49.058035" lon="15.01072">
        <time>2026-04-05T08:24:02.000Z</time>
      </trkpt>
      <trkpt lat="49.058051" lon="15.010687">
        <time>2026-04-05T08:24:03.000Z</time>
      </trkpt>
      <trkpt lat="49.05806" lon="15.010646">
        <time>2026-04-05T08:24:04.000Z</time>
      </trkpt>
      <trkpt lat="49.058065" lon="15.010611">
        <time>2026-04-05T08:24:05.000Z</time>
      </trkpt>
      <trkpt lat="49.058065" lon="15.010572">
        <time>2026-04-05T08:24:06.000Z</time>
      </trkpt>
      <trkpt lat="49.058069" lon="15.010539">
        <time>2026-04-05T08:24:07.000Z</time>
      </trkpt>
      <trkpt lat="49.058074" lon="15.010506">
        <time>2026-04-05T08:24:08.000Z</time>
      </trkpt>
      <trkpt lat="49.058082" lon="15.010481">
        <time>2026-04-05T08:24:09.000Z</time>
      </trkpt>
      <trkpt lat="49.058094" lon="15.010461">
        <time>2026-04-05T08:24:10.000Z</time>
      </trkpt>
      <trkpt lat="49.058102" lon="15.010444">
        <time>2026-04-05T08:24:11.000Z</time>
      </trkpt>
      <trkpt lat="49.0581" lon="15.010407">
        <time>2026-04-05T08:24:12.000Z</time>
      </trkpt>
      <trkpt lat="49.058088" lon="15.010368">
        <time>2026-04-05T08:24:13.000Z</time>
      </trkpt>
      <trkpt lat="49.058086" lon="15.010347">
        <time>2026-04-05T08:24:14.000Z</time>
      </trkpt>
      <trkpt lat="49.058096" lon="15.010338">
        <time>2026-04-05T08:24:15.000Z</time>
      </trkpt>
      <trkpt lat="49.058102" lon="15.010319">
        <time>2026-04-05T08:24:16.000Z</time>
      </trkpt>
      <trkpt lat="49.058105" lon="15.010295">
        <time>2026-04-05T08:24:17.000Z</time>
      </trkpt>
      <trkpt lat="49.058118" lon="15.010274">
        <time>2026-04-05T08:24:18.000Z</time>
      </trkpt>
      <trkpt lat="49.058128" lon="15.010259">
        <time>2026-04-05T08:24:19.000Z</time>
      </trkpt>
      <trkpt lat="49.058135" lon="15.010241">
        <time>2026-04-05T08:24:20.000Z</time>
      </trkpt>
      <trkpt lat="49.058138" lon="15.010233">
        <time>2026-04-05T08:24:21.000Z</time>
      </trkpt>
      <trkpt lat="49.058143" lon="15.010225">
        <time>2026-04-05T08:24:22.000Z</time>
      </trkpt>
      <trkpt lat="49.058149" lon="15.010215">
        <time>2026-04-05T08:24:23.000Z</time>
      </trkpt>
      <trkpt lat="49.058152" lon="15.010202">
        <time>2026-04-05T08:24:24.000Z</time>
      </trkpt>
      <trkpt lat="49.058156" lon="15.010184">
        <time>2026-04-05T08:24:25.000Z</time>
      </trkpt>
      <trkpt lat="49.058155" lon="15.010157">
        <time>2026-04-05T08:24:26.000Z</time>
      </trkpt>
      <trkpt lat="49.058158" lon="15.010132">
        <time>2026-04-05T08:24:27.000Z</time>
      </trkpt>
      <trkpt lat="49.058161" lon="15.010113">
        <time>2026-04-05T08:24:28.000Z</time>
      </trkpt>
      <trkpt lat="49.058154" lon="15.010092">
        <time>2026-04-05T08:24:29.000Z</time>
      </trkpt>
      <trkpt lat="49.058145" lon="15.010063">
        <time>2026-04-05T08:24:30.000Z</time>
      </trkpt>
      <trkpt lat="49.058136" lon="15.010042">
        <time>2026-04-05T08:24:31.000Z</time>
      </trkpt>
      <trkpt lat="49.058131" lon="15.010013">
        <time>2026-04-05T08:24:32.000Z</time>
      </trkpt>
      <trkpt lat="49.058126" lon="15.009993">
        <time>2026-04-05T08:24:33.000Z</time>
      </trkpt>
      <trkpt lat="49.058124" lon="15.009984">
        <time>2026-04-05T08:24:34.000Z</time>
      </trkpt>
      <trkpt lat="49.058124" lon="15.009979">
        <time>2026-04-05T08:24:35.000Z</time>
      </trkpt>
      <trkpt lat="49.058131" lon="15.009967">
        <time>2026-04-05T08:24:36.000Z</time>
      </trkpt>
      <trkpt lat="49.058131" lon="15.009945">
        <time>2026-04-05T08:24:37.000Z</time>
      </trkpt>
      <trkpt lat="49.058134" lon="15.00993">
        <time>2026-04-05T08:24:38.000Z</time>
      </trkpt>
      <trkpt lat="49.05813" lon="15.009914">
        <time>2026-04-05T08:24:39.000Z</time>
      </trkpt>
      <trkpt lat="49.058118" lon="15.009891">
        <time>2026-04-05T08:24:40.000Z</time>
      </trkpt>
      <trkpt lat="49.058104" lon="15.009862">
        <time>2026-04-05T08:24:41.000Z</time>
      </trkpt>
      <trkpt lat="49.058084" lon="15.00983">
        <time>2026-04-05T08:24:42.000Z</time>
      </trkpt>
      <trkpt lat="49.058057" lon="15.00979">
        <time>2026-04-05T08:24:43.000Z</time>
      </trkpt>
      <trkpt lat="49.058043" lon="15.009752">
        <time>2026-04-05T08:24:44.000Z</time>
      </trkpt>
      <trkpt lat="49.05804" lon="15.009707">
        <time>2026-04-05T08:24:45.000Z</time>
      </trkpt>
      <trkpt lat="49.058031" lon="15.009666">
        <time>2026-04-05T08:24:46.000Z</time>
      </trkpt>
      <trkpt lat="49.058016" lon="15.009639">
        <time>2026-04-05T08:24:47.000Z</time>
      </trkpt>
      <trkpt lat="49.058003" lon="15.009621">
        <time>2026-04-05T08:24:48.000Z</time>
      </trkpt>
      <trkpt lat="49.057987" lon="15.009595">
        <time>2026-04-05T08:24:49.000Z</time>
      </trkpt>
      <trkpt lat="49.057975" lon="15.009565">
        <time>2026-04-05T08:24:50.000Z</time>
      </trkpt>
      <trkpt lat="49.05797" lon="15.009537">
        <time>2026-04-05T08:24:51.000Z</time>
      </trkpt>
      <trkpt lat="49.057962" lon="15.009509">
        <time>2026-04-05T08:24:52.000Z</time>
      </trkpt>
      <trkpt lat="49.057961" lon="15.009501">
        <time>2026-04-05T08:24:53.000Z</time>
      </trkpt>
      <trkpt lat="49.057959" lon="15.009492">
        <time>2026-04-05T08:24:54.000Z</time>
      </trkpt>
      <trkpt lat="49.057949" lon="15.009473">
        <time>2026-04-05T08:24:55.000Z</time>
      </trkpt>
      <trkpt lat="49.057945" lon="15.009451">
        <time>2026-04-05T08:24:56.000Z</time>
      </trkpt>
      <trkpt lat="49.057939" lon="15.009422">
        <time>2026-04-05T08:24:57.000Z</time>
      </trkpt>
      <trkpt lat="49.057932" lon="15.0094">
        <time>2026-04-05T08:24:58.000Z</time>
      </trkpt>
      <trkpt lat="49.057923" lon="15.009386">
        <time>2026-04-05T08:24:59.000Z</time>
      </trkpt>
      <trkpt lat="49.05792" lon="15.00938">
        <time>2026-04-05T08:25:00.000Z</time>
      </trkpt>
      <trkpt lat="49.05793" lon="15.009383">
        <time>2026-04-05T08:25:01.000Z</time>
      </trkpt>
      <trkpt lat="49.057937" lon="15.009392">
        <time>2026-04-05T08:25:02.000Z</time>
      </trkpt>
      <trkpt lat="49.057932" lon="15.009397">
        <time>2026-04-05T08:25:03.000Z</time>
      </trkpt>
      <trkpt lat="49.05794" lon="15.009406">
        <time>2026-04-05T08:25:04.000Z</time>
      </trkpt>
      <trkpt lat="49.057952" lon="15.009409">
        <time>2026-04-05T08:25:05.000Z</time>
      </trkpt>
      <trkpt lat="49.057969" lon="15.009407">
        <time>2026-04-05T08:25:06.000Z</time>
      </trkpt>
      <trkpt lat="49.057991" lon="15.009409">
        <time>2026-04-05T08:25:07.000Z</time>
      </trkpt>
      <trkpt lat="49.058007" lon="15.00941">
        <time>2026-04-05T08:25:08.000Z</time>
      </trkpt>
      <trkpt lat="49.058028" lon="15.009409">
        <time>2026-04-05T08:25:09.000Z</time>
      </trkpt>
      <trkpt lat="49.058049" lon="15.009407">
        <time>2026-04-05T08:25:10.000Z</time>
      </trkpt>
      <trkpt lat="49.058059" lon="15.009404">
        <time>2026-04-05T08:25:11.000Z</time>
      </trkpt>
      <trkpt lat="49.058076" lon="15.009388">
        <time>2026-04-05T08:25:12.000Z</time>
      </trkpt>
      <trkpt lat="49.058085" lon="15.009365">
        <time>2026-04-05T08:25:13.000Z</time>
      </trkpt>
      <trkpt lat="49.058089" lon="15.009362">
        <time>2026-04-05T08:25:14.000Z</time>
      </trkpt>
      <trkpt lat="49.058102" lon="15.009374">
        <time>2026-04-05T08:25:15.000Z</time>
      </trkpt>
      <trkpt lat="49.058116" lon="15.009387">
        <time>2026-04-05T08:25:16.000Z</time>
      </trkpt>
      <trkpt lat="49.058134" lon="15.009394">
        <time>2026-04-05T08:25:17.000Z</time>
      </trkpt>
      <trkpt lat="49.058151" lon="15.009401">
        <time>2026-04-05T08:25:18.000Z</time>
      </trkpt>
      <trkpt lat="49.058162" lon="15.009413">
        <time>2026-04-05T08:25:19.000Z</time>
      </trkpt>
      <trkpt lat="49.058164" lon="15.009418">
        <time>2026-04-05T08:25:20.000Z</time>
      </trkpt>
      <trkpt lat="49.058176" lon="15.009428">
        <time>2026-04-05T08:25:21.000Z</time>
      </trkpt>
      <trkpt lat="49.058191" lon="15.00944">
        <time>2026-04-05T08:25:22.000Z</time>
      </trkpt>
      <trkpt lat="49.058205" lon="15.009452">
        <time>2026-04-05T08:25:23.000Z</time>
      </trkpt>
      <trkpt lat="49.058224" lon="15.009466">
        <time>2026-04-05T08:25:24.000Z</time>
      </trkpt>
      <trkpt lat="49.058245" lon="15.009486">
        <time>2026-04-05T08:25:25.000Z</time>
      </trkpt>
      <trkpt lat="49.058276" lon="15.009517">
        <time>2026-04-05T08:25:26.000Z</time>
      </trkpt>
      <trkpt lat="49.058294" lon="15.009541">
        <time>2026-04-05T08:25:27.000Z</time>
      </trkpt>
      <trkpt lat="49.058312" lon="15.009571">
        <time>2026-04-05T08:25:28.000Z</time>
      </trkpt>
      <trkpt lat="49.058336" lon="15.00961">
        <time>2026-04-05T08:25:29.000Z</time>
      </trkpt>
      <trkpt lat="49.05835" lon="15.00963">
        <time>2026-04-05T08:25:30.000Z</time>
      </trkpt>
      <trkpt lat="49.05836" lon="15.009643">
        <time>2026-04-05T08:25:31.000Z</time>
      </trkpt>
      <trkpt lat="49.058372" lon="15.009654">
        <time>2026-04-05T08:25:32.000Z</time>
      </trkpt>
      <trkpt lat="49.058387" lon="15.009669">
        <time>2026-04-05T08:25:33.000Z</time>
      </trkpt>
      <trkpt lat="49.058402" lon="15.009694">
        <time>2026-04-05T08:25:34.000Z</time>
      </trkpt>
      <trkpt lat="49.05842" lon="15.009727">
        <time>2026-04-05T08:25:35.000Z</time>
      </trkpt>
      <trkpt lat="49.058436" lon="15.009752">
        <time>2026-04-05T08:25:36.000Z</time>
      </trkpt>
      <trkpt lat="49.058445" lon="15.009761">
        <time>2026-04-05T08:25:37.000Z</time>
      </trkpt>
      <trkpt lat="49.058461" lon="15.009771">
        <time>2026-04-05T08:25:38.000Z</time>
      </trkpt>
      <trkpt lat="49.058477" lon="15.009771">
        <time>2026-04-05T08:25:39.000Z</time>
      </trkpt>
      <trkpt lat="49.058494" lon="15.009766">
        <time>2026-04-05T08:25:40.000Z</time>
      </trkpt>
      <trkpt lat="49.058506" lon="15.009761">
        <time>2026-04-05T08:25:41.000Z</time>
      </trkpt>
      <trkpt lat="49.058509" lon="15.009758">
        <time>2026-04-05T08:25:42.000Z</time>
      </trkpt>
      <trkpt lat="49.058522" lon="15.009748">
        <time>2026-04-05T08:25:43.000Z</time>
      </trkpt>
      <trkpt lat="49.05853" lon="15.009735">
        <time>2026-04-05T08:25:44.000Z</time>
      </trkpt>
      <trkpt lat="49.058537" lon="15.009726">
        <time>2026-04-05T08:25:45.000Z</time>
      </trkpt>
      <trkpt lat="49.058545" lon="15.009715">
        <time>2026-04-05T08:25:46.000Z</time>
      </trkpt>
      <trkpt lat="49.058553" lon="15.009702">
        <time>2026-04-05T08:25:47.000Z</time>
      </trkpt>
      <trkpt lat="49.058567" lon="15.009703">
        <time>2026-04-05T08:25:48.000Z</time>
      </trkpt>
      <trkpt lat="49.058584" lon="15.009708">
        <time>2026-04-05T08:25:49.000Z</time>
      </trkpt>
      <trkpt lat="49.058595" lon="15.009712">
        <time>2026-04-05T08:25:50.000Z</time>
      </trkpt>
      <trkpt lat="49.058608" lon="15.009706">
        <time>2026-04-05T08:25:51.000Z</time>
      </trkpt>
      <trkpt lat="49.058609" lon="15.009689">
        <time>2026-04-05T08:25:52.000Z</time>
      </trkpt>
      <trkpt lat="49.058616" lon="15.009681">
        <time>2026-04-05T08:25:53.000Z</time>
      </trkpt>
      <trkpt lat="49.058621" lon="15.009673">
        <time>2026-04-05T08:25:54.000Z</time>
      </trkpt>
      <trkpt lat="49.058625" lon="15.009665">
        <time>2026-04-05T08:25:55.000Z</time>
      </trkpt>
      <trkpt lat="49.058629" lon="15.009663">
        <time>2026-04-05T08:25:56.000Z</time>
      </trkpt>
      <trkpt lat="49.058632" lon="15.009667">
        <time>2026-04-05T08:25:57.000Z</time>
      </trkpt>
      <trkpt lat="49.058633" lon="15.009666">
        <time>2026-04-05T08:25:58.000Z</time>
      </trkpt>
      <trkpt lat="49.058634" lon="15.009661">
        <time>2026-04-05T08:25:59.000Z</time>
      </trkpt>
      <trkpt lat="49.058633" lon="15.009649">
        <time>2026-04-05T08:26:00.000Z</time>
      </trkpt>
      <trkpt lat="49.058633" lon="15.009638">
        <time>2026-04-05T08:26:01.000Z</time>
      </trkpt>
      <trkpt lat="49.058639" lon="15.009632">
        <time>2026-04-05T08:26:02.000Z</time>
      </trkpt>
      <trkpt lat="49.05864" lon="15.009628">
        <time>2026-04-05T08:26:03.000Z</time>
      </trkpt>
      <trkpt lat="49.058639" lon="15.009626">
        <time>2026-04-05T08:26:04.000Z</time>
      </trkpt>
      <trkpt lat="49.058639" lon="15.009624">
        <time>2026-04-05T08:26:05.000Z</time>
      </trkpt>
      <trkpt lat="49.058637" lon="15.009624">
        <time>2026-04-05T08:26:06.000Z</time>
      </trkpt>
      <trkpt lat="49.058656" lon="15.009628">
        <time>2026-04-05T08:26:07.000Z</time>
      </trkpt>
      <trkpt lat="49.058658" lon="15.009597">
        <time>2026-04-05T08:26:08.000Z</time>
      </trkpt>
      <trkpt lat="49.058657" lon="15.00959">
        <time>2026-04-05T08:26:09.000Z</time>
      </trkpt>
      <trkpt lat="49.05864" lon="15.009572">
        <time>2026-04-05T08:26:10.000Z</time>
      </trkpt>
      <trkpt lat="49.058636" lon="15.009561">
        <time>2026-04-05T08:26:11.000Z</time>
      </trkpt>
      <trkpt lat="49.058636" lon="15.009549">
        <time>2026-04-05T08:26:12.000Z</time>
      </trkpt>
      <trkpt lat="49.058639" lon="15.009537">
        <time>2026-04-05T08:26:13.000Z</time>
      </trkpt>
      <trkpt lat="49.058643" lon="15.009508">
        <time>2026-04-05T08:26:14.000Z</time>
      </trkpt>
      <trkpt lat="49.058657" lon="15.009501">
        <time>2026-04-05T08:26:15.000Z</time>
      </trkpt>
      <trkpt lat="49.058666" lon="15.009501">
        <time>2026-04-05T08:26:16.000Z</time>
      </trkpt>
      <trkpt lat="49.058674" lon="15.009483">
        <time>2026-04-05T08:26:17.000Z</time>
      </trkpt>
      <trkpt lat="49.058679" lon="15.009471">
        <time>2026-04-05T08:26:18.000Z</time>
      </trkpt>
      <trkpt lat="49.058682" lon="15.009459">
        <time>2026-04-05T08:26:19.000Z</time>
      </trkpt>
      <trkpt lat="49.058686" lon="15.009457">
        <time>2026-04-05T08:26:20.000Z</time>
      </trkpt>
      <trkpt lat="49.058692" lon="15.009443">
        <time>2026-04-05T08:26:21.000Z</time>
      </trkpt>
      <trkpt lat="49.058701" lon="15.009433">
        <time>2026-04-05T08:26:22.000Z</time>
      </trkpt>
      <trkpt lat="49.058703" lon="15.00943">
        <time>2026-04-05T08:26:23.000Z</time>
      </trkpt>
      <trkpt lat="49.058704" lon="15.009431">
        <time>2026-04-05T08:26:24.000Z</time>
      </trkpt>
      <trkpt lat="49.058712" lon="15.009435">
        <time>2026-04-05T08:26:25.000Z</time>
      </trkpt>
      <trkpt lat="49.058722" lon="15.009438">
        <time>2026-04-05T08:26:26.000Z</time>
      </trkpt>
      <trkpt lat="49.058727" lon="15.009441">
        <time>2026-04-05T08:26:27.000Z</time>
      </trkpt>
      <trkpt lat="49.05874" lon="15.009451">
        <time>2026-04-05T08:26:28.000Z</time>
      </trkpt>
      <trkpt lat="49.058748" lon="15.009456">
        <time>2026-04-05T08:26:29.000Z</time>
      </trkpt>
      <trkpt lat="49.058748" lon="15.009464">
        <time>2026-04-05T08:26:30.000Z</time>
      </trkpt>
      <trkpt lat="49.058749" lon="15.009475">
        <time>2026-04-05T08:26:31.000Z</time>
      </trkpt>
      <trkpt lat="49.058755" lon="15.009491">
        <time>2026-04-05T08:26:32.000Z</time>
      </trkpt>
      <trkpt lat="49.058755" lon="15.009498">
        <time>2026-04-05T08:26:33.000Z</time>
      </trkpt>
      <trkpt lat="49.058761" lon="15.009504">
        <time>2026-04-05T08:26:34.000Z</time>
      </trkpt>
      <trkpt lat="49.058765" lon="15.009501">
        <time>2026-04-05T08:26:35.000Z</time>
      </trkpt>
      <trkpt lat="49.058772" lon="15.009491">
        <time>2026-04-05T08:26:36.000Z</time>
      </trkpt>
      <trkpt lat="49.058779" lon="15.009462">
        <time>2026-04-05T08:26:37.000Z</time>
      </trkpt>
      <trkpt lat="49.058789" lon="15.009432">
        <time>2026-04-05T08:26:38.000Z</time>
      </trkpt>
      <trkpt lat="49.058807" lon="15.009391">
        <time>2026-04-05T08:26:39.000Z</time>
      </trkpt>
      <trkpt lat="49.058822" lon="15.009366">
        <time>2026-04-05T08:26:40.000Z</time>
      </trkpt>
      <trkpt lat="49.058839" lon="15.00935">
        <time>2026-04-05T08:26:41.000Z</time>
      </trkpt>
      <trkpt lat="49.058849" lon="15.009349">
        <time>2026-04-05T08:26:42.000Z</time>
      </trkpt>
      <trkpt lat="49.058845" lon="15.009363">
        <time>2026-04-05T08:26:43.000Z</time>
      </trkpt>
      <trkpt lat="49.058846" lon="15.009386">
        <time>2026-04-05T08:26:44.000Z</time>
      </trkpt>
      <trkpt lat="49.058845" lon="15.009413">
        <time>2026-04-05T08:26:45.000Z</time>
      </trkpt>
      <trkpt lat="49.058838" lon="15.009446">
        <time>2026-04-05T08:26:46.000Z</time>
      </trkpt>
      <trkpt lat="49.058841" lon="15.009474">
        <time>2026-04-05T08:26:47.000Z</time>
      </trkpt>
      <trkpt lat="49.058837" lon="15.009513">
        <time>2026-04-05T08:26:48.000Z</time>
      </trkpt>
      <trkpt lat="49.058821" lon="15.009552">
        <time>2026-04-05T08:26:49.000Z</time>
      </trkpt>
      <trkpt lat="49.058807" lon="15.009589">
        <time>2026-04-05T08:26:50.000Z</time>
      </trkpt>
      <trkpt lat="49.058788" lon="15.009625">
        <time>2026-04-05T08:26:51.000Z</time>
      </trkpt>
      <trkpt lat="49.058781" lon="15.009652">
        <time>2026-04-05T08:26:52.000Z</time>
      </trkpt>
      <trkpt lat="49.058778" lon="15.009687">
        <time>2026-04-05T08:26:53.000Z</time>
      </trkpt>
      <trkpt lat="49.058779" lon="15.009726">
        <time>2026-04-05T08:26:54.000Z</time>
      </trkpt>
      <trkpt lat="49.05879" lon="15.009755">
        <time>2026-04-05T08:26:55.000Z</time>
      </trkpt>
      <trkpt lat="49.058796" lon="15.009785">
        <time>2026-04-05T08:26:56.000Z</time>
      </trkpt>
      <trkpt lat="49.058801" lon="15.009815">
        <time>2026-04-05T08:26:57.000Z</time>
      </trkpt>
      <trkpt lat="49.058789" lon="15.009851">
        <time>2026-04-05T08:26:58.000Z</time>
      </trkpt>
      <trkpt lat="49.058786" lon="15.009898">
        <time>2026-04-05T08:26:59.000Z</time>
      </trkpt>
      <trkpt lat="49.058771" lon="15.009953">
        <time>2026-04-05T08:27:00.000Z</time>
      </trkpt>
      <trkpt lat="49.058753" lon="15.010001">
        <time>2026-04-05T08:27:01.000Z</time>
      </trkpt>
      <trkpt lat="49.058745" lon="15.010049">
        <time>2026-04-05T08:27:02.000Z</time>
      </trkpt>
      <trkpt lat="49.058761" lon="15.010092">
        <time>2026-04-05T08:27:03.000Z</time>
      </trkpt>
      <trkpt lat="49.058762" lon="15.01013">
        <time>2026-04-05T08:27:04.000Z</time>
      </trkpt>
      <trkpt lat="49.058754" lon="15.010155">
        <time>2026-04-05T08:27:05.000Z</time>
      </trkpt>
      <trkpt lat="49.058755" lon="15.010188">
        <time>2026-04-05T08:27:06.000Z</time>
      </trkpt>
      <trkpt lat="49.05877" lon="15.010226">
        <time>2026-04-05T08:27:07.000Z</time>
      </trkpt>
      <trkpt lat="49.058786" lon="15.010273">
        <time>2026-04-05T08:27:08.000Z</time>
      </trkpt>
      <trkpt lat="49.058811" lon="15.010313">
        <time>2026-04-05T08:27:09.000Z</time>
      </trkpt>
      <trkpt lat="49.058818" lon="15.010341">
        <time>2026-04-05T08:27:10.000Z</time>
      </trkpt>
      <trkpt lat="49.05882" lon="15.010366">
        <time>2026-04-05T08:27:11.000Z</time>
      </trkpt>
      <trkpt lat="49.058824" lon="15.010391">
        <time>2026-04-05T08:27:12.000Z</time>
      </trkpt>
      <trkpt lat="49.058828" lon="15.010412">
        <time>2026-04-05T08:27:13.000Z</time>
      </trkpt>
      <trkpt lat="49.058846" lon="15.01044">
        <time>2026-04-05T08:27:14.000Z</time>
      </trkpt>
      <trkpt lat="49.058867" lon="15.010463">
        <time>2026-04-05T08:27:15.000Z</time>
      </trkpt>
      <trkpt lat="49.058881" lon="15.010484">
        <time>2026-04-05T08:27:16.000Z</time>
      </trkpt>
      <trkpt lat="49.058899" lon="15.010503">
        <time>2026-04-05T08:27:17.000Z</time>
      </trkpt>
      <trkpt lat="49.058908" lon="15.01053">
        <time>2026-04-05T08:27:18.000Z</time>
      </trkpt>
      <trkpt lat="49.058921" lon="15.010556">
        <time>2026-04-05T08:27:19.000Z</time>
      </trkpt>
      <trkpt lat="49.058927" lon="15.010573">
        <time>2026-04-05T08:27:20.000Z</time>
      </trkpt>
      <trkpt lat="49.058936" lon="15.010597">
        <time>2026-04-05T08:27:21.000Z</time>
      </trkpt>
      <trkpt lat="49.058941" lon="15.010622">
        <time>2026-04-05T08:27:22.000Z</time>
      </trkpt>
      <trkpt lat="49.058952" lon="15.010646">
        <time>2026-04-05T08:27:23.000Z</time>
      </trkpt>
      <trkpt lat="49.058964" lon="15.010675">
        <time>2026-04-05T08:27:24.000Z</time>
      </trkpt>
      <trkpt lat="49.058971" lon="15.010699">
        <time>2026-04-05T08:27:25.000Z</time>
      </trkpt>
      <trkpt lat="49.058978" lon="15.010722">
        <time>2026-04-05T08:27:26.000Z</time>
      </trkpt>
      <trkpt lat="49.058991" lon="15.010731">
        <time>2026-04-05T08:27:27.000Z</time>
      </trkpt>
      <trkpt lat="49.059011" lon="15.010751">
        <time>2026-04-05T08:27:28.000Z</time>
      </trkpt>
      <trkpt lat="49.059031" lon="15.010763">
        <time>2026-04-05T08:27:29.000Z</time>
      </trkpt>
      <trkpt lat="49.059046" lon="15.010783">
        <time>2026-04-05T08:27:30.000Z</time>
      </trkpt>
      <trkpt lat="49.059062" lon="15.010814">
        <time>2026-04-05T08:27:31.000Z</time>
      </trkpt>
      <trkpt lat="49.059083" lon="15.010843">
        <time>2026-04-05T08:27:32.000Z</time>
      </trkpt>
      <trkpt lat="49.059105" lon="15.010868">
        <time>2026-04-05T08:27:33.000Z</time>
      </trkpt>
      <trkpt lat="49.059116" lon="15.010907">
        <time>2026-04-05T08:27:34.000Z</time>
      </trkpt>
      <trkpt lat="49.059116" lon="15.010944">
        <time>2026-04-05T08:27:35.000Z</time>
      </trkpt>
      <trkpt lat="49.059104" lon="15.010967">
        <time>2026-04-05T08:27:36.000Z</time>
      </trkpt>
      <trkpt lat="49.059079" lon="15.010983">
        <time>2026-04-05T08:27:37.000Z</time>
      </trkpt>
      <trkpt lat="49.059046" lon="15.010998">
        <time>2026-04-05T08:27:38.000Z</time>
      </trkpt>
      <trkpt lat="49.059022" lon="15.011017">
        <time>2026-04-05T08:27:39.000Z</time>
      </trkpt>
      <trkpt lat="49.059006" lon="15.011043">
        <time>2026-04-05T08:27:40.000Z</time>
      </trkpt>
      <trkpt lat="49.059001" lon="15.011062">
        <time>2026-04-05T08:27:41.000Z</time>
      </trkpt>
      <trkpt lat="49.058998" lon="15.011087">
        <time>2026-04-05T08:27:42.000Z</time>
      </trkpt>
      <trkpt lat="49.058997" lon="15.011107">
        <time>2026-04-05T08:27:43.000Z</time>
      </trkpt>
      <trkpt lat="49.058999" lon="15.011123">
        <time>2026-04-05T08:27:44.000Z</time>
      </trkpt>
      <trkpt lat="49.058999" lon="15.011138">
        <time>2026-04-05T08:27:45.000Z</time>
      </trkpt>
      <trkpt lat="49.059002" lon="15.011156">
        <time>2026-04-05T08:27:46.000Z</time>
      </trkpt>
      <trkpt lat="49.058998" lon="15.011168">
        <time>2026-04-05T08:27:47.000Z</time>
      </trkpt>
      <trkpt lat="49.058993" lon="15.011178">
        <time>2026-04-05T08:27:48.000Z</time>
      </trkpt>
      <trkpt lat="49.058984" lon="15.011196">
        <time>2026-04-05T08:27:49.000Z</time>
      </trkpt>
      <trkpt lat="49.058978" lon="15.011211">
        <time>2026-04-05T08:27:50.000Z</time>
      </trkpt>
      <trkpt lat="49.058966" lon="15.011223">
        <time>2026-04-05T08:27:51.000Z</time>
      </trkpt>
      <trkpt lat="49.058955" lon="15.011217">
        <time>2026-04-05T08:27:52.000Z</time>
      </trkpt>
      <trkpt lat="49.058941" lon="15.011197">
        <time>2026-04-05T08:27:53.000Z</time>
      </trkpt>
      <trkpt lat="49.05893" lon="15.011176">
        <time>2026-04-05T08:27:54.000Z</time>
      </trkpt>
      <trkpt lat="49.058919" lon="15.011151">
        <time>2026-04-05T08:27:55.000Z</time>
      </trkpt>
      <trkpt lat="49.058909" lon="15.011126">
        <time>2026-04-05T08:27:56.000Z</time>
      </trkpt>
      <trkpt lat="49.058896" lon="15.011095">
        <time>2026-04-05T08:27:57.000Z</time>
      </trkpt>
      <trkpt lat="49.058883" lon="15.011063">
        <time>2026-04-05T08:27:58.000Z</time>
      </trkpt>
      <trkpt lat="49.058875" lon="15.011038">
        <time>2026-04-05T08:27:59.000Z</time>
      </trkpt>
      <trkpt lat="49.058866" lon="15.011021">
        <time>2026-04-05T08:28:00.000Z</time>
      </trkpt>
      <trkpt lat="49.05885" lon="15.011004">
        <time>2026-04-05T08:28:01.000Z</time>
      </trkpt>
      <trkpt lat="49.058836" lon="15.010988">
        <time>2026-04-05T08:28:02.000Z</time>
      </trkpt>
      <trkpt lat="49.058816" lon="15.01097">
        <time>2026-04-05T08:28:03.000Z</time>
      </trkpt>
      <trkpt lat="49.058799" lon="15.010944">
        <time>2026-04-05T08:28:04.000Z</time>
      </trkpt>
      <trkpt lat="49.058797" lon="15.010921">
        <time>2026-04-05T08:28:05.000Z</time>
      </trkpt>
      <trkpt lat="49.058786" lon="15.010892">
        <time>2026-04-05T08:28:06.000Z</time>
      </trkpt>
      <trkpt lat="49.05877" lon="15.010867">
        <time>2026-04-05T08:28:07.000Z</time>
      </trkpt>
      <trkpt lat="49.058758" lon="15.010841">
        <time>2026-04-05T08:28:08.000Z</time>
      </trkpt>
      <trkpt lat="49.058747" lon="15.010817">
        <time>2026-04-05T08:28:09.000Z</time>
      </trkpt>
      <trkpt lat="49.05874" lon="15.010802">
        <time>2026-04-05T08:28:10.000Z</time>
      </trkpt>
      <trkpt lat="49.058733" lon="15.010792">
        <time>2026-04-05T08:28:11.000Z</time>
      </trkpt>
      <trkpt lat="49.058717" lon="15.010782">
        <time>2026-04-05T08:28:12.000Z</time>
      </trkpt>
      <trkpt lat="49.058697" lon="15.01077">
        <time>2026-04-05T08:28:13.000Z</time>
      </trkpt>
      <trkpt lat="49.05868" lon="15.010757">
        <time>2026-04-05T08:28:14.000Z</time>
      </trkpt>
      <trkpt lat="49.058664" lon="15.010745">
        <time>2026-04-05T08:28:15.000Z</time>
      </trkpt>
      <trkpt lat="49.058656" lon="15.010727">
        <time>2026-04-05T08:28:16.000Z</time>
      </trkpt>
      <trkpt lat="49.058648" lon="15.01069">
        <time>2026-04-05T08:28:17.000Z</time>
      </trkpt>
      <trkpt lat="49.058636" lon="15.010665">
        <time>2026-04-05T08:28:18.000Z</time>
      </trkpt>
      <trkpt lat="49.058623" lon="15.010647">
        <time>2026-04-05T08:28:19.000Z</time>
      </trkpt>
      <trkpt lat="49.058602" lon="15.010624">
        <time>2026-04-05T08:28:20.000Z</time>
      </trkpt>
      <trkpt lat="49.058581" lon="15.010597">
        <time>2026-04-05T08:28:21.000Z</time>
      </trkpt>
      <trkpt lat="49.058554" lon="15.010564">
        <time>2026-04-05T08:28:22.000Z</time>
      </trkpt>
      <trkpt lat="49.05853" lon="15.010546">
        <time>2026-04-05T08:28:23.000Z</time>
      </trkpt>
      <trkpt lat="49.058515" lon="15.010542">
        <time>2026-04-05T08:28:24.000Z</time>
      </trkpt>
      <trkpt lat="49.058506" lon="15.010535">
        <time>2026-04-05T08:28:25.000Z</time>
      </trkpt>
      <trkpt lat="49.058493" lon="15.010518">
        <time>2026-04-05T08:28:26.000Z</time>
      </trkpt>
      <trkpt lat="49.05848" lon="15.010494">
        <time>2026-04-05T08:28:27.000Z</time>
      </trkpt>
      <trkpt lat="49.058474" lon="15.010472">
        <time>2026-04-05T08:28:28.000Z</time>
      </trkpt>
      <trkpt lat="49.058465" lon="15.010443">
        <time>2026-04-05T08:28:29.000Z</time>
      </trkpt>
      <trkpt lat="49.058454" lon="15.010425">
        <time>2026-04-05T08:28:30.000Z</time>
      </trkpt>
      <trkpt lat="49.058444" lon="15.01041">
        <time>2026-04-05T08:28:31.000Z</time>
      </trkpt>
      <trkpt lat="49.058431" lon="15.010401">
        <time>2026-04-05T08:28:32.000Z</time>
      </trkpt>
      <trkpt lat="49.058414" lon="15.010388">
        <time>2026-04-05T08:28:33.000Z</time>
      </trkpt>
      <trkpt lat="49.058403" lon="15.010372">
        <time>2026-04-05T08:28:34.000Z</time>
      </trkpt>
      <trkpt lat="49.058396" lon="15.010351">
        <time>2026-04-05T08:28:35.000Z</time>
      </trkpt>
      <trkpt lat="49.058391" lon="15.010328">
        <time>2026-04-05T08:28:36.000Z</time>
      </trkpt>
      <trkpt lat="49.05839" lon="15.010314">
        <time>2026-04-05T08:28:37.000Z</time>
      </trkpt>
      <trkpt lat="49.05839" lon="15.01029">
        <time>2026-04-05T08:28:38.000Z</time>
      </trkpt>
      <trkpt lat="49.058392" lon="15.01027">
        <time>2026-04-05T08:28:39.000Z</time>
      </trkpt>
      <trkpt lat="49.058398" lon="15.010254">
        <time>2026-04-05T08:28:40.000Z</time>
      </trkpt>
      <trkpt lat="49.058394" lon="15.010225">
        <time>2026-04-05T08:28:41.000Z</time>
      </trkpt>
      <trkpt lat="49.058383" lon="15.010198">
        <time>2026-04-05T08:28:42.000Z</time>
      </trkpt>
      <trkpt lat="49.058372" lon="15.010186">
        <time>2026-04-05T08:28:43.000Z</time>
      </trkpt>
      <trkpt lat="49.058357" lon="15.010185">
        <time>2026-04-05T08:28:44.000Z</time>
      </trkpt>
      <trkpt lat="49.058339" lon="15.010185">
        <time>2026-04-05T08:28:45.000Z</time>
      </trkpt>
      <trkpt lat="49.058325" lon="15.010175">
        <time>2026-04-05T08:28:46.000Z</time>
      </trkpt>
      <trkpt lat="49.058298" lon="15.010156">
        <time>2026-04-05T08:28:47.000Z</time>
      </trkpt>
      <trkpt lat="49.058279" lon="15.010144">
        <time>2026-04-05T08:28:48.000Z</time>
      </trkpt>
      <trkpt lat="49.058265" lon="15.010135">
        <time>2026-04-05T08:28:49.000Z</time>
      </trkpt>
      <trkpt lat="49.058254" lon="15.010126">
        <time>2026-04-05T08:28:50.000Z</time>
      </trkpt>
      <trkpt lat="49.058242" lon="15.010111">
        <time>2026-04-05T08:28:51.000Z</time>
      </trkpt>
      <trkpt lat="49.058227" lon="15.010091">
        <time>2026-04-05T08:28:52.000Z</time>
      </trkpt>
      <trkpt lat="49.058216" lon="15.010072">
        <time>2026-04-05T08:28:53.000Z</time>
      </trkpt>
      <trkpt lat="49.058212" lon="15.010051">
        <time>2026-04-05T08:28:54.000Z</time>
      </trkpt>
      <trkpt lat="49.0582" lon="15.010018">
        <time>2026-04-05T08:28:55.000Z</time>
      </trkpt>
      <trkpt lat="49.058193" lon="15.009988">
        <time>2026-04-05T08:28:56.000Z</time>
      </trkpt>
      <trkpt lat="49.058185" lon="15.009964">
        <time>2026-04-05T08:28:57.000Z</time>
      </trkpt>
      <trkpt lat="49.058165" lon="15.009938">
        <time>2026-04-05T08:28:58.000Z</time>
      </trkpt>
      <trkpt lat="49.058136" lon="15.009893">
        <time>2026-04-05T08:28:59.000Z</time>
      </trkpt>
      <trkpt lat="49.058122" lon="15.009854">
        <time>2026-04-05T08:29:00.000Z</time>
      </trkpt>
      <trkpt lat="49.058115" lon="15.009806">
        <time>2026-04-05T08:29:01.000Z</time>
      </trkpt>
      <trkpt lat="49.058107" lon="15.009768">
        <time>2026-04-05T08:29:02.000Z</time>
      </trkpt>
      <trkpt lat="49.058091" lon="15.009734">
        <time>2026-04-05T08:29:03.000Z</time>
      </trkpt>
      <trkpt lat="49.058076" lon="15.009699">
        <time>2026-04-05T08:29:04.000Z</time>
      </trkpt>
      <trkpt lat="49.058053" lon="15.009658">
        <time>2026-04-05T08:29:05.000Z</time>
      </trkpt>
      <trkpt lat="49.058036" lon="15.009632">
        <time>2026-04-05T08:29:06.000Z</time>
      </trkpt>
      <trkpt lat="49.058022" lon="15.009604">
        <time>2026-04-05T08:29:07.000Z</time>
      </trkpt>
      <trkpt lat="49.058" lon="15.009575">
        <time>2026-04-05T08:29:08.000Z</time>
      </trkpt>
      <trkpt lat="49.057986" lon="15.009554">
        <time>2026-04-05T08:29:09.000Z</time>
      </trkpt>
      <trkpt lat="49.057978" lon="15.009551">
        <time>2026-04-05T08:29:10.000Z</time>
      </trkpt>
      <trkpt lat="49.057971" lon="15.009546">
        <time>2026-04-05T08:29:11.000Z</time>
      </trkpt>
      <trkpt lat="49.057957" lon="15.009528">
        <time>2026-04-05T08:29:12.000Z</time>
      </trkpt>
      <trkpt lat="49.057939" lon="15.009512">
        <time>2026-04-05T08:29:13.000Z</time>
      </trkpt>
      <trkpt lat="49.057915" lon="15.009495">
        <time>2026-04-05T08:29:14.000Z</time>
      </trkpt>
      <trkpt lat="49.057889" lon="15.00948">
        <time>2026-04-05T08:29:15.000Z</time>
      </trkpt>
      <trkpt lat="49.057878" lon="15.009464">
        <time>2026-04-05T08:29:16.000Z</time>
      </trkpt>
      <trkpt lat="49.057864" lon="15.009438">
        <time>2026-04-05T08:29:17.000Z</time>
      </trkpt>
      <trkpt lat="49.057847" lon="15.009406">
        <time>2026-04-05T08:29:18.000Z</time>
      </trkpt>
      <trkpt lat="49.057831" lon="15.009375">
        <time>2026-04-05T08:29:19.000Z</time>
      </trkpt>
      <trkpt lat="49.057814" lon="15.009343">
        <time>2026-04-05T08:29:20.000Z</time>
      </trkpt>
      <trkpt lat="49.0578" lon="15.009311">
        <time>2026-04-05T08:29:21.000Z</time>
      </trkpt>
      <trkpt lat="49.057793" lon="15.00928">
        <time>2026-04-05T08:29:22.000Z</time>
      </trkpt>
      <trkpt lat="49.057781" lon="15.009249">
        <time>2026-04-05T08:29:23.000Z</time>
      </trkpt>
      <trkpt lat="49.05777" lon="15.009233">
        <time>2026-04-05T08:29:24.000Z</time>
      </trkpt>
      <trkpt lat="49.05777" lon="15.009224">
        <time>2026-04-05T08:29:25.000Z</time>
      </trkpt>
      <trkpt lat="49.057771" lon="15.009216">
        <time>2026-04-05T08:29:26.000Z</time>
      </trkpt>
      <trkpt lat="49.05776" lon="15.009199">
        <time>2026-04-05T08:29:27.000Z</time>
      </trkpt>
      <trkpt lat="49.057757" lon="15.009195">
        <time>2026-04-05T08:29:28.000Z</time>
      </trkpt>
      <trkpt lat="49.057743" lon="15.009162">
        <time>2026-04-05T08:29:29.000Z</time>
      </trkpt>
      <trkpt lat="49.057732" lon="15.009121">
        <time>2026-04-05T08:29:30.000Z</time>
      </trkpt>
      <trkpt lat="49.057719" lon="15.009076">
        <time>2026-04-05T08:29:31.000Z</time>
      </trkpt>
      <trkpt lat="49.057702" lon="15.009033">
        <time>2026-04-05T08:29:32.000Z</time>
      </trkpt>
      <trkpt lat="49.05769" lon="15.009003">
        <time>2026-04-05T08:29:33.000Z</time>
      </trkpt>
      <trkpt lat="49.057678" lon="15.008991">
        <time>2026-04-05T08:29:34.000Z</time>
      </trkpt>
      <trkpt lat="49.057658" lon="15.008971">
        <time>2026-04-05T08:29:35.000Z</time>
      </trkpt>
      <trkpt lat="49.057641" lon="15.008959">
        <time>2026-04-05T08:29:36.000Z</time>
      </trkpt>
      <trkpt lat="49.05762" lon="15.00895">
        <time>2026-04-05T08:29:37.000Z</time>
      </trkpt>
      <trkpt lat="49.057598" lon="15.008936">
        <time>2026-04-05T08:29:38.000Z</time>
      </trkpt>
      <trkpt lat="49.057578" lon="15.008925">
        <time>2026-04-05T08:29:39.000Z</time>
      </trkpt>
      <trkpt lat="49.057557" lon="15.00893">
        <time>2026-04-05T08:29:40.000Z</time>
      </trkpt>
      <trkpt lat="49.057534" lon="15.008934">
        <time>2026-04-05T08:29:41.000Z</time>
      </trkpt>
      <trkpt lat="49.057505" lon="15.008938">
        <time>2026-04-05T08:29:42.000Z</time>
      </trkpt>
      <trkpt lat="49.057477" lon="15.008938">
        <time>2026-04-05T08:29:43.000Z</time>
      </trkpt>
      <trkpt lat="49.057443" lon="15.008948">
        <time>2026-04-05T08:29:44.000Z</time>
      </trkpt>
      <trkpt lat="49.057415" lon="15.00896">
        <time>2026-04-05T08:29:45.000Z</time>
      </trkpt>
      <trkpt lat="49.057391" lon="15.008972">
        <time>2026-04-05T08:29:46.000Z</time>
      </trkpt>
      <trkpt lat="49.057367" lon="15.008988">
        <time>2026-04-05T08:29:47.000Z</time>
      </trkpt>
      <trkpt lat="49.057338" lon="15.009011">
        <time>2026-04-05T08:29:48.000Z</time>
      </trkpt>
      <trkpt lat="49.057316" lon="15.009024">
        <time>2026-04-05T08:29:49.000Z</time>
      </trkpt>
      <trkpt lat="49.057294" lon="15.009027">
        <time>2026-04-05T08:29:50.000Z</time>
      </trkpt>
      <trkpt lat="49.057272" lon="15.009028">
        <time>2026-04-05T08:29:51.000Z</time>
      </trkpt>
      <trkpt lat="49.057252" lon="15.009032">
        <time>2026-04-05T08:29:52.000Z</time>
      </trkpt>
      <trkpt lat="49.057227" lon="15.009037">
        <time>2026-04-05T08:29:53.000Z</time>
      </trkpt>
      <trkpt lat="49.057208" lon="15.00903">
        <time>2026-04-05T08:29:54.000Z</time>
      </trkpt>
      <trkpt lat="49.057194" lon="15.009026">
        <time>2026-04-05T08:29:55.000Z</time>
      </trkpt>
      <trkpt lat="49.057181" lon="15.009026">
        <time>2026-04-05T08:29:56.000Z</time>
      </trkpt>
      <trkpt lat="49.057164" lon="15.009034">
        <time>2026-04-05T08:29:57.000Z</time>
      </trkpt>
      <trkpt lat="49.05715" lon="15.009052">
        <time>2026-04-05T08:29:58.000Z</time>
      </trkpt>
      <trkpt lat="49.057148" lon="15.009075">
        <time>2026-04-05T08:29:59.000Z</time>
      </trkpt>
      <trkpt lat="49.057142" lon="15.009096">
        <time>2026-04-05T08:30:00.000Z</time>
      </trkpt>
      <trkpt lat="49.05713" lon="15.009109">
        <time>2026-04-05T08:30:01.000Z</time>
      </trkpt>
      <trkpt lat="49.057124" lon="15.009129">
        <time>2026-04-05T08:30:02.000Z</time>
      </trkpt>
      <trkpt lat="49.057109" lon="15.009144">
        <time>2026-04-05T08:30:03.000Z</time>
      </trkpt>
      <trkpt lat="49.057095" lon="15.009151">
        <time>2026-04-05T08:30:04.000Z</time>
      </trkpt>
      <trkpt lat="49.057079" lon="15.009148">
        <time>2026-04-05T08:30:05.000Z</time>
      </trkpt>
      <trkpt lat="49.057067" lon="15.009141">
        <time>2026-04-05T08:30:06.000Z</time>
      </trkpt>
      <trkpt lat="49.05705" lon="15.009132">
        <time>2026-04-05T08:30:07.000Z</time>
      </trkpt>
      <trkpt lat="49.057041" lon="15.009128">
        <time>2026-04-05T08:30:08.000Z</time>
      </trkpt>
      <trkpt lat="49.057028" lon="15.009139">
        <time>2026-04-05T08:30:09.000Z</time>
      </trkpt>
      <trkpt lat="49.057013" lon="15.009154">
        <time>2026-04-05T08:30:10.000Z</time>
      </trkpt>
      <trkpt lat="49.057" lon="15.009169">
        <time>2026-04-05T08:30:11.000Z</time>
      </trkpt>
      <trkpt lat="49.056983" lon="15.009187">
        <time>2026-04-05T08:30:12.000Z</time>
      </trkpt>
      <trkpt lat="49.056971" lon="15.009196">
        <time>2026-04-05T08:30:13.000Z</time>
      </trkpt>
      <trkpt lat="49.056966" lon="15.009198">
        <time>2026-04-05T08:30:14.000Z</time>
      </trkpt>
      <trkpt lat="49.056964" lon="15.00921">
        <time>2026-04-05T08:30:15.000Z</time>
      </trkpt>
      <trkpt lat="49.056967" lon="15.009231">
        <time>2026-04-05T08:30:16.000Z</time>
      </trkpt>
      <trkpt lat="49.056967" lon="15.009248">
        <time>2026-04-05T08:30:17.000Z</time>
      </trkpt>
      <trkpt lat="49.056962" lon="15.009264">
        <time>2026-04-05T08:30:18.000Z</time>
      </trkpt>
      <trkpt lat="49.056957" lon="15.009282">
        <time>2026-04-05T08:30:19.000Z</time>
      </trkpt>
      <trkpt lat="49.056945" lon="15.009294">
        <time>2026-04-05T08:30:20.000Z</time>
      </trkpt>
      <trkpt lat="49.056932" lon="15.009305">
        <time>2026-04-05T08:30:21.000Z</time>
      </trkpt>
      <trkpt lat="49.056919" lon="15.00932">
        <time>2026-04-05T08:30:22.000Z</time>
      </trkpt>
      <trkpt lat="49.056915" lon="15.009339">
        <time>2026-04-05T08:30:23.000Z</time>
      </trkpt>
      <trkpt lat="49.056903" lon="15.009343">
        <time>2026-04-05T08:30:24.000Z</time>
      </trkpt>
      <trkpt lat="49.056896" lon="15.009337">
        <time>2026-04-05T08:30:25.000Z</time>
      </trkpt>
      <trkpt lat="49.056883" lon="15.009329">
        <time>2026-04-05T08:30:26.000Z</time>
      </trkpt>
      <trkpt lat="49.056866" lon="15.009322">
        <time>2026-04-05T08:30:27.000Z</time>
      </trkpt>
      <trkpt lat="49.056842" lon="15.009308">
        <time>2026-04-05T08:30:28.000Z</time>
      </trkpt>
      <trkpt lat="49.056823" lon="15.009293">
        <time>2026-04-05T08:30:29.000Z</time>
      </trkpt>
      <trkpt lat="49.056816" lon="15.009286">
        <time>2026-04-05T08:30:30.000Z</time>
      </trkpt>
      <trkpt lat="49.056812" lon="15.009285">
        <time>2026-04-05T08:30:31.000Z</time>
      </trkpt>
      <trkpt lat="49.056812" lon="15.009286">
        <time>2026-04-05T08:30:32.000Z</time>
      </trkpt>
      <trkpt lat="49.056813" lon="15.009288">
        <time>2026-04-05T08:30:33.000Z</time>
      </trkpt>
      <trkpt lat="49.056808" lon="15.009296">
        <time>2026-04-05T08:30:34.000Z</time>
      </trkpt>
      <trkpt lat="49.056801" lon="15.009297">
        <time>2026-04-05T08:30:35.000Z</time>
      </trkpt>
      <trkpt lat="49.056799" lon="15.009296">
        <time>2026-04-05T08:30:36.000Z</time>
      </trkpt>
      <trkpt lat="49.05678" lon="15.009291">
        <time>2026-04-05T08:30:37.000Z</time>
      </trkpt>
      <trkpt lat="49.056758" lon="15.009281">
        <time>2026-04-05T08:30:38.000Z</time>
      </trkpt>
      <trkpt lat="49.056729" lon="15.009275">
        <time>2026-04-05T08:30:39.000Z</time>
      </trkpt>
      <trkpt lat="49.056709" lon="15.009278">
        <time>2026-04-05T08:30:40.000Z</time>
      </trkpt>
      <trkpt lat="49.056685" lon="15.009278">
        <time>2026-04-05T08:30:41.000Z</time>
      </trkpt>
      <trkpt lat="49.05666" lon="15.009292">
        <time>2026-04-05T08:30:42.000Z</time>
      </trkpt>
      <trkpt lat="49.056644" lon="15.009316">
        <time>2026-04-05T08:30:43.000Z</time>
      </trkpt>
      <trkpt lat="49.056643" lon="15.00934">
        <time>2026-04-05T08:30:44.000Z</time>
      </trkpt>
      <trkpt lat="49.056643" lon="15.009367">
        <time>2026-04-05T08:30:45.000Z</time>
      </trkpt>
      <trkpt lat="49.056631" lon="15.00939">
        <time>2026-04-05T08:30:46.000Z</time>
      </trkpt>
      <trkpt lat="49.056617" lon="15.009406">
        <time>2026-04-05T08:30:47.000Z</time>
      </trkpt>
      <trkpt lat="49.056589" lon="15.009424">
        <time>2026-04-05T08:30:48.000Z</time>
      </trkpt>
      <trkpt lat="49.056569" lon="15.009439">
        <time>2026-04-05T08:30:49.000Z</time>
      </trkpt>
      <trkpt lat="49.056542" lon="15.00946">
        <time>2026-04-05T08:30:50.000Z</time>
      </trkpt>
      <trkpt lat="49.056519" lon="15.00949">
        <time>2026-04-05T08:30:51.000Z</time>
      </trkpt>
      <trkpt lat="49.056503" lon="15.009511">
        <time>2026-04-05T08:30:52.000Z</time>
      </trkpt>
      <trkpt lat="49.056492" lon="15.009539">
        <time>2026-04-05T08:30:53.000Z</time>
      </trkpt>
      <trkpt lat="49.056485" lon="15.009564">
        <time>2026-04-05T08:30:54.000Z</time>
      </trkpt>
      <trkpt lat="49.056476" lon="15.009594">
        <time>2026-04-05T08:30:55.000Z</time>
      </trkpt>
      <trkpt lat="49.056465" lon="15.009626">
        <time>2026-04-05T08:30:56.000Z</time>
      </trkpt>
      <trkpt lat="49.056455" lon="15.009647">
        <time>2026-04-05T08:30:57.000Z</time>
      </trkpt>
      <trkpt lat="49.056442" lon="15.009678">
        <time>2026-04-05T08:30:58.000Z</time>
      </trkpt>
      <trkpt lat="49.056432" lon="15.009709">
        <time>2026-04-05T08:30:59.000Z</time>
      </trkpt>
      <trkpt lat="49.056424" lon="15.009754">
        <time>2026-04-05T08:31:00.000Z</time>
      </trkpt>
      <trkpt lat="49.056416" lon="15.009803">
        <time>2026-04-05T08:31:01.000Z</time>
      </trkpt>
      <trkpt lat="49.056394" lon="15.009835">
        <time>2026-04-05T08:31:02.000Z</time>
      </trkpt>
      <trkpt lat="49.056369" lon="15.009849">
        <time>2026-04-05T08:31:03.000Z</time>
      </trkpt>
      <trkpt lat="49.05634" lon="15.009873">
        <time>2026-04-05T08:31:04.000Z</time>
      </trkpt>
      <trkpt lat="49.056321" lon="15.009888">
        <time>2026-04-05T08:31:05.000Z</time>
      </trkpt>
      <trkpt lat="49.056308" lon="15.009906">
        <time>2026-04-05T08:31:06.000Z</time>
      </trkpt>
      <trkpt lat="49.056286" lon="15.009909">
        <time>2026-04-05T08:31:07.000Z</time>
      </trkpt>
      <trkpt lat="49.056266" lon="15.009917">
        <time>2026-04-05T08:31:08.000Z</time>
      </trkpt>
      <trkpt lat="49.056241" lon="15.009919">
        <time>2026-04-05T08:31:09.000Z</time>
      </trkpt>
      <trkpt lat="49.056223" lon="15.009926">
        <time>2026-04-05T08:31:10.000Z</time>
      </trkpt>
      <trkpt lat="49.056209" lon="15.009941">
        <time>2026-04-05T08:31:11.000Z</time>
      </trkpt>
      <trkpt lat="49.056201" lon="15.009962">
        <time>2026-04-05T08:31:12.000Z</time>
      </trkpt>
      <trkpt lat="49.056187" lon="15.009979">
        <time>2026-04-05T08:31:13.000Z</time>
      </trkpt>
      <trkpt lat="49.056169" lon="15.009999">
        <time>2026-04-05T08:31:14.000Z</time>
      </trkpt>
      <trkpt lat="49.056142" lon="15.010023">
        <time>2026-04-05T08:31:15.000Z</time>
      </trkpt>
      <trkpt lat="49.056112" lon="15.010048">
        <time>2026-04-05T08:31:16.000Z</time>
      </trkpt>
      <trkpt lat="49.056084" lon="15.010059">
        <time>2026-04-05T08:31:17.000Z</time>
      </trkpt>
      <trkpt lat="49.056049" lon="15.010062">
        <time>2026-04-05T08:31:18.000Z</time>
      </trkpt>
      <trkpt lat="49.055989" lon="15.010048">
        <time>2026-04-05T08:31:19.000Z</time>
      </trkpt>
      <trkpt lat="49.055942" lon="15.010029">
        <time>2026-04-05T08:31:20.000Z</time>
      </trkpt>
      <trkpt lat="49.055912" lon="15.010031">
        <time>2026-04-05T08:31:21.000Z</time>
      </trkpt>
      <trkpt lat="49.055887" lon="15.010039">
        <time>2026-04-05T08:31:22.000Z</time>
      </trkpt>
      <trkpt lat="49.055862" lon="15.010058">
        <time>2026-04-05T08:31:23.000Z</time>
      </trkpt>
      <trkpt lat="49.055828" lon="15.010065">
        <time>2026-04-05T08:31:24.000Z</time>
      </trkpt>
      <trkpt lat="49.055792" lon="15.010069">
        <time>2026-04-05T08:31:25.000Z</time>
      </trkpt>
      <trkpt lat="49.055764" lon="15.010079">
        <time>2026-04-05T08:31:26.000Z</time>
      </trkpt>
      <trkpt lat="49.055735" lon="15.010087">
        <time>2026-04-05T08:31:27.000Z</time>
      </trkpt>
      <trkpt lat="49.055707" lon="15.01009">
        <time>2026-04-05T08:31:28.000Z</time>
      </trkpt>
      <trkpt lat="49.055683" lon="15.010089">
        <time>2026-04-05T08:31:29.000Z</time>
      </trkpt>
      <trkpt lat="49.055663" lon="15.010077">
        <time>2026-04-05T08:31:30.000Z</time>
      </trkpt>
      <trkpt lat="49.055643" lon="15.010057">
        <time>2026-04-05T08:31:31.000Z</time>
      </trkpt>
      <trkpt lat="49.055607" lon="15.010045">
        <time>2026-04-05T08:31:32.000Z</time>
      </trkpt>
      <trkpt lat="49.055581" lon="15.010044">
        <time>2026-04-05T08:31:33.000Z</time>
      </trkpt>
      <trkpt lat="49.055551" lon="15.010051">
        <time>2026-04-05T08:31:34.000Z</time>
      </trkpt>
      <trkpt lat="49.055534" lon="15.010073">
        <time>2026-04-05T08:31:35.000Z</time>
      </trkpt>
      <trkpt lat="49.055521" lon="15.010096">
        <time>2026-04-05T08:31:36.000Z</time>
      </trkpt>
      <trkpt lat="49.055507" lon="15.01013">
        <time>2026-04-05T08:31:37.000Z</time>
      </trkpt>
      <trkpt lat="49.055486" lon="15.010149">
        <time>2026-04-05T08:31:38.000Z</time>
      </trkpt>
      <trkpt lat="49.055459" lon="15.010156">
        <time>2026-04-05T08:31:39.000Z</time>
      </trkpt>
      <trkpt lat="49.055417" lon="15.01014">
        <time>2026-04-05T08:31:40.000Z</time>
      </trkpt>
      <trkpt lat="49.05539" lon="15.010123">
        <time>2026-04-05T08:31:41.000Z</time>
      </trkpt>
      <trkpt lat="49.055357" lon="15.010103">
        <time>2026-04-05T08:31:42.000Z</time>
      </trkpt>
      <trkpt lat="49.055328" lon="15.010078">
        <time>2026-04-05T08:31:43.000Z</time>
      </trkpt>
      <trkpt lat="49.055306" lon="15.010065">
        <time>2026-04-05T08:31:44.000Z</time>
      </trkpt>
      <trkpt lat="49.055292" lon="15.01006">
        <time>2026-04-05T08:31:45.000Z</time>
      </trkpt>
      <trkpt lat="49.05527" lon="15.01006">
        <time>2026-04-05T08:31:46.000Z</time>
      </trkpt>
      <trkpt lat="49.055248" lon="15.010059">
        <time>2026-04-05T08:31:47.000Z</time>
      </trkpt>
      <trkpt lat="49.055228" lon="15.010054">
        <time>2026-04-05T08:31:48.000Z</time>
      </trkpt>
      <trkpt lat="49.055205" lon="15.010043">
        <time>2026-04-05T08:31:49.000Z</time>
      </trkpt>
      <trkpt lat="49.055183" lon="15.010032">
        <time>2026-04-05T08:31:50.000Z</time>
      </trkpt>
      <trkpt lat="49.055162" lon="15.01003">
        <time>2026-04-05T08:31:51.000Z</time>
      </trkpt>
      <trkpt lat="49.055136" lon="15.010033">
        <time>2026-04-05T08:31:52.000Z</time>
      </trkpt>
      <trkpt lat="49.055112" lon="15.010041">
        <time>2026-04-05T08:31:53.000Z</time>
      </trkpt>
      <trkpt lat="49.055082" lon="15.010048">
        <time>2026-04-05T08:31:54.000Z</time>
      </trkpt>
      <trkpt lat="49.055051" lon="15.010044">
        <time>2026-04-05T08:31:55.000Z</time>
      </trkpt>
      <trkpt lat="49.055038" lon="15.01004">
        <time>2026-04-05T08:31:56.000Z</time>
      </trkpt>
      <trkpt lat="49.055021" lon="15.010036">
        <time>2026-04-05T08:31:57.000Z</time>
      </trkpt>
      <trkpt lat="49.055" lon="15.010025">
        <time>2026-04-05T08:31:58.000Z</time>
      </trkpt>
      <trkpt lat="49.054984" lon="15.010022">
        <time>2026-04-05T08:31:59.000Z</time>
      </trkpt>
      <trkpt lat="49.054974" lon="15.010013">
        <time>2026-04-05T08:32:00.000Z</time>
      </trkpt>
      <trkpt lat="49.05495" lon="15.010003">
        <time>2026-04-05T08:32:01.000Z</time>
      </trkpt>
      <trkpt lat="49.054928" lon="15.010003">
        <time>2026-04-05T08:32:02.000Z</time>
      </trkpt>
      <trkpt lat="49.054905" lon="15.010008">
        <time>2026-04-05T08:32:03.000Z</time>
      </trkpt>
      <trkpt lat="49.054885" lon="15.010007">
        <time>2026-04-05T08:32:04.000Z</time>
      </trkpt>
      <trkpt lat="49.054863" lon="15.010008">
        <time>2026-04-05T08:32:05.000Z</time>
      </trkpt>
      <trkpt lat="49.054844" lon="15.010013">
        <time>2026-04-05T08:32:06.000Z</time>
      </trkpt>
      <trkpt lat="49.054815" lon="15.010025">
        <time>2026-04-05T08:32:07.000Z</time>
      </trkpt>
      <trkpt lat="49.054794" lon="15.010052">
        <time>2026-04-05T08:32:08.000Z</time>
      </trkpt>
      <trkpt lat="49.054764" lon="15.010077">
        <time>2026-04-05T08:32:09.000Z</time>
      </trkpt>
      <trkpt lat="49.054734" lon="15.010086">
        <time>2026-04-05T08:32:10.000Z</time>
      </trkpt>
      <trkpt lat="49.05471" lon="15.01009">
        <time>2026-04-05T08:32:11.000Z</time>
      </trkpt>
      <trkpt lat="49.054682" lon="15.0101">
        <time>2026-04-05T08:32:12.000Z</time>
      </trkpt>
      <trkpt lat="49.05466" lon="15.010104">
        <time>2026-04-05T08:32:13.000Z</time>
      </trkpt>
      <trkpt lat="49.054638" lon="15.01011">
        <time>2026-04-05T08:32:14.000Z</time>
      </trkpt>
      <trkpt lat="49.054612" lon="15.01011">
        <time>2026-04-05T08:32:15.000Z</time>
      </trkpt>
      <trkpt lat="49.054585" lon="15.010114">
        <time>2026-04-05T08:32:16.000Z</time>
      </trkpt>
      <trkpt lat="49.054558" lon="15.010122">
        <time>2026-04-05T08:32:17.000Z</time>
      </trkpt>
      <trkpt lat="49.05454" lon="15.010127">
        <time>2026-04-05T08:32:18.000Z</time>
      </trkpt>
      <trkpt lat="49.054511" lon="15.01013">
        <time>2026-04-05T08:32:19.000Z</time>
      </trkpt>
      <trkpt lat="49.054483" lon="15.01013">
        <time>2026-04-05T08:32:20.000Z</time>
      </trkpt>
      <trkpt lat="49.054455" lon="15.010126">
        <time>2026-04-05T08:32:21.000Z</time>
      </trkpt>
      <trkpt lat="49.054434" lon="15.01012">
        <time>2026-04-05T08:32:22.000Z</time>
      </trkpt>
      <trkpt lat="49.054412" lon="15.010119">
        <time>2026-04-05T08:32:23.000Z</time>
      </trkpt>
      <trkpt lat="49.054408" lon="15.010122">
        <time>2026-04-05T08:32:24.000Z</time>
      </trkpt>
      <trkpt lat="49.054395" lon="15.010122">
        <time>2026-04-05T08:32:25.000Z</time>
      </trkpt>
      <trkpt lat="49.054388" lon="15.010126">
        <time>2026-04-05T08:32:26.000Z</time>
      </trkpt>
      <trkpt lat="49.054369" lon="15.010123">
        <time>2026-04-05T08:32:27.000Z</time>
      </trkpt>
      <trkpt lat="49.054353" lon="15.010127">
        <time>2026-04-05T08:32:28.000Z</time>
      </trkpt>
      <trkpt lat="49.054335" lon="15.010127">
        <time>2026-04-05T08:32:29.000Z</time>
      </trkpt>
      <trkpt lat="49.054319" lon="15.01012">
        <time>2026-04-05T08:32:30.000Z</time>
      </trkpt>
      <trkpt lat="49.054294" lon="15.010111">
        <time>2026-04-05T08:32:31.000Z</time>
      </trkpt>
      <trkpt lat="49.054269" lon="15.010102">
        <time>2026-04-05T08:32:32.000Z</time>
      </trkpt>
      <trkpt lat="49.054245" lon="15.010095">
        <time>2026-04-05T08:32:33.000Z</time>
      </trkpt>
      <trkpt lat="49.054223" lon="15.010091">
        <time>2026-04-05T08:32:34.000Z</time>
      </trkpt>
      <trkpt lat="49.054202" lon="15.010089">
        <time>2026-04-05T08:32:35.000Z</time>
      </trkpt>
      <trkpt lat="49.054182" lon="15.010095">
        <time>2026-04-05T08:32:36.000Z</time>
      </trkpt>
      <trkpt lat="49.054165" lon="15.010099">
        <time>2026-04-05T08:32:37.000Z</time>
      </trkpt>
      <trkpt lat="49.054147" lon="15.010096">
        <time>2026-04-05T08:32:38.000Z</time>
      </trkpt>
      <trkpt lat="49.054134" lon="15.010095">
        <time>2026-04-05T08:32:39.000Z</time>
      </trkpt>
      <trkpt lat="49.054107" lon="15.010081">
        <time>2026-04-05T08:32:40.000Z</time>
      </trkpt>
      <trkpt lat="49.05408" lon="15.010075">
        <time>2026-04-05T08:32:41.000Z</time>
      </trkpt>
      <trkpt lat="49.054051" lon="15.010068">
        <time>2026-04-05T08:32:42.000Z</time>
      </trkpt>
      <trkpt lat="49.054023" lon="15.010058">
        <time>2026-04-05T08:32:43.000Z</time>
      </trkpt>
      <trkpt lat="49.054006" lon="15.010054">
        <time>2026-04-05T08:32:44.000Z</time>
      </trkpt>
      <trkpt lat="49.054" lon="15.010051">
        <time>2026-04-05T08:32:45.000Z</time>
      </trkpt>
      <trkpt lat="49.053995" lon="15.010052">
        <time>2026-04-05T08:32:46.000Z</time>
      </trkpt>
      <trkpt lat="49.053989" lon="15.010058">
        <time>2026-04-05T08:32:47.000Z</time>
      </trkpt>
      <trkpt lat="49.053979" lon="15.010066">
        <time>2026-04-05T08:32:48.000Z</time>
      </trkpt>
      <trkpt lat="49.053969" lon="15.010079">
        <time>2026-04-05T08:32:49.000Z</time>
      </trkpt>
      <trkpt lat="49.053959" lon="15.01009">
        <time>2026-04-05T08:32:50.000Z</time>
      </trkpt>
      <trkpt lat="49.053943" lon="15.010102">
        <time>2026-04-05T08:32:51.000Z</time>
      </trkpt>
      <trkpt lat="49.053932" lon="15.010112">
        <time>2026-04-05T08:32:52.000Z</time>
      </trkpt>
      <trkpt lat="49.053924" lon="15.010124">
        <time>2026-04-05T08:32:53.000Z</time>
      </trkpt>
      <trkpt lat="49.053917" lon="15.010142">
        <time>2026-04-05T08:32:54.000Z</time>
      </trkpt>
      <trkpt lat="49.053909" lon="15.010168">
        <time>2026-04-05T08:32:55.000Z</time>
      </trkpt>
      <trkpt lat="49.053894" lon="15.010189">
        <time>2026-04-05T08:32:56.000Z</time>
      </trkpt>
      <trkpt lat="49.053873" lon="15.010221">
        <time>2026-04-05T08:32:57.000Z</time>
      </trkpt>
      <trkpt lat="49.05384" lon="15.010266">
        <time>2026-04-05T08:32:58.000Z</time>
      </trkpt>
      <trkpt lat="49.053815" lon="15.010298">
        <time>2026-04-05T08:32:59.000Z</time>
      </trkpt>
      <trkpt lat="49.053776" lon="15.01035">
        <time>2026-04-05T08:33:00.000Z</time>
      </trkpt>
      <trkpt lat="49.053751" lon="15.010388">
        <time>2026-04-05T08:33:01.000Z</time>
      </trkpt>
      <trkpt lat="49.053726" lon="15.010419">
        <time>2026-04-05T08:33:02.000Z</time>
      </trkpt>
      <trkpt lat="49.053706" lon="15.01045">
        <time>2026-04-05T08:33:03.000Z</time>
      </trkpt>
      <trkpt lat="49.053684" lon="15.010476">
        <time>2026-04-05T08:33:04.000Z</time>
      </trkpt>
      <trkpt lat="49.053661" lon="15.010487">
        <time>2026-04-05T08:33:05.000Z</time>
      </trkpt>
      <trkpt lat="49.053642" lon="15.010489">
        <time>2026-04-05T08:33:06.000Z</time>
      </trkpt>
      <trkpt lat="49.053622" lon="15.010496">
        <time>2026-04-05T08:33:07.000Z</time>
      </trkpt>
      <trkpt lat="49.053607" lon="15.010511">
        <time>2026-04-05T08:33:08.000Z</time>
      </trkpt>
      <trkpt lat="49.053596" lon="15.010527">
        <time>2026-04-05T08:33:09.000Z</time>
      </trkpt>
      <trkpt lat="49.053581" lon="15.010545">
        <time>2026-04-05T08:33:10.000Z</time>
      </trkpt>
      <trkpt lat="49.053568" lon="15.01057">
        <time>2026-04-05T08:33:11.000Z</time>
      </trkpt>
      <trkpt lat="49.053552" lon="15.010594">
        <time>2026-04-05T08:33:12.000Z</time>
      </trkpt>
      <trkpt lat="49.053538" lon="15.010611">
        <time>2026-04-05T08:33:13.000Z</time>
      </trkpt>
      <trkpt lat="49.053525" lon="15.010624">
        <time>2026-04-05T08:33:14.000Z</time>
      </trkpt>
      <trkpt lat="49.053512" lon="15.010649">
        <time>2026-04-05T08:33:15.000Z</time>
      </trkpt>
      <trkpt lat="49.053502" lon="15.010682">
        <time>2026-04-05T08:33:16.000Z</time>
      </trkpt>
      <trkpt lat="49.053489" lon="15.010715">
        <time>2026-04-05T08:33:17.000Z</time>
      </trkpt>
      <trkpt lat="49.053471" lon="15.010748">
        <time>2026-04-05T08:33:18.000Z</time>
      </trkpt>
      <trkpt lat="49.053439" lon="15.010801">
        <time>2026-04-05T08:33:19.000Z</time>
      </trkpt>
      <trkpt lat="49.053416" lon="15.010845">
        <time>2026-04-05T08:33:20.000Z</time>
      </trkpt>
      <trkpt lat="49.053401" lon="15.010904">
        <time>2026-04-05T08:33:21.000Z</time>
      </trkpt>
      <trkpt lat="49.053394" lon="15.010949">
        <time>2026-04-05T08:33:22.000Z</time>
      </trkpt>
      <trkpt lat="49.053394" lon="15.010993">
        <time>2026-04-05T08:33:23.000Z</time>
      </trkpt>
      <trkpt lat="49.053393" lon="15.011031">
        <time>2026-04-05T08:33:24.000Z</time>
      </trkpt>
      <trkpt lat="49.053385" lon="15.011055">
        <time>2026-04-05T08:33:25.000Z</time>
      </trkpt>
      <trkpt lat="49.053373" lon="15.011088">
        <time>2026-04-05T08:33:26.000Z</time>
      </trkpt>
      <trkpt lat="49.053348" lon="15.011126">
        <time>2026-04-05T08:33:27.000Z</time>
      </trkpt>
      <trkpt lat="49.053328" lon="15.011164">
        <time>2026-04-05T08:33:28.000Z</time>
      </trkpt>
      <trkpt lat="49.053321" lon="15.011198">
        <time>2026-04-05T08:33:29.000Z</time>
      </trkpt>
      <trkpt lat="49.053309" lon="15.011247">
        <time>2026-04-05T08:33:30.000Z</time>
      </trkpt>
      <trkpt lat="49.053296" lon="15.011272">
        <time>2026-04-05T08:33:31.000Z</time>
      </trkpt>
      <trkpt lat="49.053289" lon="15.011306">
        <time>2026-04-05T08:33:32.000Z</time>
      </trkpt>
      <trkpt lat="49.053287" lon="15.011351">
        <time>2026-04-05T08:33:33.000Z</time>
      </trkpt>
      <trkpt lat="49.053282" lon="15.011392">
        <time>2026-04-05T08:33:34.000Z</time>
      </trkpt>
      <trkpt lat="49.053271" lon="15.011432">
        <time>2026-04-05T08:33:35.000Z</time>
      </trkpt>
      <trkpt lat="49.053265" lon="15.011458">
        <time>2026-04-05T08:33:36.000Z</time>
      </trkpt>
      <trkpt lat="49.053257" lon="15.01149">
        <time>2026-04-05T08:33:37.000Z</time>
      </trkpt>
      <trkpt lat="49.053248" lon="15.011511">
        <time>2026-04-05T08:33:38.000Z</time>
      </trkpt>
      <trkpt lat="49.053245" lon="15.01154">
        <time>2026-04-05T08:33:39.000Z</time>
      </trkpt>
      <trkpt lat="49.05323" lon="15.011558">
        <time>2026-04-05T08:33:40.000Z</time>
      </trkpt>
      <trkpt lat="49.053222" lon="15.011595">
        <time>2026-04-05T08:33:41.000Z</time>
      </trkpt>
      <trkpt lat="49.053218" lon="15.011647">
        <time>2026-04-05T08:33:42.000Z</time>
      </trkpt>
      <trkpt lat="49.053209" lon="15.011665">
        <time>2026-04-05T08:33:43.000Z</time>
      </trkpt>
      <trkpt lat="49.053199" lon="15.011679">
        <time>2026-04-05T08:33:44.000Z</time>
      </trkpt>
      <trkpt lat="49.053194" lon="15.011691">
        <time>2026-04-05T08:33:45.000Z</time>
      </trkpt>
      <trkpt lat="49.053187" lon="15.011712">
        <time>2026-04-05T08:33:46.000Z</time>
      </trkpt>
      <trkpt lat="49.053174" lon="15.011726">
        <time>2026-04-05T08:33:47.000Z</time>
      </trkpt>
      <trkpt lat="49.053159" lon="15.011741">
        <time>2026-04-05T08:33:48.000Z</time>
      </trkpt>
      <trkpt lat="49.053152" lon="15.011768">
        <time>2026-04-05T08:33:49.000Z</time>
      </trkpt>
      <trkpt lat="49.053146" lon="15.011803">
        <time>2026-04-05T08:33:50.000Z</time>
      </trkpt>
      <trkpt lat="49.053144" lon="15.011837">
        <time>2026-04-05T08:33:51.000Z</time>
      </trkpt>
      <trkpt lat="49.053142" lon="15.011866">
        <time>2026-04-05T08:33:52.000Z</time>
      </trkpt>
      <trkpt lat="49.053128" lon="15.011909">
        <time>2026-04-05T08:33:53.000Z</time>
      </trkpt>
      <trkpt lat="49.053115" lon="15.011938">
        <time>2026-04-05T08:33:54.000Z</time>
      </trkpt>
      <trkpt lat="49.053106" lon="15.01198">
        <time>2026-04-05T08:33:55.000Z</time>
      </trkpt>
      <trkpt lat="49.053098" lon="15.012004">
        <time>2026-04-05T08:33:56.000Z</time>
      </trkpt>
      <trkpt lat="49.053098" lon="15.012033">
        <time>2026-04-05T08:33:57.000Z</time>
      </trkpt>
      <trkpt lat="49.053096" lon="15.012065">
        <time>2026-04-05T08:33:58.000Z</time>
      </trkpt>
      <trkpt lat="49.05309" lon="15.01209">
        <time>2026-04-05T08:33:59.000Z</time>
      </trkpt>
      <trkpt lat="49.053088" lon="15.012096">
        <time>2026-04-05T08:34:00.000Z</time>
      </trkpt>
      <trkpt lat="49.053088" lon="15.012124">
        <time>2026-04-05T08:34:01.000Z</time>
      </trkpt>
      <trkpt lat="49.053085" lon="15.012125">
        <time>2026-04-05T08:34:02.000Z</time>
      </trkpt>
      <trkpt lat="49.053085" lon="15.012124">
        <time>2026-04-05T08:34:03.000Z</time>
      </trkpt>
      <trkpt lat="49.053066" lon="15.012124">
        <time>2026-04-05T08:34:04.000Z</time>
      </trkpt>
      <trkpt lat="49.053053" lon="15.012135">
        <time>2026-04-05T08:34:05.000Z</time>
      </trkpt>
      <trkpt lat="49.053043" lon="15.012151">
        <time>2026-04-05T08:34:06.000Z</time>
      </trkpt>
      <trkpt lat="49.053039" lon="15.012156">
        <time>2026-04-05T08:34:07.000Z</time>
      </trkpt>
      <trkpt lat="49.053032" lon="15.012174">
        <time>2026-04-05T08:34:08.000Z</time>
      </trkpt>
      <trkpt lat="49.053023" lon="15.012192">
        <time>2026-04-05T08:34:09.000Z</time>
      </trkpt>
      <trkpt lat="49.053018" lon="15.012216">
        <time>2026-04-05T08:34:10.000Z</time>
      </trkpt>
      <trkpt lat="49.053013" lon="15.012243">
        <time>2026-04-05T08:34:11.000Z</time>
      </trkpt>
      <trkpt lat="49.05301" lon="15.012266">
        <time>2026-04-05T08:34:12.000Z</time>
      </trkpt>
      <trkpt lat="49.05301" lon="15.012283">
        <time>2026-04-05T08:34:13.000Z</time>
      </trkpt>
      <trkpt lat="49.053012" lon="15.012311">
        <time>2026-04-05T08:34:14.000Z</time>
      </trkpt>
      <trkpt lat="49.053015" lon="15.012345">
        <time>2026-04-05T08:34:15.000Z</time>
      </trkpt>
      <trkpt lat="49.053023" lon="15.012372">
        <time>2026-04-05T08:34:16.000Z</time>
      </trkpt>
      <trkpt lat="49.053027" lon="15.012409">
        <time>2026-04-05T08:34:17.000Z</time>
      </trkpt>
      <trkpt lat="49.053029" lon="15.012444">
        <time>2026-04-05T08:34:18.000Z</time>
      </trkpt>
      <trkpt lat="49.053046" lon="15.012458">
        <time>2026-04-05T08:34:19.000Z</time>
      </trkpt>
      <trkpt lat="49.053062" lon="15.012453">
        <time>2026-04-05T08:34:20.000Z</time>
      </trkpt>
      <trkpt lat="49.053067" lon="15.012441">
        <time>2026-04-05T08:34:21.000Z</time>
      </trkpt>
      <trkpt lat="49.053067" lon="15.012418">
        <time>2026-04-05T08:34:22.000Z</time>
      </trkpt>
      <trkpt lat="49.05306" lon="15.0124">
        <time>2026-04-05T08:34:23.000Z</time>
      </trkpt>
      <trkpt lat="49.053045" lon="15.01238">
        <time>2026-04-05T08:34:24.000Z</time>
      </trkpt>
      <trkpt lat="49.053023" lon="15.012363">
        <time>2026-04-05T08:34:25.000Z</time>
      </trkpt>
      <trkpt lat="49.053005" lon="15.012352">
        <time>2026-04-05T08:34:26.000Z</time>
      </trkpt>
      <trkpt lat="49.052992" lon="15.012345">
        <time>2026-04-05T08:34:27.000Z</time>
      </trkpt>
      <trkpt lat="49.052988" lon="15.012343">
        <time>2026-04-05T08:34:28.000Z</time>
      </trkpt>
      <trkpt lat="49.052985" lon="15.01234">
        <time>2026-04-05T08:34:29.000Z</time>
      </trkpt>
      <trkpt lat="49.052987" lon="15.01234">
        <time>2026-04-05T08:34:30.000Z</time>
      </trkpt>
      <trkpt lat="49.052987" lon="15.01234">
        <time>2026-04-05T08:34:31.000Z</time>
      </trkpt>
      <trkpt lat="49.052987" lon="15.01234">
        <time>2026-04-05T08:34:32.000Z</time>
      </trkpt>
      <trkpt lat="49.052987" lon="15.01234">
        <time>2026-04-05T08:34:33.000Z</time>
      </trkpt>
      <trkpt lat="49.052987" lon="15.01234">
        <time>2026-04-05T08:34:34.000Z</time>
      </trkpt>
      <trkpt lat="49.052987" lon="15.01234">
        <time>2026-04-05T08:34:35.000Z</time>
      </trkpt>
      <trkpt lat="49.052983" lon="15.012346">
        <time>2026-04-05T08:34:36.000Z</time>
      </trkpt>
      <trkpt lat="49.052976" lon="15.012373">
        <time>2026-04-05T08:34:37.000Z</time>
      </trkpt>
      <trkpt lat="49.052963" lon="15.0124">
        <time>2026-04-05T08:34:38.000Z</time>
      </trkpt>
      <trkpt lat="49.052949" lon="15.012427">
        <time>2026-04-05T08:34:39.000Z</time>
      </trkpt>
      <trkpt lat="49.052933" lon="15.01247">
        <time>2026-04-05T08:34:40.000Z</time>
      </trkpt>
      <trkpt lat="49.052921" lon="15.012511">
        <time>2026-04-05T08:34:41.000Z</time>
      </trkpt>
      <trkpt lat="49.052903" lon="15.012574">
        <time>2026-04-05T08:34:42.000Z</time>
      </trkpt>
      <trkpt lat="49.052881" lon="15.012617">
        <time>2026-04-05T08:34:43.000Z</time>
      </trkpt>
      <trkpt lat="49.052859" lon="15.012655">
        <time>2026-04-05T08:34:44.000Z</time>
      </trkpt>
      <trkpt lat="49.052837" lon="15.012694">
        <time>2026-04-05T08:34:45.000Z</time>
      </trkpt>
      <trkpt lat="49.052825" lon="15.012731">
        <time>2026-04-05T08:34:46.000Z</time>
      </trkpt>
      <trkpt lat="49.052805" lon="15.012757">
        <time>2026-04-05T08:34:47.000Z</time>
      </trkpt>
      <trkpt lat="49.052782" lon="15.012781">
        <time>2026-04-05T08:34:48.000Z</time>
      </trkpt>
      <trkpt lat="49.052756" lon="15.012812">
        <time>2026-04-05T08:34:49.000Z</time>
      </trkpt>
      <trkpt lat="49.052731" lon="15.012843">
        <time>2026-04-05T08:34:50.000Z</time>
      </trkpt>
      <trkpt lat="49.052715" lon="15.012866">
        <time>2026-04-05T08:34:51.000Z</time>
      </trkpt>
      <trkpt lat="49.052695" lon="15.012879">
        <time>2026-04-05T08:34:52.000Z</time>
      </trkpt>
      <trkpt lat="49.052678" lon="15.012887">
        <time>2026-04-05T08:34:53.000Z</time>
      </trkpt>
      <trkpt lat="49.05266" lon="15.012891">
        <time>2026-04-05T08:34:54.000Z</time>
      </trkpt>
      <trkpt lat="49.052647" lon="15.012903">
        <time>2026-04-05T08:34:55.000Z</time>
      </trkpt>
      <trkpt lat="49.052629" lon="15.012927">
        <time>2026-04-05T08:34:56.000Z</time>
      </trkpt>
      <trkpt lat="49.052592" lon="15.012955">
        <time>2026-04-05T08:34:57.000Z</time>
      </trkpt>
      <trkpt lat="49.052564" lon="15.012972">
        <time>2026-04-05T08:34:58.000Z</time>
      </trkpt>
      <trkpt lat="49.052539" lon="15.013013">
        <time>2026-04-05T08:34:59.000Z</time>
      </trkpt>
      <trkpt lat="49.052512" lon="15.013042">
        <time>2026-04-05T08:35:00.000Z</time>
      </trkpt>
      <trkpt lat="49.052477" lon="15.013075">
        <time>2026-04-05T08:35:01.000Z</time>
      </trkpt>
      <trkpt lat="49.052457" lon="15.013108">
        <time>2026-04-05T08:35:02.000Z</time>
      </trkpt>
      <trkpt lat="49.052443" lon="15.013139">
        <time>2026-04-05T08:35:03.000Z</time>
      </trkpt>
      <trkpt lat="49.052416" lon="15.013176">
        <time>2026-04-05T08:35:04.000Z</time>
      </trkpt>
      <trkpt lat="49.052385" lon="15.013202">
        <time>2026-04-05T08:35:05.000Z</time>
      </trkpt>
      <trkpt lat="49.052358" lon="15.013232">
        <time>2026-04-05T08:35:06.000Z</time>
      </trkpt>
      <trkpt lat="49.052339" lon="15.013265">
        <time>2026-04-05T08:35:07.000Z</time>
      </trkpt>
      <trkpt lat="49.052325" lon="15.013285">
        <time>2026-04-05T08:35:08.000Z</time>
      </trkpt>
      <trkpt lat="49.052315" lon="15.013299">
        <time>2026-04-05T08:35:09.000Z</time>
      </trkpt>
      <trkpt lat="49.052302" lon="15.013325">
        <time>2026-04-05T08:35:10.000Z</time>
      </trkpt>
      <trkpt lat="49.052275" lon="15.013374">
        <time>2026-04-05T08:35:11.000Z</time>
      </trkpt>
      <trkpt lat="49.052255" lon="15.013407">
        <time>2026-04-05T08:35:12.000Z</time>
      </trkpt>
      <trkpt lat="49.052245" lon="15.013439">
        <time>2026-04-05T08:35:13.000Z</time>
      </trkpt>
      <trkpt lat="49.052225" lon="15.013493">
        <time>2026-04-05T08:35:14.000Z</time>
      </trkpt>
      <trkpt lat="49.052206" lon="15.013528">
        <time>2026-04-05T08:35:15.000Z</time>
      </trkpt>
      <trkpt lat="49.052188" lon="15.013557">
        <time>2026-04-05T08:35:16.000Z</time>
      </trkpt>
      <trkpt lat="49.052174" lon="15.013588">
        <time>2026-04-05T08:35:17.000Z</time>
      </trkpt>
      <trkpt lat="49.052155" lon="15.013626">
        <time>2026-04-05T08:35:18.000Z</time>
      </trkpt>
      <trkpt lat="49.052134" lon="15.013646">
        <time>2026-04-05T08:35:19.000Z</time>
      </trkpt>
      <trkpt lat="49.052106" lon="15.013665">
        <time>2026-04-05T08:35:20.000Z</time>
      </trkpt>
      <trkpt lat="49.05208" lon="15.013678">
        <time>2026-04-05T08:35:21.000Z</time>
      </trkpt>
      <trkpt lat="49.052059" lon="15.013707">
        <time>2026-04-05T08:35:22.000Z</time>
      </trkpt>
      <trkpt lat="49.052045" lon="15.013732">
        <time>2026-04-05T08:35:23.000Z</time>
      </trkpt>
      <trkpt lat="49.052039" lon="15.013764">
        <time>2026-04-05T08:35:24.000Z</time>
      </trkpt>
      <trkpt lat="49.05203" lon="15.013813">
        <time>2026-04-05T08:35:25.000Z</time>
      </trkpt>
      <trkpt lat="49.052012" lon="15.013866">
        <time>2026-04-05T08:35:26.000Z</time>
      </trkpt>
      <trkpt lat="49.052005" lon="15.013903">
        <time>2026-04-05T08:35:27.000Z</time>
      </trkpt>
      <trkpt lat="49.051987" lon="15.013922">
        <time>2026-04-05T08:35:28.000Z</time>
      </trkpt>
      <trkpt lat="49.051968" lon="15.013946">
        <time>2026-04-05T08:35:29.000Z</time>
      </trkpt>
      <trkpt lat="49.051949" lon="15.013978">
        <time>2026-04-05T08:35:30.000Z</time>
      </trkpt>
      <trkpt lat="49.051949" lon="15.014001">
        <time>2026-04-05T08:35:31.000Z</time>
      </trkpt>
      <trkpt lat="49.051942" lon="15.014051">
        <time>2026-04-05T08:35:32.000Z</time>
      </trkpt>
      <trkpt lat="49.051935" lon="15.014076">
        <time>2026-04-05T08:35:33.000Z</time>
      </trkpt>
      <trkpt lat="49.05193" lon="15.014108">
        <time>2026-04-05T08:35:34.000Z</time>
      </trkpt>
      <trkpt lat="49.051924" lon="15.014135">
        <time>2026-04-05T08:35:35.000Z</time>
      </trkpt>
      <trkpt lat="49.051911" lon="15.014174">
        <time>2026-04-05T08:35:36.000Z</time>
      </trkpt>
      <trkpt lat="49.051896" lon="15.014216">
        <time>2026-04-05T08:35:37.000Z</time>
      </trkpt>
      <trkpt lat="49.051879" lon="15.014243">
        <time>2026-04-05T08:35:38.000Z</time>
      </trkpt>
      <trkpt lat="49.051855" lon="15.014274">
        <time>2026-04-05T08:35:39.000Z</time>
      </trkpt>
      <trkpt lat="49.051828" lon="15.014304">
        <time>2026-04-05T08:35:40.000Z</time>
      </trkpt>
      <trkpt lat="49.051815" lon="15.014332">
        <time>2026-04-05T08:35:41.000Z</time>
      </trkpt>
      <trkpt lat="49.051811" lon="15.014369">
        <time>2026-04-05T08:35:42.000Z</time>
      </trkpt>
      <trkpt lat="49.051808" lon="15.014407">
        <time>2026-04-05T08:35:43.000Z</time>
      </trkpt>
      <trkpt lat="49.051793" lon="15.014446">
        <time>2026-04-05T08:35:44.000Z</time>
      </trkpt>
      <trkpt lat="49.051774" lon="15.014471">
        <time>2026-04-05T08:35:45.000Z</time>
      </trkpt>
      <trkpt lat="49.051759" lon="15.014491">
        <time>2026-04-05T08:35:46.000Z</time>
      </trkpt>
      <trkpt lat="49.051729" lon="15.014526">
        <time>2026-04-05T08:35:47.000Z</time>
      </trkpt>
      <trkpt lat="49.051702" lon="15.014541">
        <time>2026-04-05T08:35:48.000Z</time>
      </trkpt>
      <trkpt lat="49.051682" lon="15.014557">
        <time>2026-04-05T08:35:49.000Z</time>
      </trkpt>
      <trkpt lat="49.051662" lon="15.01457">
        <time>2026-04-05T08:35:50.000Z</time>
      </trkpt>
      <trkpt lat="49.051643" lon="15.01459">
        <time>2026-04-05T08:35:51.000Z</time>
      </trkpt>
      <trkpt lat="49.051629" lon="15.014608">
        <time>2026-04-05T08:35:52.000Z</time>
      </trkpt>
      <trkpt lat="49.051615" lon="15.014625">
        <time>2026-04-05T08:35:53.000Z</time>
      </trkpt>
      <trkpt lat="49.0516" lon="15.014636">
        <time>2026-04-05T08:35:54.000Z</time>
      </trkpt>
      <trkpt lat="49.051582" lon="15.014644">
        <time>2026-04-05T08:35:55.000Z</time>
      </trkpt>
      <trkpt lat="49.051563" lon="15.014657">
        <time>2026-04-05T08:35:56.000Z</time>
      </trkpt>
      <trkpt lat="49.051546" lon="15.014666">
        <time>2026-04-05T08:35:57.000Z</time>
      </trkpt>
      <trkpt lat="49.051535" lon="15.014683">
        <time>2026-04-05T08:35:58.000Z</time>
      </trkpt>
      <trkpt lat="49.051525" lon="15.014716">
        <time>2026-04-05T08:35:59.000Z</time>
      </trkpt>
      <trkpt lat="49.051514" lon="15.014749">
        <time>2026-04-05T08:36:00.000Z</time>
      </trkpt>
      <trkpt lat="49.051511" lon="15.014781">
        <time>2026-04-05T08:36:01.000Z</time>
      </trkpt>
      <trkpt lat="49.051499" lon="15.014816">
        <time>2026-04-05T08:36:02.000Z</time>
      </trkpt>
      <trkpt lat="49.051495" lon="15.014847">
        <time>2026-04-05T08:36:03.000Z</time>
      </trkpt>
      <trkpt lat="49.051481" lon="15.014887">
        <time>2026-04-05T08:36:04.000Z</time>
      </trkpt>
      <trkpt lat="49.051462" lon="15.014904">
        <time>2026-04-05T08:36:05.000Z</time>
      </trkpt>
      <trkpt lat="49.051446" lon="15.014913">
        <time>2026-04-05T08:36:06.000Z</time>
      </trkpt>
      <trkpt lat="49.051433" lon="15.014928">
        <time>2026-04-05T08:36:07.000Z</time>
      </trkpt>
      <trkpt lat="49.051417" lon="15.014954">
        <time>2026-04-05T08:36:08.000Z</time>
      </trkpt>
      <trkpt lat="49.051408" lon="15.014972">
        <time>2026-04-05T08:36:09.000Z</time>
      </trkpt>
      <trkpt lat="49.051393" lon="15.014973">
        <time>2026-04-05T08:36:10.000Z</time>
      </trkpt>
      <trkpt lat="49.051379" lon="15.014992">
        <time>2026-04-05T08:36:11.000Z</time>
      </trkpt>
      <trkpt lat="49.05137" lon="15.015004">
        <time>2026-04-05T08:36:12.000Z</time>
      </trkpt>
      <trkpt lat="49.051363" lon="15.015015">
        <time>2026-04-05T08:36:13.000Z</time>
      </trkpt>
      <trkpt lat="49.051354" lon="15.015022">
        <time>2026-04-05T08:36:14.000Z</time>
      </trkpt>
      <trkpt lat="49.051343" lon="15.015016">
        <time>2026-04-05T08:36:15.000Z</time>
      </trkpt>
      <trkpt lat="49.051331" lon="15.015027">
        <time>2026-04-05T08:36:16.000Z</time>
      </trkpt>
      <trkpt lat="49.051325" lon="15.015047">
        <time>2026-04-05T08:36:17.000Z</time>
      </trkpt>
      <trkpt lat="49.051317" lon="15.015063">
        <time>2026-04-05T08:36:18.000Z</time>
      </trkpt>
      <trkpt lat="49.051307" lon="15.015075">
        <time>2026-04-05T08:36:19.000Z</time>
      </trkpt>
      <trkpt lat="49.051297" lon="15.015095">
        <time>2026-04-05T08:36:20.000Z</time>
      </trkpt>
      <trkpt lat="49.051302" lon="15.015113">
        <time>2026-04-05T08:36:21.000Z</time>
      </trkpt>
      <trkpt lat="49.051302" lon="15.015124">
        <time>2026-04-05T08:36:22.000Z</time>
      </trkpt>
      <trkpt lat="49.051302" lon="15.015143">
        <time>2026-04-05T08:36:23.000Z</time>
      </trkpt>
      <trkpt lat="49.051303" lon="15.015187">
        <time>2026-04-05T08:36:24.000Z</time>
      </trkpt>
      <trkpt lat="49.051301" lon="15.015216">
        <time>2026-04-05T08:36:25.000Z</time>
      </trkpt>
      <trkpt lat="49.051298" lon="15.015249">
        <time>2026-04-05T08:36:26.000Z</time>
      </trkpt>
      <trkpt lat="49.051293" lon="15.015266">
        <time>2026-04-05T08:36:27.000Z</time>
      </trkpt>
      <trkpt lat="49.051282" lon="15.01528">
        <time>2026-04-05T08:36:28.000Z</time>
      </trkpt>
      <trkpt lat="49.051271" lon="15.015324">
        <time>2026-04-05T08:36:29.000Z</time>
      </trkpt>
      <trkpt lat="49.051268" lon="15.015376">
        <time>2026-04-05T08:36:30.000Z</time>
      </trkpt>
      <trkpt lat="49.051266" lon="15.015404">
        <time>2026-04-05T08:36:31.000Z</time>
      </trkpt>
      <trkpt lat="49.051268" lon="15.015422">
        <time>2026-04-05T08:36:32.000Z</time>
      </trkpt>
      <trkpt lat="49.051254" lon="15.015438">
        <time>2026-04-05T08:36:33.000Z</time>
      </trkpt>
      <trkpt lat="49.051236" lon="15.015458">
        <time>2026-04-05T08:36:34.000Z</time>
      </trkpt>
      <trkpt lat="49.051225" lon="15.015468">
        <time>2026-04-05T08:36:35.000Z</time>
      </trkpt>
      <trkpt lat="49.051205" lon="15.015472">
        <time>2026-04-05T08:36:36.000Z</time>
      </trkpt>
      <trkpt lat="49.051176" lon="15.015467">
        <time>2026-04-05T08:36:37.000Z</time>
      </trkpt>
      <trkpt lat="49.051162" lon="15.015482">
        <time>2026-04-05T08:36:38.000Z</time>
      </trkpt>
      <trkpt lat="49.051142" lon="15.015492">
        <time>2026-04-05T08:36:39.000Z</time>
      </trkpt>
      <trkpt lat="49.051116" lon="15.015498">
        <time>2026-04-05T08:36:40.000Z</time>
      </trkpt>
      <trkpt lat="49.051083" lon="15.015509">
        <time>2026-04-05T08:36:41.000Z</time>
      </trkpt>
      <trkpt lat="49.051059" lon="15.015529">
        <time>2026-04-05T08:36:42.000Z</time>
      </trkpt>
      <trkpt lat="49.051031" lon="15.015535">
        <time>2026-04-05T08:36:43.000Z</time>
      </trkpt>
      <trkpt lat="49.051" lon="15.015544">
        <time>2026-04-05T08:36:44.000Z</time>
      </trkpt>
      <trkpt lat="49.050974" lon="15.015551">
        <time>2026-04-05T08:36:45.000Z</time>
      </trkpt>
      <trkpt lat="49.050953" lon="15.015563">
        <time>2026-04-05T08:36:46.000Z</time>
      </trkpt>
      <trkpt lat="49.050934" lon="15.01556">
        <time>2026-04-05T08:36:47.000Z</time>
      </trkpt>
      <trkpt lat="49.050909" lon="15.015561">
        <time>2026-04-05T08:36:48.000Z</time>
      </trkpt>
      <trkpt lat="49.050858" lon="15.015564">
        <time>2026-04-05T08:36:49.000Z</time>
      </trkpt>
      <trkpt lat="49.050837" lon="15.015561">
        <time>2026-04-05T08:36:50.000Z</time>
      </trkpt>
      <trkpt lat="49.050817" lon="15.015556">
        <time>2026-04-05T08:36:51.000Z</time>
      </trkpt>
      <trkpt lat="49.050796" lon="15.015549">
        <time>2026-04-05T08:36:52.000Z</time>
      </trkpt>
      <trkpt lat="49.050771" lon="15.01555">
        <time>2026-04-05T08:36:53.000Z</time>
      </trkpt>
      <trkpt lat="49.050716" lon="15.015541">
        <time>2026-04-05T08:36:54.000Z</time>
      </trkpt>
      <trkpt lat="49.050672" lon="15.015528">
        <time>2026-04-05T08:36:55.000Z</time>
      </trkpt>
      <trkpt lat="49.050648" lon="15.015516">
        <time>2026-04-05T08:36:56.000Z</time>
      </trkpt>
      <trkpt lat="49.050615" lon="15.015487">
        <time>2026-04-05T08:36:57.000Z</time>
      </trkpt>
      <trkpt lat="49.050584" lon="15.015477">
        <time>2026-04-05T08:36:58.000Z</time>
      </trkpt>
      <trkpt lat="49.050558" lon="15.01548">
        <time>2026-04-05T08:36:59.000Z</time>
      </trkpt>
      <trkpt lat="49.050541" lon="15.015463">
        <time>2026-04-05T08:37:00.000Z</time>
      </trkpt>
      <trkpt lat="49.050517" lon="15.01541">
        <time>2026-04-05T08:37:01.000Z</time>
      </trkpt>
      <trkpt lat="49.050505" lon="15.015368">
        <time>2026-04-05T08:37:02.000Z</time>
      </trkpt>
      <trkpt lat="49.050486" lon="15.015321">
        <time>2026-04-05T08:37:03.000Z</time>
      </trkpt>
      <trkpt lat="49.050473" lon="15.015287">
        <time>2026-04-05T08:37:04.000Z</time>
      </trkpt>
      <trkpt lat="49.050463" lon="15.015287">
        <time>2026-04-05T08:37:05.000Z</time>
      </trkpt>
      <trkpt lat="49.050471" lon="15.015307">
        <time>2026-04-05T08:37:06.000Z</time>
      </trkpt>
      <trkpt lat="49.050485" lon="15.015343">
        <time>2026-04-05T08:37:07.000Z</time>
      </trkpt>
      <trkpt lat="49.0505" lon="15.015379">
        <time>2026-04-05T08:37:08.000Z</time>
      </trkpt>
      <trkpt lat="49.050515" lon="15.015408">
        <time>2026-04-05T08:37:09.000Z</time>
      </trkpt>
      <trkpt lat="49.050528" lon="15.015445">
        <time>2026-04-05T08:37:10.000Z</time>
      </trkpt>
      <trkpt lat="49.050534" lon="15.015482">
        <time>2026-04-05T08:37:11.000Z</time>
      </trkpt>
      <trkpt lat="49.050539" lon="15.01552">
        <time>2026-04-05T08:37:12.000Z</time>
      </trkpt>
      <trkpt lat="49.050542" lon="15.015559">
        <time>2026-04-05T08:37:13.000Z</time>
      </trkpt>
      <trkpt lat="49.05055" lon="15.01561">
        <time>2026-04-05T08:37:14.000Z</time>
      </trkpt>
      <trkpt lat="49.050553" lon="15.015662">
        <time>2026-04-05T08:37:15.000Z</time>
      </trkpt>
      <trkpt lat="49.050555" lon="15.01571">
        <time>2026-04-05T08:37:16.000Z</time>
      </trkpt>
      <trkpt lat="49.050553" lon="15.015752">
        <time>2026-04-05T08:37:17.000Z</time>
      </trkpt>
      <trkpt lat="49.050553" lon="15.015797">
        <time>2026-04-05T08:37:18.000Z</time>
      </trkpt>
      <trkpt lat="49.050548" lon="15.015846">
        <time>2026-04-05T08:37:19.000Z</time>
      </trkpt>
      <trkpt lat="49.050546" lon="15.015903">
        <time>2026-04-05T08:37:20.000Z</time>
      </trkpt>
      <trkpt lat="49.050536" lon="15.01595">
        <time>2026-04-05T08:37:21.000Z</time>
      </trkpt>
      <trkpt lat="49.050522" lon="15.015993">
        <time>2026-04-05T08:37:22.000Z</time>
      </trkpt>
      <trkpt lat="49.050503" lon="15.016038">
        <time>2026-04-05T08:37:23.000Z</time>
      </trkpt>
      <trkpt lat="49.05049" lon="15.016079">
        <time>2026-04-05T08:37:24.000Z</time>
      </trkpt>
      <trkpt lat="49.050479" lon="15.016131">
        <time>2026-04-05T08:37:25.000Z</time>
      </trkpt>
      <trkpt lat="49.050465" lon="15.016187">
        <time>2026-04-05T08:37:26.000Z</time>
      </trkpt>
      <trkpt lat="49.050467" lon="15.016238">
        <time>2026-04-05T08:37:27.000Z</time>
      </trkpt>
      <trkpt lat="49.050476" lon="15.016291">
        <time>2026-04-05T08:37:28.000Z</time>
      </trkpt>
      <trkpt lat="49.050484" lon="15.016344">
        <time>2026-04-05T08:37:29.000Z</time>
      </trkpt>
      <trkpt lat="49.050487" lon="15.0164">
        <time>2026-04-05T08:37:30.000Z</time>
      </trkpt>
      <trkpt lat="49.050483" lon="15.016444">
        <time>2026-04-05T08:37:31.000Z</time>
      </trkpt>
      <trkpt lat="49.050457" lon="15.016486">
        <time>2026-04-05T08:37:32.000Z</time>
      </trkpt>
      <trkpt lat="49.050431" lon="15.016544">
        <time>2026-04-05T08:37:33.000Z</time>
      </trkpt>
      <trkpt lat="49.050418" lon="15.01661">
        <time>2026-04-05T08:37:34.000Z</time>
      </trkpt>
      <trkpt lat="49.050404" lon="15.016655">
        <time>2026-04-05T08:37:35.000Z</time>
      </trkpt>
      <trkpt lat="49.050382" lon="15.016695">
        <time>2026-04-05T08:37:36.000Z</time>
      </trkpt>
      <trkpt lat="49.050362" lon="15.016726">
        <time>2026-04-05T08:37:37.000Z</time>
      </trkpt>
      <trkpt lat="49.050348" lon="15.016758">
        <time>2026-04-05T08:37:38.000Z</time>
      </trkpt>
      <trkpt lat="49.050336" lon="15.016783">
        <time>2026-04-05T08:37:39.000Z</time>
      </trkpt>
      <trkpt lat="49.050326" lon="15.016804">
        <time>2026-04-05T08:37:40.000Z</time>
      </trkpt>
      <trkpt lat="49.050317" lon="15.016822">
        <time>2026-04-05T08:37:41.000Z</time>
      </trkpt>
      <trkpt lat="49.050308" lon="15.01684">
        <time>2026-04-05T08:37:42.000Z</time>
      </trkpt>
    </trkseg>
  </trk>
</gpx>
