<?xml version="1.0" encoding="UTF-8"?>
<gpx version="1.1" creator="Livelox" xmlns="http://www.topografix.com/GPX/1/1" xmlns:xsi="http://www.w3.org/2001/XMLSchema-instance" xsi:schemaLocation="http://www.topografix.com/GPX/1/1 http://www.topografix.com/GPX/1/1/gpx.xsd http://www.garmin.com/xmlschemas/GpxExtensions/v3 http://www.garmin.com/xmlschemas/GpxExtensionsv3.xsd http://www.garmin.com/xmlschemas/TrackPointExtension/v1 http://www.garmin.com/xmlschemas/TrackPointExtensionv1.xsd http://www.garmin.com/xmlschemas/PowerExtension/v1 http://www.garmin.com/xmlschemas/PowerExtensionv1.xsd http://www.topografix.com/GPX/gpx_style/0/2 http://www.topografix.com/GPX/gpx_style/0/2/gpx_style.xsd" xmlns:gpxtpx="http://www.garmin.com/xmlschemas/TrackPointExtension/v1" xmlns:gpxx="http://www.garmin.com/xmlschemas/GpxExtensions/v3" xmlns:gpxpx="http://www.garmin.com/xmlschemas/PowerExtension/v1" xmlns:gpx_style="http://www.topografix.com/GPX/gpx_style/0/2">
  <metadata>
    <name>5. 4. 2026 Velikonoce PGP - middle, H18-21_Top Masters, Jakub Vesely (1)</name>
    <author>
      <name>gpx.studio</name>
      <link href="https://gpx.studio"/>
    </author>
  </metadata>
  <trk>
    <name>5. 4. 2026 Velikonoce PGP - middle, H18-21_Top Masters, Jakub Vesely (1)</name>
    <trkseg>
      <trkpt lat="49.050502" lon="15.018351">
        <time>2026-04-05T08:28:50.000Z</time>
      </trkpt>
      <trkpt lat="49.050522" lon="15.018392">
        <time>2026-04-05T08:28:51.000Z</time>
      </trkpt>
      <trkpt lat="49.050533" lon="15.018435">
        <time>2026-04-05T08:28:52.000Z</time>
      </trkpt>
      <trkpt lat="49.050541" lon="15.018472">
        <time>2026-04-05T08:28:53.000Z</time>
      </trkpt>
      <trkpt lat="49.050554" lon="15.018519">
        <time>2026-04-05T08:28:54.000Z</time>
      </trkpt>
      <trkpt lat="49.050572" lon="15.01855">
        <time>2026-04-05T08:28:55.000Z</time>
      </trkpt>
      <trkpt lat="49.050599" lon="15.01857">
        <time>2026-04-05T08:28:56.000Z</time>
      </trkpt>
      <trkpt lat="49.050621" lon="15.018588">
        <time>2026-04-05T08:28:57.000Z</time>
      </trkpt>
      <trkpt lat="49.050632" lon="15.018626">
        <time>2026-04-05T08:28:58.000Z</time>
      </trkpt>
      <trkpt lat="49.050647" lon="15.018663">
        <time>2026-04-05T08:28:59.000Z</time>
      </trkpt>
      <trkpt lat="49.050659" lon="15.018701">
        <time>2026-04-05T08:29:00.000Z</time>
      </trkpt>
      <trkpt lat="49.05067" lon="15.018736">
        <time>2026-04-05T08:29:01.000Z</time>
      </trkpt>
      <trkpt lat="49.050681" lon="15.018769">
        <time>2026-04-05T08:29:02.000Z</time>
      </trkpt>
      <trkpt lat="49.050685" lon="15.018816">
        <time>2026-04-05T08:29:03.000Z</time>
      </trkpt>
      <trkpt lat="49.050692" lon="15.018852">
        <time>2026-04-05T08:29:04.000Z</time>
      </trkpt>
      <trkpt lat="49.050701" lon="15.018882">
        <time>2026-04-05T08:29:05.000Z</time>
      </trkpt>
      <trkpt lat="49.050712" lon="15.018918">
        <time>2026-04-05T08:29:06.000Z</time>
      </trkpt>
      <trkpt lat="49.050724" lon="15.018962">
        <time>2026-04-05T08:29:07.000Z</time>
      </trkpt>
      <trkpt lat="49.050739" lon="15.018997">
        <time>2026-04-05T08:29:08.000Z</time>
      </trkpt>
      <trkpt lat="49.050758" lon="15.019043">
        <time>2026-04-05T08:29:09.000Z</time>
      </trkpt>
      <trkpt lat="49.050776" lon="15.01909">
        <time>2026-04-05T08:29:10.000Z</time>
      </trkpt>
      <trkpt lat="49.050794" lon="15.019133">
        <time>2026-04-05T08:29:11.000Z</time>
      </trkpt>
      <trkpt lat="49.050811" lon="15.019172">
        <time>2026-04-05T08:29:12.000Z</time>
      </trkpt>
      <trkpt lat="49.050825" lon="15.019209">
        <time>2026-04-05T08:29:13.000Z</time>
      </trkpt>
      <trkpt lat="49.05084" lon="15.01924">
        <time>2026-04-05T08:29:14.000Z</time>
      </trkpt>
      <trkpt lat="49.050859" lon="15.019267">
        <time>2026-04-05T08:29:15.000Z</time>
      </trkpt>
      <trkpt lat="49.050881" lon="15.019304">
        <time>2026-04-05T08:29:16.000Z</time>
      </trkpt>
      <trkpt lat="49.050894" lon="15.019341">
        <time>2026-04-05T08:29:17.000Z</time>
      </trkpt>
      <trkpt lat="49.050906" lon="15.019372">
        <time>2026-04-05T08:29:18.000Z</time>
      </trkpt>
      <trkpt lat="49.050914" lon="15.01941">
        <time>2026-04-05T08:29:19.000Z</time>
      </trkpt>
      <trkpt lat="49.050924" lon="15.019447">
        <time>2026-04-05T08:29:20.000Z</time>
      </trkpt>
      <trkpt lat="49.050928" lon="15.01948">
        <time>2026-04-05T08:29:21.000Z</time>
      </trkpt>
      <trkpt lat="49.050925" lon="15.019532">
        <time>2026-04-05T08:29:22.000Z</time>
      </trkpt>
      <trkpt lat="49.050913" lon="15.01958">
        <time>2026-04-05T08:29:23.000Z</time>
      </trkpt>
      <trkpt lat="49.050905" lon="15.019621">
        <time>2026-04-05T08:29:24.000Z</time>
      </trkpt>
      <trkpt lat="49.050909" lon="15.019656">
        <time>2026-04-05T08:29:25.000Z</time>
      </trkpt>
      <trkpt lat="49.050918" lon="15.019699">
        <time>2026-04-05T08:29:26.000Z</time>
      </trkpt>
      <trkpt lat="49.050925" lon="15.019737">
        <time>2026-04-05T08:29:27.000Z</time>
      </trkpt>
      <trkpt lat="49.05093" lon="15.019778">
        <time>2026-04-05T08:29:28.000Z</time>
      </trkpt>
      <trkpt lat="49.050936" lon="15.019815">
        <time>2026-04-05T08:29:29.000Z</time>
      </trkpt>
      <trkpt lat="49.050944" lon="15.019862">
        <time>2026-04-05T08:29:30.000Z</time>
      </trkpt>
      <trkpt lat="49.050947" lon="15.019906">
        <time>2026-04-05T08:29:31.000Z</time>
      </trkpt>
      <trkpt lat="49.050945" lon="15.019951">
        <time>2026-04-05T08:29:32.000Z</time>
      </trkpt>
      <trkpt lat="49.050939" lon="15.019997">
        <time>2026-04-05T08:29:33.000Z</time>
      </trkpt>
      <trkpt lat="49.050933" lon="15.020043">
        <time>2026-04-05T08:29:34.000Z</time>
      </trkpt>
      <trkpt lat="49.050932" lon="15.020086">
        <time>2026-04-05T08:29:35.000Z</time>
      </trkpt>
      <trkpt lat="49.050937" lon="15.020117">
        <time>2026-04-05T08:29:36.000Z</time>
      </trkpt>
      <trkpt lat="49.050952" lon="15.020154">
        <time>2026-04-05T08:29:37.000Z</time>
      </trkpt>
      <trkpt lat="49.050973" lon="15.020178">
        <time>2026-04-05T08:29:38.000Z</time>
      </trkpt>
      <trkpt lat="49.050996" lon="15.020201">
        <time>2026-04-05T08:29:39.000Z</time>
      </trkpt>
      <trkpt lat="49.051024" lon="15.020213">
        <time>2026-04-05T08:29:40.000Z</time>
      </trkpt>
      <trkpt lat="49.051052" lon="15.020206">
        <time>2026-04-05T08:29:41.000Z</time>
      </trkpt>
      <trkpt lat="49.051076" lon="15.020187">
        <time>2026-04-05T08:29:42.000Z</time>
      </trkpt>
      <trkpt lat="49.051102" lon="15.020161">
        <time>2026-04-05T08:29:43.000Z</time>
      </trkpt>
      <trkpt lat="49.051133" lon="15.020144">
        <time>2026-04-05T08:29:44.000Z</time>
      </trkpt>
      <trkpt lat="49.051158" lon="15.020123">
        <time>2026-04-05T08:29:45.000Z</time>
      </trkpt>
      <trkpt lat="49.051177" lon="15.020103">
        <time>2026-04-05T08:29:46.000Z</time>
      </trkpt>
      <trkpt lat="49.051202" lon="15.020087">
        <time>2026-04-05T08:29:47.000Z</time>
      </trkpt>
      <trkpt lat="49.051222" lon="15.020073">
        <time>2026-04-05T08:29:48.000Z</time>
      </trkpt>
      <trkpt lat="49.051246" lon="15.020056">
        <time>2026-04-05T08:29:49.000Z</time>
      </trkpt>
      <trkpt lat="49.051268" lon="15.020037">
        <time>2026-04-05T08:29:50.000Z</time>
      </trkpt>
      <trkpt lat="49.051301" lon="15.020025">
        <time>2026-04-05T08:29:51.000Z</time>
      </trkpt>
      <trkpt lat="49.051324" lon="15.020019">
        <time>2026-04-05T08:29:52.000Z</time>
      </trkpt>
      <trkpt lat="49.051347" lon="15.020012">
        <time>2026-04-05T08:29:53.000Z</time>
      </trkpt>
      <trkpt lat="49.051371" lon="15.019999">
        <time>2026-04-05T08:29:54.000Z</time>
      </trkpt>
      <trkpt lat="49.051395" lon="15.019992">
        <time>2026-04-05T08:29:55.000Z</time>
      </trkpt>
      <trkpt lat="49.05142" lon="15.01999">
        <time>2026-04-05T08:29:56.000Z</time>
      </trkpt>
      <trkpt lat="49.051442" lon="15.019973">
        <time>2026-04-05T08:29:57.000Z</time>
      </trkpt>
      <trkpt lat="49.051468" lon="15.019961">
        <time>2026-04-05T08:29:58.000Z</time>
      </trkpt>
      <trkpt lat="49.051504" lon="15.019951">
        <time>2026-04-05T08:29:59.000Z</time>
      </trkpt>
      <trkpt lat="49.051533" lon="15.01995">
        <time>2026-04-05T08:30:00.000Z</time>
      </trkpt>
      <trkpt lat="49.05156" lon="15.019936">
        <time>2026-04-05T08:30:01.000Z</time>
      </trkpt>
      <trkpt lat="49.051585" lon="15.019925">
        <time>2026-04-05T08:30:02.000Z</time>
      </trkpt>
      <trkpt lat="49.051611" lon="15.019916">
        <time>2026-04-05T08:30:03.000Z</time>
      </trkpt>
      <trkpt lat="49.051631" lon="15.019899">
        <time>2026-04-05T08:30:04.000Z</time>
      </trkpt>
      <trkpt lat="49.051656" lon="15.019895">
        <time>2026-04-05T08:30:05.000Z</time>
      </trkpt>
      <trkpt lat="49.051672" lon="15.019871">
        <time>2026-04-05T08:30:06.000Z</time>
      </trkpt>
      <trkpt lat="49.051695" lon="15.019852">
        <time>2026-04-05T08:30:07.000Z</time>
      </trkpt>
      <trkpt lat="49.051719" lon="15.019832">
        <time>2026-04-05T08:30:08.000Z</time>
      </trkpt>
      <trkpt lat="49.051748" lon="15.019809">
        <time>2026-04-05T08:30:09.000Z</time>
      </trkpt>
      <trkpt lat="49.051771" lon="15.019798">
        <time>2026-04-05T08:30:10.000Z</time>
      </trkpt>
      <trkpt lat="49.051801" lon="15.019785">
        <time>2026-04-05T08:30:11.000Z</time>
      </trkpt>
      <trkpt lat="49.051828" lon="15.01976">
        <time>2026-04-05T08:30:12.000Z</time>
      </trkpt>
      <trkpt lat="49.051842" lon="15.019729">
        <time>2026-04-05T08:30:13.000Z</time>
      </trkpt>
      <trkpt lat="49.051857" lon="15.019694">
        <time>2026-04-05T08:30:14.000Z</time>
      </trkpt>
      <trkpt lat="49.051858" lon="15.019653">
        <time>2026-04-05T08:30:15.000Z</time>
      </trkpt>
      <trkpt lat="49.051873" lon="15.019608">
        <time>2026-04-05T08:30:16.000Z</time>
      </trkpt>
      <trkpt lat="49.051895" lon="15.019578">
        <time>2026-04-05T08:30:17.000Z</time>
      </trkpt>
      <trkpt lat="49.051917" lon="15.019556">
        <time>2026-04-05T08:30:18.000Z</time>
      </trkpt>
      <trkpt lat="49.051932" lon="15.019534">
        <time>2026-04-05T08:30:19.000Z</time>
      </trkpt>
      <trkpt lat="49.051952" lon="15.019499">
        <time>2026-04-05T08:30:20.000Z</time>
      </trkpt>
      <trkpt lat="49.051982" lon="15.019465">
        <time>2026-04-05T08:30:21.000Z</time>
      </trkpt>
      <trkpt lat="49.052015" lon="15.019448">
        <time>2026-04-05T08:30:22.000Z</time>
      </trkpt>
      <trkpt lat="49.052041" lon="15.01943">
        <time>2026-04-05T08:30:23.000Z</time>
      </trkpt>
      <trkpt lat="49.052045" lon="15.019445">
        <time>2026-04-05T08:30:24.000Z</time>
      </trkpt>
      <trkpt lat="49.052043" lon="15.019468">
        <time>2026-04-05T08:30:25.000Z</time>
      </trkpt>
      <trkpt lat="49.052038" lon="15.019495">
        <time>2026-04-05T08:30:26.000Z</time>
      </trkpt>
      <trkpt lat="49.052026" lon="15.019523">
        <time>2026-04-05T08:30:27.000Z</time>
      </trkpt>
      <trkpt lat="49.052018" lon="15.019553">
        <time>2026-04-05T08:30:28.000Z</time>
      </trkpt>
      <trkpt lat="49.052007" lon="15.019588">
        <time>2026-04-05T08:30:29.000Z</time>
      </trkpt>
      <trkpt lat="49.052001" lon="15.019632">
        <time>2026-04-05T08:30:30.000Z</time>
      </trkpt>
      <trkpt lat="49.052001" lon="15.019683">
        <time>2026-04-05T08:30:31.000Z</time>
      </trkpt>
      <trkpt lat="49.052006" lon="15.019729">
        <time>2026-04-05T08:30:32.000Z</time>
      </trkpt>
      <trkpt lat="49.052017" lon="15.019767">
        <time>2026-04-05T08:30:33.000Z</time>
      </trkpt>
      <trkpt lat="49.052041" lon="15.019801">
        <time>2026-04-05T08:30:34.000Z</time>
      </trkpt>
      <trkpt lat="49.052068" lon="15.019811">
        <time>2026-04-05T08:30:35.000Z</time>
      </trkpt>
      <trkpt lat="49.052104" lon="15.019812">
        <time>2026-04-05T08:30:36.000Z</time>
      </trkpt>
      <trkpt lat="49.052137" lon="15.019808">
        <time>2026-04-05T08:30:37.000Z</time>
      </trkpt>
      <trkpt lat="49.052171" lon="15.019804">
        <time>2026-04-05T08:30:38.000Z</time>
      </trkpt>
      <trkpt lat="49.052208" lon="15.019802">
        <time>2026-04-05T08:30:39.000Z</time>
      </trkpt>
      <trkpt lat="49.052249" lon="15.019805">
        <time>2026-04-05T08:30:40.000Z</time>
      </trkpt>
      <trkpt lat="49.052285" lon="15.019806">
        <time>2026-04-05T08:30:41.000Z</time>
      </trkpt>
      <trkpt lat="49.05232" lon="15.019799">
        <time>2026-04-05T08:30:42.000Z</time>
      </trkpt>
      <trkpt lat="49.052357" lon="15.019824">
        <time>2026-04-05T08:30:43.000Z</time>
      </trkpt>
      <trkpt lat="49.052387" lon="15.019854">
        <time>2026-04-05T08:30:44.000Z</time>
      </trkpt>
      <trkpt lat="49.052413" lon="15.019881">
        <time>2026-04-05T08:30:45.000Z</time>
      </trkpt>
      <trkpt lat="49.052433" lon="15.019913">
        <time>2026-04-05T08:30:46.000Z</time>
      </trkpt>
      <trkpt lat="49.052454" lon="15.019944">
        <time>2026-04-05T08:30:47.000Z</time>
      </trkpt>
      <trkpt lat="49.052474" lon="15.019955">
        <time>2026-04-05T08:30:48.000Z</time>
      </trkpt>
      <trkpt lat="49.052498" lon="15.019958">
        <time>2026-04-05T08:30:49.000Z</time>
      </trkpt>
      <trkpt lat="49.052528" lon="15.019979">
        <time>2026-04-05T08:30:50.000Z</time>
      </trkpt>
      <trkpt lat="49.052541" lon="15.020015">
        <time>2026-04-05T08:30:51.000Z</time>
      </trkpt>
      <trkpt lat="49.052539" lon="15.02006">
        <time>2026-04-05T08:30:52.000Z</time>
      </trkpt>
      <trkpt lat="49.052542" lon="15.020107">
        <time>2026-04-05T08:30:53.000Z</time>
      </trkpt>
      <trkpt lat="49.052549" lon="15.020151">
        <time>2026-04-05T08:30:54.000Z</time>
      </trkpt>
      <trkpt lat="49.052557" lon="15.020187">
        <time>2026-04-05T08:30:55.000Z</time>
      </trkpt>
      <trkpt lat="49.052571" lon="15.020227">
        <time>2026-04-05T08:30:56.000Z</time>
      </trkpt>
      <trkpt lat="49.052588" lon="15.020268">
        <time>2026-04-05T08:30:57.000Z</time>
      </trkpt>
      <trkpt lat="49.052601" lon="15.020293">
        <time>2026-04-05T08:30:58.000Z</time>
      </trkpt>
      <trkpt lat="49.05263" lon="15.020325">
        <time>2026-04-05T08:30:59.000Z</time>
      </trkpt>
      <trkpt lat="49.052647" lon="15.02036">
        <time>2026-04-05T08:31:00.000Z</time>
      </trkpt>
      <trkpt lat="49.052662" lon="15.020399">
        <time>2026-04-05T08:31:01.000Z</time>
      </trkpt>
      <trkpt lat="49.05268" lon="15.020433">
        <time>2026-04-05T08:31:02.000Z</time>
      </trkpt>
      <trkpt lat="49.052705" lon="15.020471">
        <time>2026-04-05T08:31:03.000Z</time>
      </trkpt>
      <trkpt lat="49.052729" lon="15.020494">
        <time>2026-04-05T08:31:04.000Z</time>
      </trkpt>
      <trkpt lat="49.052755" lon="15.020504">
        <time>2026-04-05T08:31:05.000Z</time>
      </trkpt>
      <trkpt lat="49.052782" lon="15.020531">
        <time>2026-04-05T08:31:06.000Z</time>
      </trkpt>
      <trkpt lat="49.052815" lon="15.020576">
        <time>2026-04-05T08:31:07.000Z</time>
      </trkpt>
      <trkpt lat="49.052836" lon="15.020616">
        <time>2026-04-05T08:31:08.000Z</time>
      </trkpt>
      <trkpt lat="49.052855" lon="15.020648">
        <time>2026-04-05T08:31:09.000Z</time>
      </trkpt>
      <trkpt lat="49.052877" lon="15.020695">
        <time>2026-04-05T08:31:10.000Z</time>
      </trkpt>
      <trkpt lat="49.052891" lon="15.020737">
        <time>2026-04-05T08:31:11.000Z</time>
      </trkpt>
      <trkpt lat="49.052909" lon="15.020777">
        <time>2026-04-05T08:31:12.000Z</time>
      </trkpt>
      <trkpt lat="49.052925" lon="15.020817">
        <time>2026-04-05T08:31:13.000Z</time>
      </trkpt>
      <trkpt lat="49.052941" lon="15.020849">
        <time>2026-04-05T08:31:14.000Z</time>
      </trkpt>
      <trkpt lat="49.052962" lon="15.020878">
        <time>2026-04-05T08:31:15.000Z</time>
      </trkpt>
      <trkpt lat="49.052984" lon="15.020905">
        <time>2026-04-05T08:31:16.000Z</time>
      </trkpt>
      <trkpt lat="49.053006" lon="15.020927">
        <time>2026-04-05T08:31:17.000Z</time>
      </trkpt>
      <trkpt lat="49.053022" lon="15.020938">
        <time>2026-04-05T08:31:18.000Z</time>
      </trkpt>
      <trkpt lat="49.053044" lon="15.02096">
        <time>2026-04-05T08:31:19.000Z</time>
      </trkpt>
      <trkpt lat="49.053071" lon="15.02099">
        <time>2026-04-05T08:31:20.000Z</time>
      </trkpt>
      <trkpt lat="49.053086" lon="15.021041">
        <time>2026-04-05T08:31:21.000Z</time>
      </trkpt>
      <trkpt lat="49.053098" lon="15.021073">
        <time>2026-04-05T08:31:22.000Z</time>
      </trkpt>
      <trkpt lat="49.053114" lon="15.021105">
        <time>2026-04-05T08:31:23.000Z</time>
      </trkpt>
      <trkpt lat="49.053139" lon="15.021145">
        <time>2026-04-05T08:31:24.000Z</time>
      </trkpt>
      <trkpt lat="49.053163" lon="15.021171">
        <time>2026-04-05T08:31:25.000Z</time>
      </trkpt>
      <trkpt lat="49.053184" lon="15.021196">
        <time>2026-04-05T08:31:26.000Z</time>
      </trkpt>
      <trkpt lat="49.053205" lon="15.021221">
        <time>2026-04-05T08:31:27.000Z</time>
      </trkpt>
      <trkpt lat="49.053225" lon="15.021251">
        <time>2026-04-05T08:31:28.000Z</time>
      </trkpt>
      <trkpt lat="49.053242" lon="15.021274">
        <time>2026-04-05T08:31:29.000Z</time>
      </trkpt>
      <trkpt lat="49.053259" lon="15.021296">
        <time>2026-04-05T08:31:30.000Z</time>
      </trkpt>
      <trkpt lat="49.053274" lon="15.021317">
        <time>2026-04-05T08:31:31.000Z</time>
      </trkpt>
      <trkpt lat="49.053285" lon="15.021326">
        <time>2026-04-05T08:31:32.000Z</time>
      </trkpt>
      <trkpt lat="49.05331" lon="15.02134">
        <time>2026-04-05T08:31:33.000Z</time>
      </trkpt>
      <trkpt lat="49.053329" lon="15.021355">
        <time>2026-04-05T08:31:34.000Z</time>
      </trkpt>
      <trkpt lat="49.053347" lon="15.021371">
        <time>2026-04-05T08:31:35.000Z</time>
      </trkpt>
      <trkpt lat="49.053364" lon="15.021396">
        <time>2026-04-05T08:31:36.000Z</time>
      </trkpt>
      <trkpt lat="49.053377" lon="15.02142">
        <time>2026-04-05T08:31:37.000Z</time>
      </trkpt>
      <trkpt lat="49.05339" lon="15.021441">
        <time>2026-04-05T08:31:38.000Z</time>
      </trkpt>
      <trkpt lat="49.053408" lon="15.021451">
        <time>2026-04-05T08:31:39.000Z</time>
      </trkpt>
      <trkpt lat="49.053441" lon="15.021476">
        <time>2026-04-05T08:31:40.000Z</time>
      </trkpt>
      <trkpt lat="49.05347" lon="15.021501">
        <time>2026-04-05T08:31:41.000Z</time>
      </trkpt>
      <trkpt lat="49.053489" lon="15.021519">
        <time>2026-04-05T08:31:42.000Z</time>
      </trkpt>
      <trkpt lat="49.053506" lon="15.021537">
        <time>2026-04-05T08:31:43.000Z</time>
      </trkpt>
      <trkpt lat="49.053524" lon="15.021559">
        <time>2026-04-05T08:31:44.000Z</time>
      </trkpt>
      <trkpt lat="49.05354" lon="15.021577">
        <time>2026-04-05T08:31:45.000Z</time>
      </trkpt>
      <trkpt lat="49.053561" lon="15.021591">
        <time>2026-04-05T08:31:46.000Z</time>
      </trkpt>
      <trkpt lat="49.053583" lon="15.021609">
        <time>2026-04-05T08:31:47.000Z</time>
      </trkpt>
      <trkpt lat="49.053605" lon="15.021636">
        <time>2026-04-05T08:31:48.000Z</time>
      </trkpt>
      <trkpt lat="49.053623" lon="15.021656">
        <time>2026-04-05T08:31:49.000Z</time>
      </trkpt>
      <trkpt lat="49.053644" lon="15.02167">
        <time>2026-04-05T08:31:50.000Z</time>
      </trkpt>
      <trkpt lat="49.053663" lon="15.021695">
        <time>2026-04-05T08:31:51.000Z</time>
      </trkpt>
      <trkpt lat="49.053677" lon="15.021719">
        <time>2026-04-05T08:31:52.000Z</time>
      </trkpt>
      <trkpt lat="49.053695" lon="15.02174">
        <time>2026-04-05T08:31:53.000Z</time>
      </trkpt>
      <trkpt lat="49.053715" lon="15.021762">
        <time>2026-04-05T08:31:54.000Z</time>
      </trkpt>
      <trkpt lat="49.053724" lon="15.021801">
        <time>2026-04-05T08:31:55.000Z</time>
      </trkpt>
      <trkpt lat="49.053734" lon="15.021837">
        <time>2026-04-05T08:31:56.000Z</time>
      </trkpt>
      <trkpt lat="49.053741" lon="15.021872">
        <time>2026-04-05T08:31:57.000Z</time>
      </trkpt>
      <trkpt lat="49.053751" lon="15.021907">
        <time>2026-04-05T08:31:58.000Z</time>
      </trkpt>
      <trkpt lat="49.053764" lon="15.02195">
        <time>2026-04-05T08:31:59.000Z</time>
      </trkpt>
      <trkpt lat="49.053767" lon="15.021986">
        <time>2026-04-05T08:32:00.000Z</time>
      </trkpt>
      <trkpt lat="49.053771" lon="15.022032">
        <time>2026-04-05T08:32:01.000Z</time>
      </trkpt>
      <trkpt lat="49.053778" lon="15.022087">
        <time>2026-04-05T08:32:02.000Z</time>
      </trkpt>
      <trkpt lat="49.053781" lon="15.022135">
        <time>2026-04-05T08:32:03.000Z</time>
      </trkpt>
      <trkpt lat="49.053784" lon="15.022174">
        <time>2026-04-05T08:32:04.000Z</time>
      </trkpt>
      <trkpt lat="49.053797" lon="15.0222">
        <time>2026-04-05T08:32:05.000Z</time>
      </trkpt>
      <trkpt lat="49.05382" lon="15.022219">
        <time>2026-04-05T08:32:06.000Z</time>
      </trkpt>
      <trkpt lat="49.05384" lon="15.022244">
        <time>2026-04-05T08:32:07.000Z</time>
      </trkpt>
      <trkpt lat="49.053853" lon="15.022286">
        <time>2026-04-05T08:32:08.000Z</time>
      </trkpt>
      <trkpt lat="49.053865" lon="15.02232">
        <time>2026-04-05T08:32:09.000Z</time>
      </trkpt>
      <trkpt lat="49.053878" lon="15.02237">
        <time>2026-04-05T08:32:10.000Z</time>
      </trkpt>
      <trkpt lat="49.053891" lon="15.022415">
        <time>2026-04-05T08:32:11.000Z</time>
      </trkpt>
      <trkpt lat="49.0539" lon="15.022455">
        <time>2026-04-05T08:32:12.000Z</time>
      </trkpt>
      <trkpt lat="49.053899" lon="15.022499">
        <time>2026-04-05T08:32:13.000Z</time>
      </trkpt>
      <trkpt lat="49.053895" lon="15.022557">
        <time>2026-04-05T08:32:14.000Z</time>
      </trkpt>
      <trkpt lat="49.053895" lon="15.02261">
        <time>2026-04-05T08:32:15.000Z</time>
      </trkpt>
      <trkpt lat="49.053893" lon="15.022653">
        <time>2026-04-05T08:32:16.000Z</time>
      </trkpt>
      <trkpt lat="49.053894" lon="15.022688">
        <time>2026-04-05T08:32:17.000Z</time>
      </trkpt>
      <trkpt lat="49.053893" lon="15.02274">
        <time>2026-04-05T08:32:18.000Z</time>
      </trkpt>
      <trkpt lat="49.053896" lon="15.022785">
        <time>2026-04-05T08:32:19.000Z</time>
      </trkpt>
      <trkpt lat="49.053895" lon="15.022828">
        <time>2026-04-05T08:32:20.000Z</time>
      </trkpt>
      <trkpt lat="49.053893" lon="15.022874">
        <time>2026-04-05T08:32:21.000Z</time>
      </trkpt>
      <trkpt lat="49.053888" lon="15.02292">
        <time>2026-04-05T08:32:22.000Z</time>
      </trkpt>
      <trkpt lat="49.053885" lon="15.022958">
        <time>2026-04-05T08:32:23.000Z</time>
      </trkpt>
      <trkpt lat="49.053884" lon="15.022982">
        <time>2026-04-05T08:32:24.000Z</time>
      </trkpt>
      <trkpt lat="49.053885" lon="15.023001">
        <time>2026-04-05T08:32:25.000Z</time>
      </trkpt>
      <trkpt lat="49.053888" lon="15.023019">
        <time>2026-04-05T08:32:26.000Z</time>
      </trkpt>
      <trkpt lat="49.053894" lon="15.023035">
        <time>2026-04-05T08:32:27.000Z</time>
      </trkpt>
      <trkpt lat="49.053907" lon="15.023055">
        <time>2026-04-05T08:32:28.000Z</time>
      </trkpt>
      <trkpt lat="49.053921" lon="15.023069">
        <time>2026-04-05T08:32:29.000Z</time>
      </trkpt>
      <trkpt lat="49.053935" lon="15.023079">
        <time>2026-04-05T08:32:30.000Z</time>
      </trkpt>
      <trkpt lat="49.05394" lon="15.023099">
        <time>2026-04-05T08:32:31.000Z</time>
      </trkpt>
      <trkpt lat="49.053946" lon="15.023122">
        <time>2026-04-05T08:32:32.000Z</time>
      </trkpt>
      <trkpt lat="49.053949" lon="15.023141">
        <time>2026-04-05T08:32:33.000Z</time>
      </trkpt>
      <trkpt lat="49.053947" lon="15.023149">
        <time>2026-04-05T08:32:34.000Z</time>
      </trkpt>
      <trkpt lat="49.053948" lon="15.02315">
        <time>2026-04-05T08:32:35.000Z</time>
      </trkpt>
      <trkpt lat="49.053946" lon="15.023152">
        <time>2026-04-05T08:32:36.000Z</time>
      </trkpt>
      <trkpt lat="49.053944" lon="15.023162">
        <time>2026-04-05T08:32:37.000Z</time>
      </trkpt>
      <trkpt lat="49.053932" lon="15.02316">
        <time>2026-04-05T08:32:38.000Z</time>
      </trkpt>
      <trkpt lat="49.053915" lon="15.023164">
        <time>2026-04-05T08:32:39.000Z</time>
      </trkpt>
      <trkpt lat="49.053906" lon="15.023175">
        <time>2026-04-05T08:32:40.000Z</time>
      </trkpt>
      <trkpt lat="49.0539" lon="15.023185">
        <time>2026-04-05T08:32:41.000Z</time>
      </trkpt>
      <trkpt lat="49.053889" lon="15.023194">
        <time>2026-04-05T08:32:42.000Z</time>
      </trkpt>
      <trkpt lat="49.053881" lon="15.023202">
        <time>2026-04-05T08:32:43.000Z</time>
      </trkpt>
      <trkpt lat="49.053884" lon="15.023195">
        <time>2026-04-05T08:32:44.000Z</time>
      </trkpt>
      <trkpt lat="49.05389" lon="15.023181">
        <time>2026-04-05T08:32:45.000Z</time>
      </trkpt>
      <trkpt lat="49.053886" lon="15.023154">
        <time>2026-04-05T08:32:46.000Z</time>
      </trkpt>
      <trkpt lat="49.053881" lon="15.023127">
        <time>2026-04-05T08:32:47.000Z</time>
      </trkpt>
      <trkpt lat="49.053893" lon="15.023087">
        <time>2026-04-05T08:32:48.000Z</time>
      </trkpt>
      <trkpt lat="49.053904" lon="15.023071">
        <time>2026-04-05T08:32:49.000Z</time>
      </trkpt>
      <trkpt lat="49.053924" lon="15.023051">
        <time>2026-04-05T08:32:50.000Z</time>
      </trkpt>
      <trkpt lat="49.053945" lon="15.02304">
        <time>2026-04-05T08:32:51.000Z</time>
      </trkpt>
      <trkpt lat="49.053968" lon="15.023019">
        <time>2026-04-05T08:32:52.000Z</time>
      </trkpt>
      <trkpt lat="49.053991" lon="15.023005">
        <time>2026-04-05T08:32:53.000Z</time>
      </trkpt>
      <trkpt lat="49.054013" lon="15.022987">
        <time>2026-04-05T08:32:54.000Z</time>
      </trkpt>
      <trkpt lat="49.054034" lon="15.02296">
        <time>2026-04-05T08:32:55.000Z</time>
      </trkpt>
      <trkpt lat="49.054058" lon="15.022945">
        <time>2026-04-05T08:32:56.000Z</time>
      </trkpt>
      <trkpt lat="49.054084" lon="15.022946">
        <time>2026-04-05T08:32:57.000Z</time>
      </trkpt>
      <trkpt lat="49.054118" lon="15.022934">
        <time>2026-04-05T08:32:58.000Z</time>
      </trkpt>
      <trkpt lat="49.054146" lon="15.022926">
        <time>2026-04-05T08:32:59.000Z</time>
      </trkpt>
      <trkpt lat="49.054181" lon="15.022928">
        <time>2026-04-05T08:33:00.000Z</time>
      </trkpt>
      <trkpt lat="49.054208" lon="15.022935">
        <time>2026-04-05T08:33:01.000Z</time>
      </trkpt>
      <trkpt lat="49.054232" lon="15.022939">
        <time>2026-04-05T08:33:02.000Z</time>
      </trkpt>
      <trkpt lat="49.054258" lon="15.022939">
        <time>2026-04-05T08:33:03.000Z</time>
      </trkpt>
      <trkpt lat="49.05428" lon="15.022916">
        <time>2026-04-05T08:33:04.000Z</time>
      </trkpt>
      <trkpt lat="49.054302" lon="15.022896">
        <time>2026-04-05T08:33:05.000Z</time>
      </trkpt>
      <trkpt lat="49.054319" lon="15.022888">
        <time>2026-04-05T08:33:06.000Z</time>
      </trkpt>
      <trkpt lat="49.054343" lon="15.022875">
        <time>2026-04-05T08:33:07.000Z</time>
      </trkpt>
      <trkpt lat="49.054366" lon="15.022877">
        <time>2026-04-05T08:33:08.000Z</time>
      </trkpt>
      <trkpt lat="49.054388" lon="15.022881">
        <time>2026-04-05T08:33:09.000Z</time>
      </trkpt>
      <trkpt lat="49.054412" lon="15.022881">
        <time>2026-04-05T08:33:10.000Z</time>
      </trkpt>
      <trkpt lat="49.05444" lon="15.022888">
        <time>2026-04-05T08:33:11.000Z</time>
      </trkpt>
      <trkpt lat="49.054465" lon="15.022901">
        <time>2026-04-05T08:33:12.000Z</time>
      </trkpt>
      <trkpt lat="49.054489" lon="15.022898">
        <time>2026-04-05T08:33:13.000Z</time>
      </trkpt>
      <trkpt lat="49.05451" lon="15.022893">
        <time>2026-04-05T08:33:14.000Z</time>
      </trkpt>
      <trkpt lat="49.054526" lon="15.022895">
        <time>2026-04-05T08:33:15.000Z</time>
      </trkpt>
      <trkpt lat="49.054547" lon="15.022902">
        <time>2026-04-05T08:33:16.000Z</time>
      </trkpt>
      <trkpt lat="49.054563" lon="15.022896">
        <time>2026-04-05T08:33:17.000Z</time>
      </trkpt>
      <trkpt lat="49.054588" lon="15.022883">
        <time>2026-04-05T08:33:18.000Z</time>
      </trkpt>
      <trkpt lat="49.054603" lon="15.022843">
        <time>2026-04-05T08:33:19.000Z</time>
      </trkpt>
      <trkpt lat="49.05462" lon="15.022822">
        <time>2026-04-05T08:33:20.000Z</time>
      </trkpt>
      <trkpt lat="49.054644" lon="15.022819">
        <time>2026-04-05T08:33:21.000Z</time>
      </trkpt>
      <trkpt lat="49.054667" lon="15.022835">
        <time>2026-04-05T08:33:22.000Z</time>
      </trkpt>
      <trkpt lat="49.054695" lon="15.022851">
        <time>2026-04-05T08:33:23.000Z</time>
      </trkpt>
      <trkpt lat="49.054722" lon="15.022843">
        <time>2026-04-05T08:33:24.000Z</time>
      </trkpt>
      <trkpt lat="49.054746" lon="15.022834">
        <time>2026-04-05T08:33:25.000Z</time>
      </trkpt>
      <trkpt lat="49.054776" lon="15.022826">
        <time>2026-04-05T08:33:26.000Z</time>
      </trkpt>
      <trkpt lat="49.054801" lon="15.022829">
        <time>2026-04-05T08:33:27.000Z</time>
      </trkpt>
      <trkpt lat="49.054833" lon="15.022836">
        <time>2026-04-05T08:33:28.000Z</time>
      </trkpt>
      <trkpt lat="49.054867" lon="15.022827">
        <time>2026-04-05T08:33:29.000Z</time>
      </trkpt>
      <trkpt lat="49.054881" lon="15.022801">
        <time>2026-04-05T08:33:30.000Z</time>
      </trkpt>
      <trkpt lat="49.054899" lon="15.022768">
        <time>2026-04-05T08:33:31.000Z</time>
      </trkpt>
      <trkpt lat="49.054923" lon="15.022749">
        <time>2026-04-05T08:33:32.000Z</time>
      </trkpt>
      <trkpt lat="49.054943" lon="15.022736">
        <time>2026-04-05T08:33:33.000Z</time>
      </trkpt>
      <trkpt lat="49.054959" lon="15.022727">
        <time>2026-04-05T08:33:34.000Z</time>
      </trkpt>
      <trkpt lat="49.054974" lon="15.022714">
        <time>2026-04-05T08:33:35.000Z</time>
      </trkpt>
      <trkpt lat="49.054994" lon="15.022705">
        <time>2026-04-05T08:33:36.000Z</time>
      </trkpt>
      <trkpt lat="49.055015" lon="15.022696">
        <time>2026-04-05T08:33:37.000Z</time>
      </trkpt>
      <trkpt lat="49.055037" lon="15.022678">
        <time>2026-04-05T08:33:38.000Z</time>
      </trkpt>
      <trkpt lat="49.055054" lon="15.022662">
        <time>2026-04-05T08:33:39.000Z</time>
      </trkpt>
      <trkpt lat="49.055078" lon="15.02265">
        <time>2026-04-05T08:33:40.000Z</time>
      </trkpt>
      <trkpt lat="49.055106" lon="15.02265">
        <time>2026-04-05T08:33:41.000Z</time>
      </trkpt>
      <trkpt lat="49.055124" lon="15.022678">
        <time>2026-04-05T08:33:42.000Z</time>
      </trkpt>
      <trkpt lat="49.055137" lon="15.022716">
        <time>2026-04-05T08:33:43.000Z</time>
      </trkpt>
      <trkpt lat="49.055145" lon="15.022746">
        <time>2026-04-05T08:33:44.000Z</time>
      </trkpt>
      <trkpt lat="49.055159" lon="15.022759">
        <time>2026-04-05T08:33:45.000Z</time>
      </trkpt>
      <trkpt lat="49.055182" lon="15.02276">
        <time>2026-04-05T08:33:46.000Z</time>
      </trkpt>
      <trkpt lat="49.0552" lon="15.022761">
        <time>2026-04-05T08:33:47.000Z</time>
      </trkpt>
      <trkpt lat="49.055213" lon="15.022756">
        <time>2026-04-05T08:33:48.000Z</time>
      </trkpt>
      <trkpt lat="49.055232" lon="15.022755">
        <time>2026-04-05T08:33:49.000Z</time>
      </trkpt>
      <trkpt lat="49.055253" lon="15.022762">
        <time>2026-04-05T08:33:50.000Z</time>
      </trkpt>
      <trkpt lat="49.05527" lon="15.022763">
        <time>2026-04-05T08:33:51.000Z</time>
      </trkpt>
      <trkpt lat="49.055287" lon="15.02277">
        <time>2026-04-05T08:33:52.000Z</time>
      </trkpt>
      <trkpt lat="49.055303" lon="15.022781">
        <time>2026-04-05T08:33:53.000Z</time>
      </trkpt>
      <trkpt lat="49.055315" lon="15.022785">
        <time>2026-04-05T08:33:54.000Z</time>
      </trkpt>
      <trkpt lat="49.055326" lon="15.022788">
        <time>2026-04-05T08:33:55.000Z</time>
      </trkpt>
      <trkpt lat="49.055342" lon="15.022793">
        <time>2026-04-05T08:33:56.000Z</time>
      </trkpt>
      <trkpt lat="49.055356" lon="15.022794">
        <time>2026-04-05T08:33:57.000Z</time>
      </trkpt>
      <trkpt lat="49.055369" lon="15.022791">
        <time>2026-04-05T08:33:58.000Z</time>
      </trkpt>
      <trkpt lat="49.055381" lon="15.022779">
        <time>2026-04-05T08:33:59.000Z</time>
      </trkpt>
      <trkpt lat="49.055398" lon="15.022762">
        <time>2026-04-05T08:34:00.000Z</time>
      </trkpt>
      <trkpt lat="49.055414" lon="15.022742">
        <time>2026-04-05T08:34:01.000Z</time>
      </trkpt>
      <trkpt lat="49.055429" lon="15.022735">
        <time>2026-04-05T08:34:02.000Z</time>
      </trkpt>
      <trkpt lat="49.055443" lon="15.022734">
        <time>2026-04-05T08:34:03.000Z</time>
      </trkpt>
      <trkpt lat="49.055457" lon="15.022738">
        <time>2026-04-05T08:34:04.000Z</time>
      </trkpt>
      <trkpt lat="49.055471" lon="15.022736">
        <time>2026-04-05T08:34:05.000Z</time>
      </trkpt>
      <trkpt lat="49.055496" lon="15.022724">
        <time>2026-04-05T08:34:06.000Z</time>
      </trkpt>
      <trkpt lat="49.055516" lon="15.02272">
        <time>2026-04-05T08:34:07.000Z</time>
      </trkpt>
      <trkpt lat="49.055539" lon="15.022718">
        <time>2026-04-05T08:34:08.000Z</time>
      </trkpt>
      <trkpt lat="49.055564" lon="15.022718">
        <time>2026-04-05T08:34:09.000Z</time>
      </trkpt>
      <trkpt lat="49.05559" lon="15.022707">
        <time>2026-04-05T08:34:10.000Z</time>
      </trkpt>
      <trkpt lat="49.055618" lon="15.022706">
        <time>2026-04-05T08:34:11.000Z</time>
      </trkpt>
      <trkpt lat="49.055645" lon="15.022712">
        <time>2026-04-05T08:34:12.000Z</time>
      </trkpt>
      <trkpt lat="49.055676" lon="15.022719">
        <time>2026-04-05T08:34:13.000Z</time>
      </trkpt>
      <trkpt lat="49.055702" lon="15.022726">
        <time>2026-04-05T08:34:14.000Z</time>
      </trkpt>
      <trkpt lat="49.055726" lon="15.022724">
        <time>2026-04-05T08:34:15.000Z</time>
      </trkpt>
      <trkpt lat="49.055746" lon="15.022714">
        <time>2026-04-05T08:34:16.000Z</time>
      </trkpt>
      <trkpt lat="49.055769" lon="15.022697">
        <time>2026-04-05T08:34:17.000Z</time>
      </trkpt>
      <trkpt lat="49.05579" lon="15.022681">
        <time>2026-04-05T08:34:18.000Z</time>
      </trkpt>
      <trkpt lat="49.055814" lon="15.022662">
        <time>2026-04-05T08:34:19.000Z</time>
      </trkpt>
      <trkpt lat="49.055839" lon="15.022639">
        <time>2026-04-05T08:34:20.000Z</time>
      </trkpt>
      <trkpt lat="49.05585" lon="15.022602">
        <time>2026-04-05T08:34:21.000Z</time>
      </trkpt>
      <trkpt lat="49.055863" lon="15.022558">
        <time>2026-04-05T08:34:22.000Z</time>
      </trkpt>
      <trkpt lat="49.055869" lon="15.022522">
        <time>2026-04-05T08:34:23.000Z</time>
      </trkpt>
      <trkpt lat="49.055884" lon="15.022497">
        <time>2026-04-05T08:34:24.000Z</time>
      </trkpt>
      <trkpt lat="49.055894" lon="15.02247">
        <time>2026-04-05T08:34:25.000Z</time>
      </trkpt>
      <trkpt lat="49.055912" lon="15.022429">
        <time>2026-04-05T08:34:26.000Z</time>
      </trkpt>
      <trkpt lat="49.055924" lon="15.022405">
        <time>2026-04-05T08:34:27.000Z</time>
      </trkpt>
      <trkpt lat="49.055929" lon="15.022362">
        <time>2026-04-05T08:34:28.000Z</time>
      </trkpt>
      <trkpt lat="49.055922" lon="15.022318">
        <time>2026-04-05T08:34:29.000Z</time>
      </trkpt>
      <trkpt lat="49.055919" lon="15.022277">
        <time>2026-04-05T08:34:30.000Z</time>
      </trkpt>
      <trkpt lat="49.055913" lon="15.022238">
        <time>2026-04-05T08:34:31.000Z</time>
      </trkpt>
      <trkpt lat="49.055905" lon="15.022197">
        <time>2026-04-05T08:34:32.000Z</time>
      </trkpt>
      <trkpt lat="49.055912" lon="15.022148">
        <time>2026-04-05T08:34:33.000Z</time>
      </trkpt>
      <trkpt lat="49.055915" lon="15.022116">
        <time>2026-04-05T08:34:34.000Z</time>
      </trkpt>
      <trkpt lat="49.05592" lon="15.022081">
        <time>2026-04-05T08:34:35.000Z</time>
      </trkpt>
      <trkpt lat="49.055925" lon="15.022025">
        <time>2026-04-05T08:34:36.000Z</time>
      </trkpt>
      <trkpt lat="49.055933" lon="15.021985">
        <time>2026-04-05T08:34:37.000Z</time>
      </trkpt>
      <trkpt lat="49.055934" lon="15.021942">
        <time>2026-04-05T08:34:38.000Z</time>
      </trkpt>
      <trkpt lat="49.055939" lon="15.021884">
        <time>2026-04-05T08:34:39.000Z</time>
      </trkpt>
      <trkpt lat="49.05594" lon="15.021832">
        <time>2026-04-05T08:34:40.000Z</time>
      </trkpt>
      <trkpt lat="49.055943" lon="15.021782">
        <time>2026-04-05T08:34:41.000Z</time>
      </trkpt>
      <trkpt lat="49.055941" lon="15.021731">
        <time>2026-04-05T08:34:42.000Z</time>
      </trkpt>
      <trkpt lat="49.055941" lon="15.02168">
        <time>2026-04-05T08:34:43.000Z</time>
      </trkpt>
      <trkpt lat="49.055943" lon="15.021636">
        <time>2026-04-05T08:34:44.000Z</time>
      </trkpt>
      <trkpt lat="49.055934" lon="15.021596">
        <time>2026-04-05T08:34:45.000Z</time>
      </trkpt>
      <trkpt lat="49.055945" lon="15.021551">
        <time>2026-04-05T08:34:46.000Z</time>
      </trkpt>
      <trkpt lat="49.055949" lon="15.021517">
        <time>2026-04-05T08:34:47.000Z</time>
      </trkpt>
      <trkpt lat="49.055957" lon="15.021476">
        <time>2026-04-05T08:34:48.000Z</time>
      </trkpt>
      <trkpt lat="49.055957" lon="15.021437">
        <time>2026-04-05T08:34:49.000Z</time>
      </trkpt>
      <trkpt lat="49.055951" lon="15.021393">
        <time>2026-04-05T08:34:50.000Z</time>
      </trkpt>
      <trkpt lat="49.055958" lon="15.021362">
        <time>2026-04-05T08:34:51.000Z</time>
      </trkpt>
      <trkpt lat="49.055962" lon="15.021326">
        <time>2026-04-05T08:34:52.000Z</time>
      </trkpt>
      <trkpt lat="49.055969" lon="15.021281">
        <time>2026-04-05T08:34:53.000Z</time>
      </trkpt>
      <trkpt lat="49.055974" lon="15.021243">
        <time>2026-04-05T08:34:54.000Z</time>
      </trkpt>
      <trkpt lat="49.055988" lon="15.021207">
        <time>2026-04-05T08:34:55.000Z</time>
      </trkpt>
      <trkpt lat="49.055997" lon="15.02118">
        <time>2026-04-05T08:34:56.000Z</time>
      </trkpt>
      <trkpt lat="49.056005" lon="15.021153">
        <time>2026-04-05T08:34:57.000Z</time>
      </trkpt>
      <trkpt lat="49.05601" lon="15.021119">
        <time>2026-04-05T08:34:58.000Z</time>
      </trkpt>
      <trkpt lat="49.056022" lon="15.021095">
        <time>2026-04-05T08:34:59.000Z</time>
      </trkpt>
      <trkpt lat="49.056025" lon="15.021071">
        <time>2026-04-05T08:35:00.000Z</time>
      </trkpt>
      <trkpt lat="49.056026" lon="15.021015">
        <time>2026-04-05T08:35:01.000Z</time>
      </trkpt>
      <trkpt lat="49.056022" lon="15.020978">
        <time>2026-04-05T08:35:02.000Z</time>
      </trkpt>
      <trkpt lat="49.056023" lon="15.02094">
        <time>2026-04-05T08:35:03.000Z</time>
      </trkpt>
      <trkpt lat="49.056044" lon="15.020903">
        <time>2026-04-05T08:35:04.000Z</time>
      </trkpt>
      <trkpt lat="49.05606" lon="15.02088">
        <time>2026-04-05T08:35:05.000Z</time>
      </trkpt>
      <trkpt lat="49.056072" lon="15.020851">
        <time>2026-04-05T08:35:06.000Z</time>
      </trkpt>
      <trkpt lat="49.056085" lon="15.020829">
        <time>2026-04-05T08:35:07.000Z</time>
      </trkpt>
      <trkpt lat="49.0561" lon="15.020795">
        <time>2026-04-05T08:35:08.000Z</time>
      </trkpt>
      <trkpt lat="49.056106" lon="15.020752">
        <time>2026-04-05T08:35:09.000Z</time>
      </trkpt>
      <trkpt lat="49.05611" lon="15.020716">
        <time>2026-04-05T08:35:10.000Z</time>
      </trkpt>
      <trkpt lat="49.056107" lon="15.020686">
        <time>2026-04-05T08:35:11.000Z</time>
      </trkpt>
      <trkpt lat="49.056104" lon="15.020658">
        <time>2026-04-05T08:35:12.000Z</time>
      </trkpt>
      <trkpt lat="49.05611" lon="15.020618">
        <time>2026-04-05T08:35:13.000Z</time>
      </trkpt>
      <trkpt lat="49.056125" lon="15.020581">
        <time>2026-04-05T08:35:14.000Z</time>
      </trkpt>
      <trkpt lat="49.056133" lon="15.020546">
        <time>2026-04-05T08:35:15.000Z</time>
      </trkpt>
      <trkpt lat="49.056137" lon="15.020508">
        <time>2026-04-05T08:35:16.000Z</time>
      </trkpt>
      <trkpt lat="49.056143" lon="15.020463">
        <time>2026-04-05T08:35:17.000Z</time>
      </trkpt>
      <trkpt lat="49.056152" lon="15.020431">
        <time>2026-04-05T08:35:18.000Z</time>
      </trkpt>
      <trkpt lat="49.056168" lon="15.020398">
        <time>2026-04-05T08:35:19.000Z</time>
      </trkpt>
      <trkpt lat="49.056179" lon="15.020371">
        <time>2026-04-05T08:35:20.000Z</time>
      </trkpt>
      <trkpt lat="49.056188" lon="15.020332">
        <time>2026-04-05T08:35:21.000Z</time>
      </trkpt>
      <trkpt lat="49.056205" lon="15.020301">
        <time>2026-04-05T08:35:22.000Z</time>
      </trkpt>
      <trkpt lat="49.056213" lon="15.020265">
        <time>2026-04-05T08:35:23.000Z</time>
      </trkpt>
      <trkpt lat="49.056228" lon="15.020225">
        <time>2026-04-05T08:35:24.000Z</time>
      </trkpt>
      <trkpt lat="49.05624" lon="15.020192">
        <time>2026-04-05T08:35:25.000Z</time>
      </trkpt>
      <trkpt lat="49.056251" lon="15.020166">
        <time>2026-04-05T08:35:26.000Z</time>
      </trkpt>
      <trkpt lat="49.056261" lon="15.020138">
        <time>2026-04-05T08:35:27.000Z</time>
      </trkpt>
      <trkpt lat="49.056267" lon="15.020075">
        <time>2026-04-05T08:35:28.000Z</time>
      </trkpt>
      <trkpt lat="49.056286" lon="15.020018">
        <time>2026-04-05T08:35:29.000Z</time>
      </trkpt>
      <trkpt lat="49.056301" lon="15.019966">
        <time>2026-04-05T08:35:30.000Z</time>
      </trkpt>
      <trkpt lat="49.056315" lon="15.019928">
        <time>2026-04-05T08:35:31.000Z</time>
      </trkpt>
      <trkpt lat="49.056333" lon="15.019873">
        <time>2026-04-05T08:35:32.000Z</time>
      </trkpt>
      <trkpt lat="49.056351" lon="15.01981">
        <time>2026-04-05T08:35:33.000Z</time>
      </trkpt>
      <trkpt lat="49.056366" lon="15.019767">
        <time>2026-04-05T08:35:34.000Z</time>
      </trkpt>
      <trkpt lat="49.05638" lon="15.019715">
        <time>2026-04-05T08:35:35.000Z</time>
      </trkpt>
      <trkpt lat="49.056383" lon="15.019655">
        <time>2026-04-05T08:35:36.000Z</time>
      </trkpt>
      <trkpt lat="49.056379" lon="15.019609">
        <time>2026-04-05T08:35:37.000Z</time>
      </trkpt>
      <trkpt lat="49.056376" lon="15.019542">
        <time>2026-04-05T08:35:38.000Z</time>
      </trkpt>
      <trkpt lat="49.056374" lon="15.01948">
        <time>2026-04-05T08:35:39.000Z</time>
      </trkpt>
      <trkpt lat="49.056375" lon="15.019426">
        <time>2026-04-05T08:35:40.000Z</time>
      </trkpt>
      <trkpt lat="49.056375" lon="15.019356">
        <time>2026-04-05T08:35:41.000Z</time>
      </trkpt>
      <trkpt lat="49.056384" lon="15.019307">
        <time>2026-04-05T08:35:42.000Z</time>
      </trkpt>
      <trkpt lat="49.05639" lon="15.01927">
        <time>2026-04-05T08:35:43.000Z</time>
      </trkpt>
      <trkpt lat="49.056402" lon="15.019239">
        <time>2026-04-05T08:35:44.000Z</time>
      </trkpt>
      <trkpt lat="49.056409" lon="15.019247">
        <time>2026-04-05T08:35:45.000Z</time>
      </trkpt>
      <trkpt lat="49.056419" lon="15.019261">
        <time>2026-04-05T08:35:46.000Z</time>
      </trkpt>
      <trkpt lat="49.05644" lon="15.019292">
        <time>2026-04-05T08:35:47.000Z</time>
      </trkpt>
      <trkpt lat="49.056462" lon="15.019315">
        <time>2026-04-05T08:35:48.000Z</time>
      </trkpt>
      <trkpt lat="49.056493" lon="15.019355">
        <time>2026-04-05T08:35:49.000Z</time>
      </trkpt>
      <trkpt lat="49.05652" lon="15.01937">
        <time>2026-04-05T08:35:50.000Z</time>
      </trkpt>
      <trkpt lat="49.056548" lon="15.019389">
        <time>2026-04-05T08:35:51.000Z</time>
      </trkpt>
      <trkpt lat="49.056577" lon="15.019408">
        <time>2026-04-05T08:35:52.000Z</time>
      </trkpt>
      <trkpt lat="49.056617" lon="15.01942">
        <time>2026-04-05T08:35:53.000Z</time>
      </trkpt>
      <trkpt lat="49.056647" lon="15.01944">
        <time>2026-04-05T08:35:54.000Z</time>
      </trkpt>
      <trkpt lat="49.056678" lon="15.019458">
        <time>2026-04-05T08:35:55.000Z</time>
      </trkpt>
      <trkpt lat="49.056705" lon="15.019472">
        <time>2026-04-05T08:35:56.000Z</time>
      </trkpt>
      <trkpt lat="49.056735" lon="15.019487">
        <time>2026-04-05T08:35:57.000Z</time>
      </trkpt>
      <trkpt lat="49.056762" lon="15.019519">
        <time>2026-04-05T08:35:58.000Z</time>
      </trkpt>
      <trkpt lat="49.056784" lon="15.019546">
        <time>2026-04-05T08:35:59.000Z</time>
      </trkpt>
      <trkpt lat="49.056807" lon="15.019568">
        <time>2026-04-05T08:36:00.000Z</time>
      </trkpt>
      <trkpt lat="49.056836" lon="15.019598">
        <time>2026-04-05T08:36:01.000Z</time>
      </trkpt>
      <trkpt lat="49.056862" lon="15.019622">
        <time>2026-04-05T08:36:02.000Z</time>
      </trkpt>
      <trkpt lat="49.056895" lon="15.019663">
        <time>2026-04-05T08:36:03.000Z</time>
      </trkpt>
      <trkpt lat="49.056921" lon="15.019695">
        <time>2026-04-05T08:36:04.000Z</time>
      </trkpt>
      <trkpt lat="49.056955" lon="15.019727">
        <time>2026-04-05T08:36:05.000Z</time>
      </trkpt>
      <trkpt lat="49.056993" lon="15.01976">
        <time>2026-04-05T08:36:06.000Z</time>
      </trkpt>
      <trkpt lat="49.057036" lon="15.019788">
        <time>2026-04-05T08:36:07.000Z</time>
      </trkpt>
      <trkpt lat="49.057069" lon="15.019812">
        <time>2026-04-05T08:36:08.000Z</time>
      </trkpt>
      <trkpt lat="49.057096" lon="15.019835">
        <time>2026-04-05T08:36:09.000Z</time>
      </trkpt>
      <trkpt lat="49.057131" lon="15.019858">
        <time>2026-04-05T08:36:10.000Z</time>
      </trkpt>
      <trkpt lat="49.057176" lon="15.019889">
        <time>2026-04-05T08:36:11.000Z</time>
      </trkpt>
      <trkpt lat="49.057215" lon="15.019932">
        <time>2026-04-05T08:36:12.000Z</time>
      </trkpt>
      <trkpt lat="49.057253" lon="15.019975">
        <time>2026-04-05T08:36:13.000Z</time>
      </trkpt>
      <trkpt lat="49.057291" lon="15.020021">
        <time>2026-04-05T08:36:14.000Z</time>
      </trkpt>
      <trkpt lat="49.057323" lon="15.020057">
        <time>2026-04-05T08:36:15.000Z</time>
      </trkpt>
      <trkpt lat="49.057357" lon="15.020094">
        <time>2026-04-05T08:36:16.000Z</time>
      </trkpt>
      <trkpt lat="49.057388" lon="15.020117">
        <time>2026-04-05T08:36:17.000Z</time>
      </trkpt>
      <trkpt lat="49.057419" lon="15.020124">
        <time>2026-04-05T08:36:18.000Z</time>
      </trkpt>
      <trkpt lat="49.057455" lon="15.020116">
        <time>2026-04-05T08:36:19.000Z</time>
      </trkpt>
      <trkpt lat="49.057485" lon="15.02011">
        <time>2026-04-05T08:36:20.000Z</time>
      </trkpt>
      <trkpt lat="49.057514" lon="15.020123">
        <time>2026-04-05T08:36:21.000Z</time>
      </trkpt>
      <trkpt lat="49.057538" lon="15.020156">
        <time>2026-04-05T08:36:22.000Z</time>
      </trkpt>
      <trkpt lat="49.057557" lon="15.020187">
        <time>2026-04-05T08:36:23.000Z</time>
      </trkpt>
      <trkpt lat="49.057576" lon="15.020211">
        <time>2026-04-05T08:36:24.000Z</time>
      </trkpt>
      <trkpt lat="49.057607" lon="15.020231">
        <time>2026-04-05T08:36:25.000Z</time>
      </trkpt>
      <trkpt lat="49.057638" lon="15.020243">
        <time>2026-04-05T08:36:26.000Z</time>
      </trkpt>
      <trkpt lat="49.057665" lon="15.020232">
        <time>2026-04-05T08:36:27.000Z</time>
      </trkpt>
      <trkpt lat="49.0577" lon="15.020227">
        <time>2026-04-05T08:36:28.000Z</time>
      </trkpt>
      <trkpt lat="49.05773" lon="15.020239">
        <time>2026-04-05T08:36:29.000Z</time>
      </trkpt>
      <trkpt lat="49.057754" lon="15.02025">
        <time>2026-04-05T08:36:30.000Z</time>
      </trkpt>
      <trkpt lat="49.057776" lon="15.020253">
        <time>2026-04-05T08:36:31.000Z</time>
      </trkpt>
      <trkpt lat="49.057794" lon="15.020258">
        <time>2026-04-05T08:36:32.000Z</time>
      </trkpt>
      <trkpt lat="49.05781" lon="15.020263">
        <time>2026-04-05T08:36:33.000Z</time>
      </trkpt>
      <trkpt lat="49.057825" lon="15.020272">
        <time>2026-04-05T08:36:34.000Z</time>
      </trkpt>
      <trkpt lat="49.05784" lon="15.020277">
        <time>2026-04-05T08:36:35.000Z</time>
      </trkpt>
      <trkpt lat="49.05786" lon="15.020286">
        <time>2026-04-05T08:36:36.000Z</time>
      </trkpt>
      <trkpt lat="49.057876" lon="15.020289">
        <time>2026-04-05T08:36:37.000Z</time>
      </trkpt>
      <trkpt lat="49.057887" lon="15.02029">
        <time>2026-04-05T08:36:38.000Z</time>
      </trkpt>
      <trkpt lat="49.057906" lon="15.020293">
        <time>2026-04-05T08:36:39.000Z</time>
      </trkpt>
      <trkpt lat="49.057925" lon="15.020296">
        <time>2026-04-05T08:36:40.000Z</time>
      </trkpt>
      <trkpt lat="49.057942" lon="15.020297">
        <time>2026-04-05T08:36:41.000Z</time>
      </trkpt>
      <trkpt lat="49.057966" lon="15.020294">
        <time>2026-04-05T08:36:42.000Z</time>
      </trkpt>
      <trkpt lat="49.057984" lon="15.020291">
        <time>2026-04-05T08:36:43.000Z</time>
      </trkpt>
      <trkpt lat="49.057999" lon="15.020294">
        <time>2026-04-05T08:36:44.000Z</time>
      </trkpt>
      <trkpt lat="49.058008" lon="15.020306">
        <time>2026-04-05T08:36:45.000Z</time>
      </trkpt>
      <trkpt lat="49.058016" lon="15.020323">
        <time>2026-04-05T08:36:46.000Z</time>
      </trkpt>
      <trkpt lat="49.058026" lon="15.020335">
        <time>2026-04-05T08:36:47.000Z</time>
      </trkpt>
      <trkpt lat="49.05804" lon="15.020346">
        <time>2026-04-05T08:36:48.000Z</time>
      </trkpt>
      <trkpt lat="49.058051" lon="15.02036">
        <time>2026-04-05T08:36:49.000Z</time>
      </trkpt>
      <trkpt lat="49.058062" lon="15.020377">
        <time>2026-04-05T08:36:50.000Z</time>
      </trkpt>
      <trkpt lat="49.058072" lon="15.020391">
        <time>2026-04-05T08:36:51.000Z</time>
      </trkpt>
      <trkpt lat="49.058086" lon="15.020405">
        <time>2026-04-05T08:36:52.000Z</time>
      </trkpt>
      <trkpt lat="49.058102" lon="15.02042">
        <time>2026-04-05T08:36:53.000Z</time>
      </trkpt>
      <trkpt lat="49.058121" lon="15.020436">
        <time>2026-04-05T08:36:54.000Z</time>
      </trkpt>
      <trkpt lat="49.058139" lon="15.020448">
        <time>2026-04-05T08:36:55.000Z</time>
      </trkpt>
      <trkpt lat="49.058158" lon="15.020463">
        <time>2026-04-05T08:36:56.000Z</time>
      </trkpt>
      <trkpt lat="49.05816" lon="15.020468">
        <time>2026-04-05T08:36:57.000Z</time>
      </trkpt>
      <trkpt lat="49.05815" lon="15.020466">
        <time>2026-04-05T08:36:58.000Z</time>
      </trkpt>
      <trkpt lat="49.058142" lon="15.020468">
        <time>2026-04-05T08:36:59.000Z</time>
      </trkpt>
      <trkpt lat="49.058136" lon="15.020475">
        <time>2026-04-05T08:37:00.000Z</time>
      </trkpt>
      <trkpt lat="49.058127" lon="15.020483">
        <time>2026-04-05T08:37:01.000Z</time>
      </trkpt>
      <trkpt lat="49.058114" lon="15.02049">
        <time>2026-04-05T08:37:02.000Z</time>
      </trkpt>
      <trkpt lat="49.058104" lon="15.020502">
        <time>2026-04-05T08:37:03.000Z</time>
      </trkpt>
      <trkpt lat="49.058093" lon="15.020521">
        <time>2026-04-05T08:37:04.000Z</time>
      </trkpt>
      <trkpt lat="49.058076" lon="15.020537">
        <time>2026-04-05T08:37:05.000Z</time>
      </trkpt>
      <trkpt lat="49.058058" lon="15.020547">
        <time>2026-04-05T08:37:06.000Z</time>
      </trkpt>
      <trkpt lat="49.058041" lon="15.020562">
        <time>2026-04-05T08:37:07.000Z</time>
      </trkpt>
      <trkpt lat="49.058025" lon="15.020569">
        <time>2026-04-05T08:37:08.000Z</time>
      </trkpt>
      <trkpt lat="49.058014" lon="15.020571">
        <time>2026-04-05T08:37:09.000Z</time>
      </trkpt>
      <trkpt lat="49.057994" lon="15.020569">
        <time>2026-04-05T08:37:10.000Z</time>
      </trkpt>
      <trkpt lat="49.057976" lon="15.020567">
        <time>2026-04-05T08:37:11.000Z</time>
      </trkpt>
      <trkpt lat="49.057959" lon="15.020564">
        <time>2026-04-05T08:37:12.000Z</time>
      </trkpt>
      <trkpt lat="49.05795" lon="15.020568">
        <time>2026-04-05T08:37:13.000Z</time>
      </trkpt>
      <trkpt lat="49.057946" lon="15.02058">
        <time>2026-04-05T08:37:14.000Z</time>
      </trkpt>
      <trkpt lat="49.057939" lon="15.020592">
        <time>2026-04-05T08:37:15.000Z</time>
      </trkpt>
      <trkpt lat="49.057931" lon="15.020603">
        <time>2026-04-05T08:37:16.000Z</time>
      </trkpt>
      <trkpt lat="49.057919" lon="15.02061">
        <time>2026-04-05T08:37:17.000Z</time>
      </trkpt>
      <trkpt lat="49.057906" lon="15.020614">
        <time>2026-04-05T08:37:18.000Z</time>
      </trkpt>
      <trkpt lat="49.057898" lon="15.020618">
        <time>2026-04-05T08:37:19.000Z</time>
      </trkpt>
      <trkpt lat="49.05789" lon="15.020621">
        <time>2026-04-05T08:37:20.000Z</time>
      </trkpt>
      <trkpt lat="49.057889" lon="15.020617">
        <time>2026-04-05T08:37:21.000Z</time>
      </trkpt>
      <trkpt lat="49.057891" lon="15.020603">
        <time>2026-04-05T08:37:22.000Z</time>
      </trkpt>
      <trkpt lat="49.057895" lon="15.020593">
        <time>2026-04-05T08:37:23.000Z</time>
      </trkpt>
      <trkpt lat="49.057901" lon="15.02058">
        <time>2026-04-05T08:37:24.000Z</time>
      </trkpt>
      <trkpt lat="49.057907" lon="15.020573">
        <time>2026-04-05T08:37:25.000Z</time>
      </trkpt>
      <trkpt lat="49.057918" lon="15.020576">
        <time>2026-04-05T08:37:26.000Z</time>
      </trkpt>
      <trkpt lat="49.057933" lon="15.020568">
        <time>2026-04-05T08:37:27.000Z</time>
      </trkpt>
      <trkpt lat="49.057943" lon="15.020551">
        <time>2026-04-05T08:37:28.000Z</time>
      </trkpt>
      <trkpt lat="49.05795" lon="15.02053">
        <time>2026-04-05T08:37:29.000Z</time>
      </trkpt>
      <trkpt lat="49.057959" lon="15.020503">
        <time>2026-04-05T08:37:30.000Z</time>
      </trkpt>
      <trkpt lat="49.057963" lon="15.02048">
        <time>2026-04-05T08:37:31.000Z</time>
      </trkpt>
      <trkpt lat="49.057964" lon="15.020462">
        <time>2026-04-05T08:37:32.000Z</time>
      </trkpt>
      <trkpt lat="49.057966" lon="15.02044">
        <time>2026-04-05T08:37:33.000Z</time>
      </trkpt>
      <trkpt lat="49.057976" lon="15.020413">
        <time>2026-04-05T08:37:34.000Z</time>
      </trkpt>
      <trkpt lat="49.057982" lon="15.020399">
        <time>2026-04-05T08:37:35.000Z</time>
      </trkpt>
      <trkpt lat="49.057991" lon="15.02037">
        <time>2026-04-05T08:37:36.000Z</time>
      </trkpt>
      <trkpt lat="49.058001" lon="15.020338">
        <time>2026-04-05T08:37:37.000Z</time>
      </trkpt>
      <trkpt lat="49.05801" lon="15.020308">
        <time>2026-04-05T08:37:38.000Z</time>
      </trkpt>
      <trkpt lat="49.058018" lon="15.020287">
        <time>2026-04-05T08:37:39.000Z</time>
      </trkpt>
      <trkpt lat="49.058022" lon="15.020268">
        <time>2026-04-05T08:37:40.000Z</time>
      </trkpt>
      <trkpt lat="49.058028" lon="15.020252">
        <time>2026-04-05T08:37:41.000Z</time>
      </trkpt>
      <trkpt lat="49.058031" lon="15.020253">
        <time>2026-04-05T08:37:42.000Z</time>
      </trkpt>
      <trkpt lat="49.058033" lon="15.020269">
        <time>2026-04-05T08:37:43.000Z</time>
      </trkpt>
      <trkpt lat="49.058033" lon="15.020284">
        <time>2026-04-05T08:37:44.000Z</time>
      </trkpt>
      <trkpt lat="49.058032" lon="15.020307">
        <time>2026-04-05T08:37:45.000Z</time>
      </trkpt>
      <trkpt lat="49.058033" lon="15.020336">
        <time>2026-04-05T08:37:46.000Z</time>
      </trkpt>
      <trkpt lat="49.05803" lon="15.020367">
        <time>2026-04-05T08:37:47.000Z</time>
      </trkpt>
      <trkpt lat="49.058024" lon="15.020401">
        <time>2026-04-05T08:37:48.000Z</time>
      </trkpt>
      <trkpt lat="49.058014" lon="15.020423">
        <time>2026-04-05T08:37:49.000Z</time>
      </trkpt>
      <trkpt lat="49.058" lon="15.020436">
        <time>2026-04-05T08:37:50.000Z</time>
      </trkpt>
      <trkpt lat="49.05799" lon="15.020447">
        <time>2026-04-05T08:37:51.000Z</time>
      </trkpt>
      <trkpt lat="49.057983" lon="15.020461">
        <time>2026-04-05T08:37:52.000Z</time>
      </trkpt>
      <trkpt lat="49.057973" lon="15.020483">
        <time>2026-04-05T08:37:53.000Z</time>
      </trkpt>
      <trkpt lat="49.057962" lon="15.020505">
        <time>2026-04-05T08:37:54.000Z</time>
      </trkpt>
      <trkpt lat="49.057952" lon="15.020526">
        <time>2026-04-05T08:37:55.000Z</time>
      </trkpt>
      <trkpt lat="49.057938" lon="15.02055">
        <time>2026-04-05T08:37:56.000Z</time>
      </trkpt>
      <trkpt lat="49.057926" lon="15.02057">
        <time>2026-04-05T08:37:57.000Z</time>
      </trkpt>
      <trkpt lat="49.057919" lon="15.020585">
        <time>2026-04-05T08:37:58.000Z</time>
      </trkpt>
      <trkpt lat="49.057907" lon="15.020613">
        <time>2026-04-05T08:37:59.000Z</time>
      </trkpt>
      <trkpt lat="49.057902" lon="15.020635">
        <time>2026-04-05T08:38:00.000Z</time>
      </trkpt>
      <trkpt lat="49.0579" lon="15.020658">
        <time>2026-04-05T08:38:01.000Z</time>
      </trkpt>
      <trkpt lat="49.057904" lon="15.020682">
        <time>2026-04-05T08:38:02.000Z</time>
      </trkpt>
      <trkpt lat="49.057915" lon="15.020709">
        <time>2026-04-05T08:38:03.000Z</time>
      </trkpt>
      <trkpt lat="49.05793" lon="15.020725">
        <time>2026-04-05T08:38:04.000Z</time>
      </trkpt>
      <trkpt lat="49.057946" lon="15.020742">
        <time>2026-04-05T08:38:05.000Z</time>
      </trkpt>
      <trkpt lat="49.057957" lon="15.020767">
        <time>2026-04-05T08:38:06.000Z</time>
      </trkpt>
      <trkpt lat="49.057964" lon="15.020799">
        <time>2026-04-05T08:38:07.000Z</time>
      </trkpt>
      <trkpt lat="49.057974" lon="15.020838">
        <time>2026-04-05T08:38:08.000Z</time>
      </trkpt>
      <trkpt lat="49.057987" lon="15.020893">
        <time>2026-04-05T08:38:09.000Z</time>
      </trkpt>
      <trkpt lat="49.057998" lon="15.020943">
        <time>2026-04-05T08:38:10.000Z</time>
      </trkpt>
      <trkpt lat="49.058009" lon="15.020984">
        <time>2026-04-05T08:38:11.000Z</time>
      </trkpt>
      <trkpt lat="49.058025" lon="15.021018">
        <time>2026-04-05T08:38:12.000Z</time>
      </trkpt>
      <trkpt lat="49.058034" lon="15.021065">
        <time>2026-04-05T08:38:13.000Z</time>
      </trkpt>
      <trkpt lat="49.058012" lon="15.021117">
        <time>2026-04-05T08:38:14.000Z</time>
      </trkpt>
      <trkpt lat="49.058002" lon="15.021154">
        <time>2026-04-05T08:38:15.000Z</time>
      </trkpt>
      <trkpt lat="49.057982" lon="15.021188">
        <time>2026-04-05T08:38:16.000Z</time>
      </trkpt>
      <trkpt lat="49.05796" lon="15.021229">
        <time>2026-04-05T08:38:17.000Z</time>
      </trkpt>
      <trkpt lat="49.057943" lon="15.021266">
        <time>2026-04-05T08:38:18.000Z</time>
      </trkpt>
      <trkpt lat="49.057919" lon="15.021307">
        <time>2026-04-05T08:38:19.000Z</time>
      </trkpt>
      <trkpt lat="49.05789" lon="15.021333">
        <time>2026-04-05T08:38:20.000Z</time>
      </trkpt>
      <trkpt lat="49.057869" lon="15.021358">
        <time>2026-04-05T08:38:21.000Z</time>
      </trkpt>
      <trkpt lat="49.057838" lon="15.021383">
        <time>2026-04-05T08:38:22.000Z</time>
      </trkpt>
      <trkpt lat="49.057814" lon="15.021407">
        <time>2026-04-05T08:38:23.000Z</time>
      </trkpt>
      <trkpt lat="49.057793" lon="15.021431">
        <time>2026-04-05T08:38:24.000Z</time>
      </trkpt>
      <trkpt lat="49.057776" lon="15.02146">
        <time>2026-04-05T08:38:25.000Z</time>
      </trkpt>
      <trkpt lat="49.057764" lon="15.021506">
        <time>2026-04-05T08:38:26.000Z</time>
      </trkpt>
      <trkpt lat="49.057763" lon="15.021548">
        <time>2026-04-05T08:38:27.000Z</time>
      </trkpt>
      <trkpt lat="49.057761" lon="15.021599">
        <time>2026-04-05T08:38:28.000Z</time>
      </trkpt>
      <trkpt lat="49.05776" lon="15.021644">
        <time>2026-04-05T08:38:29.000Z</time>
      </trkpt>
      <trkpt lat="49.057753" lon="15.021689">
        <time>2026-04-05T08:38:30.000Z</time>
      </trkpt>
      <trkpt lat="49.057748" lon="15.021724">
        <time>2026-04-05T08:38:31.000Z</time>
      </trkpt>
      <trkpt lat="49.05774" lon="15.021762">
        <time>2026-04-05T08:38:32.000Z</time>
      </trkpt>
      <trkpt lat="49.057717" lon="15.021785">
        <time>2026-04-05T08:38:33.000Z</time>
      </trkpt>
      <trkpt lat="49.057696" lon="15.021806">
        <time>2026-04-05T08:38:34.000Z</time>
      </trkpt>
      <trkpt lat="49.057692" lon="15.021832">
        <time>2026-04-05T08:38:35.000Z</time>
      </trkpt>
      <trkpt lat="49.05769" lon="15.021879">
        <time>2026-04-05T08:38:36.000Z</time>
      </trkpt>
      <trkpt lat="49.057679" lon="15.021929">
        <time>2026-04-05T08:38:37.000Z</time>
      </trkpt>
      <trkpt lat="49.057668" lon="15.021968">
        <time>2026-04-05T08:38:38.000Z</time>
      </trkpt>
      <trkpt lat="49.05766" lon="15.022008">
        <time>2026-04-05T08:38:39.000Z</time>
      </trkpt>
      <trkpt lat="49.057645" lon="15.022038">
        <time>2026-04-05T08:38:40.000Z</time>
      </trkpt>
      <trkpt lat="49.057626" lon="15.022065">
        <time>2026-04-05T08:38:41.000Z</time>
      </trkpt>
      <trkpt lat="49.057611" lon="15.022071">
        <time>2026-04-05T08:38:42.000Z</time>
      </trkpt>
      <trkpt lat="49.057595" lon="15.022056">
        <time>2026-04-05T08:38:43.000Z</time>
      </trkpt>
      <trkpt lat="49.057573" lon="15.022039">
        <time>2026-04-05T08:38:44.000Z</time>
      </trkpt>
      <trkpt lat="49.057555" lon="15.022027">
        <time>2026-04-05T08:38:45.000Z</time>
      </trkpt>
      <trkpt lat="49.057536" lon="15.022024">
        <time>2026-04-05T08:38:46.000Z</time>
      </trkpt>
      <trkpt lat="49.05752" lon="15.02203">
        <time>2026-04-05T08:38:47.000Z</time>
      </trkpt>
      <trkpt lat="49.057504" lon="15.022041">
        <time>2026-04-05T08:38:48.000Z</time>
      </trkpt>
      <trkpt lat="49.057492" lon="15.022068">
        <time>2026-04-05T08:38:49.000Z</time>
      </trkpt>
      <trkpt lat="49.057493" lon="15.022093">
        <time>2026-04-05T08:38:50.000Z</time>
      </trkpt>
      <trkpt lat="49.057502" lon="15.02211">
        <time>2026-04-05T08:38:51.000Z</time>
      </trkpt>
      <trkpt lat="49.05753" lon="15.02211">
        <time>2026-04-05T08:38:52.000Z</time>
      </trkpt>
      <trkpt lat="49.057553" lon="15.022103">
        <time>2026-04-05T08:38:53.000Z</time>
      </trkpt>
      <trkpt lat="49.057576" lon="15.022102">
        <time>2026-04-05T08:38:54.000Z</time>
      </trkpt>
      <trkpt lat="49.0576" lon="15.022087">
        <time>2026-04-05T08:38:55.000Z</time>
      </trkpt>
      <trkpt lat="49.057626" lon="15.022083">
        <time>2026-04-05T08:38:56.000Z</time>
      </trkpt>
      <trkpt lat="49.057646" lon="15.022105">
        <time>2026-04-05T08:38:57.000Z</time>
      </trkpt>
      <trkpt lat="49.057665" lon="15.022119">
        <time>2026-04-05T08:38:58.000Z</time>
      </trkpt>
      <trkpt lat="49.057692" lon="15.022116">
        <time>2026-04-05T08:38:59.000Z</time>
      </trkpt>
      <trkpt lat="49.057726" lon="15.022109">
        <time>2026-04-05T08:39:00.000Z</time>
      </trkpt>
      <trkpt lat="49.05775" lon="15.022102">
        <time>2026-04-05T08:39:01.000Z</time>
      </trkpt>
      <trkpt lat="49.057763" lon="15.022124">
        <time>2026-04-05T08:39:02.000Z</time>
      </trkpt>
      <trkpt lat="49.057779" lon="15.022146">
        <time>2026-04-05T08:39:03.000Z</time>
      </trkpt>
      <trkpt lat="49.057798" lon="15.022177">
        <time>2026-04-05T08:39:04.000Z</time>
      </trkpt>
      <trkpt lat="49.057821" lon="15.022207">
        <time>2026-04-05T08:39:05.000Z</time>
      </trkpt>
      <trkpt lat="49.057842" lon="15.022216">
        <time>2026-04-05T08:39:06.000Z</time>
      </trkpt>
      <trkpt lat="49.057867" lon="15.02222">
        <time>2026-04-05T08:39:07.000Z</time>
      </trkpt>
      <trkpt lat="49.057892" lon="15.022218">
        <time>2026-04-05T08:39:08.000Z</time>
      </trkpt>
      <trkpt lat="49.057921" lon="15.022228">
        <time>2026-04-05T08:39:09.000Z</time>
      </trkpt>
      <trkpt lat="49.057937" lon="15.022244">
        <time>2026-04-05T08:39:10.000Z</time>
      </trkpt>
      <trkpt lat="49.057939" lon="15.022271">
        <time>2026-04-05T08:39:11.000Z</time>
      </trkpt>
      <trkpt lat="49.057936" lon="15.022302">
        <time>2026-04-05T08:39:12.000Z</time>
      </trkpt>
      <trkpt lat="49.05794" lon="15.022325">
        <time>2026-04-05T08:39:13.000Z</time>
      </trkpt>
      <trkpt lat="49.057953" lon="15.022345">
        <time>2026-04-05T08:39:14.000Z</time>
      </trkpt>
      <trkpt lat="49.057961" lon="15.022365">
        <time>2026-04-05T08:39:15.000Z</time>
      </trkpt>
      <trkpt lat="49.05797" lon="15.022393">
        <time>2026-04-05T08:39:16.000Z</time>
      </trkpt>
      <trkpt lat="49.057981" lon="15.022434">
        <time>2026-04-05T08:39:17.000Z</time>
      </trkpt>
      <trkpt lat="49.057991" lon="15.022469">
        <time>2026-04-05T08:39:18.000Z</time>
      </trkpt>
      <trkpt lat="49.058005" lon="15.022495">
        <time>2026-04-05T08:39:19.000Z</time>
      </trkpt>
      <trkpt lat="49.058025" lon="15.022529">
        <time>2026-04-05T08:39:20.000Z</time>
      </trkpt>
      <trkpt lat="49.058042" lon="15.022572">
        <time>2026-04-05T08:39:21.000Z</time>
      </trkpt>
      <trkpt lat="49.058064" lon="15.022605">
        <time>2026-04-05T08:39:22.000Z</time>
      </trkpt>
      <trkpt lat="49.058088" lon="15.022621">
        <time>2026-04-05T08:39:23.000Z</time>
      </trkpt>
      <trkpt lat="49.058102" lon="15.022645">
        <time>2026-04-05T08:39:24.000Z</time>
      </trkpt>
      <trkpt lat="49.058114" lon="15.022676">
        <time>2026-04-05T08:39:25.000Z</time>
      </trkpt>
      <trkpt lat="49.058127" lon="15.022712">
        <time>2026-04-05T08:39:26.000Z</time>
      </trkpt>
      <trkpt lat="49.058139" lon="15.022739">
        <time>2026-04-05T08:39:27.000Z</time>
      </trkpt>
      <trkpt lat="49.058151" lon="15.022765">
        <time>2026-04-05T08:39:28.000Z</time>
      </trkpt>
      <trkpt lat="49.058168" lon="15.022782">
        <time>2026-04-05T08:39:29.000Z</time>
      </trkpt>
      <trkpt lat="49.058189" lon="15.022794">
        <time>2026-04-05T08:39:30.000Z</time>
      </trkpt>
      <trkpt lat="49.058204" lon="15.022817">
        <time>2026-04-05T08:39:31.000Z</time>
      </trkpt>
      <trkpt lat="49.058224" lon="15.022838">
        <time>2026-04-05T08:39:32.000Z</time>
      </trkpt>
      <trkpt lat="49.05825" lon="15.02284">
        <time>2026-04-05T08:39:33.000Z</time>
      </trkpt>
      <trkpt lat="49.05827" lon="15.022836">
        <time>2026-04-05T08:39:34.000Z</time>
      </trkpt>
      <trkpt lat="49.058291" lon="15.022842">
        <time>2026-04-05T08:39:35.000Z</time>
      </trkpt>
      <trkpt lat="49.058316" lon="15.022851">
        <time>2026-04-05T08:39:36.000Z</time>
      </trkpt>
      <trkpt lat="49.058344" lon="15.022867">
        <time>2026-04-05T08:39:37.000Z</time>
      </trkpt>
      <trkpt lat="49.058366" lon="15.022886">
        <time>2026-04-05T08:39:38.000Z</time>
      </trkpt>
      <trkpt lat="49.058384" lon="15.022912">
        <time>2026-04-05T08:39:39.000Z</time>
      </trkpt>
      <trkpt lat="49.058395" lon="15.022932">
        <time>2026-04-05T08:39:40.000Z</time>
      </trkpt>
      <trkpt lat="49.058411" lon="15.022958">
        <time>2026-04-05T08:39:41.000Z</time>
      </trkpt>
      <trkpt lat="49.058421" lon="15.02298">
        <time>2026-04-05T08:39:42.000Z</time>
      </trkpt>
      <trkpt lat="49.058428" lon="15.023003">
        <time>2026-04-05T08:39:43.000Z</time>
      </trkpt>
      <trkpt lat="49.058434" lon="15.023029">
        <time>2026-04-05T08:39:44.000Z</time>
      </trkpt>
      <trkpt lat="49.058442" lon="15.023058">
        <time>2026-04-05T08:39:45.000Z</time>
      </trkpt>
      <trkpt lat="49.058455" lon="15.023085">
        <time>2026-04-05T08:39:46.000Z</time>
      </trkpt>
      <trkpt lat="49.058468" lon="15.023111">
        <time>2026-04-05T08:39:47.000Z</time>
      </trkpt>
      <trkpt lat="49.058484" lon="15.023136">
        <time>2026-04-05T08:39:48.000Z</time>
      </trkpt>
      <trkpt lat="49.058507" lon="15.023153">
        <time>2026-04-05T08:39:49.000Z</time>
      </trkpt>
      <trkpt lat="49.058528" lon="15.023177">
        <time>2026-04-05T08:39:50.000Z</time>
      </trkpt>
      <trkpt lat="49.058543" lon="15.023202">
        <time>2026-04-05T08:39:51.000Z</time>
      </trkpt>
      <trkpt lat="49.058554" lon="15.023224">
        <time>2026-04-05T08:39:52.000Z</time>
      </trkpt>
      <trkpt lat="49.058568" lon="15.023235">
        <time>2026-04-05T08:39:53.000Z</time>
      </trkpt>
      <trkpt lat="49.058581" lon="15.023251">
        <time>2026-04-05T08:39:54.000Z</time>
      </trkpt>
      <trkpt lat="49.058592" lon="15.023267">
        <time>2026-04-05T08:39:55.000Z</time>
      </trkpt>
      <trkpt lat="49.058603" lon="15.02329">
        <time>2026-04-05T08:39:56.000Z</time>
      </trkpt>
      <trkpt lat="49.058612" lon="15.023311">
        <time>2026-04-05T08:39:57.000Z</time>
      </trkpt>
      <trkpt lat="49.058621" lon="15.023333">
        <time>2026-04-05T08:39:58.000Z</time>
      </trkpt>
      <trkpt lat="49.058622" lon="15.02336">
        <time>2026-04-05T08:39:59.000Z</time>
      </trkpt>
      <trkpt lat="49.058634" lon="15.023405">
        <time>2026-04-05T08:40:00.000Z</time>
      </trkpt>
      <trkpt lat="49.058637" lon="15.02345">
        <time>2026-04-05T08:40:01.000Z</time>
      </trkpt>
      <trkpt lat="49.058632" lon="15.023512">
        <time>2026-04-05T08:40:02.000Z</time>
      </trkpt>
      <trkpt lat="49.058627" lon="15.023557">
        <time>2026-04-05T08:40:03.000Z</time>
      </trkpt>
      <trkpt lat="49.058632" lon="15.023582">
        <time>2026-04-05T08:40:04.000Z</time>
      </trkpt>
      <trkpt lat="49.058647" lon="15.023608">
        <time>2026-04-05T08:40:05.000Z</time>
      </trkpt>
      <trkpt lat="49.058666" lon="15.023618">
        <time>2026-04-05T08:40:06.000Z</time>
      </trkpt>
      <trkpt lat="49.058691" lon="15.023616">
        <time>2026-04-05T08:40:07.000Z</time>
      </trkpt>
      <trkpt lat="49.058714" lon="15.023611">
        <time>2026-04-05T08:40:08.000Z</time>
      </trkpt>
      <trkpt lat="49.058744" lon="15.023596">
        <time>2026-04-05T08:40:09.000Z</time>
      </trkpt>
      <trkpt lat="49.058776" lon="15.023587">
        <time>2026-04-05T08:40:10.000Z</time>
      </trkpt>
      <trkpt lat="49.058797" lon="15.023571">
        <time>2026-04-05T08:40:11.000Z</time>
      </trkpt>
      <trkpt lat="49.058813" lon="15.023535">
        <time>2026-04-05T08:40:12.000Z</time>
      </trkpt>
      <trkpt lat="49.058834" lon="15.023503">
        <time>2026-04-05T08:40:13.000Z</time>
      </trkpt>
      <trkpt lat="49.058849" lon="15.023476">
        <time>2026-04-05T08:40:14.000Z</time>
      </trkpt>
      <trkpt lat="49.058853" lon="15.023442">
        <time>2026-04-05T08:40:15.000Z</time>
      </trkpt>
      <trkpt lat="49.058862" lon="15.023399">
        <time>2026-04-05T08:40:16.000Z</time>
      </trkpt>
      <trkpt lat="49.058865" lon="15.023364">
        <time>2026-04-05T08:40:17.000Z</time>
      </trkpt>
      <trkpt lat="49.058858" lon="15.023327">
        <time>2026-04-05T08:40:18.000Z</time>
      </trkpt>
      <trkpt lat="49.05885" lon="15.0233">
        <time>2026-04-05T08:40:19.000Z</time>
      </trkpt>
      <trkpt lat="49.05884" lon="15.023267">
        <time>2026-04-05T08:40:20.000Z</time>
      </trkpt>
      <trkpt lat="49.058837" lon="15.023207">
        <time>2026-04-05T08:40:21.000Z</time>
      </trkpt>
      <trkpt lat="49.058843" lon="15.02317">
        <time>2026-04-05T08:40:22.000Z</time>
      </trkpt>
      <trkpt lat="49.058855" lon="15.023137">
        <time>2026-04-05T08:40:23.000Z</time>
      </trkpt>
      <trkpt lat="49.058873" lon="15.023104">
        <time>2026-04-05T08:40:24.000Z</time>
      </trkpt>
      <trkpt lat="49.058894" lon="15.023068">
        <time>2026-04-05T08:40:25.000Z</time>
      </trkpt>
      <trkpt lat="49.058913" lon="15.023043">
        <time>2026-04-05T08:40:26.000Z</time>
      </trkpt>
      <trkpt lat="49.058927" lon="15.023013">
        <time>2026-04-05T08:40:27.000Z</time>
      </trkpt>
      <trkpt lat="49.058946" lon="15.022967">
        <time>2026-04-05T08:40:28.000Z</time>
      </trkpt>
      <trkpt lat="49.058946" lon="15.022938">
        <time>2026-04-05T08:40:29.000Z</time>
      </trkpt>
      <trkpt lat="49.058955" lon="15.022911">
        <time>2026-04-05T08:40:30.000Z</time>
      </trkpt>
      <trkpt lat="49.058971" lon="15.022893">
        <time>2026-04-05T08:40:31.000Z</time>
      </trkpt>
      <trkpt lat="49.058988" lon="15.022881">
        <time>2026-04-05T08:40:32.000Z</time>
      </trkpt>
      <trkpt lat="49.059007" lon="15.022852">
        <time>2026-04-05T08:40:33.000Z</time>
      </trkpt>
      <trkpt lat="49.059026" lon="15.022826">
        <time>2026-04-05T08:40:34.000Z</time>
      </trkpt>
      <trkpt lat="49.059049" lon="15.022799">
        <time>2026-04-05T08:40:35.000Z</time>
      </trkpt>
      <trkpt lat="49.059071" lon="15.022773">
        <time>2026-04-05T08:40:36.000Z</time>
      </trkpt>
      <trkpt lat="49.059098" lon="15.022749">
        <time>2026-04-05T08:40:37.000Z</time>
      </trkpt>
      <trkpt lat="49.059117" lon="15.022732">
        <time>2026-04-05T08:40:38.000Z</time>
      </trkpt>
      <trkpt lat="49.059145" lon="15.022715">
        <time>2026-04-05T08:40:39.000Z</time>
      </trkpt>
      <trkpt lat="49.059175" lon="15.022699">
        <time>2026-04-05T08:40:40.000Z</time>
      </trkpt>
      <trkpt lat="49.0592" lon="15.022681">
        <time>2026-04-05T08:40:41.000Z</time>
      </trkpt>
      <trkpt lat="49.059231" lon="15.022658">
        <time>2026-04-05T08:40:42.000Z</time>
      </trkpt>
      <trkpt lat="49.059258" lon="15.022651">
        <time>2026-04-05T08:40:43.000Z</time>
      </trkpt>
      <trkpt lat="49.05928" lon="15.022622">
        <time>2026-04-05T08:40:44.000Z</time>
      </trkpt>
      <trkpt lat="49.059295" lon="15.022592">
        <time>2026-04-05T08:40:45.000Z</time>
      </trkpt>
      <trkpt lat="49.059304" lon="15.022547">
        <time>2026-04-05T08:40:46.000Z</time>
      </trkpt>
      <trkpt lat="49.059308" lon="15.022494">
        <time>2026-04-05T08:40:47.000Z</time>
      </trkpt>
      <trkpt lat="49.05931" lon="15.022445">
        <time>2026-04-05T08:40:48.000Z</time>
      </trkpt>
      <trkpt lat="49.059317" lon="15.022395">
        <time>2026-04-05T08:40:49.000Z</time>
      </trkpt>
      <trkpt lat="49.059323" lon="15.022336">
        <time>2026-04-05T08:40:50.000Z</time>
      </trkpt>
      <trkpt lat="49.059324" lon="15.02229">
        <time>2026-04-05T08:40:51.000Z</time>
      </trkpt>
      <trkpt lat="49.059326" lon="15.022238">
        <time>2026-04-05T08:40:52.000Z</time>
      </trkpt>
      <trkpt lat="49.059331" lon="15.022197">
        <time>2026-04-05T08:40:53.000Z</time>
      </trkpt>
      <trkpt lat="49.059336" lon="15.022147">
        <time>2026-04-05T08:40:54.000Z</time>
      </trkpt>
      <trkpt lat="49.05934" lon="15.022102">
        <time>2026-04-05T08:40:55.000Z</time>
      </trkpt>
      <trkpt lat="49.059333" lon="15.022056">
        <time>2026-04-05T08:40:56.000Z</time>
      </trkpt>
      <trkpt lat="49.059329" lon="15.022006">
        <time>2026-04-05T08:40:57.000Z</time>
      </trkpt>
      <trkpt lat="49.059316" lon="15.021954">
        <time>2026-04-05T08:40:58.000Z</time>
      </trkpt>
      <trkpt lat="49.059301" lon="15.021919">
        <time>2026-04-05T08:40:59.000Z</time>
      </trkpt>
      <trkpt lat="49.059281" lon="15.021879">
        <time>2026-04-05T08:41:00.000Z</time>
      </trkpt>
      <trkpt lat="49.059253" lon="15.021847">
        <time>2026-04-05T08:41:01.000Z</time>
      </trkpt>
      <trkpt lat="49.05923" lon="15.021835">
        <time>2026-04-05T08:41:02.000Z</time>
      </trkpt>
      <trkpt lat="49.059196" lon="15.021797">
        <time>2026-04-05T08:41:03.000Z</time>
      </trkpt>
      <trkpt lat="49.059185" lon="15.021752">
        <time>2026-04-05T08:41:04.000Z</time>
      </trkpt>
      <trkpt lat="49.059176" lon="15.021711">
        <time>2026-04-05T08:41:05.000Z</time>
      </trkpt>
      <trkpt lat="49.059165" lon="15.021654">
        <time>2026-04-05T08:41:06.000Z</time>
      </trkpt>
      <trkpt lat="49.059165" lon="15.021598">
        <time>2026-04-05T08:41:07.000Z</time>
      </trkpt>
      <trkpt lat="49.059162" lon="15.021559">
        <time>2026-04-05T08:41:08.000Z</time>
      </trkpt>
      <trkpt lat="49.059157" lon="15.021503">
        <time>2026-04-05T08:41:09.000Z</time>
      </trkpt>
      <trkpt lat="49.059158" lon="15.021453">
        <time>2026-04-05T08:41:10.000Z</time>
      </trkpt>
      <trkpt lat="49.059156" lon="15.021416">
        <time>2026-04-05T08:41:11.000Z</time>
      </trkpt>
      <trkpt lat="49.059148" lon="15.02136">
        <time>2026-04-05T08:41:12.000Z</time>
      </trkpt>
      <trkpt lat="49.059138" lon="15.021307">
        <time>2026-04-05T08:41:13.000Z</time>
      </trkpt>
      <trkpt lat="49.059129" lon="15.021263">
        <time>2026-04-05T08:41:14.000Z</time>
      </trkpt>
      <trkpt lat="49.059118" lon="15.021208">
        <time>2026-04-05T08:41:15.000Z</time>
      </trkpt>
      <trkpt lat="49.059111" lon="15.021154">
        <time>2026-04-05T08:41:16.000Z</time>
      </trkpt>
      <trkpt lat="49.059103" lon="15.021113">
        <time>2026-04-05T08:41:17.000Z</time>
      </trkpt>
      <trkpt lat="49.059099" lon="15.021072">
        <time>2026-04-05T08:41:18.000Z</time>
      </trkpt>
      <trkpt lat="49.059115" lon="15.021041">
        <time>2026-04-05T08:41:19.000Z</time>
      </trkpt>
      <trkpt lat="49.059131" lon="15.021025">
        <time>2026-04-05T08:41:20.000Z</time>
      </trkpt>
      <trkpt lat="49.059152" lon="15.021003">
        <time>2026-04-05T08:41:21.000Z</time>
      </trkpt>
      <trkpt lat="49.059175" lon="15.020968">
        <time>2026-04-05T08:41:22.000Z</time>
      </trkpt>
      <trkpt lat="49.059193" lon="15.020933">
        <time>2026-04-05T08:41:23.000Z</time>
      </trkpt>
      <trkpt lat="49.059205" lon="15.020903">
        <time>2026-04-05T08:41:24.000Z</time>
      </trkpt>
      <trkpt lat="49.059221" lon="15.020877">
        <time>2026-04-05T08:41:25.000Z</time>
      </trkpt>
      <trkpt lat="49.059236" lon="15.020842">
        <time>2026-04-05T08:41:26.000Z</time>
      </trkpt>
      <trkpt lat="49.059254" lon="15.020813">
        <time>2026-04-05T08:41:27.000Z</time>
      </trkpt>
      <trkpt lat="49.059268" lon="15.020788">
        <time>2026-04-05T08:41:28.000Z</time>
      </trkpt>
      <trkpt lat="49.059283" lon="15.020757">
        <time>2026-04-05T08:41:29.000Z</time>
      </trkpt>
      <trkpt lat="49.059299" lon="15.020737">
        <time>2026-04-05T08:41:30.000Z</time>
      </trkpt>
      <trkpt lat="49.059306" lon="15.020705">
        <time>2026-04-05T08:41:31.000Z</time>
      </trkpt>
      <trkpt lat="49.059312" lon="15.020673">
        <time>2026-04-05T08:41:32.000Z</time>
      </trkpt>
      <trkpt lat="49.059322" lon="15.020645">
        <time>2026-04-05T08:41:33.000Z</time>
      </trkpt>
      <trkpt lat="49.059335" lon="15.020629">
        <time>2026-04-05T08:41:34.000Z</time>
      </trkpt>
      <trkpt lat="49.059346" lon="15.020603">
        <time>2026-04-05T08:41:35.000Z</time>
      </trkpt>
      <trkpt lat="49.059359" lon="15.020579">
        <time>2026-04-05T08:41:36.000Z</time>
      </trkpt>
      <trkpt lat="49.05937" lon="15.020555">
        <time>2026-04-05T08:41:37.000Z</time>
      </trkpt>
      <trkpt lat="49.059386" lon="15.020542">
        <time>2026-04-05T08:41:38.000Z</time>
      </trkpt>
      <trkpt lat="49.059401" lon="15.020538">
        <time>2026-04-05T08:41:39.000Z</time>
      </trkpt>
      <trkpt lat="49.05941" lon="15.020536">
        <time>2026-04-05T08:41:40.000Z</time>
      </trkpt>
      <trkpt lat="49.059421" lon="15.020531">
        <time>2026-04-05T08:41:41.000Z</time>
      </trkpt>
      <trkpt lat="49.059431" lon="15.020514">
        <time>2026-04-05T08:41:42.000Z</time>
      </trkpt>
      <trkpt lat="49.059446" lon="15.020492">
        <time>2026-04-05T08:41:43.000Z</time>
      </trkpt>
      <trkpt lat="49.059458" lon="15.020476">
        <time>2026-04-05T08:41:44.000Z</time>
      </trkpt>
      <trkpt lat="49.059463" lon="15.020463">
        <time>2026-04-05T08:41:45.000Z</time>
      </trkpt>
      <trkpt lat="49.059465" lon="15.020458">
        <time>2026-04-05T08:41:46.000Z</time>
      </trkpt>
      <trkpt lat="49.059464" lon="15.020452">
        <time>2026-04-05T08:41:47.000Z</time>
      </trkpt>
      <trkpt lat="49.059467" lon="15.020469">
        <time>2026-04-05T08:41:48.000Z</time>
      </trkpt>
      <trkpt lat="49.059461" lon="15.020471">
        <time>2026-04-05T08:41:49.000Z</time>
      </trkpt>
      <trkpt lat="49.059455" lon="15.020468">
        <time>2026-04-05T08:41:50.000Z</time>
      </trkpt>
      <trkpt lat="49.059451" lon="15.020458">
        <time>2026-04-05T08:41:51.000Z</time>
      </trkpt>
      <trkpt lat="49.059448" lon="15.020452">
        <time>2026-04-05T08:41:52.000Z</time>
      </trkpt>
      <trkpt lat="49.059446" lon="15.020449">
        <time>2026-04-05T08:41:53.000Z</time>
      </trkpt>
      <trkpt lat="49.059443" lon="15.020446">
        <time>2026-04-05T08:41:54.000Z</time>
      </trkpt>
      <trkpt lat="49.059438" lon="15.020438">
        <time>2026-04-05T08:41:55.000Z</time>
      </trkpt>
      <trkpt lat="49.059428" lon="15.020422">
        <time>2026-04-05T08:41:56.000Z</time>
      </trkpt>
      <trkpt lat="49.059421" lon="15.020399">
        <time>2026-04-05T08:41:57.000Z</time>
      </trkpt>
      <trkpt lat="49.059413" lon="15.020376">
        <time>2026-04-05T08:41:58.000Z</time>
      </trkpt>
      <trkpt lat="49.059409" lon="15.020346">
        <time>2026-04-05T08:41:59.000Z</time>
      </trkpt>
      <trkpt lat="49.059398" lon="15.020315">
        <time>2026-04-05T08:42:00.000Z</time>
      </trkpt>
      <trkpt lat="49.059386" lon="15.020288">
        <time>2026-04-05T08:42:01.000Z</time>
      </trkpt>
      <trkpt lat="49.059375" lon="15.02026">
        <time>2026-04-05T08:42:02.000Z</time>
      </trkpt>
      <trkpt lat="49.059364" lon="15.020223">
        <time>2026-04-05T08:42:03.000Z</time>
      </trkpt>
      <trkpt lat="49.059356" lon="15.020183">
        <time>2026-04-05T08:42:04.000Z</time>
      </trkpt>
      <trkpt lat="49.059346" lon="15.020151">
        <time>2026-04-05T08:42:05.000Z</time>
      </trkpt>
      <trkpt lat="49.059339" lon="15.02012">
        <time>2026-04-05T08:42:06.000Z</time>
      </trkpt>
      <trkpt lat="49.059326" lon="15.020104">
        <time>2026-04-05T08:42:07.000Z</time>
      </trkpt>
      <trkpt lat="49.059311" lon="15.020087">
        <time>2026-04-05T08:42:08.000Z</time>
      </trkpt>
      <trkpt lat="49.059302" lon="15.020064">
        <time>2026-04-05T08:42:09.000Z</time>
      </trkpt>
      <trkpt lat="49.059283" lon="15.020039">
        <time>2026-04-05T08:42:10.000Z</time>
      </trkpt>
      <trkpt lat="49.059269" lon="15.02001">
        <time>2026-04-05T08:42:11.000Z</time>
      </trkpt>
      <trkpt lat="49.059253" lon="15.019982">
        <time>2026-04-05T08:42:12.000Z</time>
      </trkpt>
      <trkpt lat="49.059241" lon="15.019954">
        <time>2026-04-05T08:42:13.000Z</time>
      </trkpt>
      <trkpt lat="49.059226" lon="15.019926">
        <time>2026-04-05T08:42:14.000Z</time>
      </trkpt>
      <trkpt lat="49.05921" lon="15.019906">
        <time>2026-04-05T08:42:15.000Z</time>
      </trkpt>
      <trkpt lat="49.059192" lon="15.019874">
        <time>2026-04-05T08:42:16.000Z</time>
      </trkpt>
      <trkpt lat="49.059179" lon="15.019839">
        <time>2026-04-05T08:42:17.000Z</time>
      </trkpt>
      <trkpt lat="49.05917" lon="15.019797">
        <time>2026-04-05T08:42:18.000Z</time>
      </trkpt>
      <trkpt lat="49.059164" lon="15.01975">
        <time>2026-04-05T08:42:19.000Z</time>
      </trkpt>
      <trkpt lat="49.059153" lon="15.019717">
        <time>2026-04-05T08:42:20.000Z</time>
      </trkpt>
      <trkpt lat="49.059133" lon="15.019674">
        <time>2026-04-05T08:42:21.000Z</time>
      </trkpt>
      <trkpt lat="49.059115" lon="15.019643">
        <time>2026-04-05T08:42:22.000Z</time>
      </trkpt>
      <trkpt lat="49.059093" lon="15.019603">
        <time>2026-04-05T08:42:23.000Z</time>
      </trkpt>
      <trkpt lat="49.059071" lon="15.019574">
        <time>2026-04-05T08:42:24.000Z</time>
      </trkpt>
      <trkpt lat="49.059054" lon="15.01953">
        <time>2026-04-05T08:42:25.000Z</time>
      </trkpt>
      <trkpt lat="49.059045" lon="15.019488">
        <time>2026-04-05T08:42:26.000Z</time>
      </trkpt>
      <trkpt lat="49.059041" lon="15.019444">
        <time>2026-04-05T08:42:27.000Z</time>
      </trkpt>
      <trkpt lat="49.059042" lon="15.019388">
        <time>2026-04-05T08:42:28.000Z</time>
      </trkpt>
      <trkpt lat="49.059042" lon="15.019336">
        <time>2026-04-05T08:42:29.000Z</time>
      </trkpt>
      <trkpt lat="49.059028" lon="15.019297">
        <time>2026-04-05T08:42:30.000Z</time>
      </trkpt>
      <trkpt lat="49.059008" lon="15.019255">
        <time>2026-04-05T08:42:31.000Z</time>
      </trkpt>
      <trkpt lat="49.05898" lon="15.019227">
        <time>2026-04-05T08:42:32.000Z</time>
      </trkpt>
      <trkpt lat="49.058947" lon="15.019226">
        <time>2026-04-05T08:42:33.000Z</time>
      </trkpt>
      <trkpt lat="49.058919" lon="15.019244">
        <time>2026-04-05T08:42:34.000Z</time>
      </trkpt>
      <trkpt lat="49.058891" lon="15.019263">
        <time>2026-04-05T08:42:35.000Z</time>
      </trkpt>
      <trkpt lat="49.058863" lon="15.019294">
        <time>2026-04-05T08:42:36.000Z</time>
      </trkpt>
      <trkpt lat="49.058835" lon="15.019324">
        <time>2026-04-05T08:42:37.000Z</time>
      </trkpt>
      <trkpt lat="49.058803" lon="15.019341">
        <time>2026-04-05T08:42:38.000Z</time>
      </trkpt>
      <trkpt lat="49.058776" lon="15.019347">
        <time>2026-04-05T08:42:39.000Z</time>
      </trkpt>
      <trkpt lat="49.058744" lon="15.019333">
        <time>2026-04-05T08:42:40.000Z</time>
      </trkpt>
      <trkpt lat="49.058719" lon="15.019307">
        <time>2026-04-05T08:42:41.000Z</time>
      </trkpt>
      <trkpt lat="49.0587" lon="15.019262">
        <time>2026-04-05T08:42:42.000Z</time>
      </trkpt>
      <trkpt lat="49.05869" lon="15.019216">
        <time>2026-04-05T08:42:43.000Z</time>
      </trkpt>
      <trkpt lat="49.058686" lon="15.019173">
        <time>2026-04-05T08:42:44.000Z</time>
      </trkpt>
      <trkpt lat="49.058678" lon="15.019114">
        <time>2026-04-05T08:42:45.000Z</time>
      </trkpt>
      <trkpt lat="49.058677" lon="15.019057">
        <time>2026-04-05T08:42:46.000Z</time>
      </trkpt>
      <trkpt lat="49.058675" lon="15.019008">
        <time>2026-04-05T08:42:47.000Z</time>
      </trkpt>
      <trkpt lat="49.058675" lon="15.018957">
        <time>2026-04-05T08:42:48.000Z</time>
      </trkpt>
      <trkpt lat="49.058672" lon="15.018889">
        <time>2026-04-05T08:42:49.000Z</time>
      </trkpt>
      <trkpt lat="49.058659" lon="15.01883">
        <time>2026-04-05T08:42:50.000Z</time>
      </trkpt>
      <trkpt lat="49.058636" lon="15.018792">
        <time>2026-04-05T08:42:51.000Z</time>
      </trkpt>
      <trkpt lat="49.05861" lon="15.018739">
        <time>2026-04-05T08:42:52.000Z</time>
      </trkpt>
      <trkpt lat="49.058584" lon="15.01869">
        <time>2026-04-05T08:42:53.000Z</time>
      </trkpt>
      <trkpt lat="49.058563" lon="15.018643">
        <time>2026-04-05T08:42:54.000Z</time>
      </trkpt>
      <trkpt lat="49.058545" lon="15.018601">
        <time>2026-04-05T08:42:55.000Z</time>
      </trkpt>
      <trkpt lat="49.058529" lon="15.018561">
        <time>2026-04-05T08:42:56.000Z</time>
      </trkpt>
      <trkpt lat="49.058515" lon="15.018526">
        <time>2026-04-05T08:42:57.000Z</time>
      </trkpt>
      <trkpt lat="49.058497" lon="15.018469">
        <time>2026-04-05T08:42:58.000Z</time>
      </trkpt>
      <trkpt lat="49.058489" lon="15.018425">
        <time>2026-04-05T08:42:59.000Z</time>
      </trkpt>
      <trkpt lat="49.058474" lon="15.018372">
        <time>2026-04-05T08:43:00.000Z</time>
      </trkpt>
      <trkpt lat="49.058459" lon="15.018322">
        <time>2026-04-05T08:43:01.000Z</time>
      </trkpt>
      <trkpt lat="49.058443" lon="15.018277">
        <time>2026-04-05T08:43:02.000Z</time>
      </trkpt>
      <trkpt lat="49.058424" lon="15.018238">
        <time>2026-04-05T08:43:03.000Z</time>
      </trkpt>
      <trkpt lat="49.05841" lon="15.018199">
        <time>2026-04-05T08:43:04.000Z</time>
      </trkpt>
      <trkpt lat="49.058396" lon="15.018154">
        <time>2026-04-05T08:43:05.000Z</time>
      </trkpt>
      <trkpt lat="49.058374" lon="15.018118">
        <time>2026-04-05T08:43:06.000Z</time>
      </trkpt>
      <trkpt lat="49.058358" lon="15.018074">
        <time>2026-04-05T08:43:07.000Z</time>
      </trkpt>
      <trkpt lat="49.058344" lon="15.018037">
        <time>2026-04-05T08:43:08.000Z</time>
      </trkpt>
      <trkpt lat="49.058334" lon="15.018003">
        <time>2026-04-05T08:43:09.000Z</time>
      </trkpt>
      <trkpt lat="49.058322" lon="15.01797">
        <time>2026-04-05T08:43:10.000Z</time>
      </trkpt>
      <trkpt lat="49.058314" lon="15.01795">
        <time>2026-04-05T08:43:11.000Z</time>
      </trkpt>
      <trkpt lat="49.058306" lon="15.017917">
        <time>2026-04-05T08:43:12.000Z</time>
      </trkpt>
      <trkpt lat="49.058293" lon="15.017903">
        <time>2026-04-05T08:43:13.000Z</time>
      </trkpt>
      <trkpt lat="49.05828" lon="15.017884">
        <time>2026-04-05T08:43:14.000Z</time>
      </trkpt>
      <trkpt lat="49.058264" lon="15.01785">
        <time>2026-04-05T08:43:15.000Z</time>
      </trkpt>
      <trkpt lat="49.058249" lon="15.017815">
        <time>2026-04-05T08:43:16.000Z</time>
      </trkpt>
      <trkpt lat="49.058238" lon="15.017778">
        <time>2026-04-05T08:43:17.000Z</time>
      </trkpt>
      <trkpt lat="49.058224" lon="15.017751">
        <time>2026-04-05T08:43:18.000Z</time>
      </trkpt>
      <trkpt lat="49.058211" lon="15.017725">
        <time>2026-04-05T08:43:19.000Z</time>
      </trkpt>
      <trkpt lat="49.058195" lon="15.017688">
        <time>2026-04-05T08:43:20.000Z</time>
      </trkpt>
      <trkpt lat="49.058186" lon="15.017658">
        <time>2026-04-05T08:43:21.000Z</time>
      </trkpt>
      <trkpt lat="49.058182" lon="15.017624">
        <time>2026-04-05T08:43:22.000Z</time>
      </trkpt>
      <trkpt lat="49.058175" lon="15.017596">
        <time>2026-04-05T08:43:23.000Z</time>
      </trkpt>
      <trkpt lat="49.058158" lon="15.017565">
        <time>2026-04-05T08:43:24.000Z</time>
      </trkpt>
      <trkpt lat="49.058135" lon="15.017526">
        <time>2026-04-05T08:43:25.000Z</time>
      </trkpt>
      <trkpt lat="49.058116" lon="15.017502">
        <time>2026-04-05T08:43:26.000Z</time>
      </trkpt>
      <trkpt lat="49.058099" lon="15.01747">
        <time>2026-04-05T08:43:27.000Z</time>
      </trkpt>
      <trkpt lat="49.058086" lon="15.017417">
        <time>2026-04-05T08:43:28.000Z</time>
      </trkpt>
      <trkpt lat="49.058085" lon="15.017372">
        <time>2026-04-05T08:43:29.000Z</time>
      </trkpt>
      <trkpt lat="49.058082" lon="15.017322">
        <time>2026-04-05T08:43:30.000Z</time>
      </trkpt>
      <trkpt lat="49.058084" lon="15.017292">
        <time>2026-04-05T08:43:31.000Z</time>
      </trkpt>
      <trkpt lat="49.058078" lon="15.017279">
        <time>2026-04-05T08:43:32.000Z</time>
      </trkpt>
      <trkpt lat="49.058063" lon="15.017277">
        <time>2026-04-05T08:43:33.000Z</time>
      </trkpt>
      <trkpt lat="49.058053" lon="15.017273">
        <time>2026-04-05T08:43:34.000Z</time>
      </trkpt>
      <trkpt lat="49.058031" lon="15.01727">
        <time>2026-04-05T08:43:35.000Z</time>
      </trkpt>
      <trkpt lat="49.058018" lon="15.017258">
        <time>2026-04-05T08:43:36.000Z</time>
      </trkpt>
      <trkpt lat="49.058015" lon="15.017237">
        <time>2026-04-05T08:43:37.000Z</time>
      </trkpt>
      <trkpt lat="49.058008" lon="15.017204">
        <time>2026-04-05T08:43:38.000Z</time>
      </trkpt>
      <trkpt lat="49.058009" lon="15.017169">
        <time>2026-04-05T08:43:39.000Z</time>
      </trkpt>
      <trkpt lat="49.058009" lon="15.01713">
        <time>2026-04-05T08:43:40.000Z</time>
      </trkpt>
      <trkpt lat="49.058006" lon="15.017084">
        <time>2026-04-05T08:43:41.000Z</time>
      </trkpt>
      <trkpt lat="49.058004" lon="15.017031">
        <time>2026-04-05T08:43:42.000Z</time>
      </trkpt>
      <trkpt lat="49.058003" lon="15.016984">
        <time>2026-04-05T08:43:43.000Z</time>
      </trkpt>
      <trkpt lat="49.057989" lon="15.016944">
        <time>2026-04-05T08:43:44.000Z</time>
      </trkpt>
      <trkpt lat="49.057979" lon="15.016891">
        <time>2026-04-05T08:43:45.000Z</time>
      </trkpt>
      <trkpt lat="49.057976" lon="15.016827">
        <time>2026-04-05T08:43:46.000Z</time>
      </trkpt>
      <trkpt lat="49.057976" lon="15.016775">
        <time>2026-04-05T08:43:47.000Z</time>
      </trkpt>
      <trkpt lat="49.057978" lon="15.016732">
        <time>2026-04-05T08:43:48.000Z</time>
      </trkpt>
      <trkpt lat="49.057987" lon="15.016687">
        <time>2026-04-05T08:43:49.000Z</time>
      </trkpt>
      <trkpt lat="49.057983" lon="15.016647">
        <time>2026-04-05T08:43:50.000Z</time>
      </trkpt>
      <trkpt lat="49.057985" lon="15.016606">
        <time>2026-04-05T08:43:51.000Z</time>
      </trkpt>
      <trkpt lat="49.057991" lon="15.01657">
        <time>2026-04-05T08:43:52.000Z</time>
      </trkpt>
      <trkpt lat="49.057994" lon="15.016544">
        <time>2026-04-05T08:43:53.000Z</time>
      </trkpt>
      <trkpt lat="49.058005" lon="15.016524">
        <time>2026-04-05T08:43:54.000Z</time>
      </trkpt>
      <trkpt lat="49.058013" lon="15.016509">
        <time>2026-04-05T08:43:55.000Z</time>
      </trkpt>
      <trkpt lat="49.058023" lon="15.016499">
        <time>2026-04-05T08:43:56.000Z</time>
      </trkpt>
      <trkpt lat="49.05803" lon="15.016486">
        <time>2026-04-05T08:43:57.000Z</time>
      </trkpt>
      <trkpt lat="49.058035" lon="15.016463">
        <time>2026-04-05T08:43:58.000Z</time>
      </trkpt>
      <trkpt lat="49.058042" lon="15.016435">
        <time>2026-04-05T08:43:59.000Z</time>
      </trkpt>
      <trkpt lat="49.05805" lon="15.016387">
        <time>2026-04-05T08:44:00.000Z</time>
      </trkpt>
      <trkpt lat="49.058055" lon="15.016341">
        <time>2026-04-05T08:44:01.000Z</time>
      </trkpt>
      <trkpt lat="49.058058" lon="15.016295">
        <time>2026-04-05T08:44:02.000Z</time>
      </trkpt>
      <trkpt lat="49.058059" lon="15.016233">
        <time>2026-04-05T08:44:03.000Z</time>
      </trkpt>
      <trkpt lat="49.058054" lon="15.016193">
        <time>2026-04-05T08:44:04.000Z</time>
      </trkpt>
      <trkpt lat="49.05805" lon="15.016148">
        <time>2026-04-05T08:44:05.000Z</time>
      </trkpt>
      <trkpt lat="49.058051" lon="15.016094">
        <time>2026-04-05T08:44:06.000Z</time>
      </trkpt>
      <trkpt lat="49.058046" lon="15.016049">
        <time>2026-04-05T08:44:07.000Z</time>
      </trkpt>
      <trkpt lat="49.058031" lon="15.016018">
        <time>2026-04-05T08:44:08.000Z</time>
      </trkpt>
      <trkpt lat="49.058016" lon="15.015977">
        <time>2026-04-05T08:44:09.000Z</time>
      </trkpt>
      <trkpt lat="49.058001" lon="15.015937">
        <time>2026-04-05T08:44:10.000Z</time>
      </trkpt>
      <trkpt lat="49.057991" lon="15.015905">
        <time>2026-04-05T08:44:11.000Z</time>
      </trkpt>
      <trkpt lat="49.057982" lon="15.015866">
        <time>2026-04-05T08:44:12.000Z</time>
      </trkpt>
      <trkpt lat="49.057988" lon="15.015819">
        <time>2026-04-05T08:44:13.000Z</time>
      </trkpt>
      <trkpt lat="49.057995" lon="15.015777">
        <time>2026-04-05T08:44:14.000Z</time>
      </trkpt>
      <trkpt lat="49.057999" lon="15.015746">
        <time>2026-04-05T08:44:15.000Z</time>
      </trkpt>
      <trkpt lat="49.058004" lon="15.015717">
        <time>2026-04-05T08:44:16.000Z</time>
      </trkpt>
      <trkpt lat="49.058022" lon="15.015679">
        <time>2026-04-05T08:44:17.000Z</time>
      </trkpt>
      <trkpt lat="49.058033" lon="15.015645">
        <time>2026-04-05T08:44:18.000Z</time>
      </trkpt>
      <trkpt lat="49.058028" lon="15.015597">
        <time>2026-04-05T08:44:19.000Z</time>
      </trkpt>
      <trkpt lat="49.058018" lon="15.015551">
        <time>2026-04-05T08:44:20.000Z</time>
      </trkpt>
      <trkpt lat="49.058009" lon="15.015506">
        <time>2026-04-05T08:44:21.000Z</time>
      </trkpt>
      <trkpt lat="49.058006" lon="15.015464">
        <time>2026-04-05T08:44:22.000Z</time>
      </trkpt>
      <trkpt lat="49.058005" lon="15.015428">
        <time>2026-04-05T08:44:23.000Z</time>
      </trkpt>
      <trkpt lat="49.058001" lon="15.015386">
        <time>2026-04-05T08:44:24.000Z</time>
      </trkpt>
      <trkpt lat="49.057988" lon="15.015345">
        <time>2026-04-05T08:44:25.000Z</time>
      </trkpt>
      <trkpt lat="49.057969" lon="15.015299">
        <time>2026-04-05T08:44:26.000Z</time>
      </trkpt>
      <trkpt lat="49.057948" lon="15.015269">
        <time>2026-04-05T08:44:27.000Z</time>
      </trkpt>
      <trkpt lat="49.057923" lon="15.015235">
        <time>2026-04-05T08:44:28.000Z</time>
      </trkpt>
      <trkpt lat="49.0579" lon="15.015191">
        <time>2026-04-05T08:44:29.000Z</time>
      </trkpt>
      <trkpt lat="49.057887" lon="15.015141">
        <time>2026-04-05T08:44:30.000Z</time>
      </trkpt>
      <trkpt lat="49.057878" lon="15.015093">
        <time>2026-04-05T08:44:31.000Z</time>
      </trkpt>
      <trkpt lat="49.057875" lon="15.01505">
        <time>2026-04-05T08:44:32.000Z</time>
      </trkpt>
      <trkpt lat="49.05788" lon="15.01501">
        <time>2026-04-05T08:44:33.000Z</time>
      </trkpt>
      <trkpt lat="49.057887" lon="15.014965">
        <time>2026-04-05T08:44:34.000Z</time>
      </trkpt>
      <trkpt lat="49.057889" lon="15.014932">
        <time>2026-04-05T08:44:35.000Z</time>
      </trkpt>
      <trkpt lat="49.05789" lon="15.014903">
        <time>2026-04-05T08:44:36.000Z</time>
      </trkpt>
      <trkpt lat="49.057883" lon="15.014861">
        <time>2026-04-05T08:44:37.000Z</time>
      </trkpt>
      <trkpt lat="49.057873" lon="15.014805">
        <time>2026-04-05T08:44:38.000Z</time>
      </trkpt>
      <trkpt lat="49.057863" lon="15.014759">
        <time>2026-04-05T08:44:39.000Z</time>
      </trkpt>
      <trkpt lat="49.057858" lon="15.014704">
        <time>2026-04-05T08:44:40.000Z</time>
      </trkpt>
      <trkpt lat="49.057854" lon="15.014651">
        <time>2026-04-05T08:44:41.000Z</time>
      </trkpt>
      <trkpt lat="49.057846" lon="15.01461">
        <time>2026-04-05T08:44:42.000Z</time>
      </trkpt>
      <trkpt lat="49.057839" lon="15.014571">
        <time>2026-04-05T08:44:43.000Z</time>
      </trkpt>
      <trkpt lat="49.057833" lon="15.014527">
        <time>2026-04-05T08:44:44.000Z</time>
      </trkpt>
      <trkpt lat="49.05783" lon="15.01448">
        <time>2026-04-05T08:44:45.000Z</time>
      </trkpt>
      <trkpt lat="49.057837" lon="15.014427">
        <time>2026-04-05T08:44:46.000Z</time>
      </trkpt>
      <trkpt lat="49.057836" lon="15.01439">
        <time>2026-04-05T08:44:47.000Z</time>
      </trkpt>
      <trkpt lat="49.057848" lon="15.014355">
        <time>2026-04-05T08:44:48.000Z</time>
      </trkpt>
      <trkpt lat="49.057864" lon="15.014316">
        <time>2026-04-05T08:44:49.000Z</time>
      </trkpt>
      <trkpt lat="49.057869" lon="15.014288">
        <time>2026-04-05T08:44:50.000Z</time>
      </trkpt>
      <trkpt lat="49.057868" lon="15.014258">
        <time>2026-04-05T08:44:51.000Z</time>
      </trkpt>
      <trkpt lat="49.057858" lon="15.014229">
        <time>2026-04-05T08:44:52.000Z</time>
      </trkpt>
      <trkpt lat="49.057854" lon="15.014188">
        <time>2026-04-05T08:44:53.000Z</time>
      </trkpt>
      <trkpt lat="49.057854" lon="15.014136">
        <time>2026-04-05T08:44:54.000Z</time>
      </trkpt>
      <trkpt lat="49.057846" lon="15.014104">
        <time>2026-04-05T08:44:55.000Z</time>
      </trkpt>
      <trkpt lat="49.057833" lon="15.01407">
        <time>2026-04-05T08:44:56.000Z</time>
      </trkpt>
      <trkpt lat="49.057826" lon="15.014043">
        <time>2026-04-05T08:44:57.000Z</time>
      </trkpt>
      <trkpt lat="49.057827" lon="15.014025">
        <time>2026-04-05T08:44:58.000Z</time>
      </trkpt>
      <trkpt lat="49.057829" lon="15.014009">
        <time>2026-04-05T08:44:59.000Z</time>
      </trkpt>
      <trkpt lat="49.057828" lon="15.013987">
        <time>2026-04-05T08:45:00.000Z</time>
      </trkpt>
      <trkpt lat="49.057832" lon="15.01395">
        <time>2026-04-05T08:45:01.000Z</time>
      </trkpt>
      <trkpt lat="49.057846" lon="15.01391">
        <time>2026-04-05T08:45:02.000Z</time>
      </trkpt>
      <trkpt lat="49.057861" lon="15.013881">
        <time>2026-04-05T08:45:03.000Z</time>
      </trkpt>
      <trkpt lat="49.057866" lon="15.013852">
        <time>2026-04-05T08:45:04.000Z</time>
      </trkpt>
      <trkpt lat="49.057886" lon="15.0138">
        <time>2026-04-05T08:45:05.000Z</time>
      </trkpt>
      <trkpt lat="49.057902" lon="15.013754">
        <time>2026-04-05T08:45:06.000Z</time>
      </trkpt>
      <trkpt lat="49.057905" lon="15.013711">
        <time>2026-04-05T08:45:07.000Z</time>
      </trkpt>
      <trkpt lat="49.057899" lon="15.013688">
        <time>2026-04-05T08:45:08.000Z</time>
      </trkpt>
      <trkpt lat="49.057885" lon="15.013656">
        <time>2026-04-05T08:45:09.000Z</time>
      </trkpt>
      <trkpt lat="49.057872" lon="15.013634">
        <time>2026-04-05T08:45:10.000Z</time>
      </trkpt>
      <trkpt lat="49.057846" lon="15.01364">
        <time>2026-04-05T08:45:11.000Z</time>
      </trkpt>
      <trkpt lat="49.057816" lon="15.01365">
        <time>2026-04-05T08:45:12.000Z</time>
      </trkpt>
      <trkpt lat="49.057794" lon="15.013666">
        <time>2026-04-05T08:45:13.000Z</time>
      </trkpt>
      <trkpt lat="49.057772" lon="15.013688">
        <time>2026-04-05T08:45:14.000Z</time>
      </trkpt>
      <trkpt lat="49.057743" lon="15.013706">
        <time>2026-04-05T08:45:15.000Z</time>
      </trkpt>
      <trkpt lat="49.057708" lon="15.013727">
        <time>2026-04-05T08:45:16.000Z</time>
      </trkpt>
      <trkpt lat="49.057692" lon="15.013752">
        <time>2026-04-05T08:45:17.000Z</time>
      </trkpt>
      <trkpt lat="49.057665" lon="15.013771">
        <time>2026-04-05T08:45:18.000Z</time>
      </trkpt>
      <trkpt lat="49.057639" lon="15.013778">
        <time>2026-04-05T08:45:19.000Z</time>
      </trkpt>
      <trkpt lat="49.057615" lon="15.0138">
        <time>2026-04-05T08:45:20.000Z</time>
      </trkpt>
      <trkpt lat="49.057589" lon="15.013829">
        <time>2026-04-05T08:45:21.000Z</time>
      </trkpt>
      <trkpt lat="49.057563" lon="15.013865">
        <time>2026-04-05T08:45:22.000Z</time>
      </trkpt>
      <trkpt lat="49.057541" lon="15.0139">
        <time>2026-04-05T08:45:23.000Z</time>
      </trkpt>
      <trkpt lat="49.057513" lon="15.013919">
        <time>2026-04-05T08:45:24.000Z</time>
      </trkpt>
      <trkpt lat="49.057484" lon="15.013927">
        <time>2026-04-05T08:45:25.000Z</time>
      </trkpt>
      <trkpt lat="49.057457" lon="15.013936">
        <time>2026-04-05T08:45:26.000Z</time>
      </trkpt>
      <trkpt lat="49.057426" lon="15.013931">
        <time>2026-04-05T08:45:27.000Z</time>
      </trkpt>
      <trkpt lat="49.057395" lon="15.01393">
        <time>2026-04-05T08:45:28.000Z</time>
      </trkpt>
      <trkpt lat="49.057369" lon="15.013933">
        <time>2026-04-05T08:45:29.000Z</time>
      </trkpt>
      <trkpt lat="49.057336" lon="15.013939">
        <time>2026-04-05T08:45:30.000Z</time>
      </trkpt>
      <trkpt lat="49.057309" lon="15.013944">
        <time>2026-04-05T08:45:31.000Z</time>
      </trkpt>
      <trkpt lat="49.057287" lon="15.013953">
        <time>2026-04-05T08:45:32.000Z</time>
      </trkpt>
      <trkpt lat="49.05725" lon="15.013961">
        <time>2026-04-05T08:45:33.000Z</time>
      </trkpt>
      <trkpt lat="49.057207" lon="15.013967">
        <time>2026-04-05T08:45:34.000Z</time>
      </trkpt>
      <trkpt lat="49.057179" lon="15.013987">
        <time>2026-04-05T08:45:35.000Z</time>
      </trkpt>
      <trkpt lat="49.057149" lon="15.014004">
        <time>2026-04-05T08:45:36.000Z</time>
      </trkpt>
      <trkpt lat="49.057122" lon="15.014009">
        <time>2026-04-05T08:45:37.000Z</time>
      </trkpt>
      <trkpt lat="49.057086" lon="15.014025">
        <time>2026-04-05T08:45:38.000Z</time>
      </trkpt>
      <trkpt lat="49.057061" lon="15.014035">
        <time>2026-04-05T08:45:39.000Z</time>
      </trkpt>
      <trkpt lat="49.057035" lon="15.014045">
        <time>2026-04-05T08:45:40.000Z</time>
      </trkpt>
      <trkpt lat="49.057006" lon="15.014051">
        <time>2026-04-05T08:45:41.000Z</time>
      </trkpt>
      <trkpt lat="49.056974" lon="15.014051">
        <time>2026-04-05T08:45:42.000Z</time>
      </trkpt>
      <trkpt lat="49.056946" lon="15.014055">
        <time>2026-04-05T08:45:43.000Z</time>
      </trkpt>
      <trkpt lat="49.056918" lon="15.014062">
        <time>2026-04-05T08:45:44.000Z</time>
      </trkpt>
      <trkpt lat="49.056889" lon="15.014058">
        <time>2026-04-05T08:45:45.000Z</time>
      </trkpt>
      <trkpt lat="49.056863" lon="15.014064">
        <time>2026-04-05T08:45:46.000Z</time>
      </trkpt>
      <trkpt lat="49.056826" lon="15.014067">
        <time>2026-04-05T08:45:47.000Z</time>
      </trkpt>
      <trkpt lat="49.056795" lon="15.014062">
        <time>2026-04-05T08:45:48.000Z</time>
      </trkpt>
      <trkpt lat="49.056772" lon="15.014057">
        <time>2026-04-05T08:45:49.000Z</time>
      </trkpt>
      <trkpt lat="49.056732" lon="15.014051">
        <time>2026-04-05T08:45:50.000Z</time>
      </trkpt>
      <trkpt lat="49.056699" lon="15.014048">
        <time>2026-04-05T08:45:51.000Z</time>
      </trkpt>
      <trkpt lat="49.056667" lon="15.014049">
        <time>2026-04-05T08:45:52.000Z</time>
      </trkpt>
      <trkpt lat="49.056626" lon="15.014051">
        <time>2026-04-05T08:45:53.000Z</time>
      </trkpt>
      <trkpt lat="49.056594" lon="15.01405">
        <time>2026-04-05T08:45:54.000Z</time>
      </trkpt>
      <trkpt lat="49.05657" lon="15.014054">
        <time>2026-04-05T08:45:55.000Z</time>
      </trkpt>
      <trkpt lat="49.056539" lon="15.014056">
        <time>2026-04-05T08:45:56.000Z</time>
      </trkpt>
      <trkpt lat="49.056511" lon="15.014055">
        <time>2026-04-05T08:45:57.000Z</time>
      </trkpt>
      <trkpt lat="49.056478" lon="15.014056">
        <time>2026-04-05T08:45:58.000Z</time>
      </trkpt>
      <trkpt lat="49.056451" lon="15.014064">
        <time>2026-04-05T08:45:59.000Z</time>
      </trkpt>
      <trkpt lat="49.05642" lon="15.014068">
        <time>2026-04-05T08:46:00.000Z</time>
      </trkpt>
      <trkpt lat="49.056388" lon="15.01407">
        <time>2026-04-05T08:46:01.000Z</time>
      </trkpt>
      <trkpt lat="49.056363" lon="15.014069">
        <time>2026-04-05T08:46:02.000Z</time>
      </trkpt>
      <trkpt lat="49.056331" lon="15.014073">
        <time>2026-04-05T08:46:03.000Z</time>
      </trkpt>
      <trkpt lat="49.056293" lon="15.014075">
        <time>2026-04-05T08:46:04.000Z</time>
      </trkpt>
      <trkpt lat="49.056265" lon="15.014085">
        <time>2026-04-05T08:46:05.000Z</time>
      </trkpt>
      <trkpt lat="49.056239" lon="15.014093">
        <time>2026-04-05T08:46:06.000Z</time>
      </trkpt>
      <trkpt lat="49.056203" lon="15.014088">
        <time>2026-04-05T08:46:07.000Z</time>
      </trkpt>
      <trkpt lat="49.056177" lon="15.014085">
        <time>2026-04-05T08:46:08.000Z</time>
      </trkpt>
      <trkpt lat="49.056148" lon="15.014087">
        <time>2026-04-05T08:46:09.000Z</time>
      </trkpt>
      <trkpt lat="49.056117" lon="15.0141">
        <time>2026-04-05T08:46:10.000Z</time>
      </trkpt>
      <trkpt lat="49.056084" lon="15.014103">
        <time>2026-04-05T08:46:11.000Z</time>
      </trkpt>
      <trkpt lat="49.056056" lon="15.014104">
        <time>2026-04-05T08:46:12.000Z</time>
      </trkpt>
      <trkpt lat="49.056017" lon="15.014099">
        <time>2026-04-05T08:46:13.000Z</time>
      </trkpt>
      <trkpt lat="49.05599" lon="15.014104">
        <time>2026-04-05T08:46:14.000Z</time>
      </trkpt>
      <trkpt lat="49.055955" lon="15.014111">
        <time>2026-04-05T08:46:15.000Z</time>
      </trkpt>
      <trkpt lat="49.055913" lon="15.01411">
        <time>2026-04-05T08:46:16.000Z</time>
      </trkpt>
      <trkpt lat="49.055887" lon="15.014108">
        <time>2026-04-05T08:46:17.000Z</time>
      </trkpt>
      <trkpt lat="49.055858" lon="15.014102">
        <time>2026-04-05T08:46:18.000Z</time>
      </trkpt>
      <trkpt lat="49.055823" lon="15.014092">
        <time>2026-04-05T08:46:19.000Z</time>
      </trkpt>
      <trkpt lat="49.0558" lon="15.014088">
        <time>2026-04-05T08:46:20.000Z</time>
      </trkpt>
      <trkpt lat="49.055769" lon="15.014088">
        <time>2026-04-05T08:46:21.000Z</time>
      </trkpt>
      <trkpt lat="49.055737" lon="15.014076">
        <time>2026-04-05T08:46:22.000Z</time>
      </trkpt>
      <trkpt lat="49.055714" lon="15.014062">
        <time>2026-04-05T08:46:23.000Z</time>
      </trkpt>
      <trkpt lat="49.05569" lon="15.014049">
        <time>2026-04-05T08:46:24.000Z</time>
      </trkpt>
      <trkpt lat="49.055668" lon="15.01403">
        <time>2026-04-05T08:46:25.000Z</time>
      </trkpt>
      <trkpt lat="49.055639" lon="15.014007">
        <time>2026-04-05T08:46:26.000Z</time>
      </trkpt>
      <trkpt lat="49.055615" lon="15.013997">
        <time>2026-04-05T08:46:27.000Z</time>
      </trkpt>
      <trkpt lat="49.05559" lon="15.013992">
        <time>2026-04-05T08:46:28.000Z</time>
      </trkpt>
      <trkpt lat="49.055561" lon="15.013977">
        <time>2026-04-05T08:46:29.000Z</time>
      </trkpt>
      <trkpt lat="49.055534" lon="15.013964">
        <time>2026-04-05T08:46:30.000Z</time>
      </trkpt>
      <trkpt lat="49.055506" lon="15.013965">
        <time>2026-04-05T08:46:31.000Z</time>
      </trkpt>
      <trkpt lat="49.055474" lon="15.013958">
        <time>2026-04-05T08:46:32.000Z</time>
      </trkpt>
      <trkpt lat="49.055448" lon="15.013939">
        <time>2026-04-05T08:46:33.000Z</time>
      </trkpt>
      <trkpt lat="49.055426" lon="15.013922">
        <time>2026-04-05T08:46:34.000Z</time>
      </trkpt>
      <trkpt lat="49.055397" lon="15.013903">
        <time>2026-04-05T08:46:35.000Z</time>
      </trkpt>
      <trkpt lat="49.055363" lon="15.013872">
        <time>2026-04-05T08:46:36.000Z</time>
      </trkpt>
      <trkpt lat="49.055336" lon="15.013843">
        <time>2026-04-05T08:46:37.000Z</time>
      </trkpt>
      <trkpt lat="49.055309" lon="15.013827">
        <time>2026-04-05T08:46:38.000Z</time>
      </trkpt>
      <trkpt lat="49.055276" lon="15.01381">
        <time>2026-04-05T08:46:39.000Z</time>
      </trkpt>
      <trkpt lat="49.055245" lon="15.013798">
        <time>2026-04-05T08:46:40.000Z</time>
      </trkpt>
      <trkpt lat="49.055221" lon="15.013791">
        <time>2026-04-05T08:46:41.000Z</time>
      </trkpt>
      <trkpt lat="49.055189" lon="15.013783">
        <time>2026-04-05T08:46:42.000Z</time>
      </trkpt>
      <trkpt lat="49.055167" lon="15.01377">
        <time>2026-04-05T08:46:43.000Z</time>
      </trkpt>
      <trkpt lat="49.055144" lon="15.013756">
        <time>2026-04-05T08:46:44.000Z</time>
      </trkpt>
      <trkpt lat="49.055121" lon="15.013746">
        <time>2026-04-05T08:46:45.000Z</time>
      </trkpt>
      <trkpt lat="49.055089" lon="15.013741">
        <time>2026-04-05T08:46:46.000Z</time>
      </trkpt>
      <trkpt lat="49.055058" lon="15.013735">
        <time>2026-04-05T08:46:47.000Z</time>
      </trkpt>
      <trkpt lat="49.055027" lon="15.013736">
        <time>2026-04-05T08:46:48.000Z</time>
      </trkpt>
      <trkpt lat="49.054994" lon="15.013732">
        <time>2026-04-05T08:46:49.000Z</time>
      </trkpt>
      <trkpt lat="49.054957" lon="15.013736">
        <time>2026-04-05T08:46:50.000Z</time>
      </trkpt>
      <trkpt lat="49.054926" lon="15.013743">
        <time>2026-04-05T08:46:51.000Z</time>
      </trkpt>
      <trkpt lat="49.054889" lon="15.013746">
        <time>2026-04-05T08:46:52.000Z</time>
      </trkpt>
      <trkpt lat="49.054847" lon="15.013744">
        <time>2026-04-05T08:46:53.000Z</time>
      </trkpt>
      <trkpt lat="49.054818" lon="15.013741">
        <time>2026-04-05T08:46:54.000Z</time>
      </trkpt>
      <trkpt lat="49.054781" lon="15.013735">
        <time>2026-04-05T08:46:55.000Z</time>
      </trkpt>
      <trkpt lat="49.054746" lon="15.01371">
        <time>2026-04-05T08:46:56.000Z</time>
      </trkpt>
      <trkpt lat="49.054715" lon="15.013704">
        <time>2026-04-05T08:46:57.000Z</time>
      </trkpt>
      <trkpt lat="49.054688" lon="15.01371">
        <time>2026-04-05T08:46:58.000Z</time>
      </trkpt>
      <trkpt lat="49.054658" lon="15.013713">
        <time>2026-04-05T08:46:59.000Z</time>
      </trkpt>
      <trkpt lat="49.054632" lon="15.013722">
        <time>2026-04-05T08:47:00.000Z</time>
      </trkpt>
      <trkpt lat="49.054603" lon="15.013726">
        <time>2026-04-05T08:47:01.000Z</time>
      </trkpt>
      <trkpt lat="49.05457" lon="15.013722">
        <time>2026-04-05T08:47:02.000Z</time>
      </trkpt>
      <trkpt lat="49.05454" lon="15.013706">
        <time>2026-04-05T08:47:03.000Z</time>
      </trkpt>
      <trkpt lat="49.05451" lon="15.013688">
        <time>2026-04-05T08:47:04.000Z</time>
      </trkpt>
      <trkpt lat="49.054483" lon="15.013666">
        <time>2026-04-05T08:47:05.000Z</time>
      </trkpt>
      <trkpt lat="49.054456" lon="15.013646">
        <time>2026-04-05T08:47:06.000Z</time>
      </trkpt>
      <trkpt lat="49.054422" lon="15.013624">
        <time>2026-04-05T08:47:07.000Z</time>
      </trkpt>
      <trkpt lat="49.054386" lon="15.013592">
        <time>2026-04-05T08:47:08.000Z</time>
      </trkpt>
      <trkpt lat="49.054354" lon="15.013573">
        <time>2026-04-05T08:47:09.000Z</time>
      </trkpt>
      <trkpt lat="49.05432" lon="15.013562">
        <time>2026-04-05T08:47:10.000Z</time>
      </trkpt>
      <trkpt lat="49.054285" lon="15.01355">
        <time>2026-04-05T08:47:11.000Z</time>
      </trkpt>
      <trkpt lat="49.05426" lon="15.013551">
        <time>2026-04-05T08:47:12.000Z</time>
      </trkpt>
      <trkpt lat="49.054261" lon="15.013565">
        <time>2026-04-05T08:47:13.000Z</time>
      </trkpt>
      <trkpt lat="49.054276" lon="15.013587">
        <time>2026-04-05T08:47:14.000Z</time>
      </trkpt>
      <trkpt lat="49.054289" lon="15.013608">
        <time>2026-04-05T08:47:15.000Z</time>
      </trkpt>
      <trkpt lat="49.054304" lon="15.013636">
        <time>2026-04-05T08:47:16.000Z</time>
      </trkpt>
      <trkpt lat="49.054323" lon="15.013653">
        <time>2026-04-05T08:47:17.000Z</time>
      </trkpt>
      <trkpt lat="49.054339" lon="15.013673">
        <time>2026-04-05T08:47:18.000Z</time>
      </trkpt>
      <trkpt lat="49.054352" lon="15.0137">
        <time>2026-04-05T08:47:19.000Z</time>
      </trkpt>
      <trkpt lat="49.054364" lon="15.013723">
        <time>2026-04-05T08:47:20.000Z</time>
      </trkpt>
      <trkpt lat="49.054375" lon="15.01375">
        <time>2026-04-05T08:47:21.000Z</time>
      </trkpt>
      <trkpt lat="49.054389" lon="15.013783">
        <time>2026-04-05T08:47:22.000Z</time>
      </trkpt>
      <trkpt lat="49.054398" lon="15.01382">
        <time>2026-04-05T08:47:23.000Z</time>
      </trkpt>
      <trkpt lat="49.054402" lon="15.013862">
        <time>2026-04-05T08:47:24.000Z</time>
      </trkpt>
      <trkpt lat="49.054403" lon="15.013897">
        <time>2026-04-05T08:47:25.000Z</time>
      </trkpt>
      <trkpt lat="49.054404" lon="15.013939">
        <time>2026-04-05T08:47:26.000Z</time>
      </trkpt>
      <trkpt lat="49.054397" lon="15.013983">
        <time>2026-04-05T08:47:27.000Z</time>
      </trkpt>
      <trkpt lat="49.054392" lon="15.014016">
        <time>2026-04-05T08:47:28.000Z</time>
      </trkpt>
      <trkpt lat="49.054392" lon="15.014044">
        <time>2026-04-05T08:47:29.000Z</time>
      </trkpt>
      <trkpt lat="49.054392" lon="15.014079">
        <time>2026-04-05T08:47:30.000Z</time>
      </trkpt>
      <trkpt lat="49.054395" lon="15.014116">
        <time>2026-04-05T08:47:31.000Z</time>
      </trkpt>
      <trkpt lat="49.054398" lon="15.014162">
        <time>2026-04-05T08:47:32.000Z</time>
      </trkpt>
      <trkpt lat="49.054402" lon="15.014212">
        <time>2026-04-05T08:47:33.000Z</time>
      </trkpt>
      <trkpt lat="49.054409" lon="15.014244">
        <time>2026-04-05T08:47:34.000Z</time>
      </trkpt>
      <trkpt lat="49.054415" lon="15.014275">
        <time>2026-04-05T08:47:35.000Z</time>
      </trkpt>
      <trkpt lat="49.054432" lon="15.014309">
        <time>2026-04-05T08:47:36.000Z</time>
      </trkpt>
      <trkpt lat="49.054449" lon="15.014341">
        <time>2026-04-05T08:47:37.000Z</time>
      </trkpt>
      <trkpt lat="49.054449" lon="15.014376">
        <time>2026-04-05T08:47:38.000Z</time>
      </trkpt>
      <trkpt lat="49.054446" lon="15.014408">
        <time>2026-04-05T08:47:39.000Z</time>
      </trkpt>
      <trkpt lat="49.054437" lon="15.014456">
        <time>2026-04-05T08:47:40.000Z</time>
      </trkpt>
      <trkpt lat="49.054427" lon="15.014497">
        <time>2026-04-05T08:47:41.000Z</time>
      </trkpt>
      <trkpt lat="49.05442" lon="15.014534">
        <time>2026-04-05T08:47:42.000Z</time>
      </trkpt>
      <trkpt lat="49.054415" lon="15.014575">
        <time>2026-04-05T08:47:43.000Z</time>
      </trkpt>
      <trkpt lat="49.054403" lon="15.014626">
        <time>2026-04-05T08:47:44.000Z</time>
      </trkpt>
      <trkpt lat="49.054394" lon="15.014662">
        <time>2026-04-05T08:47:45.000Z</time>
      </trkpt>
      <trkpt lat="49.054389" lon="15.014699">
        <time>2026-04-05T08:47:46.000Z</time>
      </trkpt>
      <trkpt lat="49.054376" lon="15.01475">
        <time>2026-04-05T08:47:47.000Z</time>
      </trkpt>
      <trkpt lat="49.054365" lon="15.01479">
        <time>2026-04-05T08:47:48.000Z</time>
      </trkpt>
      <trkpt lat="49.054356" lon="15.014822">
        <time>2026-04-05T08:47:49.000Z</time>
      </trkpt>
      <trkpt lat="49.054345" lon="15.014865">
        <time>2026-04-05T08:47:50.000Z</time>
      </trkpt>
      <trkpt lat="49.054329" lon="15.014913">
        <time>2026-04-05T08:47:51.000Z</time>
      </trkpt>
      <trkpt lat="49.054316" lon="15.014949">
        <time>2026-04-05T08:47:52.000Z</time>
      </trkpt>
      <trkpt lat="49.054308" lon="15.014989">
        <time>2026-04-05T08:47:53.000Z</time>
      </trkpt>
      <trkpt lat="49.054293" lon="15.015029">
        <time>2026-04-05T08:47:54.000Z</time>
      </trkpt>
      <trkpt lat="49.054277" lon="15.015064">
        <time>2026-04-05T08:47:55.000Z</time>
      </trkpt>
      <trkpt lat="49.054266" lon="15.0151">
        <time>2026-04-05T08:47:56.000Z</time>
      </trkpt>
      <trkpt lat="49.054252" lon="15.015139">
        <time>2026-04-05T08:47:57.000Z</time>
      </trkpt>
      <trkpt lat="49.054239" lon="15.015181">
        <time>2026-04-05T08:47:58.000Z</time>
      </trkpt>
      <trkpt lat="49.054235" lon="15.015212">
        <time>2026-04-05T08:47:59.000Z</time>
      </trkpt>
      <trkpt lat="49.054241" lon="15.015229">
        <time>2026-04-05T08:48:00.000Z</time>
      </trkpt>
      <trkpt lat="49.054253" lon="15.015245">
        <time>2026-04-05T08:48:01.000Z</time>
      </trkpt>
      <trkpt lat="49.054271" lon="15.015249">
        <time>2026-04-05T08:48:02.000Z</time>
      </trkpt>
      <trkpt lat="49.054293" lon="15.015241">
        <time>2026-04-05T08:48:03.000Z</time>
      </trkpt>
      <trkpt lat="49.054316" lon="15.01523">
        <time>2026-04-05T08:48:04.000Z</time>
      </trkpt>
      <trkpt lat="49.054342" lon="15.015217">
        <time>2026-04-05T08:48:05.000Z</time>
      </trkpt>
      <trkpt lat="49.054365" lon="15.015208">
        <time>2026-04-05T08:48:06.000Z</time>
      </trkpt>
      <trkpt lat="49.054389" lon="15.015202">
        <time>2026-04-05T08:48:07.000Z</time>
      </trkpt>
      <trkpt lat="49.05442" lon="15.015194">
        <time>2026-04-05T08:48:08.000Z</time>
      </trkpt>
      <trkpt lat="49.054454" lon="15.015186">
        <time>2026-04-05T08:48:09.000Z</time>
      </trkpt>
      <trkpt lat="49.054484" lon="15.015175">
        <time>2026-04-05T08:48:10.000Z</time>
      </trkpt>
      <trkpt lat="49.054515" lon="15.015146">
        <time>2026-04-05T08:48:11.000Z</time>
      </trkpt>
      <trkpt lat="49.054552" lon="15.015119">
        <time>2026-04-05T08:48:12.000Z</time>
      </trkpt>
      <trkpt lat="49.054579" lon="15.015108">
        <time>2026-04-05T08:48:13.000Z</time>
      </trkpt>
      <trkpt lat="49.054607" lon="15.01509">
        <time>2026-04-05T08:48:14.000Z</time>
      </trkpt>
      <trkpt lat="49.054644" lon="15.015085">
        <time>2026-04-05T08:48:15.000Z</time>
      </trkpt>
      <trkpt lat="49.054671" lon="15.015069">
        <time>2026-04-05T08:48:16.000Z</time>
      </trkpt>
      <trkpt lat="49.054701" lon="15.015058">
        <time>2026-04-05T08:48:17.000Z</time>
      </trkpt>
      <trkpt lat="49.054734" lon="15.015068">
        <time>2026-04-05T08:48:18.000Z</time>
      </trkpt>
      <trkpt lat="49.054766" lon="15.015076">
        <time>2026-04-05T08:48:19.000Z</time>
      </trkpt>
      <trkpt lat="49.054792" lon="15.015075">
        <time>2026-04-05T08:48:20.000Z</time>
      </trkpt>
      <trkpt lat="49.054827" lon="15.01507">
        <time>2026-04-05T08:48:21.000Z</time>
      </trkpt>
      <trkpt lat="49.054857" lon="15.01507">
        <time>2026-04-05T08:48:22.000Z</time>
      </trkpt>
      <trkpt lat="49.054886" lon="15.015061">
        <time>2026-04-05T08:48:23.000Z</time>
      </trkpt>
      <trkpt lat="49.054916" lon="15.015052">
        <time>2026-04-05T08:48:24.000Z</time>
      </trkpt>
      <trkpt lat="49.054946" lon="15.015043">
        <time>2026-04-05T08:48:25.000Z</time>
      </trkpt>
      <trkpt lat="49.054975" lon="15.01503">
        <time>2026-04-05T08:48:26.000Z</time>
      </trkpt>
      <trkpt lat="49.055" lon="15.015014">
        <time>2026-04-05T08:48:27.000Z</time>
      </trkpt>
      <trkpt lat="49.055033" lon="15.014998">
        <time>2026-04-05T08:48:28.000Z</time>
      </trkpt>
      <trkpt lat="49.05506" lon="15.014971">
        <time>2026-04-05T08:48:29.000Z</time>
      </trkpt>
      <trkpt lat="49.055082" lon="15.014948">
        <time>2026-04-05T08:48:30.000Z</time>
      </trkpt>
      <trkpt lat="49.055111" lon="15.014913">
        <time>2026-04-05T08:48:31.000Z</time>
      </trkpt>
      <trkpt lat="49.05514" lon="15.014888">
        <time>2026-04-05T08:48:32.000Z</time>
      </trkpt>
      <trkpt lat="49.05517" lon="15.014874">
        <time>2026-04-05T08:48:33.000Z</time>
      </trkpt>
      <trkpt lat="49.055204" lon="15.01484">
        <time>2026-04-05T08:48:34.000Z</time>
      </trkpt>
      <trkpt lat="49.055233" lon="15.014821">
        <time>2026-04-05T08:48:35.000Z</time>
      </trkpt>
      <trkpt lat="49.055262" lon="15.0148">
        <time>2026-04-05T08:48:36.000Z</time>
      </trkpt>
      <trkpt lat="49.055289" lon="15.014772">
        <time>2026-04-05T08:48:37.000Z</time>
      </trkpt>
      <trkpt lat="49.05532" lon="15.014761">
        <time>2026-04-05T08:48:38.000Z</time>
      </trkpt>
      <trkpt lat="49.055351" lon="15.014753">
        <time>2026-04-05T08:48:39.000Z</time>
      </trkpt>
      <trkpt lat="49.055386" lon="15.014734">
        <time>2026-04-05T08:48:40.000Z</time>
      </trkpt>
      <trkpt lat="49.055423" lon="15.014727">
        <time>2026-04-05T08:48:41.000Z</time>
      </trkpt>
      <trkpt lat="49.055454" lon="15.01471">
        <time>2026-04-05T08:48:42.000Z</time>
      </trkpt>
      <trkpt lat="49.055491" lon="15.014689">
        <time>2026-04-05T08:48:43.000Z</time>
      </trkpt>
      <trkpt lat="49.055521" lon="15.014671">
        <time>2026-04-05T08:48:44.000Z</time>
      </trkpt>
      <trkpt lat="49.055547" lon="15.014646">
        <time>2026-04-05T08:48:45.000Z</time>
      </trkpt>
      <trkpt lat="49.055574" lon="15.01461">
        <time>2026-04-05T08:48:46.000Z</time>
      </trkpt>
      <trkpt lat="49.055606" lon="15.014574">
        <time>2026-04-05T08:48:47.000Z</time>
      </trkpt>
      <trkpt lat="49.055634" lon="15.014543">
        <time>2026-04-05T08:48:48.000Z</time>
      </trkpt>
      <trkpt lat="49.055663" lon="15.014515">
        <time>2026-04-05T08:48:49.000Z</time>
      </trkpt>
      <trkpt lat="49.055687" lon="15.014486">
        <time>2026-04-05T08:48:50.000Z</time>
      </trkpt>
      <trkpt lat="49.055709" lon="15.014455">
        <time>2026-04-05T08:48:51.000Z</time>
      </trkpt>
      <trkpt lat="49.055731" lon="15.014421">
        <time>2026-04-05T08:48:52.000Z</time>
      </trkpt>
      <trkpt lat="49.055749" lon="15.014386">
        <time>2026-04-05T08:48:53.000Z</time>
      </trkpt>
      <trkpt lat="49.055771" lon="15.014357">
        <time>2026-04-05T08:48:54.000Z</time>
      </trkpt>
      <trkpt lat="49.055792" lon="15.01433">
        <time>2026-04-05T08:48:55.000Z</time>
      </trkpt>
      <trkpt lat="49.055818" lon="15.014303">
        <time>2026-04-05T08:48:56.000Z</time>
      </trkpt>
      <trkpt lat="49.05586" lon="15.014253">
        <time>2026-04-05T08:48:57.000Z</time>
      </trkpt>
      <trkpt lat="49.055888" lon="15.01422">
        <time>2026-04-05T08:48:58.000Z</time>
      </trkpt>
      <trkpt lat="49.055908" lon="15.014179">
        <time>2026-04-05T08:48:59.000Z</time>
      </trkpt>
      <trkpt lat="49.055937" lon="15.014118">
        <time>2026-04-05T08:49:00.000Z</time>
      </trkpt>
      <trkpt lat="49.055959" lon="15.014068">
        <time>2026-04-05T08:49:01.000Z</time>
      </trkpt>
      <trkpt lat="49.05598" lon="15.014021">
        <time>2026-04-05T08:49:02.000Z</time>
      </trkpt>
      <trkpt lat="49.056009" lon="15.013979">
        <time>2026-04-05T08:49:03.000Z</time>
      </trkpt>
      <trkpt lat="49.056031" lon="15.013944">
        <time>2026-04-05T08:49:04.000Z</time>
      </trkpt>
      <trkpt lat="49.056057" lon="15.0139">
        <time>2026-04-05T08:49:05.000Z</time>
      </trkpt>
      <trkpt lat="49.056084" lon="15.01386">
        <time>2026-04-05T08:49:06.000Z</time>
      </trkpt>
      <trkpt lat="49.056107" lon="15.01383">
        <time>2026-04-05T08:49:07.000Z</time>
      </trkpt>
      <trkpt lat="49.056129" lon="15.013794">
        <time>2026-04-05T08:49:08.000Z</time>
      </trkpt>
      <trkpt lat="49.056153" lon="15.013762">
        <time>2026-04-05T08:49:09.000Z</time>
      </trkpt>
      <trkpt lat="49.05618" lon="15.013742">
        <time>2026-04-05T08:49:10.000Z</time>
      </trkpt>
      <trkpt lat="49.056198" lon="15.013715">
        <time>2026-04-05T08:49:11.000Z</time>
      </trkpt>
      <trkpt lat="49.056219" lon="15.013667">
        <time>2026-04-05T08:49:12.000Z</time>
      </trkpt>
      <trkpt lat="49.056235" lon="15.013625">
        <time>2026-04-05T08:49:13.000Z</time>
      </trkpt>
      <trkpt lat="49.056257" lon="15.013582">
        <time>2026-04-05T08:49:14.000Z</time>
      </trkpt>
      <trkpt lat="49.056271" lon="15.013534">
        <time>2026-04-05T08:49:15.000Z</time>
      </trkpt>
      <trkpt lat="49.056282" lon="15.013489">
        <time>2026-04-05T08:49:16.000Z</time>
      </trkpt>
      <trkpt lat="49.056298" lon="15.013437">
        <time>2026-04-05T08:49:17.000Z</time>
      </trkpt>
      <trkpt lat="49.056317" lon="15.01338">
        <time>2026-04-05T08:49:18.000Z</time>
      </trkpt>
      <trkpt lat="49.056328" lon="15.013325">
        <time>2026-04-05T08:49:19.000Z</time>
      </trkpt>
      <trkpt lat="49.056335" lon="15.01327">
        <time>2026-04-05T08:49:20.000Z</time>
      </trkpt>
      <trkpt lat="49.056339" lon="15.013214">
        <time>2026-04-05T08:49:21.000Z</time>
      </trkpt>
      <trkpt lat="49.056338" lon="15.013164">
        <time>2026-04-05T08:49:22.000Z</time>
      </trkpt>
      <trkpt lat="49.056329" lon="15.013106">
        <time>2026-04-05T08:49:23.000Z</time>
      </trkpt>
      <trkpt lat="49.056319" lon="15.013055">
        <time>2026-04-05T08:49:24.000Z</time>
      </trkpt>
      <trkpt lat="49.056306" lon="15.013003">
        <time>2026-04-05T08:49:25.000Z</time>
      </trkpt>
      <trkpt lat="49.056291" lon="15.012951">
        <time>2026-04-05T08:49:26.000Z</time>
      </trkpt>
      <trkpt lat="49.056278" lon="15.012907">
        <time>2026-04-05T08:49:27.000Z</time>
      </trkpt>
      <trkpt lat="49.056262" lon="15.012866">
        <time>2026-04-05T08:49:28.000Z</time>
      </trkpt>
      <trkpt lat="49.056248" lon="15.012818">
        <time>2026-04-05T08:49:29.000Z</time>
      </trkpt>
      <trkpt lat="49.05623" lon="15.012773">
        <time>2026-04-05T08:49:30.000Z</time>
      </trkpt>
      <trkpt lat="49.056232" lon="15.012722">
        <time>2026-04-05T08:49:31.000Z</time>
      </trkpt>
      <trkpt lat="49.056242" lon="15.012681">
        <time>2026-04-05T08:49:32.000Z</time>
      </trkpt>
      <trkpt lat="49.056249" lon="15.012638">
        <time>2026-04-05T08:49:33.000Z</time>
      </trkpt>
      <trkpt lat="49.056265" lon="15.012584">
        <time>2026-04-05T08:49:34.000Z</time>
      </trkpt>
      <trkpt lat="49.056279" lon="15.012543">
        <time>2026-04-05T08:49:35.000Z</time>
      </trkpt>
      <trkpt lat="49.056291" lon="15.0125">
        <time>2026-04-05T08:49:36.000Z</time>
      </trkpt>
      <trkpt lat="49.056305" lon="15.012453">
        <time>2026-04-05T08:49:37.000Z</time>
      </trkpt>
      <trkpt lat="49.056326" lon="15.012408">
        <time>2026-04-05T08:49:38.000Z</time>
      </trkpt>
      <trkpt lat="49.056342" lon="15.012363">
        <time>2026-04-05T08:49:39.000Z</time>
      </trkpt>
      <trkpt lat="49.056358" lon="15.012317">
        <time>2026-04-05T08:49:40.000Z</time>
      </trkpt>
      <trkpt lat="49.056373" lon="15.012271">
        <time>2026-04-05T08:49:41.000Z</time>
      </trkpt>
      <trkpt lat="49.05637" lon="15.012221">
        <time>2026-04-05T08:49:42.000Z</time>
      </trkpt>
      <trkpt lat="49.056361" lon="15.012166">
        <time>2026-04-05T08:49:43.000Z</time>
      </trkpt>
      <trkpt lat="49.056357" lon="15.012099">
        <time>2026-04-05T08:49:44.000Z</time>
      </trkpt>
      <trkpt lat="49.056356" lon="15.012044">
        <time>2026-04-05T08:49:45.000Z</time>
      </trkpt>
      <trkpt lat="49.056359" lon="15.011981">
        <time>2026-04-05T08:49:46.000Z</time>
      </trkpt>
      <trkpt lat="49.056363" lon="15.011912">
        <time>2026-04-05T08:49:47.000Z</time>
      </trkpt>
      <trkpt lat="49.056371" lon="15.011864">
        <time>2026-04-05T08:49:48.000Z</time>
      </trkpt>
      <trkpt lat="49.056387" lon="15.011813">
        <time>2026-04-05T08:49:49.000Z</time>
      </trkpt>
      <trkpt lat="49.056407" lon="15.011773">
        <time>2026-04-05T08:49:50.000Z</time>
      </trkpt>
      <trkpt lat="49.056425" lon="15.011731">
        <time>2026-04-05T08:49:51.000Z</time>
      </trkpt>
      <trkpt lat="49.056436" lon="15.011676">
        <time>2026-04-05T08:49:52.000Z</time>
      </trkpt>
      <trkpt lat="49.056449" lon="15.011629">
        <time>2026-04-05T08:49:53.000Z</time>
      </trkpt>
      <trkpt lat="49.056457" lon="15.011587">
        <time>2026-04-05T08:49:54.000Z</time>
      </trkpt>
      <trkpt lat="49.056472" lon="15.011535">
        <time>2026-04-05T08:49:55.000Z</time>
      </trkpt>
      <trkpt lat="49.056494" lon="15.011495">
        <time>2026-04-05T08:49:56.000Z</time>
      </trkpt>
      <trkpt lat="49.056511" lon="15.011457">
        <time>2026-04-05T08:49:57.000Z</time>
      </trkpt>
      <trkpt lat="49.056528" lon="15.011411">
        <time>2026-04-05T08:49:58.000Z</time>
      </trkpt>
      <trkpt lat="49.056544" lon="15.011379">
        <time>2026-04-05T08:49:59.000Z</time>
      </trkpt>
      <trkpt lat="49.056565" lon="15.011343">
        <time>2026-04-05T08:50:00.000Z</time>
      </trkpt>
      <trkpt lat="49.056583" lon="15.011313">
        <time>2026-04-05T08:50:01.000Z</time>
      </trkpt>
      <trkpt lat="49.056602" lon="15.011271">
        <time>2026-04-05T08:50:02.000Z</time>
      </trkpt>
      <trkpt lat="49.056621" lon="15.011236">
        <time>2026-04-05T08:50:03.000Z</time>
      </trkpt>
      <trkpt lat="49.05664" lon="15.011202">
        <time>2026-04-05T08:50:04.000Z</time>
      </trkpt>
      <trkpt lat="49.056662" lon="15.011162">
        <time>2026-04-05T08:50:05.000Z</time>
      </trkpt>
      <trkpt lat="49.056677" lon="15.011134">
        <time>2026-04-05T08:50:06.000Z</time>
      </trkpt>
      <trkpt lat="49.056685" lon="15.011091">
        <time>2026-04-05T08:50:07.000Z</time>
      </trkpt>
      <trkpt lat="49.056695" lon="15.011057">
        <time>2026-04-05T08:50:08.000Z</time>
      </trkpt>
      <trkpt lat="49.05671" lon="15.011024">
        <time>2026-04-05T08:50:09.000Z</time>
      </trkpt>
      <trkpt lat="49.056729" lon="15.010994">
        <time>2026-04-05T08:50:10.000Z</time>
      </trkpt>
      <trkpt lat="49.056742" lon="15.010958">
        <time>2026-04-05T08:50:11.000Z</time>
      </trkpt>
      <trkpt lat="49.056771" lon="15.010919">
        <time>2026-04-05T08:50:12.000Z</time>
      </trkpt>
      <trkpt lat="49.056802" lon="15.01088">
        <time>2026-04-05T08:50:13.000Z</time>
      </trkpt>
      <trkpt lat="49.056824" lon="15.010855">
        <time>2026-04-05T08:50:14.000Z</time>
      </trkpt>
      <trkpt lat="49.056856" lon="15.010827">
        <time>2026-04-05T08:50:15.000Z</time>
      </trkpt>
      <trkpt lat="49.056882" lon="15.010801">
        <time>2026-04-05T08:50:16.000Z</time>
      </trkpt>
      <trkpt lat="49.056904" lon="15.010773">
        <time>2026-04-05T08:50:17.000Z</time>
      </trkpt>
      <trkpt lat="49.056926" lon="15.01074">
        <time>2026-04-05T08:50:18.000Z</time>
      </trkpt>
      <trkpt lat="49.056954" lon="15.0107">
        <time>2026-04-05T08:50:19.000Z</time>
      </trkpt>
      <trkpt lat="49.056973" lon="15.010659">
        <time>2026-04-05T08:50:20.000Z</time>
      </trkpt>
      <trkpt lat="49.056986" lon="15.010619">
        <time>2026-04-05T08:50:21.000Z</time>
      </trkpt>
      <trkpt lat="49.057008" lon="15.010564">
        <time>2026-04-05T08:50:22.000Z</time>
      </trkpt>
      <trkpt lat="49.057023" lon="15.010523">
        <time>2026-04-05T08:50:23.000Z</time>
      </trkpt>
      <trkpt lat="49.057032" lon="15.010483">
        <time>2026-04-05T08:50:24.000Z</time>
      </trkpt>
      <trkpt lat="49.057046" lon="15.010446">
        <time>2026-04-05T08:50:25.000Z</time>
      </trkpt>
      <trkpt lat="49.057062" lon="15.010414">
        <time>2026-04-05T08:50:26.000Z</time>
      </trkpt>
      <trkpt lat="49.057075" lon="15.010383">
        <time>2026-04-05T08:50:27.000Z</time>
      </trkpt>
      <trkpt lat="49.057087" lon="15.010361">
        <time>2026-04-05T08:50:28.000Z</time>
      </trkpt>
      <trkpt lat="49.057093" lon="15.010326">
        <time>2026-04-05T08:50:29.000Z</time>
      </trkpt>
      <trkpt lat="49.057116" lon="15.010288">
        <time>2026-04-05T08:50:30.000Z</time>
      </trkpt>
      <trkpt lat="49.057141" lon="15.010266">
        <time>2026-04-05T08:50:31.000Z</time>
      </trkpt>
      <trkpt lat="49.057165" lon="15.010247">
        <time>2026-04-05T08:50:32.000Z</time>
      </trkpt>
      <trkpt lat="49.057193" lon="15.010249">
        <time>2026-04-05T08:50:33.000Z</time>
      </trkpt>
      <trkpt lat="49.05722" lon="15.010247">
        <time>2026-04-05T08:50:34.000Z</time>
      </trkpt>
      <trkpt lat="49.057245" lon="15.010228">
        <time>2026-04-05T08:50:35.000Z</time>
      </trkpt>
      <trkpt lat="49.057264" lon="15.010207">
        <time>2026-04-05T08:50:36.000Z</time>
      </trkpt>
      <trkpt lat="49.057283" lon="15.010178">
        <time>2026-04-05T08:50:37.000Z</time>
      </trkpt>
      <trkpt lat="49.057297" lon="15.010144">
        <time>2026-04-05T08:50:38.000Z</time>
      </trkpt>
      <trkpt lat="49.057302" lon="15.010108">
        <time>2026-04-05T08:50:39.000Z</time>
      </trkpt>
      <trkpt lat="49.057309" lon="15.010075">
        <time>2026-04-05T08:50:40.000Z</time>
      </trkpt>
      <trkpt lat="49.057319" lon="15.010041">
        <time>2026-04-05T08:50:41.000Z</time>
      </trkpt>
      <trkpt lat="49.057322" lon="15.010008">
        <time>2026-04-05T08:50:42.000Z</time>
      </trkpt>
      <trkpt lat="49.057334" lon="15.009972">
        <time>2026-04-05T08:50:43.000Z</time>
      </trkpt>
      <trkpt lat="49.05735" lon="15.009925">
        <time>2026-04-05T08:50:44.000Z</time>
      </trkpt>
      <trkpt lat="49.057366" lon="15.009886">
        <time>2026-04-05T08:50:45.000Z</time>
      </trkpt>
      <trkpt lat="49.057379" lon="15.009843">
        <time>2026-04-05T08:50:46.000Z</time>
      </trkpt>
      <trkpt lat="49.057381" lon="15.009786">
        <time>2026-04-05T08:50:47.000Z</time>
      </trkpt>
      <trkpt lat="49.057391" lon="15.009745">
        <time>2026-04-05T08:50:48.000Z</time>
      </trkpt>
      <trkpt lat="49.057399" lon="15.009711">
        <time>2026-04-05T08:50:49.000Z</time>
      </trkpt>
      <trkpt lat="49.057413" lon="15.009671">
        <time>2026-04-05T08:50:50.000Z</time>
      </trkpt>
      <trkpt lat="49.057434" lon="15.009633">
        <time>2026-04-05T08:50:51.000Z</time>
      </trkpt>
      <trkpt lat="49.057448" lon="15.009604">
        <time>2026-04-05T08:50:52.000Z</time>
      </trkpt>
      <trkpt lat="49.057454" lon="15.009574">
        <time>2026-04-05T08:50:53.000Z</time>
      </trkpt>
      <trkpt lat="49.057476" lon="15.009545">
        <time>2026-04-05T08:50:54.000Z</time>
      </trkpt>
      <trkpt lat="49.057494" lon="15.009513">
        <time>2026-04-05T08:50:55.000Z</time>
      </trkpt>
      <trkpt lat="49.057515" lon="15.009497">
        <time>2026-04-05T08:50:56.000Z</time>
      </trkpt>
      <trkpt lat="49.057543" lon="15.009476">
        <time>2026-04-05T08:50:57.000Z</time>
      </trkpt>
      <trkpt lat="49.05757" lon="15.009447">
        <time>2026-04-05T08:50:58.000Z</time>
      </trkpt>
      <trkpt lat="49.057595" lon="15.009432">
        <time>2026-04-05T08:50:59.000Z</time>
      </trkpt>
      <trkpt lat="49.057618" lon="15.009413">
        <time>2026-04-05T08:51:00.000Z</time>
      </trkpt>
      <trkpt lat="49.057647" lon="15.009384">
        <time>2026-04-05T08:51:01.000Z</time>
      </trkpt>
      <trkpt lat="49.057673" lon="15.009356">
        <time>2026-04-05T08:51:02.000Z</time>
      </trkpt>
      <trkpt lat="49.057698" lon="15.009339">
        <time>2026-04-05T08:51:03.000Z</time>
      </trkpt>
      <trkpt lat="49.057724" lon="15.009316">
        <time>2026-04-05T08:51:04.000Z</time>
      </trkpt>
      <trkpt lat="49.057752" lon="15.009308">
        <time>2026-04-05T08:51:05.000Z</time>
      </trkpt>
      <trkpt lat="49.05778" lon="15.009298">
        <time>2026-04-05T08:51:06.000Z</time>
      </trkpt>
      <trkpt lat="49.057802" lon="15.009283">
        <time>2026-04-05T08:51:07.000Z</time>
      </trkpt>
      <trkpt lat="49.057836" lon="15.009279">
        <time>2026-04-05T08:51:08.000Z</time>
      </trkpt>
      <trkpt lat="49.05786" lon="15.009283">
        <time>2026-04-05T08:51:09.000Z</time>
      </trkpt>
      <trkpt lat="49.057879" lon="15.009287">
        <time>2026-04-05T08:51:10.000Z</time>
      </trkpt>
      <trkpt lat="49.057897" lon="15.009278">
        <time>2026-04-05T08:51:11.000Z</time>
      </trkpt>
      <trkpt lat="49.057914" lon="15.009272">
        <time>2026-04-05T08:51:12.000Z</time>
      </trkpt>
      <trkpt lat="49.057929" lon="15.009276">
        <time>2026-04-05T08:51:13.000Z</time>
      </trkpt>
      <trkpt lat="49.05794" lon="15.009292">
        <time>2026-04-05T08:51:14.000Z</time>
      </trkpt>
      <trkpt lat="49.057951" lon="15.009309">
        <time>2026-04-05T08:51:15.000Z</time>
      </trkpt>
      <trkpt lat="49.057964" lon="15.009314">
        <time>2026-04-05T08:51:16.000Z</time>
      </trkpt>
      <trkpt lat="49.057974" lon="15.00932">
        <time>2026-04-05T08:51:17.000Z</time>
      </trkpt>
      <trkpt lat="49.057984" lon="15.009324">
        <time>2026-04-05T08:51:18.000Z</time>
      </trkpt>
      <trkpt lat="49.058001" lon="15.009317">
        <time>2026-04-05T08:51:19.000Z</time>
      </trkpt>
      <trkpt lat="49.058015" lon="15.009306">
        <time>2026-04-05T08:51:20.000Z</time>
      </trkpt>
      <trkpt lat="49.058032" lon="15.009294">
        <time>2026-04-05T08:51:21.000Z</time>
      </trkpt>
      <trkpt lat="49.058049" lon="15.00928">
        <time>2026-04-05T08:51:22.000Z</time>
      </trkpt>
      <trkpt lat="49.058076" lon="15.009256">
        <time>2026-04-05T08:51:23.000Z</time>
      </trkpt>
      <trkpt lat="49.058103" lon="15.009234">
        <time>2026-04-05T08:51:24.000Z</time>
      </trkpt>
      <trkpt lat="49.058128" lon="15.009212">
        <time>2026-04-05T08:51:25.000Z</time>
      </trkpt>
      <trkpt lat="49.058146" lon="15.009195">
        <time>2026-04-05T08:51:26.000Z</time>
      </trkpt>
      <trkpt lat="49.058174" lon="15.009188">
        <time>2026-04-05T08:51:27.000Z</time>
      </trkpt>
      <trkpt lat="49.058197" lon="15.009198">
        <time>2026-04-05T08:51:28.000Z</time>
      </trkpt>
      <trkpt lat="49.058222" lon="15.009217">
        <time>2026-04-05T08:51:29.000Z</time>
      </trkpt>
      <trkpt lat="49.058242" lon="15.00923">
        <time>2026-04-05T08:51:30.000Z</time>
      </trkpt>
      <trkpt lat="49.058266" lon="15.009244">
        <time>2026-04-05T08:51:31.000Z</time>
      </trkpt>
      <trkpt lat="49.058289" lon="15.009273">
        <time>2026-04-05T08:51:32.000Z</time>
      </trkpt>
      <trkpt lat="49.058318" lon="15.009296">
        <time>2026-04-05T08:51:33.000Z</time>
      </trkpt>
      <trkpt lat="49.058345" lon="15.009315">
        <time>2026-04-05T08:51:34.000Z</time>
      </trkpt>
      <trkpt lat="49.058373" lon="15.009349">
        <time>2026-04-05T08:51:35.000Z</time>
      </trkpt>
      <trkpt lat="49.058394" lon="15.009371">
        <time>2026-04-05T08:51:36.000Z</time>
      </trkpt>
      <trkpt lat="49.058416" lon="15.009393">
        <time>2026-04-05T08:51:37.000Z</time>
      </trkpt>
      <trkpt lat="49.058439" lon="15.009416">
        <time>2026-04-05T08:51:38.000Z</time>
      </trkpt>
      <trkpt lat="49.05846" lon="15.009425">
        <time>2026-04-05T08:51:39.000Z</time>
      </trkpt>
      <trkpt lat="49.058484" lon="15.009429">
        <time>2026-04-05T08:51:40.000Z</time>
      </trkpt>
      <trkpt lat="49.058501" lon="15.009421">
        <time>2026-04-05T08:51:41.000Z</time>
      </trkpt>
      <trkpt lat="49.058532" lon="15.009415">
        <time>2026-04-05T08:51:42.000Z</time>
      </trkpt>
      <trkpt lat="49.058558" lon="15.009424">
        <time>2026-04-05T08:51:43.000Z</time>
      </trkpt>
      <trkpt lat="49.058589" lon="15.009408">
        <time>2026-04-05T08:51:44.000Z</time>
      </trkpt>
      <trkpt lat="49.058608" lon="15.009406">
        <time>2026-04-05T08:51:45.000Z</time>
      </trkpt>
      <trkpt lat="49.058625" lon="15.009408">
        <time>2026-04-05T08:51:46.000Z</time>
      </trkpt>
      <trkpt lat="49.058647" lon="15.009414">
        <time>2026-04-05T08:51:47.000Z</time>
      </trkpt>
      <trkpt lat="49.058671" lon="15.009427">
        <time>2026-04-05T08:51:48.000Z</time>
      </trkpt>
      <trkpt lat="49.058687" lon="15.00943">
        <time>2026-04-05T08:51:49.000Z</time>
      </trkpt>
      <trkpt lat="49.058705" lon="15.00944">
        <time>2026-04-05T08:51:50.000Z</time>
      </trkpt>
      <trkpt lat="49.058729" lon="15.009447">
        <time>2026-04-05T08:51:51.000Z</time>
      </trkpt>
      <trkpt lat="49.058746" lon="15.009428">
        <time>2026-04-05T08:51:52.000Z</time>
      </trkpt>
      <trkpt lat="49.058769" lon="15.009405">
        <time>2026-04-05T08:51:53.000Z</time>
      </trkpt>
      <trkpt lat="49.058788" lon="15.009393">
        <time>2026-04-05T08:51:54.000Z</time>
      </trkpt>
      <trkpt lat="49.058814" lon="15.009396">
        <time>2026-04-05T08:51:55.000Z</time>
      </trkpt>
      <trkpt lat="49.058839" lon="15.009385">
        <time>2026-04-05T08:51:56.000Z</time>
      </trkpt>
      <trkpt lat="49.058866" lon="15.00937">
        <time>2026-04-05T08:51:57.000Z</time>
      </trkpt>
      <trkpt lat="49.058887" lon="15.009361">
        <time>2026-04-05T08:51:58.000Z</time>
      </trkpt>
      <trkpt lat="49.058902" lon="15.009365">
        <time>2026-04-05T08:51:59.000Z</time>
      </trkpt>
      <trkpt lat="49.058907" lon="15.009384">
        <time>2026-04-05T08:52:00.000Z</time>
      </trkpt>
      <trkpt lat="49.058911" lon="15.009412">
        <time>2026-04-05T08:52:01.000Z</time>
      </trkpt>
      <trkpt lat="49.058913" lon="15.009442">
        <time>2026-04-05T08:52:02.000Z</time>
      </trkpt>
      <trkpt lat="49.058905" lon="15.009483">
        <time>2026-04-05T08:52:03.000Z</time>
      </trkpt>
      <trkpt lat="49.058901" lon="15.009512">
        <time>2026-04-05T08:52:04.000Z</time>
      </trkpt>
      <trkpt lat="49.058904" lon="15.009541">
        <time>2026-04-05T08:52:05.000Z</time>
      </trkpt>
      <trkpt lat="49.058911" lon="15.009583">
        <time>2026-04-05T08:52:06.000Z</time>
      </trkpt>
      <trkpt lat="49.058915" lon="15.009622">
        <time>2026-04-05T08:52:07.000Z</time>
      </trkpt>
      <trkpt lat="49.058919" lon="15.009658">
        <time>2026-04-05T08:52:08.000Z</time>
      </trkpt>
      <trkpt lat="49.058923" lon="15.00969">
        <time>2026-04-05T08:52:09.000Z</time>
      </trkpt>
      <trkpt lat="49.058927" lon="15.009737">
        <time>2026-04-05T08:52:10.000Z</time>
      </trkpt>
      <trkpt lat="49.058937" lon="15.009772">
        <time>2026-04-05T08:52:11.000Z</time>
      </trkpt>
      <trkpt lat="49.058953" lon="15.0098">
        <time>2026-04-05T08:52:12.000Z</time>
      </trkpt>
      <trkpt lat="49.058971" lon="15.009832">
        <time>2026-04-05T08:52:13.000Z</time>
      </trkpt>
      <trkpt lat="49.058989" lon="15.009878">
        <time>2026-04-05T08:52:14.000Z</time>
      </trkpt>
      <trkpt lat="49.058997" lon="15.009919">
        <time>2026-04-05T08:52:15.000Z</time>
      </trkpt>
      <trkpt lat="49.059004" lon="15.009956">
        <time>2026-04-05T08:52:16.000Z</time>
      </trkpt>
      <trkpt lat="49.059011" lon="15.010004">
        <time>2026-04-05T08:52:17.000Z</time>
      </trkpt>
      <trkpt lat="49.059014" lon="15.010044">
        <time>2026-04-05T08:52:18.000Z</time>
      </trkpt>
      <trkpt lat="49.059015" lon="15.010077">
        <time>2026-04-05T08:52:19.000Z</time>
      </trkpt>
      <trkpt lat="49.059022" lon="15.010125">
        <time>2026-04-05T08:52:20.000Z</time>
      </trkpt>
      <trkpt lat="49.059029" lon="15.010176">
        <time>2026-04-05T08:52:21.000Z</time>
      </trkpt>
      <trkpt lat="49.059033" lon="15.010213">
        <time>2026-04-05T08:52:22.000Z</time>
      </trkpt>
      <trkpt lat="49.05904" lon="15.010252">
        <time>2026-04-05T08:52:23.000Z</time>
      </trkpt>
      <trkpt lat="49.059046" lon="15.010288">
        <time>2026-04-05T08:52:24.000Z</time>
      </trkpt>
      <trkpt lat="49.059056" lon="15.010323">
        <time>2026-04-05T08:52:25.000Z</time>
      </trkpt>
      <trkpt lat="49.059066" lon="15.010362">
        <time>2026-04-05T08:52:26.000Z</time>
      </trkpt>
      <trkpt lat="49.059073" lon="15.010407">
        <time>2026-04-05T08:52:27.000Z</time>
      </trkpt>
      <trkpt lat="49.05908" lon="15.010459">
        <time>2026-04-05T08:52:28.000Z</time>
      </trkpt>
      <trkpt lat="49.059087" lon="15.010504">
        <time>2026-04-05T08:52:29.000Z</time>
      </trkpt>
      <trkpt lat="49.059098" lon="15.010553">
        <time>2026-04-05T08:52:30.000Z</time>
      </trkpt>
      <trkpt lat="49.059096" lon="15.010593">
        <time>2026-04-05T08:52:31.000Z</time>
      </trkpt>
      <trkpt lat="49.059099" lon="15.010634">
        <time>2026-04-05T08:52:32.000Z</time>
      </trkpt>
      <trkpt lat="49.059101" lon="15.010671">
        <time>2026-04-05T08:52:33.000Z</time>
      </trkpt>
      <trkpt lat="49.059103" lon="15.010725">
        <time>2026-04-05T08:52:34.000Z</time>
      </trkpt>
      <trkpt lat="49.059093" lon="15.010759">
        <time>2026-04-05T08:52:35.000Z</time>
      </trkpt>
      <trkpt lat="49.059078" lon="15.010797">
        <time>2026-04-05T08:52:36.000Z</time>
      </trkpt>
      <trkpt lat="49.059068" lon="15.010835">
        <time>2026-04-05T08:52:37.000Z</time>
      </trkpt>
      <trkpt lat="49.059056" lon="15.010867">
        <time>2026-04-05T08:52:38.000Z</time>
      </trkpt>
      <trkpt lat="49.059048" lon="15.010912">
        <time>2026-04-05T08:52:39.000Z</time>
      </trkpt>
      <trkpt lat="49.05904" lon="15.010949">
        <time>2026-04-05T08:52:40.000Z</time>
      </trkpt>
      <trkpt lat="49.059032" lon="15.010977">
        <time>2026-04-05T08:52:41.000Z</time>
      </trkpt>
      <trkpt lat="49.059023" lon="15.011007">
        <time>2026-04-05T08:52:42.000Z</time>
      </trkpt>
      <trkpt lat="49.059017" lon="15.011035">
        <time>2026-04-05T08:52:43.000Z</time>
      </trkpt>
      <trkpt lat="49.059002" lon="15.011076">
        <time>2026-04-05T08:52:44.000Z</time>
      </trkpt>
      <trkpt lat="49.058985" lon="15.011107">
        <time>2026-04-05T08:52:45.000Z</time>
      </trkpt>
      <trkpt lat="49.058974" lon="15.011122">
        <time>2026-04-05T08:52:46.000Z</time>
      </trkpt>
      <trkpt lat="49.058962" lon="15.011141">
        <time>2026-04-05T08:52:47.000Z</time>
      </trkpt>
      <trkpt lat="49.058951" lon="15.011155">
        <time>2026-04-05T08:52:48.000Z</time>
      </trkpt>
      <trkpt lat="49.058938" lon="15.01116">
        <time>2026-04-05T08:52:49.000Z</time>
      </trkpt>
      <trkpt lat="49.058919" lon="15.011157">
        <time>2026-04-05T08:52:50.000Z</time>
      </trkpt>
      <trkpt lat="49.058906" lon="15.011162">
        <time>2026-04-05T08:52:51.000Z</time>
      </trkpt>
      <trkpt lat="49.058893" lon="15.011174">
        <time>2026-04-05T08:52:52.000Z</time>
      </trkpt>
      <trkpt lat="49.058884" lon="15.01119">
        <time>2026-04-05T08:52:53.000Z</time>
      </trkpt>
      <trkpt lat="49.058879" lon="15.011212">
        <time>2026-04-05T08:52:54.000Z</time>
      </trkpt>
      <trkpt lat="49.058868" lon="15.011256">
        <time>2026-04-05T08:52:55.000Z</time>
      </trkpt>
      <trkpt lat="49.058855" lon="15.011295">
        <time>2026-04-05T08:52:56.000Z</time>
      </trkpt>
      <trkpt lat="49.05884" lon="15.011336">
        <time>2026-04-05T08:52:57.000Z</time>
      </trkpt>
      <trkpt lat="49.05883" lon="15.01137">
        <time>2026-04-05T08:52:58.000Z</time>
      </trkpt>
      <trkpt lat="49.058813" lon="15.011409">
        <time>2026-04-05T08:52:59.000Z</time>
      </trkpt>
      <trkpt lat="49.058797" lon="15.011448">
        <time>2026-04-05T08:53:00.000Z</time>
      </trkpt>
      <trkpt lat="49.058783" lon="15.011489">
        <time>2026-04-05T08:53:01.000Z</time>
      </trkpt>
      <trkpt lat="49.058767" lon="15.011525">
        <time>2026-04-05T08:53:02.000Z</time>
      </trkpt>
      <trkpt lat="49.058769" lon="15.01157">
        <time>2026-04-05T08:53:03.000Z</time>
      </trkpt>
      <trkpt lat="49.058765" lon="15.011612">
        <time>2026-04-05T08:53:04.000Z</time>
      </trkpt>
      <trkpt lat="49.058779" lon="15.01166">
        <time>2026-04-05T08:53:05.000Z</time>
      </trkpt>
      <trkpt lat="49.058782" lon="15.011688">
        <time>2026-04-05T08:53:06.000Z</time>
      </trkpt>
      <trkpt lat="49.058782" lon="15.011736">
        <time>2026-04-05T08:53:07.000Z</time>
      </trkpt>
      <trkpt lat="49.058775" lon="15.011783">
        <time>2026-04-05T08:53:08.000Z</time>
      </trkpt>
      <trkpt lat="49.058772" lon="15.011825">
        <time>2026-04-05T08:53:09.000Z</time>
      </trkpt>
      <trkpt lat="49.058761" lon="15.011868">
        <time>2026-04-05T08:53:10.000Z</time>
      </trkpt>
      <trkpt lat="49.058742" lon="15.011897">
        <time>2026-04-05T08:53:11.000Z</time>
      </trkpt>
      <trkpt lat="49.058721" lon="15.011923">
        <time>2026-04-05T08:53:12.000Z</time>
      </trkpt>
      <trkpt lat="49.058694" lon="15.011945">
        <time>2026-04-05T08:53:13.000Z</time>
      </trkpt>
      <trkpt lat="49.058666" lon="15.011955">
        <time>2026-04-05T08:53:14.000Z</time>
      </trkpt>
      <trkpt lat="49.058632" lon="15.01195">
        <time>2026-04-05T08:53:15.000Z</time>
      </trkpt>
      <trkpt lat="49.058595" lon="15.01194">
        <time>2026-04-05T08:53:16.000Z</time>
      </trkpt>
      <trkpt lat="49.05856" lon="15.011934">
        <time>2026-04-05T08:53:17.000Z</time>
      </trkpt>
      <trkpt lat="49.058521" lon="15.011923">
        <time>2026-04-05T08:53:18.000Z</time>
      </trkpt>
      <trkpt lat="49.058491" lon="15.011913">
        <time>2026-04-05T08:53:19.000Z</time>
      </trkpt>
      <trkpt lat="49.058459" lon="15.011905">
        <time>2026-04-05T08:53:20.000Z</time>
      </trkpt>
      <trkpt lat="49.058417" lon="15.011891">
        <time>2026-04-05T08:53:21.000Z</time>
      </trkpt>
      <trkpt lat="49.058379" lon="15.011877">
        <time>2026-04-05T08:53:22.000Z</time>
      </trkpt>
      <trkpt lat="49.058342" lon="15.011867">
        <time>2026-04-05T08:53:23.000Z</time>
      </trkpt>
      <trkpt lat="49.058311" lon="15.011853">
        <time>2026-04-05T08:53:24.000Z</time>
      </trkpt>
      <trkpt lat="49.058275" lon="15.011843">
        <time>2026-04-05T08:53:25.000Z</time>
      </trkpt>
      <trkpt lat="49.05823" lon="15.01183">
        <time>2026-04-05T08:53:26.000Z</time>
      </trkpt>
      <trkpt lat="49.058195" lon="15.011823">
        <time>2026-04-05T08:53:27.000Z</time>
      </trkpt>
      <trkpt lat="49.058149" lon="15.01181">
        <time>2026-04-05T08:53:28.000Z</time>
      </trkpt>
      <trkpt lat="49.058109" lon="15.011801">
        <time>2026-04-05T08:53:29.000Z</time>
      </trkpt>
      <trkpt lat="49.058072" lon="15.011787">
        <time>2026-04-05T08:53:30.000Z</time>
      </trkpt>
      <trkpt lat="49.058037" lon="15.011763">
        <time>2026-04-05T08:53:31.000Z</time>
      </trkpt>
      <trkpt lat="49.058004" lon="15.01175">
        <time>2026-04-05T08:53:32.000Z</time>
      </trkpt>
      <trkpt lat="49.057966" lon="15.011727">
        <time>2026-04-05T08:53:33.000Z</time>
      </trkpt>
      <trkpt lat="49.057929" lon="15.011703">
        <time>2026-04-05T08:53:34.000Z</time>
      </trkpt>
      <trkpt lat="49.057893" lon="15.011693">
        <time>2026-04-05T08:53:35.000Z</time>
      </trkpt>
      <trkpt lat="49.05785" lon="15.011675">
        <time>2026-04-05T08:53:36.000Z</time>
      </trkpt>
      <trkpt lat="49.057818" lon="15.011662">
        <time>2026-04-05T08:53:37.000Z</time>
      </trkpt>
      <trkpt lat="49.057777" lon="15.011649">
        <time>2026-04-05T08:53:38.000Z</time>
      </trkpt>
      <trkpt lat="49.05774" lon="15.011637">
        <time>2026-04-05T08:53:39.000Z</time>
      </trkpt>
      <trkpt lat="49.057701" lon="15.01163">
        <time>2026-04-05T08:53:40.000Z</time>
      </trkpt>
      <trkpt lat="49.057665" lon="15.011622">
        <time>2026-04-05T08:53:41.000Z</time>
      </trkpt>
      <trkpt lat="49.057638" lon="15.011626">
        <time>2026-04-05T08:53:42.000Z</time>
      </trkpt>
      <trkpt lat="49.057601" lon="15.011625">
        <time>2026-04-05T08:53:43.000Z</time>
      </trkpt>
      <trkpt lat="49.057564" lon="15.011616">
        <time>2026-04-05T08:53:44.000Z</time>
      </trkpt>
      <trkpt lat="49.057537" lon="15.01161">
        <time>2026-04-05T08:53:45.000Z</time>
      </trkpt>
      <trkpt lat="49.057509" lon="15.011609">
        <time>2026-04-05T08:53:46.000Z</time>
      </trkpt>
      <trkpt lat="49.057483" lon="15.01161">
        <time>2026-04-05T08:53:47.000Z</time>
      </trkpt>
      <trkpt lat="49.05746" lon="15.011615">
        <time>2026-04-05T08:53:48.000Z</time>
      </trkpt>
      <trkpt lat="49.057425" lon="15.011609">
        <time>2026-04-05T08:53:49.000Z</time>
      </trkpt>
      <trkpt lat="49.057401" lon="15.011611">
        <time>2026-04-05T08:53:50.000Z</time>
      </trkpt>
      <trkpt lat="49.05737" lon="15.011608">
        <time>2026-04-05T08:53:51.000Z</time>
      </trkpt>
      <trkpt lat="49.057344" lon="15.011591">
        <time>2026-04-05T08:53:52.000Z</time>
      </trkpt>
      <trkpt lat="49.057331" lon="15.011553">
        <time>2026-04-05T08:53:53.000Z</time>
      </trkpt>
      <trkpt lat="49.057316" lon="15.011523">
        <time>2026-04-05T08:53:54.000Z</time>
      </trkpt>
      <trkpt lat="49.057291" lon="15.011493">
        <time>2026-04-05T08:53:55.000Z</time>
      </trkpt>
      <trkpt lat="49.057264" lon="15.011465">
        <time>2026-04-05T08:53:56.000Z</time>
      </trkpt>
      <trkpt lat="49.057244" lon="15.011442">
        <time>2026-04-05T08:53:57.000Z</time>
      </trkpt>
      <trkpt lat="49.057231" lon="15.011407">
        <time>2026-04-05T08:53:58.000Z</time>
      </trkpt>
      <trkpt lat="49.057222" lon="15.011371">
        <time>2026-04-05T08:53:59.000Z</time>
      </trkpt>
      <trkpt lat="49.057214" lon="15.011338">
        <time>2026-04-05T08:54:00.000Z</time>
      </trkpt>
      <trkpt lat="49.057205" lon="15.011302">
        <time>2026-04-05T08:54:01.000Z</time>
      </trkpt>
      <trkpt lat="49.057188" lon="15.011263">
        <time>2026-04-05T08:54:02.000Z</time>
      </trkpt>
      <trkpt lat="49.057157" lon="15.011231">
        <time>2026-04-05T08:54:03.000Z</time>
      </trkpt>
      <trkpt lat="49.057131" lon="15.01122">
        <time>2026-04-05T08:54:04.000Z</time>
      </trkpt>
      <trkpt lat="49.057099" lon="15.011204">
        <time>2026-04-05T08:54:05.000Z</time>
      </trkpt>
      <trkpt lat="49.057067" lon="15.011195">
        <time>2026-04-05T08:54:06.000Z</time>
      </trkpt>
      <trkpt lat="49.057038" lon="15.011188">
        <time>2026-04-05T08:54:07.000Z</time>
      </trkpt>
      <trkpt lat="49.057007" lon="15.011165">
        <time>2026-04-05T08:54:08.000Z</time>
      </trkpt>
      <trkpt lat="49.056987" lon="15.011131">
        <time>2026-04-05T08:54:09.000Z</time>
      </trkpt>
      <trkpt lat="49.056967" lon="15.011099">
        <time>2026-04-05T08:54:10.000Z</time>
      </trkpt>
      <trkpt lat="49.056937" lon="15.011075">
        <time>2026-04-05T08:54:11.000Z</time>
      </trkpt>
      <trkpt lat="49.056914" lon="15.011049">
        <time>2026-04-05T08:54:12.000Z</time>
      </trkpt>
      <trkpt lat="49.056895" lon="15.011016">
        <time>2026-04-05T08:54:13.000Z</time>
      </trkpt>
      <trkpt lat="49.056871" lon="15.010997">
        <time>2026-04-05T08:54:14.000Z</time>
      </trkpt>
      <trkpt lat="49.05685" lon="15.01097">
        <time>2026-04-05T08:54:15.000Z</time>
      </trkpt>
      <trkpt lat="49.056831" lon="15.010926">
        <time>2026-04-05T08:54:16.000Z</time>
      </trkpt>
      <trkpt lat="49.056812" lon="15.010906">
        <time>2026-04-05T08:54:17.000Z</time>
      </trkpt>
      <trkpt lat="49.056788" lon="15.010864">
        <time>2026-04-05T08:54:18.000Z</time>
      </trkpt>
      <trkpt lat="49.056772" lon="15.010836">
        <time>2026-04-05T08:54:19.000Z</time>
      </trkpt>
      <trkpt lat="49.056751" lon="15.010805">
        <time>2026-04-05T08:54:20.000Z</time>
      </trkpt>
      <trkpt lat="49.056726" lon="15.010772">
        <time>2026-04-05T08:54:21.000Z</time>
      </trkpt>
      <trkpt lat="49.0567" lon="15.01074">
        <time>2026-04-05T08:54:22.000Z</time>
      </trkpt>
      <trkpt lat="49.056687" lon="15.01071">
        <time>2026-04-05T08:54:23.000Z</time>
      </trkpt>
      <trkpt lat="49.056676" lon="15.01067">
        <time>2026-04-05T08:54:24.000Z</time>
      </trkpt>
      <trkpt lat="49.056679" lon="15.010623">
        <time>2026-04-05T08:54:25.000Z</time>
      </trkpt>
      <trkpt lat="49.056676" lon="15.010587">
        <time>2026-04-05T08:54:26.000Z</time>
      </trkpt>
      <trkpt lat="49.056676" lon="15.010547">
        <time>2026-04-05T08:54:27.000Z</time>
      </trkpt>
      <trkpt lat="49.056684" lon="15.010503">
        <time>2026-04-05T08:54:28.000Z</time>
      </trkpt>
      <trkpt lat="49.056691" lon="15.010462">
        <time>2026-04-05T08:54:29.000Z</time>
      </trkpt>
      <trkpt lat="49.056699" lon="15.010423">
        <time>2026-04-05T08:54:30.000Z</time>
      </trkpt>
      <trkpt lat="49.056702" lon="15.010392">
        <time>2026-04-05T08:54:31.000Z</time>
      </trkpt>
      <trkpt lat="49.056705" lon="15.010367">
        <time>2026-04-05T08:54:32.000Z</time>
      </trkpt>
      <trkpt lat="49.056706" lon="15.010346">
        <time>2026-04-05T08:54:33.000Z</time>
      </trkpt>
      <trkpt lat="49.056707" lon="15.010323">
        <time>2026-04-05T08:54:34.000Z</time>
      </trkpt>
      <trkpt lat="49.056706" lon="15.010296">
        <time>2026-04-05T08:54:35.000Z</time>
      </trkpt>
      <trkpt lat="49.056704" lon="15.010273">
        <time>2026-04-05T08:54:36.000Z</time>
      </trkpt>
      <trkpt lat="49.056704" lon="15.010254">
        <time>2026-04-05T08:54:37.000Z</time>
      </trkpt>
      <trkpt lat="49.056696" lon="15.010235">
        <time>2026-04-05T08:54:38.000Z</time>
      </trkpt>
      <trkpt lat="49.056691" lon="15.010212">
        <time>2026-04-05T08:54:39.000Z</time>
      </trkpt>
      <trkpt lat="49.056694" lon="15.01019">
        <time>2026-04-05T08:54:40.000Z</time>
      </trkpt>
      <trkpt lat="49.056698" lon="15.01017">
        <time>2026-04-05T08:54:41.000Z</time>
      </trkpt>
      <trkpt lat="49.056704" lon="15.010155">
        <time>2026-04-05T08:54:42.000Z</time>
      </trkpt>
      <trkpt lat="49.056714" lon="15.010141">
        <time>2026-04-05T08:54:43.000Z</time>
      </trkpt>
      <trkpt lat="49.056724" lon="15.010129">
        <time>2026-04-05T08:54:44.000Z</time>
      </trkpt>
      <trkpt lat="49.056734" lon="15.010116">
        <time>2026-04-05T08:54:45.000Z</time>
      </trkpt>
      <trkpt lat="49.056746" lon="15.010105">
        <time>2026-04-05T08:54:46.000Z</time>
      </trkpt>
      <trkpt lat="49.056759" lon="15.010096">
        <time>2026-04-05T08:54:47.000Z</time>
      </trkpt>
      <trkpt lat="49.056766" lon="15.010098">
        <time>2026-04-05T08:54:48.000Z</time>
      </trkpt>
      <trkpt lat="49.056779" lon="15.010087">
        <time>2026-04-05T08:54:49.000Z</time>
      </trkpt>
      <trkpt lat="49.056798" lon="15.010076">
        <time>2026-04-05T08:54:50.000Z</time>
      </trkpt>
      <trkpt lat="49.056815" lon="15.010067">
        <time>2026-04-05T08:54:51.000Z</time>
      </trkpt>
      <trkpt lat="49.056842" lon="15.010047">
        <time>2026-04-05T08:54:52.000Z</time>
      </trkpt>
      <trkpt lat="49.05686" lon="15.010018">
        <time>2026-04-05T08:54:53.000Z</time>
      </trkpt>
      <trkpt lat="49.05688" lon="15.00999">
        <time>2026-04-05T08:54:54.000Z</time>
      </trkpt>
      <trkpt lat="49.056887" lon="15.009955">
        <time>2026-04-05T08:54:55.000Z</time>
      </trkpt>
      <trkpt lat="49.056899" lon="15.00991">
        <time>2026-04-05T08:54:56.000Z</time>
      </trkpt>
      <trkpt lat="49.056904" lon="15.009868">
        <time>2026-04-05T08:54:57.000Z</time>
      </trkpt>
      <trkpt lat="49.056918" lon="15.009832">
        <time>2026-04-05T08:54:58.000Z</time>
      </trkpt>
      <trkpt lat="49.056922" lon="15.009808">
        <time>2026-04-05T08:54:59.000Z</time>
      </trkpt>
      <trkpt lat="49.056926" lon="15.009771">
        <time>2026-04-05T08:55:00.000Z</time>
      </trkpt>
      <trkpt lat="49.05693" lon="15.009733">
        <time>2026-04-05T08:55:01.000Z</time>
      </trkpt>
      <trkpt lat="49.056933" lon="15.009706">
        <time>2026-04-05T08:55:02.000Z</time>
      </trkpt>
      <trkpt lat="49.056933" lon="15.00968">
        <time>2026-04-05T08:55:03.000Z</time>
      </trkpt>
      <trkpt lat="49.056937" lon="15.009657">
        <time>2026-04-05T08:55:04.000Z</time>
      </trkpt>
      <trkpt lat="49.056938" lon="15.009641">
        <time>2026-04-05T08:55:05.000Z</time>
      </trkpt>
      <trkpt lat="49.056946" lon="15.00963">
        <time>2026-04-05T08:55:06.000Z</time>
      </trkpt>
      <trkpt lat="49.056956" lon="15.009617">
        <time>2026-04-05T08:55:07.000Z</time>
      </trkpt>
      <trkpt lat="49.056965" lon="15.00961">
        <time>2026-04-05T08:55:08.000Z</time>
      </trkpt>
      <trkpt lat="49.056971" lon="15.009591">
        <time>2026-04-05T08:55:09.000Z</time>
      </trkpt>
      <trkpt lat="49.05698" lon="15.009561">
        <time>2026-04-05T08:55:10.000Z</time>
      </trkpt>
      <trkpt lat="49.056978" lon="15.009564">
        <time>2026-04-05T08:55:11.000Z</time>
      </trkpt>
      <trkpt lat="49.056979" lon="15.009564">
        <time>2026-04-05T08:55:12.000Z</time>
      </trkpt>
      <trkpt lat="49.056979" lon="15.009564">
        <time>2026-04-05T08:55:13.000Z</time>
      </trkpt>
      <trkpt lat="49.056979" lon="15.009564">
        <time>2026-04-05T08:55:14.000Z</time>
      </trkpt>
      <trkpt lat="49.056979" lon="15.009564">
        <time>2026-04-05T08:55:15.000Z</time>
      </trkpt>
      <trkpt lat="49.05698" lon="15.009564">
        <time>2026-04-05T08:55:16.000Z</time>
      </trkpt>
      <trkpt lat="49.056989" lon="15.009582">
        <time>2026-04-05T08:55:17.000Z</time>
      </trkpt>
      <trkpt lat="49.056994" lon="15.009597">
        <time>2026-04-05T08:55:18.000Z</time>
      </trkpt>
      <trkpt lat="49.057002" lon="15.009612">
        <time>2026-04-05T08:55:19.000Z</time>
      </trkpt>
      <trkpt lat="49.057009" lon="15.009631">
        <time>2026-04-05T08:55:20.000Z</time>
      </trkpt>
      <trkpt lat="49.057011" lon="15.009648">
        <time>2026-04-05T08:55:21.000Z</time>
      </trkpt>
      <trkpt lat="49.057014" lon="15.009663">
        <time>2026-04-05T08:55:22.000Z</time>
      </trkpt>
      <trkpt lat="49.057027" lon="15.009676">
        <time>2026-04-05T08:55:23.000Z</time>
      </trkpt>
      <trkpt lat="49.057036" lon="15.009689">
        <time>2026-04-05T08:55:24.000Z</time>
      </trkpt>
      <trkpt lat="49.057045" lon="15.009705">
        <time>2026-04-05T08:55:25.000Z</time>
      </trkpt>
      <trkpt lat="49.057052" lon="15.00972">
        <time>2026-04-05T08:55:26.000Z</time>
      </trkpt>
      <trkpt lat="49.057057" lon="15.009738">
        <time>2026-04-05T08:55:27.000Z</time>
      </trkpt>
      <trkpt lat="49.05706" lon="15.009753">
        <time>2026-04-05T08:55:28.000Z</time>
      </trkpt>
      <trkpt lat="49.057056" lon="15.009766">
        <time>2026-04-05T08:55:29.000Z</time>
      </trkpt>
      <trkpt lat="49.057048" lon="15.009782">
        <time>2026-04-05T08:55:30.000Z</time>
      </trkpt>
      <trkpt lat="49.057044" lon="15.009791">
        <time>2026-04-05T08:55:31.000Z</time>
      </trkpt>
      <trkpt lat="49.057048" lon="15.009806">
        <time>2026-04-05T08:55:32.000Z</time>
      </trkpt>
      <trkpt lat="49.057056" lon="15.009824">
        <time>2026-04-05T08:55:33.000Z</time>
      </trkpt>
      <trkpt lat="49.057062" lon="15.009838">
        <time>2026-04-05T08:55:34.000Z</time>
      </trkpt>
      <trkpt lat="49.057066" lon="15.009844">
        <time>2026-04-05T08:55:35.000Z</time>
      </trkpt>
      <trkpt lat="49.057072" lon="15.009852">
        <time>2026-04-05T08:55:36.000Z</time>
      </trkpt>
      <trkpt lat="49.057068" lon="15.00985">
        <time>2026-04-05T08:55:37.000Z</time>
      </trkpt>
      <trkpt lat="49.057065" lon="15.009835">
        <time>2026-04-05T08:55:38.000Z</time>
      </trkpt>
      <trkpt lat="49.057061" lon="15.009817">
        <time>2026-04-05T08:55:39.000Z</time>
      </trkpt>
      <trkpt lat="49.057054" lon="15.009806">
        <time>2026-04-05T08:55:40.000Z</time>
      </trkpt>
      <trkpt lat="49.057046" lon="15.009799">
        <time>2026-04-05T08:55:41.000Z</time>
      </trkpt>
      <trkpt lat="49.057032" lon="15.009794">
        <time>2026-04-05T08:55:42.000Z</time>
      </trkpt>
      <trkpt lat="49.05702" lon="15.009785">
        <time>2026-04-05T08:55:43.000Z</time>
      </trkpt>
      <trkpt lat="49.05701" lon="15.009759">
        <time>2026-04-05T08:55:44.000Z</time>
      </trkpt>
      <trkpt lat="49.056996" lon="15.009742">
        <time>2026-04-05T08:55:45.000Z</time>
      </trkpt>
      <trkpt lat="49.056979" lon="15.009726">
        <time>2026-04-05T08:55:46.000Z</time>
      </trkpt>
      <trkpt lat="49.056961" lon="15.0097">
        <time>2026-04-05T08:55:47.000Z</time>
      </trkpt>
      <trkpt lat="49.056939" lon="15.009668">
        <time>2026-04-05T08:55:48.000Z</time>
      </trkpt>
      <trkpt lat="49.056925" lon="15.00965">
        <time>2026-04-05T08:55:49.000Z</time>
      </trkpt>
      <trkpt lat="49.056913" lon="15.00964">
        <time>2026-04-05T08:55:50.000Z</time>
      </trkpt>
      <trkpt lat="49.056904" lon="15.009626">
        <time>2026-04-05T08:55:51.000Z</time>
      </trkpt>
      <trkpt lat="49.056898" lon="15.009613">
        <time>2026-04-05T08:55:52.000Z</time>
      </trkpt>
      <trkpt lat="49.05689" lon="15.009604">
        <time>2026-04-05T08:55:53.000Z</time>
      </trkpt>
      <trkpt lat="49.056882" lon="15.009591">
        <time>2026-04-05T08:55:54.000Z</time>
      </trkpt>
      <trkpt lat="49.056874" lon="15.009575">
        <time>2026-04-05T08:55:55.000Z</time>
      </trkpt>
      <trkpt lat="49.056861" lon="15.009553">
        <time>2026-04-05T08:55:56.000Z</time>
      </trkpt>
      <trkpt lat="49.056846" lon="15.009526">
        <time>2026-04-05T08:55:57.000Z</time>
      </trkpt>
      <trkpt lat="49.056836" lon="15.0095">
        <time>2026-04-05T08:55:58.000Z</time>
      </trkpt>
      <trkpt lat="49.056825" lon="15.009475">
        <time>2026-04-05T08:55:59.000Z</time>
      </trkpt>
      <trkpt lat="49.056819" lon="15.009456">
        <time>2026-04-05T08:56:00.000Z</time>
      </trkpt>
      <trkpt lat="49.05681" lon="15.009448">
        <time>2026-04-05T08:56:01.000Z</time>
      </trkpt>
      <trkpt lat="49.056799" lon="15.009442">
        <time>2026-04-05T08:56:02.000Z</time>
      </trkpt>
      <trkpt lat="49.056778" lon="15.00943">
        <time>2026-04-05T08:56:03.000Z</time>
      </trkpt>
      <trkpt lat="49.056755" lon="15.009416">
        <time>2026-04-05T08:56:04.000Z</time>
      </trkpt>
      <trkpt lat="49.056729" lon="15.009404">
        <time>2026-04-05T08:56:05.000Z</time>
      </trkpt>
      <trkpt lat="49.056697" lon="15.00939">
        <time>2026-04-05T08:56:06.000Z</time>
      </trkpt>
      <trkpt lat="49.056667" lon="15.009377">
        <time>2026-04-05T08:56:07.000Z</time>
      </trkpt>
      <trkpt lat="49.056643" lon="15.009373">
        <time>2026-04-05T08:56:08.000Z</time>
      </trkpt>
      <trkpt lat="49.056624" lon="15.009377">
        <time>2026-04-05T08:56:09.000Z</time>
      </trkpt>
      <trkpt lat="49.056612" lon="15.009396">
        <time>2026-04-05T08:56:10.000Z</time>
      </trkpt>
      <trkpt lat="49.0566" lon="15.009415">
        <time>2026-04-05T08:56:11.000Z</time>
      </trkpt>
      <trkpt lat="49.056581" lon="15.009437">
        <time>2026-04-05T08:56:12.000Z</time>
      </trkpt>
      <trkpt lat="49.056565" lon="15.009448">
        <time>2026-04-05T08:56:13.000Z</time>
      </trkpt>
      <trkpt lat="49.056544" lon="15.009459">
        <time>2026-04-05T08:56:14.000Z</time>
      </trkpt>
      <trkpt lat="49.056519" lon="15.009456">
        <time>2026-04-05T08:56:15.000Z</time>
      </trkpt>
      <trkpt lat="49.056487" lon="15.009454">
        <time>2026-04-05T08:56:16.000Z</time>
      </trkpt>
      <trkpt lat="49.056457" lon="15.009454">
        <time>2026-04-05T08:56:17.000Z</time>
      </trkpt>
      <trkpt lat="49.056433" lon="15.009442">
        <time>2026-04-05T08:56:18.000Z</time>
      </trkpt>
      <trkpt lat="49.056402" lon="15.00943">
        <time>2026-04-05T08:56:19.000Z</time>
      </trkpt>
      <trkpt lat="49.056374" lon="15.009419">
        <time>2026-04-05T08:56:20.000Z</time>
      </trkpt>
      <trkpt lat="49.056339" lon="15.009411">
        <time>2026-04-05T08:56:21.000Z</time>
      </trkpt>
      <trkpt lat="49.056308" lon="15.009398">
        <time>2026-04-05T08:56:22.000Z</time>
      </trkpt>
      <trkpt lat="49.056281" lon="15.009395">
        <time>2026-04-05T08:56:23.000Z</time>
      </trkpt>
      <trkpt lat="49.056249" lon="15.009399">
        <time>2026-04-05T08:56:24.000Z</time>
      </trkpt>
      <trkpt lat="49.056216" lon="15.009401">
        <time>2026-04-05T08:56:25.000Z</time>
      </trkpt>
      <trkpt lat="49.056186" lon="15.009401">
        <time>2026-04-05T08:56:26.000Z</time>
      </trkpt>
      <trkpt lat="49.056156" lon="15.009404">
        <time>2026-04-05T08:56:27.000Z</time>
      </trkpt>
      <trkpt lat="49.056127" lon="15.0094">
        <time>2026-04-05T08:56:28.000Z</time>
      </trkpt>
      <trkpt lat="49.056098" lon="15.009399">
        <time>2026-04-05T08:56:29.000Z</time>
      </trkpt>
      <trkpt lat="49.056073" lon="15.009396">
        <time>2026-04-05T08:56:30.000Z</time>
      </trkpt>
      <trkpt lat="49.056054" lon="15.009394">
        <time>2026-04-05T08:56:31.000Z</time>
      </trkpt>
      <trkpt lat="49.056033" lon="15.009404">
        <time>2026-04-05T08:56:32.000Z</time>
      </trkpt>
      <trkpt lat="49.05601" lon="15.009412">
        <time>2026-04-05T08:56:33.000Z</time>
      </trkpt>
      <trkpt lat="49.055986" lon="15.009414">
        <time>2026-04-05T08:56:34.000Z</time>
      </trkpt>
      <trkpt lat="49.055963" lon="15.009419">
        <time>2026-04-05T08:56:35.000Z</time>
      </trkpt>
      <trkpt lat="49.055927" lon="15.009419">
        <time>2026-04-05T08:56:36.000Z</time>
      </trkpt>
      <trkpt lat="49.055899" lon="15.009428">
        <time>2026-04-05T08:56:37.000Z</time>
      </trkpt>
      <trkpt lat="49.055874" lon="15.009437">
        <time>2026-04-05T08:56:38.000Z</time>
      </trkpt>
      <trkpt lat="49.055843" lon="15.009445">
        <time>2026-04-05T08:56:39.000Z</time>
      </trkpt>
      <trkpt lat="49.055816" lon="15.009458">
        <time>2026-04-05T08:56:40.000Z</time>
      </trkpt>
      <trkpt lat="49.055782" lon="15.009477">
        <time>2026-04-05T08:56:41.000Z</time>
      </trkpt>
      <trkpt lat="49.055753" lon="15.009498">
        <time>2026-04-05T08:56:42.000Z</time>
      </trkpt>
      <trkpt lat="49.055726" lon="15.009515">
        <time>2026-04-05T08:56:43.000Z</time>
      </trkpt>
      <trkpt lat="49.055696" lon="15.009532">
        <time>2026-04-05T08:56:44.000Z</time>
      </trkpt>
      <trkpt lat="49.055657" lon="15.00954">
        <time>2026-04-05T08:56:45.000Z</time>
      </trkpt>
      <trkpt lat="49.055624" lon="15.009548">
        <time>2026-04-05T08:56:46.000Z</time>
      </trkpt>
      <trkpt lat="49.055595" lon="15.009558">
        <time>2026-04-05T08:56:47.000Z</time>
      </trkpt>
      <trkpt lat="49.055558" lon="15.00957">
        <time>2026-04-05T08:56:48.000Z</time>
      </trkpt>
      <trkpt lat="49.055536" lon="15.009578">
        <time>2026-04-05T08:56:49.000Z</time>
      </trkpt>
      <trkpt lat="49.05551" lon="15.009581">
        <time>2026-04-05T08:56:50.000Z</time>
      </trkpt>
      <trkpt lat="49.055492" lon="15.009576">
        <time>2026-04-05T08:56:51.000Z</time>
      </trkpt>
      <trkpt lat="49.055474" lon="15.00958">
        <time>2026-04-05T08:56:52.000Z</time>
      </trkpt>
      <trkpt lat="49.05546" lon="15.009602">
        <time>2026-04-05T08:56:53.000Z</time>
      </trkpt>
      <trkpt lat="49.055447" lon="15.009629">
        <time>2026-04-05T08:56:54.000Z</time>
      </trkpt>
      <trkpt lat="49.055431" lon="15.009651">
        <time>2026-04-05T08:56:55.000Z</time>
      </trkpt>
      <trkpt lat="49.055406" lon="15.009678">
        <time>2026-04-05T08:56:56.000Z</time>
      </trkpt>
      <trkpt lat="49.055387" lon="15.009705">
        <time>2026-04-05T08:56:57.000Z</time>
      </trkpt>
      <trkpt lat="49.055362" lon="15.009728">
        <time>2026-04-05T08:56:58.000Z</time>
      </trkpt>
      <trkpt lat="49.055337" lon="15.009746">
        <time>2026-04-05T08:56:59.000Z</time>
      </trkpt>
      <trkpt lat="49.055314" lon="15.009759">
        <time>2026-04-05T08:57:00.000Z</time>
      </trkpt>
      <trkpt lat="49.055284" lon="15.009786">
        <time>2026-04-05T08:57:01.000Z</time>
      </trkpt>
      <trkpt lat="49.055251" lon="15.009799">
        <time>2026-04-05T08:57:02.000Z</time>
      </trkpt>
      <trkpt lat="49.055221" lon="15.00981">
        <time>2026-04-05T08:57:03.000Z</time>
      </trkpt>
      <trkpt lat="49.055197" lon="15.00983">
        <time>2026-04-05T08:57:04.000Z</time>
      </trkpt>
      <trkpt lat="49.055167" lon="15.009853">
        <time>2026-04-05T08:57:05.000Z</time>
      </trkpt>
      <trkpt lat="49.05514" lon="15.009865">
        <time>2026-04-05T08:57:06.000Z</time>
      </trkpt>
      <trkpt lat="49.055121" lon="15.009882">
        <time>2026-04-05T08:57:07.000Z</time>
      </trkpt>
      <trkpt lat="49.05509" lon="15.009903">
        <time>2026-04-05T08:57:08.000Z</time>
      </trkpt>
      <trkpt lat="49.05506" lon="15.00993">
        <time>2026-04-05T08:57:09.000Z</time>
      </trkpt>
      <trkpt lat="49.055037" lon="15.009963">
        <time>2026-04-05T08:57:10.000Z</time>
      </trkpt>
      <trkpt lat="49.05501" lon="15.009991">
        <time>2026-04-05T08:57:11.000Z</time>
      </trkpt>
      <trkpt lat="49.05498" lon="15.009993">
        <time>2026-04-05T08:57:12.000Z</time>
      </trkpt>
      <trkpt lat="49.054952" lon="15.009993">
        <time>2026-04-05T08:57:13.000Z</time>
      </trkpt>
      <trkpt lat="49.054925" lon="15.009998">
        <time>2026-04-05T08:57:14.000Z</time>
      </trkpt>
      <trkpt lat="49.054897" lon="15.009999">
        <time>2026-04-05T08:57:15.000Z</time>
      </trkpt>
      <trkpt lat="49.054867" lon="15.009987">
        <time>2026-04-05T08:57:16.000Z</time>
      </trkpt>
      <trkpt lat="49.05484" lon="15.009975">
        <time>2026-04-05T08:57:17.000Z</time>
      </trkpt>
      <trkpt lat="49.054808" lon="15.009977">
        <time>2026-04-05T08:57:18.000Z</time>
      </trkpt>
      <trkpt lat="49.054777" lon="15.00999">
        <time>2026-04-05T08:57:19.000Z</time>
      </trkpt>
      <trkpt lat="49.054747" lon="15.010013">
        <time>2026-04-05T08:57:20.000Z</time>
      </trkpt>
      <trkpt lat="49.054729" lon="15.010043">
        <time>2026-04-05T08:57:21.000Z</time>
      </trkpt>
      <trkpt lat="49.054705" lon="15.010073">
        <time>2026-04-05T08:57:22.000Z</time>
      </trkpt>
      <trkpt lat="49.054682" lon="15.010086">
        <time>2026-04-05T08:57:23.000Z</time>
      </trkpt>
      <trkpt lat="49.054658" lon="15.010094">
        <time>2026-04-05T08:57:24.000Z</time>
      </trkpt>
      <trkpt lat="49.054629" lon="15.010099">
        <time>2026-04-05T08:57:25.000Z</time>
      </trkpt>
      <trkpt lat="49.054593" lon="15.010106">
        <time>2026-04-05T08:57:26.000Z</time>
      </trkpt>
      <trkpt lat="49.054563" lon="15.010111">
        <time>2026-04-05T08:57:27.000Z</time>
      </trkpt>
      <trkpt lat="49.054537" lon="15.010126">
        <time>2026-04-05T08:57:28.000Z</time>
      </trkpt>
      <trkpt lat="49.054502" lon="15.010135">
        <time>2026-04-05T08:57:29.000Z</time>
      </trkpt>
      <trkpt lat="49.054469" lon="15.010139">
        <time>2026-04-05T08:57:30.000Z</time>
      </trkpt>
      <trkpt lat="49.054444" lon="15.010162">
        <time>2026-04-05T08:57:31.000Z</time>
      </trkpt>
      <trkpt lat="49.054423" lon="15.010185">
        <time>2026-04-05T08:57:32.000Z</time>
      </trkpt>
      <trkpt lat="49.054405" lon="15.010209">
        <time>2026-04-05T08:57:33.000Z</time>
      </trkpt>
      <trkpt lat="49.054379" lon="15.010229">
        <time>2026-04-05T08:57:34.000Z</time>
      </trkpt>
      <trkpt lat="49.054351" lon="15.010232">
        <time>2026-04-05T08:57:35.000Z</time>
      </trkpt>
      <trkpt lat="49.054318" lon="15.010221">
        <time>2026-04-05T08:57:36.000Z</time>
      </trkpt>
      <trkpt lat="49.054295" lon="15.010211">
        <time>2026-04-05T08:57:37.000Z</time>
      </trkpt>
      <trkpt lat="49.054268" lon="15.010212">
        <time>2026-04-05T08:57:38.000Z</time>
      </trkpt>
      <trkpt lat="49.054242" lon="15.010209">
        <time>2026-04-05T08:57:39.000Z</time>
      </trkpt>
      <trkpt lat="49.054216" lon="15.010197">
        <time>2026-04-05T08:57:40.000Z</time>
      </trkpt>
      <trkpt lat="49.054191" lon="15.010184">
        <time>2026-04-05T08:57:41.000Z</time>
      </trkpt>
      <trkpt lat="49.054165" lon="15.01018">
        <time>2026-04-05T08:57:42.000Z</time>
      </trkpt>
      <trkpt lat="49.05414" lon="15.010173">
        <time>2026-04-05T08:57:43.000Z</time>
      </trkpt>
      <trkpt lat="49.054109" lon="15.010172">
        <time>2026-04-05T08:57:44.000Z</time>
      </trkpt>
      <trkpt lat="49.054084" lon="15.010177">
        <time>2026-04-05T08:57:45.000Z</time>
      </trkpt>
      <trkpt lat="49.054054" lon="15.010179">
        <time>2026-04-05T08:57:46.000Z</time>
      </trkpt>
      <trkpt lat="49.054027" lon="15.010175">
        <time>2026-04-05T08:57:47.000Z</time>
      </trkpt>
      <trkpt lat="49.054002" lon="15.010174">
        <time>2026-04-05T08:57:48.000Z</time>
      </trkpt>
      <trkpt lat="49.053979" lon="15.010174">
        <time>2026-04-05T08:57:49.000Z</time>
      </trkpt>
      <trkpt lat="49.053955" lon="15.010167">
        <time>2026-04-05T08:57:50.000Z</time>
      </trkpt>
      <trkpt lat="49.053938" lon="15.01016">
        <time>2026-04-05T08:57:51.000Z</time>
      </trkpt>
      <trkpt lat="49.053924" lon="15.010155">
        <time>2026-04-05T08:57:52.000Z</time>
      </trkpt>
      <trkpt lat="49.053909" lon="15.010155">
        <time>2026-04-05T08:57:53.000Z</time>
      </trkpt>
      <trkpt lat="49.053889" lon="15.010153">
        <time>2026-04-05T08:57:54.000Z</time>
      </trkpt>
      <trkpt lat="49.053868" lon="15.010155">
        <time>2026-04-05T08:57:55.000Z</time>
      </trkpt>
      <trkpt lat="49.05384" lon="15.010166">
        <time>2026-04-05T08:57:56.000Z</time>
      </trkpt>
      <trkpt lat="49.053821" lon="15.010183">
        <time>2026-04-05T08:57:57.000Z</time>
      </trkpt>
      <trkpt lat="49.0538" lon="15.010197">
        <time>2026-04-05T08:57:58.000Z</time>
      </trkpt>
      <trkpt lat="49.05378" lon="15.010214">
        <time>2026-04-05T08:57:59.000Z</time>
      </trkpt>
      <trkpt lat="49.053758" lon="15.010241">
        <time>2026-04-05T08:58:00.000Z</time>
      </trkpt>
      <trkpt lat="49.053743" lon="15.010276">
        <time>2026-04-05T08:58:01.000Z</time>
      </trkpt>
      <trkpt lat="49.053725" lon="15.010309">
        <time>2026-04-05T08:58:02.000Z</time>
      </trkpt>
      <trkpt lat="49.053707" lon="15.01034">
        <time>2026-04-05T08:58:03.000Z</time>
      </trkpt>
      <trkpt lat="49.053687" lon="15.010366">
        <time>2026-04-05T08:58:04.000Z</time>
      </trkpt>
      <trkpt lat="49.053669" lon="15.010396">
        <time>2026-04-05T08:58:05.000Z</time>
      </trkpt>
      <trkpt lat="49.053643" lon="15.010422">
        <time>2026-04-05T08:58:06.000Z</time>
      </trkpt>
      <trkpt lat="49.053627" lon="15.010438">
        <time>2026-04-05T08:58:07.000Z</time>
      </trkpt>
      <trkpt lat="49.053614" lon="15.010461">
        <time>2026-04-05T08:58:08.000Z</time>
      </trkpt>
      <trkpt lat="49.053599" lon="15.010476">
        <time>2026-04-05T08:58:09.000Z</time>
      </trkpt>
      <trkpt lat="49.053589" lon="15.0105">
        <time>2026-04-05T08:58:10.000Z</time>
      </trkpt>
      <trkpt lat="49.053578" lon="15.010532">
        <time>2026-04-05T08:58:11.000Z</time>
      </trkpt>
      <trkpt lat="49.053566" lon="15.010561">
        <time>2026-04-05T08:58:12.000Z</time>
      </trkpt>
      <trkpt lat="49.053555" lon="15.010592">
        <time>2026-04-05T08:58:13.000Z</time>
      </trkpt>
      <trkpt lat="49.053538" lon="15.010634">
        <time>2026-04-05T08:58:14.000Z</time>
      </trkpt>
      <trkpt lat="49.053521" lon="15.010673">
        <time>2026-04-05T08:58:15.000Z</time>
      </trkpt>
      <trkpt lat="49.05351" lon="15.010712">
        <time>2026-04-05T08:58:16.000Z</time>
      </trkpt>
      <trkpt lat="49.053497" lon="15.010751">
        <time>2026-04-05T08:58:17.000Z</time>
      </trkpt>
      <trkpt lat="49.053477" lon="15.010796">
        <time>2026-04-05T08:58:18.000Z</time>
      </trkpt>
      <trkpt lat="49.053461" lon="15.010839">
        <time>2026-04-05T08:58:19.000Z</time>
      </trkpt>
      <trkpt lat="49.053445" lon="15.010878">
        <time>2026-04-05T08:58:20.000Z</time>
      </trkpt>
      <trkpt lat="49.053432" lon="15.010912">
        <time>2026-04-05T08:58:21.000Z</time>
      </trkpt>
      <trkpt lat="49.053428" lon="15.01095">
        <time>2026-04-05T08:58:22.000Z</time>
      </trkpt>
      <trkpt lat="49.053423" lon="15.010991">
        <time>2026-04-05T08:58:23.000Z</time>
      </trkpt>
      <trkpt lat="49.053423" lon="15.011042">
        <time>2026-04-05T08:58:24.000Z</time>
      </trkpt>
      <trkpt lat="49.053408" lon="15.011091">
        <time>2026-04-05T08:58:25.000Z</time>
      </trkpt>
      <trkpt lat="49.053402" lon="15.011125">
        <time>2026-04-05T08:58:26.000Z</time>
      </trkpt>
      <trkpt lat="49.053392" lon="15.011161">
        <time>2026-04-05T08:58:27.000Z</time>
      </trkpt>
      <trkpt lat="49.05338" lon="15.011191">
        <time>2026-04-05T08:58:28.000Z</time>
      </trkpt>
      <trkpt lat="49.053364" lon="15.011227">
        <time>2026-04-05T08:58:29.000Z</time>
      </trkpt>
      <trkpt lat="49.05335" lon="15.011253">
        <time>2026-04-05T08:58:30.000Z</time>
      </trkpt>
      <trkpt lat="49.053341" lon="15.01128">
        <time>2026-04-05T08:58:31.000Z</time>
      </trkpt>
      <trkpt lat="49.053332" lon="15.011322">
        <time>2026-04-05T08:58:32.000Z</time>
      </trkpt>
      <trkpt lat="49.053331" lon="15.011356">
        <time>2026-04-05T08:58:33.000Z</time>
      </trkpt>
      <trkpt lat="49.053328" lon="15.01139">
        <time>2026-04-05T08:58:34.000Z</time>
      </trkpt>
      <trkpt lat="49.053328" lon="15.011424">
        <time>2026-04-05T08:58:35.000Z</time>
      </trkpt>
      <trkpt lat="49.053329" lon="15.011452">
        <time>2026-04-05T08:58:36.000Z</time>
      </trkpt>
      <trkpt lat="49.053328" lon="15.011484">
        <time>2026-04-05T08:58:37.000Z</time>
      </trkpt>
      <trkpt lat="49.053322" lon="15.011519">
        <time>2026-04-05T08:58:38.000Z</time>
      </trkpt>
      <trkpt lat="49.053316" lon="15.011545">
        <time>2026-04-05T08:58:39.000Z</time>
      </trkpt>
      <trkpt lat="49.05331" lon="15.011563">
        <time>2026-04-05T08:58:40.000Z</time>
      </trkpt>
      <trkpt lat="49.053303" lon="15.011583">
        <time>2026-04-05T08:58:41.000Z</time>
      </trkpt>
      <trkpt lat="49.053295" lon="15.011599">
        <time>2026-04-05T08:58:42.000Z</time>
      </trkpt>
      <trkpt lat="49.053281" lon="15.011606">
        <time>2026-04-05T08:58:43.000Z</time>
      </trkpt>
      <trkpt lat="49.053266" lon="15.011604">
        <time>2026-04-05T08:58:44.000Z</time>
      </trkpt>
      <trkpt lat="49.053257" lon="15.011598">
        <time>2026-04-05T08:58:45.000Z</time>
      </trkpt>
      <trkpt lat="49.053239" lon="15.011594">
        <time>2026-04-05T08:58:46.000Z</time>
      </trkpt>
      <trkpt lat="49.053222" lon="15.011602">
        <time>2026-04-05T08:58:47.000Z</time>
      </trkpt>
      <trkpt lat="49.05319" lon="15.011618">
        <time>2026-04-05T08:58:48.000Z</time>
      </trkpt>
      <trkpt lat="49.053159" lon="15.011631">
        <time>2026-04-05T08:58:49.000Z</time>
      </trkpt>
      <trkpt lat="49.053133" lon="15.011649">
        <time>2026-04-05T08:58:50.000Z</time>
      </trkpt>
      <trkpt lat="49.053104" lon="15.011671">
        <time>2026-04-05T08:58:51.000Z</time>
      </trkpt>
      <trkpt lat="49.053078" lon="15.011687">
        <time>2026-04-05T08:58:52.000Z</time>
      </trkpt>
      <trkpt lat="49.053053" lon="15.011701">
        <time>2026-04-05T08:58:53.000Z</time>
      </trkpt>
      <trkpt lat="49.053026" lon="15.011717">
        <time>2026-04-05T08:58:54.000Z</time>
      </trkpt>
      <trkpt lat="49.052999" lon="15.011732">
        <time>2026-04-05T08:58:55.000Z</time>
      </trkpt>
      <trkpt lat="49.052977" lon="15.011737">
        <time>2026-04-05T08:58:56.000Z</time>
      </trkpt>
      <trkpt lat="49.05295" lon="15.011761">
        <time>2026-04-05T08:58:57.000Z</time>
      </trkpt>
      <trkpt lat="49.052929" lon="15.011794">
        <time>2026-04-05T08:58:58.000Z</time>
      </trkpt>
      <trkpt lat="49.052909" lon="15.011815">
        <time>2026-04-05T08:58:59.000Z</time>
      </trkpt>
      <trkpt lat="49.052888" lon="15.01184">
        <time>2026-04-05T08:59:00.000Z</time>
      </trkpt>
      <trkpt lat="49.052861" lon="15.011862">
        <time>2026-04-05T08:59:01.000Z</time>
      </trkpt>
      <trkpt lat="49.052837" lon="15.011887">
        <time>2026-04-05T08:59:02.000Z</time>
      </trkpt>
      <trkpt lat="49.052818" lon="15.011908">
        <time>2026-04-05T08:59:03.000Z</time>
      </trkpt>
      <trkpt lat="49.052806" lon="15.011936">
        <time>2026-04-05T08:59:04.000Z</time>
      </trkpt>
      <trkpt lat="49.052783" lon="15.01198">
        <time>2026-04-05T08:59:05.000Z</time>
      </trkpt>
      <trkpt lat="49.052761" lon="15.012019">
        <time>2026-04-05T08:59:06.000Z</time>
      </trkpt>
      <trkpt lat="49.052746" lon="15.01205">
        <time>2026-04-05T08:59:07.000Z</time>
      </trkpt>
      <trkpt lat="49.052737" lon="15.012081">
        <time>2026-04-05T08:59:08.000Z</time>
      </trkpt>
      <trkpt lat="49.052725" lon="15.012123">
        <time>2026-04-05T08:59:09.000Z</time>
      </trkpt>
      <trkpt lat="49.052712" lon="15.012156">
        <time>2026-04-05T08:59:10.000Z</time>
      </trkpt>
      <trkpt lat="49.052699" lon="15.012174">
        <time>2026-04-05T08:59:11.000Z</time>
      </trkpt>
      <trkpt lat="49.052686" lon="15.012198">
        <time>2026-04-05T08:59:12.000Z</time>
      </trkpt>
      <trkpt lat="49.052676" lon="15.012228">
        <time>2026-04-05T08:59:13.000Z</time>
      </trkpt>
      <trkpt lat="49.052668" lon="15.012256">
        <time>2026-04-05T08:59:14.000Z</time>
      </trkpt>
      <trkpt lat="49.052655" lon="15.012295">
        <time>2026-04-05T08:59:15.000Z</time>
      </trkpt>
      <trkpt lat="49.052646" lon="15.012324">
        <time>2026-04-05T08:59:16.000Z</time>
      </trkpt>
      <trkpt lat="49.052634" lon="15.012359">
        <time>2026-04-05T08:59:17.000Z</time>
      </trkpt>
      <trkpt lat="49.052614" lon="15.012402">
        <time>2026-04-05T08:59:18.000Z</time>
      </trkpt>
      <trkpt lat="49.052595" lon="15.012443">
        <time>2026-04-05T08:59:19.000Z</time>
      </trkpt>
      <trkpt lat="49.052579" lon="15.012471">
        <time>2026-04-05T08:59:20.000Z</time>
      </trkpt>
      <trkpt lat="49.052563" lon="15.012511">
        <time>2026-04-05T08:59:21.000Z</time>
      </trkpt>
      <trkpt lat="49.052545" lon="15.012554">
        <time>2026-04-05T08:59:22.000Z</time>
      </trkpt>
      <trkpt lat="49.052534" lon="15.012587">
        <time>2026-04-05T08:59:23.000Z</time>
      </trkpt>
      <trkpt lat="49.052524" lon="15.012614">
        <time>2026-04-05T08:59:24.000Z</time>
      </trkpt>
      <trkpt lat="49.052511" lon="15.01265">
        <time>2026-04-05T08:59:25.000Z</time>
      </trkpt>
      <trkpt lat="49.0525" lon="15.01269">
        <time>2026-04-05T08:59:26.000Z</time>
      </trkpt>
      <trkpt lat="49.052497" lon="15.012729">
        <time>2026-04-05T08:59:27.000Z</time>
      </trkpt>
      <trkpt lat="49.052496" lon="15.012765">
        <time>2026-04-05T08:59:28.000Z</time>
      </trkpt>
      <trkpt lat="49.052495" lon="15.012804">
        <time>2026-04-05T08:59:29.000Z</time>
      </trkpt>
      <trkpt lat="49.052493" lon="15.012836">
        <time>2026-04-05T08:59:30.000Z</time>
      </trkpt>
      <trkpt lat="49.052494" lon="15.012872">
        <time>2026-04-05T08:59:31.000Z</time>
      </trkpt>
      <trkpt lat="49.052501" lon="15.012892">
        <time>2026-04-05T08:59:32.000Z</time>
      </trkpt>
      <trkpt lat="49.052516" lon="15.012905">
        <time>2026-04-05T08:59:33.000Z</time>
      </trkpt>
      <trkpt lat="49.052518" lon="15.012911">
        <time>2026-04-05T08:59:34.000Z</time>
      </trkpt>
      <trkpt lat="49.052512" lon="15.01291">
        <time>2026-04-05T08:59:35.000Z</time>
      </trkpt>
      <trkpt lat="49.052504" lon="15.012908">
        <time>2026-04-05T08:59:36.000Z</time>
      </trkpt>
      <trkpt lat="49.05249" lon="15.012899">
        <time>2026-04-05T08:59:37.000Z</time>
      </trkpt>
      <trkpt lat="49.052473" lon="15.012904">
        <time>2026-04-05T08:59:38.000Z</time>
      </trkpt>
      <trkpt lat="49.052446" lon="15.012904">
        <time>2026-04-05T08:59:39.000Z</time>
      </trkpt>
      <trkpt lat="49.052423" lon="15.012901">
        <time>2026-04-05T08:59:40.000Z</time>
      </trkpt>
      <trkpt lat="49.052399" lon="15.0129">
        <time>2026-04-05T08:59:41.000Z</time>
      </trkpt>
      <trkpt lat="49.052375" lon="15.012902">
        <time>2026-04-05T08:59:42.000Z</time>
      </trkpt>
      <trkpt lat="49.052343" lon="15.012904">
        <time>2026-04-05T08:59:43.000Z</time>
      </trkpt>
      <trkpt lat="49.052316" lon="15.012905">
        <time>2026-04-05T08:59:44.000Z</time>
      </trkpt>
      <trkpt lat="49.052285" lon="15.012904">
        <time>2026-04-05T08:59:45.000Z</time>
      </trkpt>
      <trkpt lat="49.05225" lon="15.012909">
        <time>2026-04-05T08:59:46.000Z</time>
      </trkpt>
      <trkpt lat="49.052221" lon="15.012922">
        <time>2026-04-05T08:59:47.000Z</time>
      </trkpt>
      <trkpt lat="49.052196" lon="15.012936">
        <time>2026-04-05T08:59:48.000Z</time>
      </trkpt>
      <trkpt lat="49.052165" lon="15.012951">
        <time>2026-04-05T08:59:49.000Z</time>
      </trkpt>
      <trkpt lat="49.05214" lon="15.01297">
        <time>2026-04-05T08:59:50.000Z</time>
      </trkpt>
      <trkpt lat="49.052119" lon="15.012995">
        <time>2026-04-05T08:59:51.000Z</time>
      </trkpt>
      <trkpt lat="49.05209" lon="15.01301">
        <time>2026-04-05T08:59:52.000Z</time>
      </trkpt>
      <trkpt lat="49.05206" lon="15.013025">
        <time>2026-04-05T08:59:53.000Z</time>
      </trkpt>
      <trkpt lat="49.052033" lon="15.013043">
        <time>2026-04-05T08:59:54.000Z</time>
      </trkpt>
      <trkpt lat="49.052009" lon="15.013068">
        <time>2026-04-05T08:59:55.000Z</time>
      </trkpt>
      <trkpt lat="49.051983" lon="15.013088">
        <time>2026-04-05T08:59:56.000Z</time>
      </trkpt>
      <trkpt lat="49.051961" lon="15.013104">
        <time>2026-04-05T08:59:57.000Z</time>
      </trkpt>
      <trkpt lat="49.051937" lon="15.013129">
        <time>2026-04-05T08:59:58.000Z</time>
      </trkpt>
      <trkpt lat="49.051917" lon="15.013156">
        <time>2026-04-05T08:59:59.000Z</time>
      </trkpt>
      <trkpt lat="49.051895" lon="15.013178">
        <time>2026-04-05T09:00:00.000Z</time>
      </trkpt>
      <trkpt lat="49.051879" lon="15.013194">
        <time>2026-04-05T09:00:01.000Z</time>
      </trkpt>
      <trkpt lat="49.051855" lon="15.013221">
        <time>2026-04-05T09:00:02.000Z</time>
      </trkpt>
      <trkpt lat="49.051833" lon="15.013248">
        <time>2026-04-05T09:00:03.000Z</time>
      </trkpt>
      <trkpt lat="49.051808" lon="15.013266">
        <time>2026-04-05T09:00:04.000Z</time>
      </trkpt>
      <trkpt lat="49.051777" lon="15.013271">
        <time>2026-04-05T09:00:05.000Z</time>
      </trkpt>
      <trkpt lat="49.051743" lon="15.013267">
        <time>2026-04-05T09:00:06.000Z</time>
      </trkpt>
      <trkpt lat="49.051716" lon="15.013271">
        <time>2026-04-05T09:00:07.000Z</time>
      </trkpt>
      <trkpt lat="49.051687" lon="15.013287">
        <time>2026-04-05T09:00:08.000Z</time>
      </trkpt>
      <trkpt lat="49.051664" lon="15.013305">
        <time>2026-04-05T09:00:09.000Z</time>
      </trkpt>
      <trkpt lat="49.051641" lon="15.013331">
        <time>2026-04-05T09:00:10.000Z</time>
      </trkpt>
      <trkpt lat="49.051635" lon="15.01336">
        <time>2026-04-05T09:00:11.000Z</time>
      </trkpt>
      <trkpt lat="49.051621" lon="15.013404">
        <time>2026-04-05T09:00:12.000Z</time>
      </trkpt>
      <trkpt lat="49.051609" lon="15.013438">
        <time>2026-04-05T09:00:13.000Z</time>
      </trkpt>
      <trkpt lat="49.0516" lon="15.013467">
        <time>2026-04-05T09:00:14.000Z</time>
      </trkpt>
      <trkpt lat="49.051586" lon="15.01351">
        <time>2026-04-05T09:00:15.000Z</time>
      </trkpt>
      <trkpt lat="49.05157" lon="15.013539">
        <time>2026-04-05T09:00:16.000Z</time>
      </trkpt>
      <trkpt lat="49.05155" lon="15.01356">
        <time>2026-04-05T09:00:17.000Z</time>
      </trkpt>
      <trkpt lat="49.051539" lon="15.013577">
        <time>2026-04-05T09:00:18.000Z</time>
      </trkpt>
      <trkpt lat="49.05152" lon="15.013599">
        <time>2026-04-05T09:00:19.000Z</time>
      </trkpt>
      <trkpt lat="49.051494" lon="15.013625">
        <time>2026-04-05T09:00:20.000Z</time>
      </trkpt>
      <trkpt lat="49.051471" lon="15.013642">
        <time>2026-04-05T09:00:21.000Z</time>
      </trkpt>
      <trkpt lat="49.051455" lon="15.013664">
        <time>2026-04-05T09:00:22.000Z</time>
      </trkpt>
      <trkpt lat="49.05144" lon="15.013696">
        <time>2026-04-05T09:00:23.000Z</time>
      </trkpt>
      <trkpt lat="49.051419" lon="15.013736">
        <time>2026-04-05T09:00:24.000Z</time>
      </trkpt>
      <trkpt lat="49.051409" lon="15.01377">
        <time>2026-04-05T09:00:25.000Z</time>
      </trkpt>
      <trkpt lat="49.051398" lon="15.013809">
        <time>2026-04-05T09:00:26.000Z</time>
      </trkpt>
      <trkpt lat="49.051383" lon="15.013854">
        <time>2026-04-05T09:00:27.000Z</time>
      </trkpt>
      <trkpt lat="49.051368" lon="15.013886">
        <time>2026-04-05T09:00:28.000Z</time>
      </trkpt>
      <trkpt lat="49.05135" lon="15.013924">
        <time>2026-04-05T09:00:29.000Z</time>
      </trkpt>
      <trkpt lat="49.051337" lon="15.013953">
        <time>2026-04-05T09:00:30.000Z</time>
      </trkpt>
      <trkpt lat="49.051328" lon="15.013979">
        <time>2026-04-05T09:00:31.000Z</time>
      </trkpt>
      <trkpt lat="49.051317" lon="15.014013">
        <time>2026-04-05T09:00:32.000Z</time>
      </trkpt>
      <trkpt lat="49.05131" lon="15.014049">
        <time>2026-04-05T09:00:33.000Z</time>
      </trkpt>
      <trkpt lat="49.051306" lon="15.014083">
        <time>2026-04-05T09:00:34.000Z</time>
      </trkpt>
      <trkpt lat="49.051306" lon="15.014123">
        <time>2026-04-05T09:00:35.000Z</time>
      </trkpt>
      <trkpt lat="49.051298" lon="15.01416">
        <time>2026-04-05T09:00:36.000Z</time>
      </trkpt>
      <trkpt lat="49.051288" lon="15.014187">
        <time>2026-04-05T09:00:37.000Z</time>
      </trkpt>
      <trkpt lat="49.051278" lon="15.014213">
        <time>2026-04-05T09:00:38.000Z</time>
      </trkpt>
      <trkpt lat="49.051268" lon="15.014242">
        <time>2026-04-05T09:00:39.000Z</time>
      </trkpt>
      <trkpt lat="49.051251" lon="15.014283">
        <time>2026-04-05T09:00:40.000Z</time>
      </trkpt>
      <trkpt lat="49.051243" lon="15.01431">
        <time>2026-04-05T09:00:41.000Z</time>
      </trkpt>
      <trkpt lat="49.051238" lon="15.014338">
        <time>2026-04-05T09:00:42.000Z</time>
      </trkpt>
      <trkpt lat="49.051233" lon="15.014378">
        <time>2026-04-05T09:00:43.000Z</time>
      </trkpt>
      <trkpt lat="49.051227" lon="15.014418">
        <time>2026-04-05T09:00:44.000Z</time>
      </trkpt>
      <trkpt lat="49.05122" lon="15.014452">
        <time>2026-04-05T09:00:45.000Z</time>
      </trkpt>
      <trkpt lat="49.051214" lon="15.014479">
        <time>2026-04-05T09:00:46.000Z</time>
      </trkpt>
      <trkpt lat="49.051209" lon="15.014512">
        <time>2026-04-05T09:00:47.000Z</time>
      </trkpt>
      <trkpt lat="49.051199" lon="15.014552">
        <time>2026-04-05T09:00:48.000Z</time>
      </trkpt>
      <trkpt lat="49.051183" lon="15.014584">
        <time>2026-04-05T09:00:49.000Z</time>
      </trkpt>
      <trkpt lat="49.051171" lon="15.014613">
        <time>2026-04-05T09:00:50.000Z</time>
      </trkpt>
      <trkpt lat="49.051161" lon="15.014644">
        <time>2026-04-05T09:00:51.000Z</time>
      </trkpt>
      <trkpt lat="49.051142" lon="15.014685">
        <time>2026-04-05T09:00:52.000Z</time>
      </trkpt>
      <trkpt lat="49.05113" lon="15.014721">
        <time>2026-04-05T09:00:53.000Z</time>
      </trkpt>
      <trkpt lat="49.051127" lon="15.014748">
        <time>2026-04-05T09:00:54.000Z</time>
      </trkpt>
      <trkpt lat="49.051116" lon="15.014775">
        <time>2026-04-05T09:00:55.000Z</time>
      </trkpt>
      <trkpt lat="49.051097" lon="15.014804">
        <time>2026-04-05T09:00:56.000Z</time>
      </trkpt>
      <trkpt lat="49.051077" lon="15.014832">
        <time>2026-04-05T09:00:57.000Z</time>
      </trkpt>
      <trkpt lat="49.051069" lon="15.014858">
        <time>2026-04-05T09:00:58.000Z</time>
      </trkpt>
      <trkpt lat="49.051055" lon="15.014887">
        <time>2026-04-05T09:00:59.000Z</time>
      </trkpt>
      <trkpt lat="49.051032" lon="15.014918">
        <time>2026-04-05T09:01:00.000Z</time>
      </trkpt>
      <trkpt lat="49.051009" lon="15.014934">
        <time>2026-04-05T09:01:01.000Z</time>
      </trkpt>
      <trkpt lat="49.050992" lon="15.014951">
        <time>2026-04-05T09:01:02.000Z</time>
      </trkpt>
      <trkpt lat="49.050966" lon="15.014973">
        <time>2026-04-05T09:01:03.000Z</time>
      </trkpt>
      <trkpt lat="49.050939" lon="15.014986">
        <time>2026-04-05T09:01:04.000Z</time>
      </trkpt>
      <trkpt lat="49.050914" lon="15.015003">
        <time>2026-04-05T09:01:05.000Z</time>
      </trkpt>
      <trkpt lat="49.050888" lon="15.01502">
        <time>2026-04-05T09:01:06.000Z</time>
      </trkpt>
      <trkpt lat="49.050861" lon="15.015043">
        <time>2026-04-05T09:01:07.000Z</time>
      </trkpt>
      <trkpt lat="49.050828" lon="15.015054">
        <time>2026-04-05T09:01:08.000Z</time>
      </trkpt>
      <trkpt lat="49.050808" lon="15.015066">
        <time>2026-04-05T09:01:09.000Z</time>
      </trkpt>
      <trkpt lat="49.050783" lon="15.015085">
        <time>2026-04-05T09:01:10.000Z</time>
      </trkpt>
      <trkpt lat="49.050755" lon="15.015103">
        <time>2026-04-05T09:01:11.000Z</time>
      </trkpt>
      <trkpt lat="49.050732" lon="15.01513">
        <time>2026-04-05T09:01:12.000Z</time>
      </trkpt>
      <trkpt lat="49.050709" lon="15.015153">
        <time>2026-04-05T09:01:13.000Z</time>
      </trkpt>
      <trkpt lat="49.050692" lon="15.015169">
        <time>2026-04-05T09:01:14.000Z</time>
      </trkpt>
      <trkpt lat="49.05067" lon="15.015182">
        <time>2026-04-05T09:01:15.000Z</time>
      </trkpt>
      <trkpt lat="49.050646" lon="15.015191">
        <time>2026-04-05T09:01:16.000Z</time>
      </trkpt>
      <trkpt lat="49.050625" lon="15.0152">
        <time>2026-04-05T09:01:17.000Z</time>
      </trkpt>
      <trkpt lat="49.050608" lon="15.015218">
        <time>2026-04-05T09:01:18.000Z</time>
      </trkpt>
      <trkpt lat="49.050579" lon="15.015232">
        <time>2026-04-05T09:01:19.000Z</time>
      </trkpt>
      <trkpt lat="49.050553" lon="15.01524">
        <time>2026-04-05T09:01:20.000Z</time>
      </trkpt>
      <trkpt lat="49.050533" lon="15.01525">
        <time>2026-04-05T09:01:21.000Z</time>
      </trkpt>
      <trkpt lat="49.050522" lon="15.015275">
        <time>2026-04-05T09:01:22.000Z</time>
      </trkpt>
      <trkpt lat="49.050515" lon="15.01531">
        <time>2026-04-05T09:01:23.000Z</time>
      </trkpt>
      <trkpt lat="49.050514" lon="15.015349">
        <time>2026-04-05T09:01:24.000Z</time>
      </trkpt>
      <trkpt lat="49.050519" lon="15.015379">
        <time>2026-04-05T09:01:25.000Z</time>
      </trkpt>
      <trkpt lat="49.050536" lon="15.015408">
        <time>2026-04-05T09:01:26.000Z</time>
      </trkpt>
      <trkpt lat="49.050553" lon="15.015439">
        <time>2026-04-05T09:01:27.000Z</time>
      </trkpt>
      <trkpt lat="49.050568" lon="15.015474">
        <time>2026-04-05T09:01:28.000Z</time>
      </trkpt>
      <trkpt lat="49.050581" lon="15.015507">
        <time>2026-04-05T09:01:29.000Z</time>
      </trkpt>
      <trkpt lat="49.050585" lon="15.015549">
        <time>2026-04-05T09:01:30.000Z</time>
      </trkpt>
      <trkpt lat="49.050581" lon="15.015591">
        <time>2026-04-05T09:01:31.000Z</time>
      </trkpt>
      <trkpt lat="49.050582" lon="15.015627">
        <time>2026-04-05T09:01:32.000Z</time>
      </trkpt>
      <trkpt lat="49.050583" lon="15.015663">
        <time>2026-04-05T09:01:33.000Z</time>
      </trkpt>
      <trkpt lat="49.050589" lon="15.015714">
        <time>2026-04-05T09:01:34.000Z</time>
      </trkpt>
      <trkpt lat="49.050589" lon="15.015756">
        <time>2026-04-05T09:01:35.000Z</time>
      </trkpt>
      <trkpt lat="49.050585" lon="15.015793">
        <time>2026-04-05T09:01:36.000Z</time>
      </trkpt>
      <trkpt lat="49.050569" lon="15.015842">
        <time>2026-04-05T09:01:37.000Z</time>
      </trkpt>
      <trkpt lat="49.050553" lon="15.015887">
        <time>2026-04-05T09:01:38.000Z</time>
      </trkpt>
      <trkpt lat="49.050538" lon="15.015926">
        <time>2026-04-05T09:01:39.000Z</time>
      </trkpt>
      <trkpt lat="49.050524" lon="15.015961">
        <time>2026-04-05T09:01:40.000Z</time>
      </trkpt>
      <trkpt lat="49.050504" lon="15.016012">
        <time>2026-04-05T09:01:41.000Z</time>
      </trkpt>
      <trkpt lat="49.050494" lon="15.016053">
        <time>2026-04-05T09:01:42.000Z</time>
      </trkpt>
      <trkpt lat="49.050483" lon="15.016084">
        <time>2026-04-05T09:01:43.000Z</time>
      </trkpt>
      <trkpt lat="49.050469" lon="15.01612">
        <time>2026-04-05T09:01:44.000Z</time>
      </trkpt>
      <trkpt lat="49.050448" lon="15.01616">
        <time>2026-04-05T09:01:45.000Z</time>
      </trkpt>
      <trkpt lat="49.050435" lon="15.016181">
        <time>2026-04-05T09:01:46.000Z</time>
      </trkpt>
      <trkpt lat="49.050423" lon="15.016216">
        <time>2026-04-05T09:01:47.000Z</time>
      </trkpt>
      <trkpt lat="49.050412" lon="15.016257">
        <time>2026-04-05T09:01:48.000Z</time>
      </trkpt>
      <trkpt lat="49.050404" lon="15.016287">
        <time>2026-04-05T09:01:49.000Z</time>
      </trkpt>
      <trkpt lat="49.050397" lon="15.016315">
        <time>2026-04-05T09:01:50.000Z</time>
      </trkpt>
      <trkpt lat="49.050392" lon="15.016355">
        <time>2026-04-05T09:01:51.000Z</time>
      </trkpt>
      <trkpt lat="49.050391" lon="15.016399">
        <time>2026-04-05T09:01:52.000Z</time>
      </trkpt>
      <trkpt lat="49.050386" lon="15.016431">
        <time>2026-04-05T09:01:53.000Z</time>
      </trkpt>
      <trkpt lat="49.050382" lon="15.016468">
        <time>2026-04-05T09:01:54.000Z</time>
      </trkpt>
      <trkpt lat="49.050365" lon="15.016516">
        <time>2026-04-05T09:01:55.000Z</time>
      </trkpt>
      <trkpt lat="49.050353" lon="15.016556">
        <time>2026-04-05T09:01:56.000Z</time>
      </trkpt>
      <trkpt lat="49.050341" lon="15.016582">
        <time>2026-04-05T09:01:57.000Z</time>
      </trkpt>
      <trkpt lat="49.050323" lon="15.016613">
        <time>2026-04-05T09:01:58.000Z</time>
      </trkpt>
      <trkpt lat="49.050301" lon="15.016639">
        <time>2026-04-05T09:01:59.000Z</time>
      </trkpt>
      <trkpt lat="49.050283" lon="15.016665">
        <time>2026-04-05T09:02:00.000Z</time>
      </trkpt>
      <trkpt lat="49.050272" lon="15.016689">
        <time>2026-04-05T09:02:01.000Z</time>
      </trkpt>
      <trkpt lat="49.050253" lon="15.016729">
        <time>2026-04-05T09:02:02.000Z</time>
      </trkpt>
      <trkpt lat="49.050238" lon="15.016755">
        <time>2026-04-05T09:02:03.000Z</time>
      </trkpt>
      <trkpt lat="49.050227" lon="15.016786">
        <time>2026-04-05T09:02:04.000Z</time>
      </trkpt>
      <trkpt lat="49.050219" lon="15.016822">
        <time>2026-04-05T09:02:05.000Z</time>
      </trkpt>
      <trkpt lat="49.050207" lon="15.016868">
        <time>2026-04-05T09:02:06.000Z</time>
      </trkpt>
      <trkpt lat="49.0502" lon="15.016906">
        <time>2026-04-05T09:02:07.000Z</time>
      </trkpt>
      <trkpt lat="49.050194" lon="15.016942">
        <time>2026-04-05T09:02:08.000Z</time>
      </trkpt>
      <trkpt lat="49.050188" lon="15.016981">
        <time>2026-04-05T09:02:09.000Z</time>
      </trkpt>
      <trkpt lat="49.05018" lon="15.017017">
        <time>2026-04-05T09:02:10.000Z</time>
      </trkpt>
      <trkpt lat="49.050175" lon="15.01705">
        <time>2026-04-05T09:02:11.000Z</time>
      </trkpt>
      <trkpt lat="49.050176" lon="15.017093">
        <time>2026-04-05T09:02:12.000Z</time>
      </trkpt>
      <trkpt lat="49.050175" lon="15.01714">
        <time>2026-04-05T09:02:13.000Z</time>
      </trkpt>
      <trkpt lat="49.050172" lon="15.017154">
        <time>2026-04-05T09:02:14.000Z</time>
      </trkpt>
      <trkpt lat="49.050175" lon="15.017175">
        <time>2026-04-05T09:02:15.000Z</time>
      </trkpt>
      <trkpt lat="49.050177" lon="15.01719">
        <time>2026-04-05T09:02:16.000Z</time>
      </trkpt>
      <trkpt lat="49.05018" lon="15.017194">
        <time>2026-04-05T09:02:17.000Z</time>
      </trkpt>
    </trkseg>
  </trk>
</gpx>
