<?xml version="1.0" encoding="UTF-8"?>
<gpx version="1.1" creator="Livelox" xmlns="http://www.topografix.com/GPX/1/1" xmlns:xsi="http://www.w3.org/2001/XMLSchema-instance" xsi:schemaLocation="http://www.topografix.com/GPX/1/1 http://www.topografix.com/GPX/1/1/gpx.xsd http://www.garmin.com/xmlschemas/GpxExtensions/v3 http://www.garmin.com/xmlschemas/GpxExtensionsv3.xsd http://www.garmin.com/xmlschemas/TrackPointExtension/v1 http://www.garmin.com/xmlschemas/TrackPointExtensionv1.xsd http://www.garmin.com/xmlschemas/PowerExtension/v1 http://www.garmin.com/xmlschemas/PowerExtensionv1.xsd http://www.topografix.com/GPX/gpx_style/0/2 http://www.topografix.com/GPX/gpx_style/0/2/gpx_style.xsd" xmlns:gpxtpx="http://www.garmin.com/xmlschemas/TrackPointExtension/v1" xmlns:gpxx="http://www.garmin.com/xmlschemas/GpxExtensions/v3" xmlns:gpxpx="http://www.garmin.com/xmlschemas/PowerExtension/v1" xmlns:gpx_style="http://www.topografix.com/GPX/gpx_style/0/2">
  <metadata>
    <name>5. 4. 2026 Velikonoce PGP - middle, H18-21_Top Masters, Blahuta Marek</name>
    <author>
      <name>gpx.studio</name>
      <link href="https://gpx.studio"/>
    </author>
  </metadata>
  <trk>
    <name>5. 4. 2026 Velikonoce PGP - middle, H18-21_Top Masters, Blahuta Marek</name>
    <trkseg>
      <trkpt lat="49.049759" lon="15.017961">
        <time>2026-04-05T08:38:54.000Z</time>
      </trkpt>
      <trkpt lat="49.049757" lon="15.017961">
        <time>2026-04-05T08:38:55.000Z</time>
      </trkpt>
      <trkpt lat="49.049763" lon="15.017963">
        <time>2026-04-05T08:38:56.000Z</time>
      </trkpt>
      <trkpt lat="49.049772" lon="15.017964">
        <time>2026-04-05T08:38:57.000Z</time>
      </trkpt>
      <trkpt lat="49.049782" lon="15.017964">
        <time>2026-04-05T08:38:58.000Z</time>
      </trkpt>
      <trkpt lat="49.049794" lon="15.017966">
        <time>2026-04-05T08:38:59.000Z</time>
      </trkpt>
      <trkpt lat="49.04981" lon="15.017971">
        <time>2026-04-05T08:39:01.000Z</time>
      </trkpt>
      <trkpt lat="49.04982" lon="15.017979">
        <time>2026-04-05T08:39:02.000Z</time>
      </trkpt>
      <trkpt lat="49.049819" lon="15.017983">
        <time>2026-04-05T08:39:03.000Z</time>
      </trkpt>
      <trkpt lat="49.049826" lon="15.017982">
        <time>2026-04-05T08:39:04.000Z</time>
      </trkpt>
      <trkpt lat="49.049844" lon="15.017991">
        <time>2026-04-05T08:39:05.000Z</time>
      </trkpt>
      <trkpt lat="49.04987" lon="15.017998">
        <time>2026-04-05T08:39:06.000Z</time>
      </trkpt>
      <trkpt lat="49.049894" lon="15.018008">
        <time>2026-04-05T08:39:07.000Z</time>
      </trkpt>
      <trkpt lat="49.049911" lon="15.018022">
        <time>2026-04-05T08:39:08.000Z</time>
      </trkpt>
      <trkpt lat="49.049926" lon="15.018032">
        <time>2026-04-05T08:39:09.000Z</time>
      </trkpt>
      <trkpt lat="49.04994" lon="15.018041">
        <time>2026-04-05T08:39:10.000Z</time>
      </trkpt>
      <trkpt lat="49.049953" lon="15.018053">
        <time>2026-04-05T08:39:11.000Z</time>
      </trkpt>
      <trkpt lat="49.04997" lon="15.018071">
        <time>2026-04-05T08:39:12.000Z</time>
      </trkpt>
      <trkpt lat="49.049987" lon="15.018101">
        <time>2026-04-05T08:39:13.000Z</time>
      </trkpt>
      <trkpt lat="49.049999" lon="15.01813">
        <time>2026-04-05T08:39:14.000Z</time>
      </trkpt>
      <trkpt lat="49.050007" lon="15.018147">
        <time>2026-04-05T08:39:15.000Z</time>
      </trkpt>
      <trkpt lat="49.050015" lon="15.018157">
        <time>2026-04-05T08:39:16.000Z</time>
      </trkpt>
      <trkpt lat="49.050027" lon="15.01817">
        <time>2026-04-05T08:39:17.000Z</time>
      </trkpt>
      <trkpt lat="49.050044" lon="15.018187">
        <time>2026-04-05T08:39:18.000Z</time>
      </trkpt>
      <trkpt lat="49.050059" lon="15.018208">
        <time>2026-04-05T08:39:19.000Z</time>
      </trkpt>
      <trkpt lat="49.050071" lon="15.018232">
        <time>2026-04-05T08:39:20.000Z</time>
      </trkpt>
      <trkpt lat="49.050083" lon="15.018256">
        <time>2026-04-05T08:39:21.000Z</time>
      </trkpt>
      <trkpt lat="49.050097" lon="15.018283">
        <time>2026-04-05T08:39:22.000Z</time>
      </trkpt>
      <trkpt lat="49.050108" lon="15.018313">
        <time>2026-04-05T08:39:23.000Z</time>
      </trkpt>
      <trkpt lat="49.050127" lon="15.01835">
        <time>2026-04-05T08:39:24.000Z</time>
      </trkpt>
      <trkpt lat="49.050145" lon="15.018382">
        <time>2026-04-05T08:39:25.000Z</time>
      </trkpt>
      <trkpt lat="49.050154" lon="15.0184">
        <time>2026-04-05T08:39:26.000Z</time>
      </trkpt>
      <trkpt lat="49.050162" lon="15.01841">
        <time>2026-04-05T08:39:27.000Z</time>
      </trkpt>
      <trkpt lat="49.050172" lon="15.018428">
        <time>2026-04-05T08:39:28.000Z</time>
      </trkpt>
      <trkpt lat="49.05019" lon="15.018459">
        <time>2026-04-05T08:39:29.000Z</time>
      </trkpt>
      <trkpt lat="49.050214" lon="15.018495">
        <time>2026-04-05T08:39:30.000Z</time>
      </trkpt>
      <trkpt lat="49.05024" lon="15.01853">
        <time>2026-04-05T08:39:31.000Z</time>
      </trkpt>
      <trkpt lat="49.050256" lon="15.018563">
        <time>2026-04-05T08:39:32.000Z</time>
      </trkpt>
      <trkpt lat="49.050258" lon="15.018588">
        <time>2026-04-05T08:39:33.000Z</time>
      </trkpt>
      <trkpt lat="49.050256" lon="15.018604">
        <time>2026-04-05T08:39:34.000Z</time>
      </trkpt>
      <trkpt lat="49.050245" lon="15.018609">
        <time>2026-04-05T08:39:35.000Z</time>
      </trkpt>
      <trkpt lat="49.050231" lon="15.01862">
        <time>2026-04-05T08:39:36.000Z</time>
      </trkpt>
      <trkpt lat="49.050236" lon="15.018649">
        <time>2026-04-05T08:39:37.000Z</time>
      </trkpt>
      <trkpt lat="49.050242" lon="15.018681">
        <time>2026-04-05T08:39:38.000Z</time>
      </trkpt>
      <trkpt lat="49.050252" lon="15.018719">
        <time>2026-04-05T08:39:39.000Z</time>
      </trkpt>
      <trkpt lat="49.050264" lon="15.01876">
        <time>2026-04-05T08:39:40.000Z</time>
      </trkpt>
      <trkpt lat="49.050273" lon="15.018801">
        <time>2026-04-05T08:39:41.000Z</time>
      </trkpt>
      <trkpt lat="49.050283" lon="15.018836">
        <time>2026-04-05T08:39:42.000Z</time>
      </trkpt>
      <trkpt lat="49.050287" lon="15.018869">
        <time>2026-04-05T08:39:43.000Z</time>
      </trkpt>
      <trkpt lat="49.050295" lon="15.018906">
        <time>2026-04-05T08:39:44.000Z</time>
      </trkpt>
      <trkpt lat="49.050311" lon="15.018947">
        <time>2026-04-05T08:39:45.000Z</time>
      </trkpt>
      <trkpt lat="49.050325" lon="15.018997">
        <time>2026-04-05T08:39:46.000Z</time>
      </trkpt>
      <trkpt lat="49.050325" lon="15.019046">
        <time>2026-04-05T08:39:47.000Z</time>
      </trkpt>
      <trkpt lat="49.050337" lon="15.019101">
        <time>2026-04-05T08:39:48.000Z</time>
      </trkpt>
      <trkpt lat="49.050355" lon="15.01915">
        <time>2026-04-05T08:39:49.000Z</time>
      </trkpt>
      <trkpt lat="49.050367" lon="15.019197">
        <time>2026-04-05T08:39:50.000Z</time>
      </trkpt>
      <trkpt lat="49.050369" lon="15.019248">
        <time>2026-04-05T08:39:51.000Z</time>
      </trkpt>
      <trkpt lat="49.050372" lon="15.019303">
        <time>2026-04-05T08:39:52.000Z</time>
      </trkpt>
      <trkpt lat="49.050379" lon="15.019361">
        <time>2026-04-05T08:39:53.000Z</time>
      </trkpt>
      <trkpt lat="49.050386" lon="15.019405">
        <time>2026-04-05T08:39:54.000Z</time>
      </trkpt>
      <trkpt lat="49.050398" lon="15.019449">
        <time>2026-04-05T08:39:55.000Z</time>
      </trkpt>
      <trkpt lat="49.050406" lon="15.019493">
        <time>2026-04-05T08:39:56.000Z</time>
      </trkpt>
      <trkpt lat="49.050406" lon="15.019535">
        <time>2026-04-05T08:39:57.000Z</time>
      </trkpt>
      <trkpt lat="49.050398" lon="15.01957">
        <time>2026-04-05T08:39:58.000Z</time>
      </trkpt>
      <trkpt lat="49.050389" lon="15.019602">
        <time>2026-04-05T08:39:59.000Z</time>
      </trkpt>
      <trkpt lat="49.0504" lon="15.019631">
        <time>2026-04-05T08:40:00.000Z</time>
      </trkpt>
      <trkpt lat="49.050409" lon="15.019652">
        <time>2026-04-05T08:40:01.000Z</time>
      </trkpt>
      <trkpt lat="49.050417" lon="15.019668">
        <time>2026-04-05T08:40:02.000Z</time>
      </trkpt>
      <trkpt lat="49.050427" lon="15.019687">
        <time>2026-04-05T08:40:03.000Z</time>
      </trkpt>
      <trkpt lat="49.050432" lon="15.019709">
        <time>2026-04-05T08:40:04.000Z</time>
      </trkpt>
      <trkpt lat="49.05043" lon="15.01973">
        <time>2026-04-05T08:40:05.000Z</time>
      </trkpt>
      <trkpt lat="49.050432" lon="15.019737">
        <time>2026-04-05T08:40:06.000Z</time>
      </trkpt>
      <trkpt lat="49.050434" lon="15.019751">
        <time>2026-04-05T08:40:07.000Z</time>
      </trkpt>
      <trkpt lat="49.050428" lon="15.01977">
        <time>2026-04-05T08:40:08.000Z</time>
      </trkpt>
      <trkpt lat="49.050425" lon="15.019788">
        <time>2026-04-05T08:40:09.000Z</time>
      </trkpt>
      <trkpt lat="49.050427" lon="15.0198">
        <time>2026-04-05T08:40:10.000Z</time>
      </trkpt>
      <trkpt lat="49.050429" lon="15.019817">
        <time>2026-04-05T08:40:11.000Z</time>
      </trkpt>
      <trkpt lat="49.050434" lon="15.019832">
        <time>2026-04-05T08:40:12.000Z</time>
      </trkpt>
      <trkpt lat="49.050445" lon="15.019844">
        <time>2026-04-05T08:40:13.000Z</time>
      </trkpt>
      <trkpt lat="49.050462" lon="15.019852">
        <time>2026-04-05T08:40:14.000Z</time>
      </trkpt>
      <trkpt lat="49.050473" lon="15.019855">
        <time>2026-04-05T08:40:15.000Z</time>
      </trkpt>
      <trkpt lat="49.050482" lon="15.019855">
        <time>2026-04-05T08:40:16.000Z</time>
      </trkpt>
      <trkpt lat="49.0505" lon="15.019859">
        <time>2026-04-05T08:40:17.000Z</time>
      </trkpt>
      <trkpt lat="49.050523" lon="15.01986">
        <time>2026-04-05T08:40:18.000Z</time>
      </trkpt>
      <trkpt lat="49.050541" lon="15.01986">
        <time>2026-04-05T08:40:19.000Z</time>
      </trkpt>
      <trkpt lat="49.050559" lon="15.019867">
        <time>2026-04-05T08:40:20.000Z</time>
      </trkpt>
      <trkpt lat="49.050583" lon="15.019886">
        <time>2026-04-05T08:40:21.000Z</time>
      </trkpt>
      <trkpt lat="49.0506" lon="15.019911">
        <time>2026-04-05T08:40:22.000Z</time>
      </trkpt>
      <trkpt lat="49.050599" lon="15.019928">
        <time>2026-04-05T08:40:23.000Z</time>
      </trkpt>
      <trkpt lat="49.050611" lon="15.019952">
        <time>2026-04-05T08:40:24.000Z</time>
      </trkpt>
      <trkpt lat="49.050623" lon="15.019973">
        <time>2026-04-05T08:40:25.000Z</time>
      </trkpt>
      <trkpt lat="49.050637" lon="15.019992">
        <time>2026-04-05T08:40:26.000Z</time>
      </trkpt>
      <trkpt lat="49.050653" lon="15.020009">
        <time>2026-04-05T08:40:27.000Z</time>
      </trkpt>
      <trkpt lat="49.050679" lon="15.020016">
        <time>2026-04-05T08:40:28.000Z</time>
      </trkpt>
      <trkpt lat="49.050699" lon="15.020011">
        <time>2026-04-05T08:40:29.000Z</time>
      </trkpt>
      <trkpt lat="49.05071" lon="15.020012">
        <time>2026-04-05T08:40:30.000Z</time>
      </trkpt>
      <trkpt lat="49.05072" lon="15.02001">
        <time>2026-04-05T08:40:31.000Z</time>
      </trkpt>
      <trkpt lat="49.050731" lon="15.020018">
        <time>2026-04-05T08:40:32.000Z</time>
      </trkpt>
      <trkpt lat="49.050747" lon="15.020035">
        <time>2026-04-05T08:40:33.000Z</time>
      </trkpt>
      <trkpt lat="49.050763" lon="15.020048">
        <time>2026-04-05T08:40:34.000Z</time>
      </trkpt>
      <trkpt lat="49.05078" lon="15.020059">
        <time>2026-04-05T08:40:35.000Z</time>
      </trkpt>
      <trkpt lat="49.050791" lon="15.020062">
        <time>2026-04-05T08:40:36.000Z</time>
      </trkpt>
      <trkpt lat="49.050805" lon="15.020064">
        <time>2026-04-05T08:40:37.000Z</time>
      </trkpt>
      <trkpt lat="49.050821" lon="15.020074">
        <time>2026-04-05T08:40:38.000Z</time>
      </trkpt>
      <trkpt lat="49.050837" lon="15.020083">
        <time>2026-04-05T08:40:39.000Z</time>
      </trkpt>
      <trkpt lat="49.050861" lon="15.020096">
        <time>2026-04-05T08:40:40.000Z</time>
      </trkpt>
      <trkpt lat="49.050886" lon="15.020107">
        <time>2026-04-05T08:40:41.000Z</time>
      </trkpt>
      <trkpt lat="49.050908" lon="15.020108">
        <time>2026-04-05T08:40:42.000Z</time>
      </trkpt>
      <trkpt lat="49.050927" lon="15.020101">
        <time>2026-04-05T08:40:43.000Z</time>
      </trkpt>
      <trkpt lat="49.050944" lon="15.020096">
        <time>2026-04-05T08:40:44.000Z</time>
      </trkpt>
      <trkpt lat="49.050953" lon="15.02009">
        <time>2026-04-05T08:40:45.000Z</time>
      </trkpt>
      <trkpt lat="49.050964" lon="15.020085">
        <time>2026-04-05T08:40:46.000Z</time>
      </trkpt>
      <trkpt lat="49.050982" lon="15.020072">
        <time>2026-04-05T08:40:47.000Z</time>
      </trkpt>
      <trkpt lat="49.051008" lon="15.020061">
        <time>2026-04-05T08:40:48.000Z</time>
      </trkpt>
      <trkpt lat="49.051036" lon="15.02005">
        <time>2026-04-05T08:40:49.000Z</time>
      </trkpt>
      <trkpt lat="49.051063" lon="15.020043">
        <time>2026-04-05T08:40:50.000Z</time>
      </trkpt>
      <trkpt lat="49.051099" lon="15.020039">
        <time>2026-04-05T08:40:51.000Z</time>
      </trkpt>
      <trkpt lat="49.051124" lon="15.020027">
        <time>2026-04-05T08:40:52.000Z</time>
      </trkpt>
      <trkpt lat="49.051148" lon="15.020021">
        <time>2026-04-05T08:40:53.000Z</time>
      </trkpt>
      <trkpt lat="49.05117" lon="15.020011">
        <time>2026-04-05T08:40:54.000Z</time>
      </trkpt>
      <trkpt lat="49.051185" lon="15.020002">
        <time>2026-04-05T08:40:55.000Z</time>
      </trkpt>
      <trkpt lat="49.051205" lon="15.019989">
        <time>2026-04-05T08:40:56.000Z</time>
      </trkpt>
      <trkpt lat="49.051225" lon="15.019975">
        <time>2026-04-05T08:40:57.000Z</time>
      </trkpt>
      <trkpt lat="49.051241" lon="15.019952">
        <time>2026-04-05T08:40:58.000Z</time>
      </trkpt>
      <trkpt lat="49.051257" lon="15.01993">
        <time>2026-04-05T08:40:59.000Z</time>
      </trkpt>
      <trkpt lat="49.051272" lon="15.019899">
        <time>2026-04-05T08:41:00.000Z</time>
      </trkpt>
      <trkpt lat="49.051286" lon="15.019875">
        <time>2026-04-05T08:41:01.000Z</time>
      </trkpt>
      <trkpt lat="49.051306" lon="15.019858">
        <time>2026-04-05T08:41:02.000Z</time>
      </trkpt>
      <trkpt lat="49.051326" lon="15.019835">
        <time>2026-04-05T08:41:03.000Z</time>
      </trkpt>
      <trkpt lat="49.05135" lon="15.019803">
        <time>2026-04-05T08:41:04.000Z</time>
      </trkpt>
      <trkpt lat="49.05137" lon="15.01977">
        <time>2026-04-05T08:41:05.000Z</time>
      </trkpt>
      <trkpt lat="49.051388" lon="15.019739">
        <time>2026-04-05T08:41:06.000Z</time>
      </trkpt>
      <trkpt lat="49.051402" lon="15.019709">
        <time>2026-04-05T08:41:07.000Z</time>
      </trkpt>
      <trkpt lat="49.051425" lon="15.019694">
        <time>2026-04-05T08:41:08.000Z</time>
      </trkpt>
      <trkpt lat="49.05145" lon="15.019666">
        <time>2026-04-05T08:41:09.000Z</time>
      </trkpt>
      <trkpt lat="49.051477" lon="15.019652">
        <time>2026-04-05T08:41:10.000Z</time>
      </trkpt>
      <trkpt lat="49.051501" lon="15.019624">
        <time>2026-04-05T08:41:11.000Z</time>
      </trkpt>
      <trkpt lat="49.051524" lon="15.019603">
        <time>2026-04-05T08:41:12.000Z</time>
      </trkpt>
      <trkpt lat="49.051552" lon="15.019593">
        <time>2026-04-05T08:41:13.000Z</time>
      </trkpt>
      <trkpt lat="49.051583" lon="15.019576">
        <time>2026-04-05T08:41:14.000Z</time>
      </trkpt>
      <trkpt lat="49.051611" lon="15.019566">
        <time>2026-04-05T08:41:15.000Z</time>
      </trkpt>
      <trkpt lat="49.051636" lon="15.019547">
        <time>2026-04-05T08:41:16.000Z</time>
      </trkpt>
      <trkpt lat="49.051667" lon="15.019533">
        <time>2026-04-05T08:41:17.000Z</time>
      </trkpt>
      <trkpt lat="49.051704" lon="15.019527">
        <time>2026-04-05T08:41:18.000Z</time>
      </trkpt>
      <trkpt lat="49.051736" lon="15.019521">
        <time>2026-04-05T08:41:19.000Z</time>
      </trkpt>
      <trkpt lat="49.051765" lon="15.019517">
        <time>2026-04-05T08:41:20.000Z</time>
      </trkpt>
      <trkpt lat="49.05179" lon="15.019522">
        <time>2026-04-05T08:41:21.000Z</time>
      </trkpt>
      <trkpt lat="49.051816" lon="15.019526">
        <time>2026-04-05T08:41:22.000Z</time>
      </trkpt>
      <trkpt lat="49.051847" lon="15.019527">
        <time>2026-04-05T08:41:23.000Z</time>
      </trkpt>
      <trkpt lat="49.051877" lon="15.01952">
        <time>2026-04-05T08:41:24.000Z</time>
      </trkpt>
      <trkpt lat="49.051901" lon="15.019504">
        <time>2026-04-05T08:41:25.000Z</time>
      </trkpt>
      <trkpt lat="49.051918" lon="15.019493">
        <time>2026-04-05T08:41:26.000Z</time>
      </trkpt>
      <trkpt lat="49.051934" lon="15.019496">
        <time>2026-04-05T08:41:27.000Z</time>
      </trkpt>
      <trkpt lat="49.05194" lon="15.0195">
        <time>2026-04-05T08:41:28.000Z</time>
      </trkpt>
      <trkpt lat="49.051949" lon="15.019494">
        <time>2026-04-05T08:41:29.000Z</time>
      </trkpt>
      <trkpt lat="49.051963" lon="15.01948">
        <time>2026-04-05T08:41:30.000Z</time>
      </trkpt>
      <trkpt lat="49.051978" lon="15.01947">
        <time>2026-04-05T08:41:31.000Z</time>
      </trkpt>
      <trkpt lat="49.051984" lon="15.019469">
        <time>2026-04-05T08:41:32.000Z</time>
      </trkpt>
      <trkpt lat="49.051997" lon="15.019474">
        <time>2026-04-05T08:41:33.000Z</time>
      </trkpt>
      <trkpt lat="49.052008" lon="15.019473">
        <time>2026-04-05T08:41:34.000Z</time>
      </trkpt>
      <trkpt lat="49.052026" lon="15.019461">
        <time>2026-04-05T08:41:35.000Z</time>
      </trkpt>
      <trkpt lat="49.05205" lon="15.019446">
        <time>2026-04-05T08:41:36.000Z</time>
      </trkpt>
      <trkpt lat="49.052055" lon="15.019447">
        <time>2026-04-05T08:41:37.000Z</time>
      </trkpt>
      <trkpt lat="49.052074" lon="15.019442">
        <time>2026-04-05T08:41:38.000Z</time>
      </trkpt>
      <trkpt lat="49.052089" lon="15.019445">
        <time>2026-04-05T08:41:39.000Z</time>
      </trkpt>
      <trkpt lat="49.052108" lon="15.019452">
        <time>2026-04-05T08:41:40.000Z</time>
      </trkpt>
      <trkpt lat="49.052131" lon="15.019457">
        <time>2026-04-05T08:41:41.000Z</time>
      </trkpt>
      <trkpt lat="49.052155" lon="15.01945">
        <time>2026-04-05T08:41:42.000Z</time>
      </trkpt>
      <trkpt lat="49.05218" lon="15.019438">
        <time>2026-04-05T08:41:43.000Z</time>
      </trkpt>
      <trkpt lat="49.052207" lon="15.019437">
        <time>2026-04-05T08:41:44.000Z</time>
      </trkpt>
      <trkpt lat="49.05224" lon="15.019449">
        <time>2026-04-05T08:41:45.000Z</time>
      </trkpt>
      <trkpt lat="49.052277" lon="15.019469">
        <time>2026-04-05T08:41:46.000Z</time>
      </trkpt>
      <trkpt lat="49.052319" lon="15.01948">
        <time>2026-04-05T08:41:47.000Z</time>
      </trkpt>
      <trkpt lat="49.052365" lon="15.019494">
        <time>2026-04-05T08:41:48.000Z</time>
      </trkpt>
      <trkpt lat="49.052401" lon="15.01952">
        <time>2026-04-05T08:41:49.000Z</time>
      </trkpt>
      <trkpt lat="49.052437" lon="15.019548">
        <time>2026-04-05T08:41:50.000Z</time>
      </trkpt>
      <trkpt lat="49.052467" lon="15.019578">
        <time>2026-04-05T08:41:51.000Z</time>
      </trkpt>
      <trkpt lat="49.052497" lon="15.019622">
        <time>2026-04-05T08:41:52.000Z</time>
      </trkpt>
      <trkpt lat="49.052523" lon="15.019673">
        <time>2026-04-05T08:41:53.000Z</time>
      </trkpt>
      <trkpt lat="49.05254" lon="15.019721">
        <time>2026-04-05T08:41:54.000Z</time>
      </trkpt>
      <trkpt lat="49.052561" lon="15.019769">
        <time>2026-04-05T08:41:55.000Z</time>
      </trkpt>
      <trkpt lat="49.052577" lon="15.019799">
        <time>2026-04-05T08:41:56.000Z</time>
      </trkpt>
      <trkpt lat="49.052595" lon="15.019842">
        <time>2026-04-05T08:41:57.000Z</time>
      </trkpt>
      <trkpt lat="49.052608" lon="15.019886">
        <time>2026-04-05T08:41:58.000Z</time>
      </trkpt>
      <trkpt lat="49.052627" lon="15.019929">
        <time>2026-04-05T08:41:59.000Z</time>
      </trkpt>
      <trkpt lat="49.052647" lon="15.019965">
        <time>2026-04-05T08:42:00.000Z</time>
      </trkpt>
      <trkpt lat="49.05267" lon="15.019999">
        <time>2026-04-05T08:42:01.000Z</time>
      </trkpt>
      <trkpt lat="49.052696" lon="15.020022">
        <time>2026-04-05T08:42:02.000Z</time>
      </trkpt>
      <trkpt lat="49.05273" lon="15.020043">
        <time>2026-04-05T08:42:03.000Z</time>
      </trkpt>
      <trkpt lat="49.052762" lon="15.020056">
        <time>2026-04-05T08:42:04.000Z</time>
      </trkpt>
      <trkpt lat="49.052798" lon="15.020064">
        <time>2026-04-05T08:42:05.000Z</time>
      </trkpt>
      <trkpt lat="49.05283" lon="15.020073">
        <time>2026-04-05T08:42:06.000Z</time>
      </trkpt>
      <trkpt lat="49.052862" lon="15.020097">
        <time>2026-04-05T08:42:07.000Z</time>
      </trkpt>
      <trkpt lat="49.052896" lon="15.020134">
        <time>2026-04-05T08:42:08.000Z</time>
      </trkpt>
      <trkpt lat="49.052924" lon="15.020164">
        <time>2026-04-05T08:42:09.000Z</time>
      </trkpt>
      <trkpt lat="49.052944" lon="15.020196">
        <time>2026-04-05T08:42:10.000Z</time>
      </trkpt>
      <trkpt lat="49.052958" lon="15.020228">
        <time>2026-04-05T08:42:11.000Z</time>
      </trkpt>
      <trkpt lat="49.052974" lon="15.020241">
        <time>2026-04-05T08:42:12.000Z</time>
      </trkpt>
      <trkpt lat="49.052999" lon="15.020256">
        <time>2026-04-05T08:42:13.000Z</time>
      </trkpt>
      <trkpt lat="49.053018" lon="15.020275">
        <time>2026-04-05T08:42:14.000Z</time>
      </trkpt>
      <trkpt lat="49.053035" lon="15.020286">
        <time>2026-04-05T08:42:15.000Z</time>
      </trkpt>
      <trkpt lat="49.053052" lon="15.020303">
        <time>2026-04-05T08:42:16.000Z</time>
      </trkpt>
      <trkpt lat="49.053074" lon="15.02032">
        <time>2026-04-05T08:42:17.000Z</time>
      </trkpt>
      <trkpt lat="49.053089" lon="15.020337">
        <time>2026-04-05T08:42:18.000Z</time>
      </trkpt>
      <trkpt lat="49.053095" lon="15.020362">
        <time>2026-04-05T08:42:19.000Z</time>
      </trkpt>
      <trkpt lat="49.053093" lon="15.020394">
        <time>2026-04-05T08:42:20.000Z</time>
      </trkpt>
      <trkpt lat="49.053099" lon="15.020419">
        <time>2026-04-05T08:42:21.000Z</time>
      </trkpt>
      <trkpt lat="49.053119" lon="15.020448">
        <time>2026-04-05T08:42:22.000Z</time>
      </trkpt>
      <trkpt lat="49.053137" lon="15.020482">
        <time>2026-04-05T08:42:23.000Z</time>
      </trkpt>
      <trkpt lat="49.053156" lon="15.020514">
        <time>2026-04-05T08:42:24.000Z</time>
      </trkpt>
      <trkpt lat="49.05318" lon="15.020544">
        <time>2026-04-05T08:42:25.000Z</time>
      </trkpt>
      <trkpt lat="49.053191" lon="15.020566">
        <time>2026-04-05T08:42:26.000Z</time>
      </trkpt>
      <trkpt lat="49.053203" lon="15.020588">
        <time>2026-04-05T08:42:27.000Z</time>
      </trkpt>
      <trkpt lat="49.053222" lon="15.020612">
        <time>2026-04-05T08:42:28.000Z</time>
      </trkpt>
      <trkpt lat="49.05324" lon="15.020633">
        <time>2026-04-05T08:42:29.000Z</time>
      </trkpt>
      <trkpt lat="49.053261" lon="15.020659">
        <time>2026-04-05T08:42:30.000Z</time>
      </trkpt>
      <trkpt lat="49.053287" lon="15.020692">
        <time>2026-04-05T08:42:31.000Z</time>
      </trkpt>
      <trkpt lat="49.053315" lon="15.020725">
        <time>2026-04-05T08:42:32.000Z</time>
      </trkpt>
      <trkpt lat="49.053329" lon="15.020751">
        <time>2026-04-05T08:42:33.000Z</time>
      </trkpt>
      <trkpt lat="49.053338" lon="15.020774">
        <time>2026-04-05T08:42:34.000Z</time>
      </trkpt>
      <trkpt lat="49.05335" lon="15.020798">
        <time>2026-04-05T08:42:35.000Z</time>
      </trkpt>
      <trkpt lat="49.053367" lon="15.020813">
        <time>2026-04-05T08:42:36.000Z</time>
      </trkpt>
      <trkpt lat="49.053394" lon="15.020842">
        <time>2026-04-05T08:42:37.000Z</time>
      </trkpt>
      <trkpt lat="49.05343" lon="15.020884">
        <time>2026-04-05T08:42:38.000Z</time>
      </trkpt>
      <trkpt lat="49.053448" lon="15.020897">
        <time>2026-04-05T08:42:39.000Z</time>
      </trkpt>
      <trkpt lat="49.053472" lon="15.02091">
        <time>2026-04-05T08:42:40.000Z</time>
      </trkpt>
      <trkpt lat="49.053481" lon="15.020917">
        <time>2026-04-05T08:42:41.000Z</time>
      </trkpt>
      <trkpt lat="49.053485" lon="15.02093">
        <time>2026-04-05T08:42:42.000Z</time>
      </trkpt>
      <trkpt lat="49.053497" lon="15.020941">
        <time>2026-04-05T08:42:43.000Z</time>
      </trkpt>
      <trkpt lat="49.053508" lon="15.02096">
        <time>2026-04-05T08:42:44.000Z</time>
      </trkpt>
      <trkpt lat="49.053519" lon="15.020982">
        <time>2026-04-05T08:42:45.000Z</time>
      </trkpt>
      <trkpt lat="49.053535" lon="15.021006">
        <time>2026-04-05T08:42:46.000Z</time>
      </trkpt>
      <trkpt lat="49.053545" lon="15.02102">
        <time>2026-04-05T08:42:47.000Z</time>
      </trkpt>
      <trkpt lat="49.053557" lon="15.021032">
        <time>2026-04-05T08:42:48.000Z</time>
      </trkpt>
      <trkpt lat="49.053569" lon="15.021039">
        <time>2026-04-05T08:42:49.000Z</time>
      </trkpt>
      <trkpt lat="49.053579" lon="15.021042">
        <time>2026-04-05T08:42:50.000Z</time>
      </trkpt>
      <trkpt lat="49.053589" lon="15.02105">
        <time>2026-04-05T08:42:51.000Z</time>
      </trkpt>
      <trkpt lat="49.0536" lon="15.021061">
        <time>2026-04-05T08:42:52.000Z</time>
      </trkpt>
      <trkpt lat="49.053611" lon="15.02108">
        <time>2026-04-05T08:42:53.000Z</time>
      </trkpt>
      <trkpt lat="49.053619" lon="15.021098">
        <time>2026-04-05T08:42:54.000Z</time>
      </trkpt>
      <trkpt lat="49.053628" lon="15.021126">
        <time>2026-04-05T08:42:55.000Z</time>
      </trkpt>
      <trkpt lat="49.053638" lon="15.021153">
        <time>2026-04-05T08:42:56.000Z</time>
      </trkpt>
      <trkpt lat="49.053649" lon="15.021177">
        <time>2026-04-05T08:42:57.000Z</time>
      </trkpt>
      <trkpt lat="49.053661" lon="15.021207">
        <time>2026-04-05T08:42:58.000Z</time>
      </trkpt>
      <trkpt lat="49.053672" lon="15.021235">
        <time>2026-04-05T08:42:59.000Z</time>
      </trkpt>
      <trkpt lat="49.053683" lon="15.021265">
        <time>2026-04-05T08:43:00.000Z</time>
      </trkpt>
      <trkpt lat="49.053694" lon="15.021297">
        <time>2026-04-05T08:43:01.000Z</time>
      </trkpt>
      <trkpt lat="49.053706" lon="15.021333">
        <time>2026-04-05T08:43:02.000Z</time>
      </trkpt>
      <trkpt lat="49.053719" lon="15.021358">
        <time>2026-04-05T08:43:03.000Z</time>
      </trkpt>
      <trkpt lat="49.053729" lon="15.021388">
        <time>2026-04-05T08:43:04.000Z</time>
      </trkpt>
      <trkpt lat="49.053735" lon="15.021424">
        <time>2026-04-05T08:43:05.000Z</time>
      </trkpt>
      <trkpt lat="49.053743" lon="15.021454">
        <time>2026-04-05T08:43:06.000Z</time>
      </trkpt>
      <trkpt lat="49.053738" lon="15.021487">
        <time>2026-04-05T08:43:07.000Z</time>
      </trkpt>
      <trkpt lat="49.053733" lon="15.021515">
        <time>2026-04-05T08:43:08.000Z</time>
      </trkpt>
      <trkpt lat="49.053745" lon="15.021549">
        <time>2026-04-05T08:43:09.000Z</time>
      </trkpt>
      <trkpt lat="49.053761" lon="15.021575">
        <time>2026-04-05T08:43:10.000Z</time>
      </trkpt>
      <trkpt lat="49.05378" lon="15.021601">
        <time>2026-04-05T08:43:11.000Z</time>
      </trkpt>
      <trkpt lat="49.053802" lon="15.021627">
        <time>2026-04-05T08:43:12.000Z</time>
      </trkpt>
      <trkpt lat="49.053813" lon="15.021641">
        <time>2026-04-05T08:43:13.000Z</time>
      </trkpt>
      <trkpt lat="49.053814" lon="15.021658">
        <time>2026-04-05T08:43:14.000Z</time>
      </trkpt>
      <trkpt lat="49.053815" lon="15.021687">
        <time>2026-04-05T08:43:15.000Z</time>
      </trkpt>
      <trkpt lat="49.053825" lon="15.021722">
        <time>2026-04-05T08:43:16.000Z</time>
      </trkpt>
      <trkpt lat="49.053831" lon="15.021767">
        <time>2026-04-05T08:43:17.000Z</time>
      </trkpt>
      <trkpt lat="49.053835" lon="15.021809">
        <time>2026-04-05T08:43:18.000Z</time>
      </trkpt>
      <trkpt lat="49.053841" lon="15.021851">
        <time>2026-04-05T08:43:19.000Z</time>
      </trkpt>
      <trkpt lat="49.053848" lon="15.021884">
        <time>2026-04-05T08:43:20.000Z</time>
      </trkpt>
      <trkpt lat="49.053852" lon="15.021909">
        <time>2026-04-05T08:43:21.000Z</time>
      </trkpt>
      <trkpt lat="49.053859" lon="15.021938">
        <time>2026-04-05T08:43:22.000Z</time>
      </trkpt>
      <trkpt lat="49.053867" lon="15.021975">
        <time>2026-04-05T08:43:23.000Z</time>
      </trkpt>
      <trkpt lat="49.053875" lon="15.022016">
        <time>2026-04-05T08:43:24.000Z</time>
      </trkpt>
      <trkpt lat="49.053886" lon="15.022067">
        <time>2026-04-05T08:43:25.000Z</time>
      </trkpt>
      <trkpt lat="49.053896" lon="15.022124">
        <time>2026-04-05T08:43:26.000Z</time>
      </trkpt>
      <trkpt lat="49.053905" lon="15.022174">
        <time>2026-04-05T08:43:27.000Z</time>
      </trkpt>
      <trkpt lat="49.053914" lon="15.022229">
        <time>2026-04-05T08:43:28.000Z</time>
      </trkpt>
      <trkpt lat="49.053923" lon="15.022287">
        <time>2026-04-05T08:43:29.000Z</time>
      </trkpt>
      <trkpt lat="49.053918" lon="15.02236">
        <time>2026-04-05T08:43:30.000Z</time>
      </trkpt>
      <trkpt lat="49.053919" lon="15.022406">
        <time>2026-04-05T08:43:31.000Z</time>
      </trkpt>
      <trkpt lat="49.053925" lon="15.022443">
        <time>2026-04-05T08:43:32.000Z</time>
      </trkpt>
      <trkpt lat="49.053929" lon="15.022477">
        <time>2026-04-05T08:43:33.000Z</time>
      </trkpt>
      <trkpt lat="49.053933" lon="15.022515">
        <time>2026-04-05T08:43:34.000Z</time>
      </trkpt>
      <trkpt lat="49.053934" lon="15.022543">
        <time>2026-04-05T08:43:35.000Z</time>
      </trkpt>
      <trkpt lat="49.053947" lon="15.02258">
        <time>2026-04-05T08:43:36.000Z</time>
      </trkpt>
      <trkpt lat="49.053944" lon="15.022621">
        <time>2026-04-05T08:43:37.000Z</time>
      </trkpt>
      <trkpt lat="49.053937" lon="15.022661">
        <time>2026-04-05T08:43:38.000Z</time>
      </trkpt>
      <trkpt lat="49.05394" lon="15.0227">
        <time>2026-04-05T08:43:39.000Z</time>
      </trkpt>
      <trkpt lat="49.053947" lon="15.022741">
        <time>2026-04-05T08:43:40.000Z</time>
      </trkpt>
      <trkpt lat="49.053946" lon="15.022776">
        <time>2026-04-05T08:43:41.000Z</time>
      </trkpt>
      <trkpt lat="49.053948" lon="15.022811">
        <time>2026-04-05T08:43:42.000Z</time>
      </trkpt>
      <trkpt lat="49.053956" lon="15.022851">
        <time>2026-04-05T08:43:43.000Z</time>
      </trkpt>
      <trkpt lat="49.053971" lon="15.022887">
        <time>2026-04-05T08:43:44.000Z</time>
      </trkpt>
      <trkpt lat="49.053966" lon="15.022911">
        <time>2026-04-05T08:43:45.000Z</time>
      </trkpt>
      <trkpt lat="49.053954" lon="15.022926">
        <time>2026-04-05T08:43:46.000Z</time>
      </trkpt>
      <trkpt lat="49.053943" lon="15.022951">
        <time>2026-04-05T08:43:47.000Z</time>
      </trkpt>
      <trkpt lat="49.053938" lon="15.022981">
        <time>2026-04-05T08:43:48.000Z</time>
      </trkpt>
      <trkpt lat="49.053917" lon="15.023031">
        <time>2026-04-05T08:43:49.000Z</time>
      </trkpt>
      <trkpt lat="49.053889" lon="15.023073">
        <time>2026-04-05T08:43:50.000Z</time>
      </trkpt>
      <trkpt lat="49.053873" lon="15.023115">
        <time>2026-04-05T08:43:51.000Z</time>
      </trkpt>
      <trkpt lat="49.053872" lon="15.023149">
        <time>2026-04-05T08:43:52.000Z</time>
      </trkpt>
      <trkpt lat="49.053871" lon="15.023163">
        <time>2026-04-05T08:43:53.000Z</time>
      </trkpt>
      <trkpt lat="49.053872" lon="15.023165">
        <time>2026-04-05T08:43:54.000Z</time>
      </trkpt>
      <trkpt lat="49.053859" lon="15.023147">
        <time>2026-04-05T08:43:55.000Z</time>
      </trkpt>
      <trkpt lat="49.053853" lon="15.023137">
        <time>2026-04-05T08:43:56.000Z</time>
      </trkpt>
      <trkpt lat="49.053849" lon="15.023124">
        <time>2026-04-05T08:43:57.000Z</time>
      </trkpt>
      <trkpt lat="49.053854" lon="15.023115">
        <time>2026-04-05T08:43:58.000Z</time>
      </trkpt>
      <trkpt lat="49.053863" lon="15.023109">
        <time>2026-04-05T08:43:59.000Z</time>
      </trkpt>
      <trkpt lat="49.053876" lon="15.023111">
        <time>2026-04-05T08:44:00.000Z</time>
      </trkpt>
      <trkpt lat="49.053889" lon="15.023115">
        <time>2026-04-05T08:44:01.000Z</time>
      </trkpt>
      <trkpt lat="49.053905" lon="15.023115">
        <time>2026-04-05T08:44:02.000Z</time>
      </trkpt>
      <trkpt lat="49.053918" lon="15.023113">
        <time>2026-04-05T08:44:03.000Z</time>
      </trkpt>
      <trkpt lat="49.053933" lon="15.02311">
        <time>2026-04-05T08:44:04.000Z</time>
      </trkpt>
      <trkpt lat="49.053949" lon="15.023111">
        <time>2026-04-05T08:44:05.000Z</time>
      </trkpt>
      <trkpt lat="49.053965" lon="15.023109">
        <time>2026-04-05T08:44:06.000Z</time>
      </trkpt>
      <trkpt lat="49.053978" lon="15.023097">
        <time>2026-04-05T08:44:07.000Z</time>
      </trkpt>
      <trkpt lat="49.053982" lon="15.02309">
        <time>2026-04-05T08:44:08.000Z</time>
      </trkpt>
      <trkpt lat="49.053986" lon="15.023086">
        <time>2026-04-05T08:44:09.000Z</time>
      </trkpt>
      <trkpt lat="49.053997" lon="15.023081">
        <time>2026-04-05T08:44:10.000Z</time>
      </trkpt>
      <trkpt lat="49.054014" lon="15.023078">
        <time>2026-04-05T08:44:11.000Z</time>
      </trkpt>
      <trkpt lat="49.054035" lon="15.023084">
        <time>2026-04-05T08:44:12.000Z</time>
      </trkpt>
      <trkpt lat="49.05406" lon="15.023099">
        <time>2026-04-05T08:44:13.000Z</time>
      </trkpt>
      <trkpt lat="49.054091" lon="15.023117">
        <time>2026-04-05T08:44:14.000Z</time>
      </trkpt>
      <trkpt lat="49.054122" lon="15.023132">
        <time>2026-04-05T08:44:15.000Z</time>
      </trkpt>
      <trkpt lat="49.054153" lon="15.023151">
        <time>2026-04-05T08:44:16.000Z</time>
      </trkpt>
      <trkpt lat="49.054183" lon="15.023175">
        <time>2026-04-05T08:44:17.000Z</time>
      </trkpt>
      <trkpt lat="49.054209" lon="15.023185">
        <time>2026-04-05T08:44:18.000Z</time>
      </trkpt>
      <trkpt lat="49.054237" lon="15.023184">
        <time>2026-04-05T08:44:19.000Z</time>
      </trkpt>
      <trkpt lat="49.05427" lon="15.023181">
        <time>2026-04-05T08:44:20.000Z</time>
      </trkpt>
      <trkpt lat="49.054306" lon="15.023181">
        <time>2026-04-05T08:44:21.000Z</time>
      </trkpt>
      <trkpt lat="49.054339" lon="15.023185">
        <time>2026-04-05T08:44:22.000Z</time>
      </trkpt>
      <trkpt lat="49.054372" lon="15.023197">
        <time>2026-04-05T08:44:23.000Z</time>
      </trkpt>
      <trkpt lat="49.054399" lon="15.023218">
        <time>2026-04-05T08:44:24.000Z</time>
      </trkpt>
      <trkpt lat="49.054425" lon="15.023241">
        <time>2026-04-05T08:44:25.000Z</time>
      </trkpt>
      <trkpt lat="49.054455" lon="15.023267">
        <time>2026-04-05T08:44:26.000Z</time>
      </trkpt>
      <trkpt lat="49.054484" lon="15.023292">
        <time>2026-04-05T08:44:27.000Z</time>
      </trkpt>
      <trkpt lat="49.054513" lon="15.023323">
        <time>2026-04-05T08:44:28.000Z</time>
      </trkpt>
      <trkpt lat="49.05454" lon="15.02334">
        <time>2026-04-05T08:44:29.000Z</time>
      </trkpt>
      <trkpt lat="49.054566" lon="15.023352">
        <time>2026-04-05T08:44:30.000Z</time>
      </trkpt>
      <trkpt lat="49.054586" lon="15.023357">
        <time>2026-04-05T08:44:31.000Z</time>
      </trkpt>
      <trkpt lat="49.054605" lon="15.023356">
        <time>2026-04-05T08:44:32.000Z</time>
      </trkpt>
      <trkpt lat="49.054632" lon="15.023354">
        <time>2026-04-05T08:44:33.000Z</time>
      </trkpt>
      <trkpt lat="49.054664" lon="15.023354">
        <time>2026-04-05T08:44:34.000Z</time>
      </trkpt>
      <trkpt lat="49.054696" lon="15.023369">
        <time>2026-04-05T08:44:35.000Z</time>
      </trkpt>
      <trkpt lat="49.054725" lon="15.023386">
        <time>2026-04-05T08:44:36.000Z</time>
      </trkpt>
      <trkpt lat="49.05476" lon="15.023405">
        <time>2026-04-05T08:44:37.000Z</time>
      </trkpt>
      <trkpt lat="49.054786" lon="15.023422">
        <time>2026-04-05T08:44:38.000Z</time>
      </trkpt>
      <trkpt lat="49.054816" lon="15.023445">
        <time>2026-04-05T08:44:39.000Z</time>
      </trkpt>
      <trkpt lat="49.054844" lon="15.023471">
        <time>2026-04-05T08:44:40.000Z</time>
      </trkpt>
      <trkpt lat="49.05487" lon="15.023491">
        <time>2026-04-05T08:44:41.000Z</time>
      </trkpt>
      <trkpt lat="49.054892" lon="15.023504">
        <time>2026-04-05T08:44:42.000Z</time>
      </trkpt>
      <trkpt lat="49.054921" lon="15.023516">
        <time>2026-04-05T08:44:43.000Z</time>
      </trkpt>
      <trkpt lat="49.054952" lon="15.023532">
        <time>2026-04-05T08:44:44.000Z</time>
      </trkpt>
      <trkpt lat="49.054986" lon="15.023537">
        <time>2026-04-05T08:44:45.000Z</time>
      </trkpt>
      <trkpt lat="49.055011" lon="15.023539">
        <time>2026-04-05T08:44:46.000Z</time>
      </trkpt>
      <trkpt lat="49.055043" lon="15.023537">
        <time>2026-04-05T08:44:47.000Z</time>
      </trkpt>
      <trkpt lat="49.055055" lon="15.023531">
        <time>2026-04-05T08:44:48.000Z</time>
      </trkpt>
      <trkpt lat="49.055069" lon="15.02352">
        <time>2026-04-05T08:44:49.000Z</time>
      </trkpt>
      <trkpt lat="49.055087" lon="15.023505">
        <time>2026-04-05T08:44:50.000Z</time>
      </trkpt>
      <trkpt lat="49.055098" lon="15.023492">
        <time>2026-04-05T08:44:51.000Z</time>
      </trkpt>
      <trkpt lat="49.055112" lon="15.023483">
        <time>2026-04-05T08:44:52.000Z</time>
      </trkpt>
      <trkpt lat="49.055133" lon="15.02348">
        <time>2026-04-05T08:44:53.000Z</time>
      </trkpt>
      <trkpt lat="49.055157" lon="15.02347">
        <time>2026-04-05T08:44:54.000Z</time>
      </trkpt>
      <trkpt lat="49.055181" lon="15.023459">
        <time>2026-04-05T08:44:55.000Z</time>
      </trkpt>
      <trkpt lat="49.055201" lon="15.023437">
        <time>2026-04-05T08:44:56.000Z</time>
      </trkpt>
      <trkpt lat="49.055214" lon="15.023404">
        <time>2026-04-05T08:44:57.000Z</time>
      </trkpt>
      <trkpt lat="49.055225" lon="15.023368">
        <time>2026-04-05T08:44:58.000Z</time>
      </trkpt>
      <trkpt lat="49.055233" lon="15.02332">
        <time>2026-04-05T08:44:59.000Z</time>
      </trkpt>
      <trkpt lat="49.055237" lon="15.023243">
        <time>2026-04-05T08:45:00.000Z</time>
      </trkpt>
      <trkpt lat="49.055246" lon="15.023186">
        <time>2026-04-05T08:45:01.000Z</time>
      </trkpt>
      <trkpt lat="49.055251" lon="15.023136">
        <time>2026-04-05T08:45:02.000Z</time>
      </trkpt>
      <trkpt lat="49.055263" lon="15.023106">
        <time>2026-04-05T08:45:03.000Z</time>
      </trkpt>
      <trkpt lat="49.055277" lon="15.023086">
        <time>2026-04-05T08:45:04.000Z</time>
      </trkpt>
      <trkpt lat="49.055298" lon="15.023071">
        <time>2026-04-05T08:45:05.000Z</time>
      </trkpt>
      <trkpt lat="49.055319" lon="15.023045">
        <time>2026-04-05T08:45:06.000Z</time>
      </trkpt>
      <trkpt lat="49.055336" lon="15.023008">
        <time>2026-04-05T08:45:07.000Z</time>
      </trkpt>
      <trkpt lat="49.055352" lon="15.022973">
        <time>2026-04-05T08:45:08.000Z</time>
      </trkpt>
      <trkpt lat="49.055363" lon="15.022933">
        <time>2026-04-05T08:45:09.000Z</time>
      </trkpt>
      <trkpt lat="49.055378" lon="15.022897">
        <time>2026-04-05T08:45:10.000Z</time>
      </trkpt>
      <trkpt lat="49.055386" lon="15.022866">
        <time>2026-04-05T08:45:11.000Z</time>
      </trkpt>
      <trkpt lat="49.055392" lon="15.022842">
        <time>2026-04-05T08:45:12.000Z</time>
      </trkpt>
      <trkpt lat="49.055407" lon="15.022828">
        <time>2026-04-05T08:45:13.000Z</time>
      </trkpt>
      <trkpt lat="49.05542" lon="15.022811">
        <time>2026-04-05T08:45:14.000Z</time>
      </trkpt>
      <trkpt lat="49.055434" lon="15.022794">
        <time>2026-04-05T08:45:15.000Z</time>
      </trkpt>
      <trkpt lat="49.055447" lon="15.022782">
        <time>2026-04-05T08:45:16.000Z</time>
      </trkpt>
      <trkpt lat="49.055456" lon="15.022772">
        <time>2026-04-05T08:45:17.000Z</time>
      </trkpt>
      <trkpt lat="49.055463" lon="15.022756">
        <time>2026-04-05T08:45:18.000Z</time>
      </trkpt>
      <trkpt lat="49.055476" lon="15.02273">
        <time>2026-04-05T08:45:19.000Z</time>
      </trkpt>
      <trkpt lat="49.055488" lon="15.022707">
        <time>2026-04-05T08:45:20.000Z</time>
      </trkpt>
      <trkpt lat="49.055503" lon="15.022699">
        <time>2026-04-05T08:45:21.000Z</time>
      </trkpt>
      <trkpt lat="49.055524" lon="15.022687">
        <time>2026-04-05T08:45:22.000Z</time>
      </trkpt>
      <trkpt lat="49.055545" lon="15.022662">
        <time>2026-04-05T08:45:23.000Z</time>
      </trkpt>
      <trkpt lat="49.055561" lon="15.022639">
        <time>2026-04-05T08:45:24.000Z</time>
      </trkpt>
      <trkpt lat="49.055577" lon="15.02262">
        <time>2026-04-05T08:45:25.000Z</time>
      </trkpt>
      <trkpt lat="49.055594" lon="15.022595">
        <time>2026-04-05T08:45:26.000Z</time>
      </trkpt>
      <trkpt lat="49.055616" lon="15.022569">
        <time>2026-04-05T08:45:27.000Z</time>
      </trkpt>
      <trkpt lat="49.055638" lon="15.022552">
        <time>2026-04-05T08:45:28.000Z</time>
      </trkpt>
      <trkpt lat="49.055656" lon="15.022541">
        <time>2026-04-05T08:45:29.000Z</time>
      </trkpt>
      <trkpt lat="49.055674" lon="15.022535">
        <time>2026-04-05T08:45:30.000Z</time>
      </trkpt>
      <trkpt lat="49.055695" lon="15.022534">
        <time>2026-04-05T08:45:31.000Z</time>
      </trkpt>
      <trkpt lat="49.055718" lon="15.022528">
        <time>2026-04-05T08:45:32.000Z</time>
      </trkpt>
      <trkpt lat="49.055737" lon="15.022512">
        <time>2026-04-05T08:45:33.000Z</time>
      </trkpt>
      <trkpt lat="49.055759" lon="15.022494">
        <time>2026-04-05T08:45:34.000Z</time>
      </trkpt>
      <trkpt lat="49.055779" lon="15.022487">
        <time>2026-04-05T08:45:35.000Z</time>
      </trkpt>
      <trkpt lat="49.055794" lon="15.022482">
        <time>2026-04-05T08:45:36.000Z</time>
      </trkpt>
      <trkpt lat="49.055799" lon="15.022478">
        <time>2026-04-05T08:45:37.000Z</time>
      </trkpt>
      <trkpt lat="49.055814" lon="15.022458">
        <time>2026-04-05T08:45:38.000Z</time>
      </trkpt>
      <trkpt lat="49.055824" lon="15.022433">
        <time>2026-04-05T08:45:39.000Z</time>
      </trkpt>
      <trkpt lat="49.05583" lon="15.022395">
        <time>2026-04-05T08:45:40.000Z</time>
      </trkpt>
      <trkpt lat="49.05583" lon="15.022344">
        <time>2026-04-05T08:45:41.000Z</time>
      </trkpt>
      <trkpt lat="49.055829" lon="15.022307">
        <time>2026-04-05T08:45:42.000Z</time>
      </trkpt>
      <trkpt lat="49.055816" lon="15.022253">
        <time>2026-04-05T08:45:43.000Z</time>
      </trkpt>
      <trkpt lat="49.055818" lon="15.022218">
        <time>2026-04-05T08:45:44.000Z</time>
      </trkpt>
      <trkpt lat="49.055825" lon="15.022173">
        <time>2026-04-05T08:45:45.000Z</time>
      </trkpt>
      <trkpt lat="49.055829" lon="15.022128">
        <time>2026-04-05T08:45:46.000Z</time>
      </trkpt>
      <trkpt lat="49.055827" lon="15.022081">
        <time>2026-04-05T08:45:47.000Z</time>
      </trkpt>
      <trkpt lat="49.055828" lon="15.022044">
        <time>2026-04-05T08:45:48.000Z</time>
      </trkpt>
      <trkpt lat="49.055821" lon="15.021998">
        <time>2026-04-05T08:45:49.000Z</time>
      </trkpt>
      <trkpt lat="49.055816" lon="15.021963">
        <time>2026-04-05T08:45:50.000Z</time>
      </trkpt>
      <trkpt lat="49.055803" lon="15.021926">
        <time>2026-04-05T08:45:51.000Z</time>
      </trkpt>
      <trkpt lat="49.055798" lon="15.021894">
        <time>2026-04-05T08:45:52.000Z</time>
      </trkpt>
      <trkpt lat="49.05579" lon="15.021868">
        <time>2026-04-05T08:45:53.000Z</time>
      </trkpt>
      <trkpt lat="49.055793" lon="15.021838">
        <time>2026-04-05T08:45:54.000Z</time>
      </trkpt>
      <trkpt lat="49.0558" lon="15.021811">
        <time>2026-04-05T08:45:55.000Z</time>
      </trkpt>
      <trkpt lat="49.055802" lon="15.021787">
        <time>2026-04-05T08:45:56.000Z</time>
      </trkpt>
      <trkpt lat="49.055802" lon="15.021757">
        <time>2026-04-05T08:45:57.000Z</time>
      </trkpt>
      <trkpt lat="49.055804" lon="15.021728">
        <time>2026-04-05T08:45:58.000Z</time>
      </trkpt>
      <trkpt lat="49.05581" lon="15.021699">
        <time>2026-04-05T08:45:59.000Z</time>
      </trkpt>
      <trkpt lat="49.055816" lon="15.021665">
        <time>2026-04-05T08:46:00.000Z</time>
      </trkpt>
      <trkpt lat="49.055823" lon="15.021633">
        <time>2026-04-05T08:46:01.000Z</time>
      </trkpt>
      <trkpt lat="49.055827" lon="15.021598">
        <time>2026-04-05T08:46:02.000Z</time>
      </trkpt>
      <trkpt lat="49.055833" lon="15.021565">
        <time>2026-04-05T08:46:03.000Z</time>
      </trkpt>
      <trkpt lat="49.055845" lon="15.021537">
        <time>2026-04-05T08:46:04.000Z</time>
      </trkpt>
      <trkpt lat="49.055855" lon="15.021503">
        <time>2026-04-05T08:46:05.000Z</time>
      </trkpt>
      <trkpt lat="49.055861" lon="15.021465">
        <time>2026-04-05T08:46:06.000Z</time>
      </trkpt>
      <trkpt lat="49.055867" lon="15.021425">
        <time>2026-04-05T08:46:07.000Z</time>
      </trkpt>
      <trkpt lat="49.055875" lon="15.021383">
        <time>2026-04-05T08:46:08.000Z</time>
      </trkpt>
      <trkpt lat="49.055877" lon="15.021344">
        <time>2026-04-05T08:46:09.000Z</time>
      </trkpt>
      <trkpt lat="49.055875" lon="15.021311">
        <time>2026-04-05T08:46:10.000Z</time>
      </trkpt>
      <trkpt lat="49.055875" lon="15.02128">
        <time>2026-04-05T08:46:11.000Z</time>
      </trkpt>
      <trkpt lat="49.055865" lon="15.021253">
        <time>2026-04-05T08:46:12.000Z</time>
      </trkpt>
      <trkpt lat="49.05585" lon="15.021225">
        <time>2026-04-05T08:46:13.000Z</time>
      </trkpt>
      <trkpt lat="49.055834" lon="15.021202">
        <time>2026-04-05T08:46:14.000Z</time>
      </trkpt>
      <trkpt lat="49.055821" lon="15.021196">
        <time>2026-04-05T08:46:15.000Z</time>
      </trkpt>
      <trkpt lat="49.055806" lon="15.021173">
        <time>2026-04-05T08:46:16.000Z</time>
      </trkpt>
      <trkpt lat="49.055798" lon="15.021112">
        <time>2026-04-05T08:46:17.000Z</time>
      </trkpt>
      <trkpt lat="49.055791" lon="15.021054">
        <time>2026-04-05T08:46:18.000Z</time>
      </trkpt>
      <trkpt lat="49.055795" lon="15.021007">
        <time>2026-04-05T08:46:19.000Z</time>
      </trkpt>
      <trkpt lat="49.055796" lon="15.020964">
        <time>2026-04-05T08:46:20.000Z</time>
      </trkpt>
      <trkpt lat="49.055801" lon="15.02092">
        <time>2026-04-05T08:46:21.000Z</time>
      </trkpt>
      <trkpt lat="49.055809" lon="15.020877">
        <time>2026-04-05T08:46:22.000Z</time>
      </trkpt>
      <trkpt lat="49.055812" lon="15.020832">
        <time>2026-04-05T08:46:23.000Z</time>
      </trkpt>
      <trkpt lat="49.055805" lon="15.020803">
        <time>2026-04-05T08:46:24.000Z</time>
      </trkpt>
      <trkpt lat="49.055796" lon="15.020768">
        <time>2026-04-05T08:46:25.000Z</time>
      </trkpt>
      <trkpt lat="49.055784" lon="15.020725">
        <time>2026-04-05T08:46:26.000Z</time>
      </trkpt>
      <trkpt lat="49.055772" lon="15.020693">
        <time>2026-04-05T08:46:27.000Z</time>
      </trkpt>
      <trkpt lat="49.055763" lon="15.02068">
        <time>2026-04-05T08:46:28.000Z</time>
      </trkpt>
      <trkpt lat="49.055757" lon="15.020673">
        <time>2026-04-05T08:46:29.000Z</time>
      </trkpt>
      <trkpt lat="49.055748" lon="15.020643">
        <time>2026-04-05T08:46:30.000Z</time>
      </trkpt>
      <trkpt lat="49.055738" lon="15.020615">
        <time>2026-04-05T08:46:31.000Z</time>
      </trkpt>
      <trkpt lat="49.05573" lon="15.020576">
        <time>2026-04-05T08:46:32.000Z</time>
      </trkpt>
      <trkpt lat="49.055729" lon="15.020553">
        <time>2026-04-05T08:46:33.000Z</time>
      </trkpt>
      <trkpt lat="49.055738" lon="15.020535">
        <time>2026-04-05T08:46:34.000Z</time>
      </trkpt>
      <trkpt lat="49.055742" lon="15.020514">
        <time>2026-04-05T08:46:35.000Z</time>
      </trkpt>
      <trkpt lat="49.055737" lon="15.02049">
        <time>2026-04-05T08:46:36.000Z</time>
      </trkpt>
      <trkpt lat="49.055737" lon="15.020483">
        <time>2026-04-05T08:46:37.000Z</time>
      </trkpt>
      <trkpt lat="49.055734" lon="15.020474">
        <time>2026-04-05T08:46:38.000Z</time>
      </trkpt>
      <trkpt lat="49.055728" lon="15.020457">
        <time>2026-04-05T08:46:39.000Z</time>
      </trkpt>
      <trkpt lat="49.055723" lon="15.02044">
        <time>2026-04-05T08:46:40.000Z</time>
      </trkpt>
      <trkpt lat="49.055713" lon="15.02041">
        <time>2026-04-05T08:46:41.000Z</time>
      </trkpt>
      <trkpt lat="49.055707" lon="15.020382">
        <time>2026-04-05T08:46:42.000Z</time>
      </trkpt>
      <trkpt lat="49.055703" lon="15.020339">
        <time>2026-04-05T08:46:43.000Z</time>
      </trkpt>
      <trkpt lat="49.055704" lon="15.020288">
        <time>2026-04-05T08:46:44.000Z</time>
      </trkpt>
      <trkpt lat="49.055692" lon="15.020242">
        <time>2026-04-05T08:46:45.000Z</time>
      </trkpt>
      <trkpt lat="49.055696" lon="15.020212">
        <time>2026-04-05T08:46:46.000Z</time>
      </trkpt>
      <trkpt lat="49.055699" lon="15.020186">
        <time>2026-04-05T08:46:47.000Z</time>
      </trkpt>
      <trkpt lat="49.05572" lon="15.02018">
        <time>2026-04-05T08:46:48.000Z</time>
      </trkpt>
      <trkpt lat="49.055735" lon="15.020157">
        <time>2026-04-05T08:46:49.000Z</time>
      </trkpt>
      <trkpt lat="49.05575" lon="15.020137">
        <time>2026-04-05T08:46:50.000Z</time>
      </trkpt>
      <trkpt lat="49.055756" lon="15.020101">
        <time>2026-04-05T08:46:51.000Z</time>
      </trkpt>
      <trkpt lat="49.055761" lon="15.020071">
        <time>2026-04-05T08:46:52.000Z</time>
      </trkpt>
      <trkpt lat="49.055771" lon="15.020051">
        <time>2026-04-05T08:46:53.000Z</time>
      </trkpt>
      <trkpt lat="49.055778" lon="15.020028">
        <time>2026-04-05T08:46:54.000Z</time>
      </trkpt>
      <trkpt lat="49.05579" lon="15.020004">
        <time>2026-04-05T08:46:55.000Z</time>
      </trkpt>
      <trkpt lat="49.055809" lon="15.019993">
        <time>2026-04-05T08:46:56.000Z</time>
      </trkpt>
      <trkpt lat="49.055813" lon="15.019963">
        <time>2026-04-05T08:46:57.000Z</time>
      </trkpt>
      <trkpt lat="49.055815" lon="15.019937">
        <time>2026-04-05T08:46:58.000Z</time>
      </trkpt>
      <trkpt lat="49.055823" lon="15.019922">
        <time>2026-04-05T08:46:59.000Z</time>
      </trkpt>
      <trkpt lat="49.05583" lon="15.0199">
        <time>2026-04-05T08:47:00.000Z</time>
      </trkpt>
      <trkpt lat="49.055837" lon="15.019885">
        <time>2026-04-05T08:47:01.000Z</time>
      </trkpt>
      <trkpt lat="49.055837" lon="15.019875">
        <time>2026-04-05T08:47:02.000Z</time>
      </trkpt>
      <trkpt lat="49.055842" lon="15.019853">
        <time>2026-04-05T08:47:03.000Z</time>
      </trkpt>
      <trkpt lat="49.055839" lon="15.019829">
        <time>2026-04-05T08:47:04.000Z</time>
      </trkpt>
      <trkpt lat="49.055838" lon="15.019807">
        <time>2026-04-05T08:47:05.000Z</time>
      </trkpt>
      <trkpt lat="49.055845" lon="15.019798">
        <time>2026-04-05T08:47:06.000Z</time>
      </trkpt>
      <trkpt lat="49.055856" lon="15.019787">
        <time>2026-04-05T08:47:07.000Z</time>
      </trkpt>
      <trkpt lat="49.055864" lon="15.019767">
        <time>2026-04-05T08:47:08.000Z</time>
      </trkpt>
      <trkpt lat="49.055876" lon="15.019733">
        <time>2026-04-05T08:47:09.000Z</time>
      </trkpt>
      <trkpt lat="49.055894" lon="15.019732">
        <time>2026-04-05T08:47:10.000Z</time>
      </trkpt>
      <trkpt lat="49.055914" lon="15.019741">
        <time>2026-04-05T08:47:11.000Z</time>
      </trkpt>
      <trkpt lat="49.055926" lon="15.019732">
        <time>2026-04-05T08:47:12.000Z</time>
      </trkpt>
      <trkpt lat="49.055935" lon="15.019711">
        <time>2026-04-05T08:47:13.000Z</time>
      </trkpt>
      <trkpt lat="49.055947" lon="15.0197">
        <time>2026-04-05T08:47:14.000Z</time>
      </trkpt>
      <trkpt lat="49.055963" lon="15.019694">
        <time>2026-04-05T08:47:15.000Z</time>
      </trkpt>
      <trkpt lat="49.055989" lon="15.019692">
        <time>2026-04-05T08:47:16.000Z</time>
      </trkpt>
      <trkpt lat="49.056012" lon="15.019693">
        <time>2026-04-05T08:47:17.000Z</time>
      </trkpt>
      <trkpt lat="49.056031" lon="15.019683">
        <time>2026-04-05T08:47:18.000Z</time>
      </trkpt>
      <trkpt lat="49.05605" lon="15.019662">
        <time>2026-04-05T08:47:19.000Z</time>
      </trkpt>
      <trkpt lat="49.056063" lon="15.019634">
        <time>2026-04-05T08:47:20.000Z</time>
      </trkpt>
      <trkpt lat="49.05607" lon="15.019607">
        <time>2026-04-05T08:47:21.000Z</time>
      </trkpt>
      <trkpt lat="49.056078" lon="15.019581">
        <time>2026-04-05T08:47:22.000Z</time>
      </trkpt>
      <trkpt lat="49.056089" lon="15.019556">
        <time>2026-04-05T08:47:23.000Z</time>
      </trkpt>
      <trkpt lat="49.056108" lon="15.019522">
        <time>2026-04-05T08:47:24.000Z</time>
      </trkpt>
      <trkpt lat="49.056133" lon="15.01948">
        <time>2026-04-05T08:47:25.000Z</time>
      </trkpt>
      <trkpt lat="49.056166" lon="15.019452">
        <time>2026-04-05T08:47:26.000Z</time>
      </trkpt>
      <trkpt lat="49.056202" lon="15.019428">
        <time>2026-04-05T08:47:27.000Z</time>
      </trkpt>
      <trkpt lat="49.056231" lon="15.019406">
        <time>2026-04-05T08:47:28.000Z</time>
      </trkpt>
      <trkpt lat="49.056254" lon="15.019395">
        <time>2026-04-05T08:47:29.000Z</time>
      </trkpt>
      <trkpt lat="49.056276" lon="15.019376">
        <time>2026-04-05T08:47:30.000Z</time>
      </trkpt>
      <trkpt lat="49.056293" lon="15.019364">
        <time>2026-04-05T08:47:31.000Z</time>
      </trkpt>
      <trkpt lat="49.056307" lon="15.019347">
        <time>2026-04-05T08:47:32.000Z</time>
      </trkpt>
      <trkpt lat="49.056321" lon="15.019333">
        <time>2026-04-05T08:47:33.000Z</time>
      </trkpt>
      <trkpt lat="49.056337" lon="15.019313">
        <time>2026-04-05T08:47:34.000Z</time>
      </trkpt>
      <trkpt lat="49.056356" lon="15.019306">
        <time>2026-04-05T08:47:35.000Z</time>
      </trkpt>
      <trkpt lat="49.056371" lon="15.019305">
        <time>2026-04-05T08:47:36.000Z</time>
      </trkpt>
      <trkpt lat="49.056383" lon="15.019312">
        <time>2026-04-05T08:47:37.000Z</time>
      </trkpt>
      <trkpt lat="49.056392" lon="15.019323">
        <time>2026-04-05T08:47:38.000Z</time>
      </trkpt>
      <trkpt lat="49.056398" lon="15.019329">
        <time>2026-04-05T08:47:39.000Z</time>
      </trkpt>
      <trkpt lat="49.056409" lon="15.019335">
        <time>2026-04-05T08:47:40.000Z</time>
      </trkpt>
      <trkpt lat="49.056425" lon="15.019353">
        <time>2026-04-05T08:47:41.000Z</time>
      </trkpt>
      <trkpt lat="49.056441" lon="15.019373">
        <time>2026-04-05T08:47:42.000Z</time>
      </trkpt>
      <trkpt lat="49.056458" lon="15.019396">
        <time>2026-04-05T08:47:43.000Z</time>
      </trkpt>
      <trkpt lat="49.056469" lon="15.01942">
        <time>2026-04-05T08:47:44.000Z</time>
      </trkpt>
      <trkpt lat="49.056483" lon="15.019429">
        <time>2026-04-05T08:47:45.000Z</time>
      </trkpt>
      <trkpt lat="49.056498" lon="15.019429">
        <time>2026-04-05T08:47:46.000Z</time>
      </trkpt>
      <trkpt lat="49.056516" lon="15.019427">
        <time>2026-04-05T08:47:47.000Z</time>
      </trkpt>
      <trkpt lat="49.056532" lon="15.019438">
        <time>2026-04-05T08:47:48.000Z</time>
      </trkpt>
      <trkpt lat="49.056542" lon="15.019446">
        <time>2026-04-05T08:47:49.000Z</time>
      </trkpt>
      <trkpt lat="49.056551" lon="15.019462">
        <time>2026-04-05T08:47:50.000Z</time>
      </trkpt>
      <trkpt lat="49.056549" lon="15.019468">
        <time>2026-04-05T08:47:51.000Z</time>
      </trkpt>
      <trkpt lat="49.056556" lon="15.019479">
        <time>2026-04-05T08:47:52.000Z</time>
      </trkpt>
      <trkpt lat="49.056562" lon="15.0195">
        <time>2026-04-05T08:47:53.000Z</time>
      </trkpt>
      <trkpt lat="49.05657" lon="15.01953">
        <time>2026-04-05T08:47:54.000Z</time>
      </trkpt>
      <trkpt lat="49.056587" lon="15.019558">
        <time>2026-04-05T08:47:55.000Z</time>
      </trkpt>
      <trkpt lat="49.056633" lon="15.019612">
        <time>2026-04-05T08:47:56.000Z</time>
      </trkpt>
      <trkpt lat="49.056649" lon="15.01962">
        <time>2026-04-05T08:47:57.000Z</time>
      </trkpt>
      <trkpt lat="49.056664" lon="15.019618">
        <time>2026-04-05T08:47:58.000Z</time>
      </trkpt>
      <trkpt lat="49.056679" lon="15.019627">
        <time>2026-04-05T08:47:59.000Z</time>
      </trkpt>
      <trkpt lat="49.056689" lon="15.019643">
        <time>2026-04-05T08:48:00.000Z</time>
      </trkpt>
      <trkpt lat="49.056706" lon="15.019657">
        <time>2026-04-05T08:48:01.000Z</time>
      </trkpt>
      <trkpt lat="49.056727" lon="15.019667">
        <time>2026-04-05T08:48:02.000Z</time>
      </trkpt>
      <trkpt lat="49.056747" lon="15.019685">
        <time>2026-04-05T08:48:03.000Z</time>
      </trkpt>
      <trkpt lat="49.056767" lon="15.019698">
        <time>2026-04-05T08:48:04.000Z</time>
      </trkpt>
      <trkpt lat="49.056791" lon="15.019719">
        <time>2026-04-05T08:48:05.000Z</time>
      </trkpt>
      <trkpt lat="49.056816" lon="15.019734">
        <time>2026-04-05T08:48:06.000Z</time>
      </trkpt>
      <trkpt lat="49.056846" lon="15.019763">
        <time>2026-04-05T08:48:07.000Z</time>
      </trkpt>
      <trkpt lat="49.056868" lon="15.01979">
        <time>2026-04-05T08:48:08.000Z</time>
      </trkpt>
      <trkpt lat="49.056886" lon="15.019819">
        <time>2026-04-05T08:48:09.000Z</time>
      </trkpt>
      <trkpt lat="49.056911" lon="15.019844">
        <time>2026-04-05T08:48:10.000Z</time>
      </trkpt>
      <trkpt lat="49.056938" lon="15.01986">
        <time>2026-04-05T08:48:11.000Z</time>
      </trkpt>
      <trkpt lat="49.056968" lon="15.019888">
        <time>2026-04-05T08:48:12.000Z</time>
      </trkpt>
      <trkpt lat="49.056998" lon="15.019937">
        <time>2026-04-05T08:48:13.000Z</time>
      </trkpt>
      <trkpt lat="49.057022" lon="15.019979">
        <time>2026-04-05T08:48:14.000Z</time>
      </trkpt>
      <trkpt lat="49.057051" lon="15.020016">
        <time>2026-04-05T08:48:15.000Z</time>
      </trkpt>
      <trkpt lat="49.057073" lon="15.020049">
        <time>2026-04-05T08:48:16.000Z</time>
      </trkpt>
      <trkpt lat="49.057085" lon="15.020056">
        <time>2026-04-05T08:48:17.000Z</time>
      </trkpt>
      <trkpt lat="49.057096" lon="15.020065">
        <time>2026-04-05T08:48:18.000Z</time>
      </trkpt>
      <trkpt lat="49.057104" lon="15.020091">
        <time>2026-04-05T08:48:19.000Z</time>
      </trkpt>
      <trkpt lat="49.057118" lon="15.020125">
        <time>2026-04-05T08:48:20.000Z</time>
      </trkpt>
      <trkpt lat="49.057132" lon="15.020165">
        <time>2026-04-05T08:48:21.000Z</time>
      </trkpt>
      <trkpt lat="49.057152" lon="15.020206">
        <time>2026-04-05T08:48:22.000Z</time>
      </trkpt>
      <trkpt lat="49.057168" lon="15.020256">
        <time>2026-04-05T08:48:23.000Z</time>
      </trkpt>
      <trkpt lat="49.057186" lon="15.020316">
        <time>2026-04-05T08:48:24.000Z</time>
      </trkpt>
      <trkpt lat="49.057201" lon="15.020371">
        <time>2026-04-05T08:48:25.000Z</time>
      </trkpt>
      <trkpt lat="49.05721" lon="15.020419">
        <time>2026-04-05T08:48:26.000Z</time>
      </trkpt>
      <trkpt lat="49.057214" lon="15.020459">
        <time>2026-04-05T08:48:27.000Z</time>
      </trkpt>
      <trkpt lat="49.057214" lon="15.02049">
        <time>2026-04-05T08:48:28.000Z</time>
      </trkpt>
      <trkpt lat="49.05721" lon="15.020526">
        <time>2026-04-05T08:48:29.000Z</time>
      </trkpt>
      <trkpt lat="49.05721" lon="15.020563">
        <time>2026-04-05T08:48:30.000Z</time>
      </trkpt>
      <trkpt lat="49.057212" lon="15.020597">
        <time>2026-04-05T08:48:31.000Z</time>
      </trkpt>
      <trkpt lat="49.057225" lon="15.020622">
        <time>2026-04-05T08:48:32.000Z</time>
      </trkpt>
      <trkpt lat="49.057233" lon="15.020647">
        <time>2026-04-05T08:48:33.000Z</time>
      </trkpt>
      <trkpt lat="49.057238" lon="15.020674">
        <time>2026-04-05T08:48:34.000Z</time>
      </trkpt>
      <trkpt lat="49.057247" lon="15.020712">
        <time>2026-04-05T08:48:35.000Z</time>
      </trkpt>
      <trkpt lat="49.057253" lon="15.020753">
        <time>2026-04-05T08:48:36.000Z</time>
      </trkpt>
      <trkpt lat="49.057271" lon="15.020791">
        <time>2026-04-05T08:48:37.000Z</time>
      </trkpt>
      <trkpt lat="49.057279" lon="15.020827">
        <time>2026-04-05T08:48:38.000Z</time>
      </trkpt>
      <trkpt lat="49.057289" lon="15.020863">
        <time>2026-04-05T08:48:39.000Z</time>
      </trkpt>
      <trkpt lat="49.057292" lon="15.02089">
        <time>2026-04-05T08:48:40.000Z</time>
      </trkpt>
      <trkpt lat="49.057289" lon="15.020916">
        <time>2026-04-05T08:48:41.000Z</time>
      </trkpt>
      <trkpt lat="49.057294" lon="15.020931">
        <time>2026-04-05T08:48:42.000Z</time>
      </trkpt>
      <trkpt lat="49.057307" lon="15.020944">
        <time>2026-04-05T08:48:43.000Z</time>
      </trkpt>
      <trkpt lat="49.057325" lon="15.020951">
        <time>2026-04-05T08:48:44.000Z</time>
      </trkpt>
      <trkpt lat="49.057348" lon="15.020945">
        <time>2026-04-05T08:48:45.000Z</time>
      </trkpt>
      <trkpt lat="49.057372" lon="15.020942">
        <time>2026-04-05T08:48:46.000Z</time>
      </trkpt>
      <trkpt lat="49.0574" lon="15.020935">
        <time>2026-04-05T08:48:47.000Z</time>
      </trkpt>
      <trkpt lat="49.057417" lon="15.020931">
        <time>2026-04-05T08:48:48.000Z</time>
      </trkpt>
      <trkpt lat="49.057423" lon="15.020935">
        <time>2026-04-05T08:48:49.000Z</time>
      </trkpt>
      <trkpt lat="49.057443" lon="15.020942">
        <time>2026-04-05T08:48:50.000Z</time>
      </trkpt>
      <trkpt lat="49.057458" lon="15.02095">
        <time>2026-04-05T08:48:51.000Z</time>
      </trkpt>
      <trkpt lat="49.057461" lon="15.020957">
        <time>2026-04-05T08:48:52.000Z</time>
      </trkpt>
      <trkpt lat="49.05747" lon="15.020974">
        <time>2026-04-05T08:48:53.000Z</time>
      </trkpt>
      <trkpt lat="49.057487" lon="15.020986">
        <time>2026-04-05T08:48:54.000Z</time>
      </trkpt>
      <trkpt lat="49.057502" lon="15.020994">
        <time>2026-04-05T08:48:55.000Z</time>
      </trkpt>
      <trkpt lat="49.057515" lon="15.021">
        <time>2026-04-05T08:48:56.000Z</time>
      </trkpt>
      <trkpt lat="49.057532" lon="15.021012">
        <time>2026-04-05T08:48:57.000Z</time>
      </trkpt>
      <trkpt lat="49.057547" lon="15.021026">
        <time>2026-04-05T08:48:58.000Z</time>
      </trkpt>
      <trkpt lat="49.057553" lon="15.021035">
        <time>2026-04-05T08:48:59.000Z</time>
      </trkpt>
      <trkpt lat="49.057557" lon="15.021052">
        <time>2026-04-05T08:49:00.000Z</time>
      </trkpt>
      <trkpt lat="49.057558" lon="15.021073">
        <time>2026-04-05T08:49:01.000Z</time>
      </trkpt>
      <trkpt lat="49.057561" lon="15.021089">
        <time>2026-04-05T08:49:02.000Z</time>
      </trkpt>
      <trkpt lat="49.057563" lon="15.021096">
        <time>2026-04-05T08:49:03.000Z</time>
      </trkpt>
      <trkpt lat="49.057579" lon="15.021118">
        <time>2026-04-05T08:49:04.000Z</time>
      </trkpt>
      <trkpt lat="49.057595" lon="15.021145">
        <time>2026-04-05T08:49:05.000Z</time>
      </trkpt>
      <trkpt lat="49.05762" lon="15.021165">
        <time>2026-04-05T08:49:06.000Z</time>
      </trkpt>
      <trkpt lat="49.057639" lon="15.021171">
        <time>2026-04-05T08:49:07.000Z</time>
      </trkpt>
      <trkpt lat="49.057651" lon="15.021187">
        <time>2026-04-05T08:49:08.000Z</time>
      </trkpt>
      <trkpt lat="49.057651" lon="15.021188">
        <time>2026-04-05T08:49:09.000Z</time>
      </trkpt>
      <trkpt lat="49.057663" lon="15.021194">
        <time>2026-04-05T08:49:10.000Z</time>
      </trkpt>
      <trkpt lat="49.057683" lon="15.021188">
        <time>2026-04-05T08:49:11.000Z</time>
      </trkpt>
      <trkpt lat="49.057698" lon="15.021178">
        <time>2026-04-05T08:49:12.000Z</time>
      </trkpt>
      <trkpt lat="49.057706" lon="15.021168">
        <time>2026-04-05T08:49:13.000Z</time>
      </trkpt>
      <trkpt lat="49.057713" lon="15.021155">
        <time>2026-04-05T08:49:14.000Z</time>
      </trkpt>
      <trkpt lat="49.057718" lon="15.021136">
        <time>2026-04-05T08:49:15.000Z</time>
      </trkpt>
      <trkpt lat="49.05773" lon="15.021122">
        <time>2026-04-05T08:49:16.000Z</time>
      </trkpt>
      <trkpt lat="49.057742" lon="15.021108">
        <time>2026-04-05T08:49:17.000Z</time>
      </trkpt>
      <trkpt lat="49.05775" lon="15.0211">
        <time>2026-04-05T08:49:18.000Z</time>
      </trkpt>
      <trkpt lat="49.057761" lon="15.021095">
        <time>2026-04-05T08:49:19.000Z</time>
      </trkpt>
      <trkpt lat="49.057776" lon="15.021099">
        <time>2026-04-05T08:49:20.000Z</time>
      </trkpt>
      <trkpt lat="49.05779" lon="15.021106">
        <time>2026-04-05T08:49:21.000Z</time>
      </trkpt>
      <trkpt lat="49.057803" lon="15.021117">
        <time>2026-04-05T08:49:22.000Z</time>
      </trkpt>
      <trkpt lat="49.057805" lon="15.021118">
        <time>2026-04-05T08:49:23.000Z</time>
      </trkpt>
      <trkpt lat="49.057814" lon="15.021122">
        <time>2026-04-05T08:49:24.000Z</time>
      </trkpt>
      <trkpt lat="49.05783" lon="15.021128">
        <time>2026-04-05T08:49:25.000Z</time>
      </trkpt>
      <trkpt lat="49.057846" lon="15.021129">
        <time>2026-04-05T08:49:26.000Z</time>
      </trkpt>
      <trkpt lat="49.057851" lon="15.021128">
        <time>2026-04-05T08:49:27.000Z</time>
      </trkpt>
      <trkpt lat="49.057858" lon="15.021119">
        <time>2026-04-05T08:49:28.000Z</time>
      </trkpt>
      <trkpt lat="49.05787" lon="15.021116">
        <time>2026-04-05T08:49:29.000Z</time>
      </trkpt>
      <trkpt lat="49.057885" lon="15.02111">
        <time>2026-04-05T08:49:30.000Z</time>
      </trkpt>
      <trkpt lat="49.057895" lon="15.021116">
        <time>2026-04-05T08:49:31.000Z</time>
      </trkpt>
      <trkpt lat="49.057905" lon="15.021126">
        <time>2026-04-05T08:49:32.000Z</time>
      </trkpt>
      <trkpt lat="49.057915" lon="15.021139">
        <time>2026-04-05T08:49:33.000Z</time>
      </trkpt>
      <trkpt lat="49.057917" lon="15.02114">
        <time>2026-04-05T08:49:34.000Z</time>
      </trkpt>
      <trkpt lat="49.057923" lon="15.021134">
        <time>2026-04-05T08:49:35.000Z</time>
      </trkpt>
      <trkpt lat="49.057933" lon="15.021123">
        <time>2026-04-05T08:49:36.000Z</time>
      </trkpt>
      <trkpt lat="49.057941" lon="15.021105">
        <time>2026-04-05T08:49:37.000Z</time>
      </trkpt>
      <trkpt lat="49.057949" lon="15.021084">
        <time>2026-04-05T08:49:38.000Z</time>
      </trkpt>
      <trkpt lat="49.057958" lon="15.021067">
        <time>2026-04-05T08:49:39.000Z</time>
      </trkpt>
      <trkpt lat="49.057963" lon="15.021056">
        <time>2026-04-05T08:49:40.000Z</time>
      </trkpt>
      <trkpt lat="49.057974" lon="15.021038">
        <time>2026-04-05T08:49:41.000Z</time>
      </trkpt>
      <trkpt lat="49.057991" lon="15.021023">
        <time>2026-04-05T08:49:42.000Z</time>
      </trkpt>
      <trkpt lat="49.057994" lon="15.021">
        <time>2026-04-05T08:49:43.000Z</time>
      </trkpt>
      <trkpt lat="49.057998" lon="15.020971">
        <time>2026-04-05T08:49:44.000Z</time>
      </trkpt>
      <trkpt lat="49.057991" lon="15.020947">
        <time>2026-04-05T08:49:45.000Z</time>
      </trkpt>
      <trkpt lat="49.057977" lon="15.020928">
        <time>2026-04-05T08:49:46.000Z</time>
      </trkpt>
      <trkpt lat="49.057964" lon="15.020909">
        <time>2026-04-05T08:49:47.000Z</time>
      </trkpt>
      <trkpt lat="49.057947" lon="15.020891">
        <time>2026-04-05T08:49:48.000Z</time>
      </trkpt>
      <trkpt lat="49.057934" lon="15.020868">
        <time>2026-04-05T08:49:49.000Z</time>
      </trkpt>
      <trkpt lat="49.057922" lon="15.020843">
        <time>2026-04-05T08:49:50.000Z</time>
      </trkpt>
      <trkpt lat="49.057914" lon="15.020814">
        <time>2026-04-05T08:49:51.000Z</time>
      </trkpt>
      <trkpt lat="49.057908" lon="15.020789">
        <time>2026-04-05T08:49:52.000Z</time>
      </trkpt>
      <trkpt lat="49.057902" lon="15.020771">
        <time>2026-04-05T08:49:53.000Z</time>
      </trkpt>
      <trkpt lat="49.057904" lon="15.02077">
        <time>2026-04-05T08:49:54.000Z</time>
      </trkpt>
      <trkpt lat="49.057914" lon="15.020776">
        <time>2026-04-05T08:49:55.000Z</time>
      </trkpt>
      <trkpt lat="49.057919" lon="15.020789">
        <time>2026-04-05T08:49:56.000Z</time>
      </trkpt>
      <trkpt lat="49.057928" lon="15.020809">
        <time>2026-04-05T08:49:57.000Z</time>
      </trkpt>
      <trkpt lat="49.057939" lon="15.02083">
        <time>2026-04-05T08:49:58.000Z</time>
      </trkpt>
      <trkpt lat="49.057957" lon="15.020844">
        <time>2026-04-05T08:49:59.000Z</time>
      </trkpt>
      <trkpt lat="49.057972" lon="15.020861">
        <time>2026-04-05T08:50:00.000Z</time>
      </trkpt>
      <trkpt lat="49.057984" lon="15.020883">
        <time>2026-04-05T08:50:01.000Z</time>
      </trkpt>
      <trkpt lat="49.057992" lon="15.020908">
        <time>2026-04-05T08:50:02.000Z</time>
      </trkpt>
      <trkpt lat="49.058" lon="15.020933">
        <time>2026-04-05T08:50:03.000Z</time>
      </trkpt>
      <trkpt lat="49.058011" lon="15.020951">
        <time>2026-04-05T08:50:04.000Z</time>
      </trkpt>
      <trkpt lat="49.058017" lon="15.020976">
        <time>2026-04-05T08:50:05.000Z</time>
      </trkpt>
      <trkpt lat="49.058024" lon="15.021005">
        <time>2026-04-05T08:50:06.000Z</time>
      </trkpt>
      <trkpt lat="49.058029" lon="15.021031">
        <time>2026-04-05T08:50:07.000Z</time>
      </trkpt>
      <trkpt lat="49.058028" lon="15.021052">
        <time>2026-04-05T08:50:08.000Z</time>
      </trkpt>
      <trkpt lat="49.058019" lon="15.021074">
        <time>2026-04-05T08:50:09.000Z</time>
      </trkpt>
      <trkpt lat="49.058008" lon="15.021098">
        <time>2026-04-05T08:50:10.000Z</time>
      </trkpt>
      <trkpt lat="49.057998" lon="15.021129">
        <time>2026-04-05T08:50:11.000Z</time>
      </trkpt>
      <trkpt lat="49.057988" lon="15.021155">
        <time>2026-04-05T08:50:12.000Z</time>
      </trkpt>
      <trkpt lat="49.057978" lon="15.021179">
        <time>2026-04-05T08:50:13.000Z</time>
      </trkpt>
      <trkpt lat="49.057962" lon="15.021203">
        <time>2026-04-05T08:50:14.000Z</time>
      </trkpt>
      <trkpt lat="49.057946" lon="15.021232">
        <time>2026-04-05T08:50:15.000Z</time>
      </trkpt>
      <trkpt lat="49.057932" lon="15.021258">
        <time>2026-04-05T08:50:16.000Z</time>
      </trkpt>
      <trkpt lat="49.05792" lon="15.021276">
        <time>2026-04-05T08:50:17.000Z</time>
      </trkpt>
      <trkpt lat="49.057908" lon="15.021296">
        <time>2026-04-05T08:50:18.000Z</time>
      </trkpt>
      <trkpt lat="49.057895" lon="15.02131">
        <time>2026-04-05T08:50:19.000Z</time>
      </trkpt>
      <trkpt lat="49.05788" lon="15.021322">
        <time>2026-04-05T08:50:20.000Z</time>
      </trkpt>
      <trkpt lat="49.057858" lon="15.021338">
        <time>2026-04-05T08:50:21.000Z</time>
      </trkpt>
      <trkpt lat="49.057836" lon="15.021353">
        <time>2026-04-05T08:50:22.000Z</time>
      </trkpt>
      <trkpt lat="49.057821" lon="15.021365">
        <time>2026-04-05T08:50:23.000Z</time>
      </trkpt>
      <trkpt lat="49.057813" lon="15.021375">
        <time>2026-04-05T08:50:24.000Z</time>
      </trkpt>
      <trkpt lat="49.057802" lon="15.021385">
        <time>2026-04-05T08:50:25.000Z</time>
      </trkpt>
      <trkpt lat="49.057789" lon="15.021389">
        <time>2026-04-05T08:50:26.000Z</time>
      </trkpt>
      <trkpt lat="49.057782" lon="15.021416">
        <time>2026-04-05T08:50:27.000Z</time>
      </trkpt>
      <trkpt lat="49.057772" lon="15.02144">
        <time>2026-04-05T08:50:28.000Z</time>
      </trkpt>
      <trkpt lat="49.05777" lon="15.021462">
        <time>2026-04-05T08:50:29.000Z</time>
      </trkpt>
      <trkpt lat="49.057774" lon="15.021489">
        <time>2026-04-05T08:50:30.000Z</time>
      </trkpt>
      <trkpt lat="49.057776" lon="15.021522">
        <time>2026-04-05T08:50:31.000Z</time>
      </trkpt>
      <trkpt lat="49.057782" lon="15.021555">
        <time>2026-04-05T08:50:32.000Z</time>
      </trkpt>
      <trkpt lat="49.057787" lon="15.02159">
        <time>2026-04-05T08:50:33.000Z</time>
      </trkpt>
      <trkpt lat="49.057784" lon="15.021626">
        <time>2026-04-05T08:50:34.000Z</time>
      </trkpt>
      <trkpt lat="49.057776" lon="15.021659">
        <time>2026-04-05T08:50:35.000Z</time>
      </trkpt>
      <trkpt lat="49.057768" lon="15.021689">
        <time>2026-04-05T08:50:36.000Z</time>
      </trkpt>
      <trkpt lat="49.057759" lon="15.021724">
        <time>2026-04-05T08:50:37.000Z</time>
      </trkpt>
      <trkpt lat="49.057747" lon="15.021757">
        <time>2026-04-05T08:50:38.000Z</time>
      </trkpt>
      <trkpt lat="49.057731" lon="15.021784">
        <time>2026-04-05T08:50:39.000Z</time>
      </trkpt>
      <trkpt lat="49.057718" lon="15.021803">
        <time>2026-04-05T08:50:40.000Z</time>
      </trkpt>
      <trkpt lat="49.05771" lon="15.02182">
        <time>2026-04-05T08:50:41.000Z</time>
      </trkpt>
      <trkpt lat="49.057706" lon="15.021845">
        <time>2026-04-05T08:50:42.000Z</time>
      </trkpt>
      <trkpt lat="49.057702" lon="15.021869">
        <time>2026-04-05T08:50:43.000Z</time>
      </trkpt>
      <trkpt lat="49.057697" lon="15.021899">
        <time>2026-04-05T08:50:44.000Z</time>
      </trkpt>
      <trkpt lat="49.057691" lon="15.021928">
        <time>2026-04-05T08:50:45.000Z</time>
      </trkpt>
      <trkpt lat="49.057679" lon="15.021958">
        <time>2026-04-05T08:50:46.000Z</time>
      </trkpt>
      <trkpt lat="49.057667" lon="15.021998">
        <time>2026-04-05T08:50:47.000Z</time>
      </trkpt>
      <trkpt lat="49.057657" lon="15.022025">
        <time>2026-04-05T08:50:48.000Z</time>
      </trkpt>
      <trkpt lat="49.057639" lon="15.022052">
        <time>2026-04-05T08:50:49.000Z</time>
      </trkpt>
      <trkpt lat="49.057624" lon="15.02208">
        <time>2026-04-05T08:50:50.000Z</time>
      </trkpt>
      <trkpt lat="49.057613" lon="15.022094">
        <time>2026-04-05T08:50:51.000Z</time>
      </trkpt>
      <trkpt lat="49.057603" lon="15.0221">
        <time>2026-04-05T08:50:52.000Z</time>
      </trkpt>
      <trkpt lat="49.057585" lon="15.022109">
        <time>2026-04-05T08:50:53.000Z</time>
      </trkpt>
      <trkpt lat="49.057558" lon="15.022115">
        <time>2026-04-05T08:50:54.000Z</time>
      </trkpt>
      <trkpt lat="49.057545" lon="15.022109">
        <time>2026-04-05T08:50:55.000Z</time>
      </trkpt>
      <trkpt lat="49.057534" lon="15.022099">
        <time>2026-04-05T08:50:56.000Z</time>
      </trkpt>
      <trkpt lat="49.057529" lon="15.022094">
        <time>2026-04-05T08:50:57.000Z</time>
      </trkpt>
      <trkpt lat="49.057524" lon="15.022096">
        <time>2026-04-05T08:50:58.000Z</time>
      </trkpt>
      <trkpt lat="49.05752" lon="15.022105">
        <time>2026-04-05T08:50:59.000Z</time>
      </trkpt>
      <trkpt lat="49.057517" lon="15.02212">
        <time>2026-04-05T08:51:00.000Z</time>
      </trkpt>
      <trkpt lat="49.057511" lon="15.022133">
        <time>2026-04-05T08:51:01.000Z</time>
      </trkpt>
      <trkpt lat="49.057511" lon="15.022156">
        <time>2026-04-05T08:51:02.000Z</time>
      </trkpt>
      <trkpt lat="49.057517" lon="15.022179">
        <time>2026-04-05T08:51:03.000Z</time>
      </trkpt>
      <trkpt lat="49.057525" lon="15.022195">
        <time>2026-04-05T08:51:04.000Z</time>
      </trkpt>
      <trkpt lat="49.05753" lon="15.022221">
        <time>2026-04-05T08:51:05.000Z</time>
      </trkpt>
      <trkpt lat="49.057539" lon="15.022252">
        <time>2026-04-05T08:51:06.000Z</time>
      </trkpt>
      <trkpt lat="49.057541" lon="15.022292">
        <time>2026-04-05T08:51:07.000Z</time>
      </trkpt>
      <trkpt lat="49.057545" lon="15.022319">
        <time>2026-04-05T08:51:08.000Z</time>
      </trkpt>
      <trkpt lat="49.057552" lon="15.022347">
        <time>2026-04-05T08:51:09.000Z</time>
      </trkpt>
      <trkpt lat="49.057556" lon="15.022374">
        <time>2026-04-05T08:51:10.000Z</time>
      </trkpt>
      <trkpt lat="49.057568" lon="15.022396">
        <time>2026-04-05T08:51:11.000Z</time>
      </trkpt>
      <trkpt lat="49.057577" lon="15.022424">
        <time>2026-04-05T08:51:12.000Z</time>
      </trkpt>
      <trkpt lat="49.057586" lon="15.022453">
        <time>2026-04-05T08:51:13.000Z</time>
      </trkpt>
      <trkpt lat="49.057594" lon="15.022488">
        <time>2026-04-05T08:51:14.000Z</time>
      </trkpt>
      <trkpt lat="49.057599" lon="15.022513">
        <time>2026-04-05T08:51:15.000Z</time>
      </trkpt>
      <trkpt lat="49.057611" lon="15.022529">
        <time>2026-04-05T08:51:16.000Z</time>
      </trkpt>
      <trkpt lat="49.057629" lon="15.022555">
        <time>2026-04-05T08:51:17.000Z</time>
      </trkpt>
      <trkpt lat="49.057647" lon="15.022582">
        <time>2026-04-05T08:51:18.000Z</time>
      </trkpt>
      <trkpt lat="49.057666" lon="15.022604">
        <time>2026-04-05T08:51:19.000Z</time>
      </trkpt>
      <trkpt lat="49.057695" lon="15.022642">
        <time>2026-04-05T08:51:20.000Z</time>
      </trkpt>
      <trkpt lat="49.057714" lon="15.022671">
        <time>2026-04-05T08:51:21.000Z</time>
      </trkpt>
      <trkpt lat="49.057727" lon="15.022709">
        <time>2026-04-05T08:51:22.000Z</time>
      </trkpt>
      <trkpt lat="49.057739" lon="15.022755">
        <time>2026-04-05T08:51:23.000Z</time>
      </trkpt>
      <trkpt lat="49.057756" lon="15.022803">
        <time>2026-04-05T08:51:24.000Z</time>
      </trkpt>
      <trkpt lat="49.057763" lon="15.022848">
        <time>2026-04-05T08:51:25.000Z</time>
      </trkpt>
      <trkpt lat="49.057778" lon="15.0229">
        <time>2026-04-05T08:51:26.000Z</time>
      </trkpt>
      <trkpt lat="49.057808" lon="15.022948">
        <time>2026-04-05T08:51:27.000Z</time>
      </trkpt>
      <trkpt lat="49.057848" lon="15.022996">
        <time>2026-04-05T08:51:28.000Z</time>
      </trkpt>
      <trkpt lat="49.057883" lon="15.023033">
        <time>2026-04-05T08:51:29.000Z</time>
      </trkpt>
      <trkpt lat="49.057912" lon="15.023076">
        <time>2026-04-05T08:51:30.000Z</time>
      </trkpt>
      <trkpt lat="49.057936" lon="15.023113">
        <time>2026-04-05T08:51:31.000Z</time>
      </trkpt>
      <trkpt lat="49.057965" lon="15.023146">
        <time>2026-04-05T08:51:32.000Z</time>
      </trkpt>
      <trkpt lat="49.057984" lon="15.023173">
        <time>2026-04-05T08:51:33.000Z</time>
      </trkpt>
      <trkpt lat="49.058" lon="15.023191">
        <time>2026-04-05T08:51:34.000Z</time>
      </trkpt>
      <trkpt lat="49.058016" lon="15.023215">
        <time>2026-04-05T08:51:35.000Z</time>
      </trkpt>
      <trkpt lat="49.058035" lon="15.023244">
        <time>2026-04-05T08:51:36.000Z</time>
      </trkpt>
      <trkpt lat="49.058049" lon="15.023273">
        <time>2026-04-05T08:51:37.000Z</time>
      </trkpt>
      <trkpt lat="49.058057" lon="15.0233">
        <time>2026-04-05T08:51:38.000Z</time>
      </trkpt>
      <trkpt lat="49.058073" lon="15.023324">
        <time>2026-04-05T08:51:39.000Z</time>
      </trkpt>
      <trkpt lat="49.058087" lon="15.023339">
        <time>2026-04-05T08:51:40.000Z</time>
      </trkpt>
      <trkpt lat="49.058098" lon="15.023347">
        <time>2026-04-05T08:51:41.000Z</time>
      </trkpt>
      <trkpt lat="49.058109" lon="15.023358">
        <time>2026-04-05T08:51:42.000Z</time>
      </trkpt>
      <trkpt lat="49.058116" lon="15.023372">
        <time>2026-04-05T08:51:43.000Z</time>
      </trkpt>
      <trkpt lat="49.058124" lon="15.023384">
        <time>2026-04-05T08:51:44.000Z</time>
      </trkpt>
      <trkpt lat="49.058144" lon="15.023402">
        <time>2026-04-05T08:51:45.000Z</time>
      </trkpt>
      <trkpt lat="49.058161" lon="15.023419">
        <time>2026-04-05T08:51:46.000Z</time>
      </trkpt>
      <trkpt lat="49.058179" lon="15.023435">
        <time>2026-04-05T08:51:47.000Z</time>
      </trkpt>
      <trkpt lat="49.058201" lon="15.02346">
        <time>2026-04-05T08:51:48.000Z</time>
      </trkpt>
      <trkpt lat="49.058214" lon="15.023474">
        <time>2026-04-05T08:51:49.000Z</time>
      </trkpt>
      <trkpt lat="49.058227" lon="15.023481">
        <time>2026-04-05T08:51:50.000Z</time>
      </trkpt>
      <trkpt lat="49.058242" lon="15.02348">
        <time>2026-04-05T08:51:51.000Z</time>
      </trkpt>
      <trkpt lat="49.058255" lon="15.023479">
        <time>2026-04-05T08:51:52.000Z</time>
      </trkpt>
      <trkpt lat="49.058277" lon="15.023483">
        <time>2026-04-05T08:51:53.000Z</time>
      </trkpt>
      <trkpt lat="49.0583" lon="15.023487">
        <time>2026-04-05T08:51:54.000Z</time>
      </trkpt>
      <trkpt lat="49.058315" lon="15.023487">
        <time>2026-04-05T08:51:55.000Z</time>
      </trkpt>
      <trkpt lat="49.05833" lon="15.023492">
        <time>2026-04-05T08:51:56.000Z</time>
      </trkpt>
      <trkpt lat="49.058343" lon="15.023513">
        <time>2026-04-05T08:51:57.000Z</time>
      </trkpt>
      <trkpt lat="49.058361" lon="15.02354">
        <time>2026-04-05T08:51:58.000Z</time>
      </trkpt>
      <trkpt lat="49.058377" lon="15.023558">
        <time>2026-04-05T08:51:59.000Z</time>
      </trkpt>
      <trkpt lat="49.05839" lon="15.023576">
        <time>2026-04-05T08:52:00.000Z</time>
      </trkpt>
      <trkpt lat="49.058398" lon="15.023593">
        <time>2026-04-05T08:52:01.000Z</time>
      </trkpt>
      <trkpt lat="49.058411" lon="15.023611">
        <time>2026-04-05T08:52:02.000Z</time>
      </trkpt>
      <trkpt lat="49.058423" lon="15.023628">
        <time>2026-04-05T08:52:03.000Z</time>
      </trkpt>
      <trkpt lat="49.058425" lon="15.023632">
        <time>2026-04-05T08:52:04.000Z</time>
      </trkpt>
      <trkpt lat="49.058429" lon="15.023637">
        <time>2026-04-05T08:52:05.000Z</time>
      </trkpt>
      <trkpt lat="49.058437" lon="15.023632">
        <time>2026-04-05T08:52:06.000Z</time>
      </trkpt>
      <trkpt lat="49.058439" lon="15.023621">
        <time>2026-04-05T08:52:07.000Z</time>
      </trkpt>
      <trkpt lat="49.05844" lon="15.023609">
        <time>2026-04-05T08:52:08.000Z</time>
      </trkpt>
      <trkpt lat="49.058447" lon="15.023607">
        <time>2026-04-05T08:52:09.000Z</time>
      </trkpt>
      <trkpt lat="49.058451" lon="15.023605">
        <time>2026-04-05T08:52:10.000Z</time>
      </trkpt>
      <trkpt lat="49.05846" lon="15.023603">
        <time>2026-04-05T08:52:11.000Z</time>
      </trkpt>
      <trkpt lat="49.058474" lon="15.023609">
        <time>2026-04-05T08:52:12.000Z</time>
      </trkpt>
      <trkpt lat="49.058489" lon="15.023608">
        <time>2026-04-05T08:52:13.000Z</time>
      </trkpt>
      <trkpt lat="49.05851" lon="15.023607">
        <time>2026-04-05T08:52:14.000Z</time>
      </trkpt>
      <trkpt lat="49.058529" lon="15.023605">
        <time>2026-04-05T08:52:15.000Z</time>
      </trkpt>
      <trkpt lat="49.058534" lon="15.023599">
        <time>2026-04-05T08:52:16.000Z</time>
      </trkpt>
      <trkpt lat="49.05854" lon="15.023597">
        <time>2026-04-05T08:52:17.000Z</time>
      </trkpt>
      <trkpt lat="49.058542" lon="15.023601">
        <time>2026-04-05T08:52:18.000Z</time>
      </trkpt>
      <trkpt lat="49.058554" lon="15.023612">
        <time>2026-04-05T08:52:19.000Z</time>
      </trkpt>
      <trkpt lat="49.058571" lon="15.023613">
        <time>2026-04-05T08:52:20.000Z</time>
      </trkpt>
      <trkpt lat="49.058591" lon="15.023601">
        <time>2026-04-05T08:52:21.000Z</time>
      </trkpt>
      <trkpt lat="49.058616" lon="15.023576">
        <time>2026-04-05T08:52:22.000Z</time>
      </trkpt>
      <trkpt lat="49.058624" lon="15.02354">
        <time>2026-04-05T08:52:23.000Z</time>
      </trkpt>
      <trkpt lat="49.058634" lon="15.023513">
        <time>2026-04-05T08:52:24.000Z</time>
      </trkpt>
      <trkpt lat="49.058653" lon="15.023495">
        <time>2026-04-05T08:52:25.000Z</time>
      </trkpt>
      <trkpt lat="49.058675" lon="15.023481">
        <time>2026-04-05T08:52:26.000Z</time>
      </trkpt>
      <trkpt lat="49.058699" lon="15.023465">
        <time>2026-04-05T08:52:27.000Z</time>
      </trkpt>
      <trkpt lat="49.058712" lon="15.023443">
        <time>2026-04-05T08:52:28.000Z</time>
      </trkpt>
      <trkpt lat="49.058725" lon="15.023422">
        <time>2026-04-05T08:52:29.000Z</time>
      </trkpt>
      <trkpt lat="49.058737" lon="15.023401">
        <time>2026-04-05T08:52:30.000Z</time>
      </trkpt>
      <trkpt lat="49.058751" lon="15.023368">
        <time>2026-04-05T08:52:31.000Z</time>
      </trkpt>
      <trkpt lat="49.05876" lon="15.023344">
        <time>2026-04-05T08:52:32.000Z</time>
      </trkpt>
      <trkpt lat="49.05877" lon="15.023322">
        <time>2026-04-05T08:52:33.000Z</time>
      </trkpt>
      <trkpt lat="49.058777" lon="15.023293">
        <time>2026-04-05T08:52:34.000Z</time>
      </trkpt>
      <trkpt lat="49.058778" lon="15.023263">
        <time>2026-04-05T08:52:35.000Z</time>
      </trkpt>
      <trkpt lat="49.058775" lon="15.023226">
        <time>2026-04-05T08:52:36.000Z</time>
      </trkpt>
      <trkpt lat="49.05877" lon="15.023193">
        <time>2026-04-05T08:52:37.000Z</time>
      </trkpt>
      <trkpt lat="49.058764" lon="15.023167">
        <time>2026-04-05T08:52:38.000Z</time>
      </trkpt>
      <trkpt lat="49.058774" lon="15.023148">
        <time>2026-04-05T08:52:39.000Z</time>
      </trkpt>
      <trkpt lat="49.058785" lon="15.023127">
        <time>2026-04-05T08:52:40.000Z</time>
      </trkpt>
      <trkpt lat="49.058793" lon="15.023093">
        <time>2026-04-05T08:52:41.000Z</time>
      </trkpt>
      <trkpt lat="49.058792" lon="15.023061">
        <time>2026-04-05T08:52:42.000Z</time>
      </trkpt>
      <trkpt lat="49.058786" lon="15.023039">
        <time>2026-04-05T08:52:43.000Z</time>
      </trkpt>
      <trkpt lat="49.058776" lon="15.023014">
        <time>2026-04-05T08:52:44.000Z</time>
      </trkpt>
      <trkpt lat="49.058767" lon="15.022995">
        <time>2026-04-05T08:52:45.000Z</time>
      </trkpt>
      <trkpt lat="49.058754" lon="15.022972">
        <time>2026-04-05T08:52:46.000Z</time>
      </trkpt>
      <trkpt lat="49.058745" lon="15.022942">
        <time>2026-04-05T08:52:47.000Z</time>
      </trkpt>
      <trkpt lat="49.058746" lon="15.022918">
        <time>2026-04-05T08:52:48.000Z</time>
      </trkpt>
      <trkpt lat="49.05874" lon="15.022884">
        <time>2026-04-05T08:52:49.000Z</time>
      </trkpt>
      <trkpt lat="49.058737" lon="15.022851">
        <time>2026-04-05T08:52:50.000Z</time>
      </trkpt>
      <trkpt lat="49.058749" lon="15.022824">
        <time>2026-04-05T08:52:51.000Z</time>
      </trkpt>
      <trkpt lat="49.058772" lon="15.022769">
        <time>2026-04-05T08:52:52.000Z</time>
      </trkpt>
      <trkpt lat="49.058794" lon="15.022718">
        <time>2026-04-05T08:52:53.000Z</time>
      </trkpt>
      <trkpt lat="49.058809" lon="15.022671">
        <time>2026-04-05T08:52:54.000Z</time>
      </trkpt>
      <trkpt lat="49.05882" lon="15.022638">
        <time>2026-04-05T08:52:55.000Z</time>
      </trkpt>
      <trkpt lat="49.058834" lon="15.022618">
        <time>2026-04-05T08:52:56.000Z</time>
      </trkpt>
      <trkpt lat="49.058845" lon="15.022608">
        <time>2026-04-05T08:52:57.000Z</time>
      </trkpt>
      <trkpt lat="49.05886" lon="15.022597">
        <time>2026-04-05T08:52:58.000Z</time>
      </trkpt>
      <trkpt lat="49.058867" lon="15.022587">
        <time>2026-04-05T08:52:59.000Z</time>
      </trkpt>
      <trkpt lat="49.058865" lon="15.02257">
        <time>2026-04-05T08:53:00.000Z</time>
      </trkpt>
      <trkpt lat="49.05887" lon="15.022555">
        <time>2026-04-05T08:53:01.000Z</time>
      </trkpt>
      <trkpt lat="49.05888" lon="15.022539">
        <time>2026-04-05T08:53:02.000Z</time>
      </trkpt>
      <trkpt lat="49.05889" lon="15.022518">
        <time>2026-04-05T08:53:03.000Z</time>
      </trkpt>
      <trkpt lat="49.058906" lon="15.022498">
        <time>2026-04-05T08:53:04.000Z</time>
      </trkpt>
      <trkpt lat="49.058915" lon="15.02247">
        <time>2026-04-05T08:53:05.000Z</time>
      </trkpt>
      <trkpt lat="49.058923" lon="15.022426">
        <time>2026-04-05T08:53:06.000Z</time>
      </trkpt>
      <trkpt lat="49.058934" lon="15.022379">
        <time>2026-04-05T08:53:07.000Z</time>
      </trkpt>
      <trkpt lat="49.058936" lon="15.022338">
        <time>2026-04-05T08:53:08.000Z</time>
      </trkpt>
      <trkpt lat="49.058943" lon="15.022294">
        <time>2026-04-05T08:53:09.000Z</time>
      </trkpt>
      <trkpt lat="49.058951" lon="15.022242">
        <time>2026-04-05T08:53:10.000Z</time>
      </trkpt>
      <trkpt lat="49.058958" lon="15.022197">
        <time>2026-04-05T08:53:11.000Z</time>
      </trkpt>
      <trkpt lat="49.058958" lon="15.022157">
        <time>2026-04-05T08:53:12.000Z</time>
      </trkpt>
      <trkpt lat="49.058956" lon="15.02212">
        <time>2026-04-05T08:53:13.000Z</time>
      </trkpt>
      <trkpt lat="49.058958" lon="15.022088">
        <time>2026-04-05T08:53:14.000Z</time>
      </trkpt>
      <trkpt lat="49.058964" lon="15.022053">
        <time>2026-04-05T08:53:15.000Z</time>
      </trkpt>
      <trkpt lat="49.058967" lon="15.022026">
        <time>2026-04-05T08:53:16.000Z</time>
      </trkpt>
      <trkpt lat="49.058965" lon="15.021999">
        <time>2026-04-05T08:53:17.000Z</time>
      </trkpt>
      <trkpt lat="49.058966" lon="15.021971">
        <time>2026-04-05T08:53:18.000Z</time>
      </trkpt>
      <trkpt lat="49.058973" lon="15.021939">
        <time>2026-04-05T08:53:19.000Z</time>
      </trkpt>
      <trkpt lat="49.058983" lon="15.021901">
        <time>2026-04-05T08:53:20.000Z</time>
      </trkpt>
      <trkpt lat="49.058995" lon="15.021858">
        <time>2026-04-05T08:53:21.000Z</time>
      </trkpt>
      <trkpt lat="49.059007" lon="15.021816">
        <time>2026-04-05T08:53:22.000Z</time>
      </trkpt>
      <trkpt lat="49.059023" lon="15.02178">
        <time>2026-04-05T08:53:23.000Z</time>
      </trkpt>
      <trkpt lat="49.059039" lon="15.021753">
        <time>2026-04-05T08:53:24.000Z</time>
      </trkpt>
      <trkpt lat="49.059051" lon="15.021721">
        <time>2026-04-05T08:53:25.000Z</time>
      </trkpt>
      <trkpt lat="49.059072" lon="15.0217">
        <time>2026-04-05T08:53:26.000Z</time>
      </trkpt>
      <trkpt lat="49.059087" lon="15.021673">
        <time>2026-04-05T08:53:27.000Z</time>
      </trkpt>
      <trkpt lat="49.059109" lon="15.021637">
        <time>2026-04-05T08:53:28.000Z</time>
      </trkpt>
      <trkpt lat="49.059127" lon="15.021612">
        <time>2026-04-05T08:53:29.000Z</time>
      </trkpt>
      <trkpt lat="49.059141" lon="15.021595">
        <time>2026-04-05T08:53:30.000Z</time>
      </trkpt>
      <trkpt lat="49.059153" lon="15.021578">
        <time>2026-04-05T08:53:31.000Z</time>
      </trkpt>
      <trkpt lat="49.059154" lon="15.021554">
        <time>2026-04-05T08:53:32.000Z</time>
      </trkpt>
      <trkpt lat="49.059149" lon="15.021524">
        <time>2026-04-05T08:53:33.000Z</time>
      </trkpt>
      <trkpt lat="49.059134" lon="15.021482">
        <time>2026-04-05T08:53:34.000Z</time>
      </trkpt>
      <trkpt lat="49.059124" lon="15.021446">
        <time>2026-04-05T08:53:35.000Z</time>
      </trkpt>
      <trkpt lat="49.05912" lon="15.021426">
        <time>2026-04-05T08:53:36.000Z</time>
      </trkpt>
      <trkpt lat="49.059119" lon="15.021394">
        <time>2026-04-05T08:53:37.000Z</time>
      </trkpt>
      <trkpt lat="49.05912" lon="15.021356">
        <time>2026-04-05T08:53:38.000Z</time>
      </trkpt>
      <trkpt lat="49.059125" lon="15.021325">
        <time>2026-04-05T08:53:39.000Z</time>
      </trkpt>
      <trkpt lat="49.059128" lon="15.021297">
        <time>2026-04-05T08:53:40.000Z</time>
      </trkpt>
      <trkpt lat="49.059128" lon="15.021259">
        <time>2026-04-05T08:53:41.000Z</time>
      </trkpt>
      <trkpt lat="49.059123" lon="15.021227">
        <time>2026-04-05T08:53:42.000Z</time>
      </trkpt>
      <trkpt lat="49.059109" lon="15.021189">
        <time>2026-04-05T08:53:43.000Z</time>
      </trkpt>
      <trkpt lat="49.059091" lon="15.021143">
        <time>2026-04-05T08:53:44.000Z</time>
      </trkpt>
      <trkpt lat="49.059078" lon="15.021095">
        <time>2026-04-05T08:53:45.000Z</time>
      </trkpt>
      <trkpt lat="49.059069" lon="15.021046">
        <time>2026-04-05T08:53:46.000Z</time>
      </trkpt>
      <trkpt lat="49.059066" lon="15.020998">
        <time>2026-04-05T08:53:47.000Z</time>
      </trkpt>
      <trkpt lat="49.059067" lon="15.020947">
        <time>2026-04-05T08:53:48.000Z</time>
      </trkpt>
      <trkpt lat="49.059072" lon="15.020903">
        <time>2026-04-05T08:53:49.000Z</time>
      </trkpt>
      <trkpt lat="49.059083" lon="15.020856">
        <time>2026-04-05T08:53:50.000Z</time>
      </trkpt>
      <trkpt lat="49.059094" lon="15.020823">
        <time>2026-04-05T08:53:51.000Z</time>
      </trkpt>
      <trkpt lat="49.05911" lon="15.020789">
        <time>2026-04-05T08:53:52.000Z</time>
      </trkpt>
      <trkpt lat="49.059122" lon="15.020761">
        <time>2026-04-05T08:53:53.000Z</time>
      </trkpt>
      <trkpt lat="49.059129" lon="15.020728">
        <time>2026-04-05T08:53:54.000Z</time>
      </trkpt>
      <trkpt lat="49.059142" lon="15.02069">
        <time>2026-04-05T08:53:55.000Z</time>
      </trkpt>
      <trkpt lat="49.059158" lon="15.020662">
        <time>2026-04-05T08:53:56.000Z</time>
      </trkpt>
      <trkpt lat="49.059171" lon="15.020646">
        <time>2026-04-05T08:53:57.000Z</time>
      </trkpt>
      <trkpt lat="49.059185" lon="15.020629">
        <time>2026-04-05T08:53:58.000Z</time>
      </trkpt>
      <trkpt lat="49.059192" lon="15.02062">
        <time>2026-04-05T08:53:59.000Z</time>
      </trkpt>
      <trkpt lat="49.059195" lon="15.020606">
        <time>2026-04-05T08:54:00.000Z</time>
      </trkpt>
      <trkpt lat="49.059206" lon="15.020589">
        <time>2026-04-05T08:54:01.000Z</time>
      </trkpt>
      <trkpt lat="49.059229" lon="15.020568">
        <time>2026-04-05T08:54:02.000Z</time>
      </trkpt>
      <trkpt lat="49.05924" lon="15.020548">
        <time>2026-04-05T08:54:03.000Z</time>
      </trkpt>
      <trkpt lat="49.059246" lon="15.020524">
        <time>2026-04-05T08:54:04.000Z</time>
      </trkpt>
      <trkpt lat="49.059251" lon="15.020499">
        <time>2026-04-05T08:54:05.000Z</time>
      </trkpt>
      <trkpt lat="49.059258" lon="15.020458">
        <time>2026-04-05T08:54:06.000Z</time>
      </trkpt>
      <trkpt lat="49.05926" lon="15.020425">
        <time>2026-04-05T08:54:07.000Z</time>
      </trkpt>
      <trkpt lat="49.059252" lon="15.020386">
        <time>2026-04-05T08:54:08.000Z</time>
      </trkpt>
      <trkpt lat="49.059248" lon="15.020359">
        <time>2026-04-05T08:54:09.000Z</time>
      </trkpt>
      <trkpt lat="49.059245" lon="15.020341">
        <time>2026-04-05T08:54:10.000Z</time>
      </trkpt>
      <trkpt lat="49.059237" lon="15.020305">
        <time>2026-04-05T08:54:11.000Z</time>
      </trkpt>
      <trkpt lat="49.059236" lon="15.020273">
        <time>2026-04-05T08:54:12.000Z</time>
      </trkpt>
      <trkpt lat="49.059253" lon="15.020244">
        <time>2026-04-05T08:54:13.000Z</time>
      </trkpt>
      <trkpt lat="49.059264" lon="15.020205">
        <time>2026-04-05T08:54:14.000Z</time>
      </trkpt>
      <trkpt lat="49.059281" lon="15.020181">
        <time>2026-04-05T08:54:15.000Z</time>
      </trkpt>
      <trkpt lat="49.059292" lon="15.020167">
        <time>2026-04-05T08:54:16.000Z</time>
      </trkpt>
      <trkpt lat="49.059289" lon="15.020152">
        <time>2026-04-05T08:54:17.000Z</time>
      </trkpt>
      <trkpt lat="49.059278" lon="15.020137">
        <time>2026-04-05T08:54:18.000Z</time>
      </trkpt>
      <trkpt lat="49.059264" lon="15.020119">
        <time>2026-04-05T08:54:19.000Z</time>
      </trkpt>
      <trkpt lat="49.059253" lon="15.020097">
        <time>2026-04-05T08:54:20.000Z</time>
      </trkpt>
      <trkpt lat="49.059241" lon="15.020078">
        <time>2026-04-05T08:54:21.000Z</time>
      </trkpt>
      <trkpt lat="49.05923" lon="15.020057">
        <time>2026-04-05T08:54:22.000Z</time>
      </trkpt>
      <trkpt lat="49.059222" lon="15.020038">
        <time>2026-04-05T08:54:23.000Z</time>
      </trkpt>
      <trkpt lat="49.05921" lon="15.020017">
        <time>2026-04-05T08:54:24.000Z</time>
      </trkpt>
      <trkpt lat="49.059197" lon="15.019993">
        <time>2026-04-05T08:54:25.000Z</time>
      </trkpt>
      <trkpt lat="49.059187" lon="15.019972">
        <time>2026-04-05T08:54:26.000Z</time>
      </trkpt>
      <trkpt lat="49.059188" lon="15.019944">
        <time>2026-04-05T08:54:27.000Z</time>
      </trkpt>
      <trkpt lat="49.059195" lon="15.019914">
        <time>2026-04-05T08:54:28.000Z</time>
      </trkpt>
      <trkpt lat="49.059199" lon="15.019888">
        <time>2026-04-05T08:54:29.000Z</time>
      </trkpt>
      <trkpt lat="49.059194" lon="15.019856">
        <time>2026-04-05T08:54:30.000Z</time>
      </trkpt>
      <trkpt lat="49.059193" lon="15.019844">
        <time>2026-04-05T08:54:31.000Z</time>
      </trkpt>
      <trkpt lat="49.059188" lon="15.019805">
        <time>2026-04-05T08:54:32.000Z</time>
      </trkpt>
      <trkpt lat="49.059189" lon="15.019771">
        <time>2026-04-05T08:54:33.000Z</time>
      </trkpt>
      <trkpt lat="49.059181" lon="15.019729">
        <time>2026-04-05T08:54:34.000Z</time>
      </trkpt>
      <trkpt lat="49.059175" lon="15.019694">
        <time>2026-04-05T08:54:35.000Z</time>
      </trkpt>
      <trkpt lat="49.059167" lon="15.019676">
        <time>2026-04-05T08:54:36.000Z</time>
      </trkpt>
      <trkpt lat="49.05916" lon="15.019648">
        <time>2026-04-05T08:54:37.000Z</time>
      </trkpt>
      <trkpt lat="49.059157" lon="15.019612">
        <time>2026-04-05T08:54:38.000Z</time>
      </trkpt>
      <trkpt lat="49.059146" lon="15.019563">
        <time>2026-04-05T08:54:39.000Z</time>
      </trkpt>
      <trkpt lat="49.059134" lon="15.019524">
        <time>2026-04-05T08:54:40.000Z</time>
      </trkpt>
      <trkpt lat="49.059123" lon="15.019486">
        <time>2026-04-05T08:54:41.000Z</time>
      </trkpt>
      <trkpt lat="49.0591" lon="15.019455">
        <time>2026-04-05T08:54:42.000Z</time>
      </trkpt>
      <trkpt lat="49.059081" lon="15.019433">
        <time>2026-04-05T08:54:43.000Z</time>
      </trkpt>
      <trkpt lat="49.059062" lon="15.019411">
        <time>2026-04-05T08:54:44.000Z</time>
      </trkpt>
      <trkpt lat="49.059048" lon="15.01939">
        <time>2026-04-05T08:54:45.000Z</time>
      </trkpt>
      <trkpt lat="49.059037" lon="15.019362">
        <time>2026-04-05T08:54:46.000Z</time>
      </trkpt>
      <trkpt lat="49.059022" lon="15.019331">
        <time>2026-04-05T08:54:47.000Z</time>
      </trkpt>
      <trkpt lat="49.059004" lon="15.019299">
        <time>2026-04-05T08:54:48.000Z</time>
      </trkpt>
      <trkpt lat="49.058983" lon="15.01927">
        <time>2026-04-05T08:54:49.000Z</time>
      </trkpt>
      <trkpt lat="49.058974" lon="15.019242">
        <time>2026-04-05T08:54:50.000Z</time>
      </trkpt>
      <trkpt lat="49.058959" lon="15.019212">
        <time>2026-04-05T08:54:51.000Z</time>
      </trkpt>
      <trkpt lat="49.058942" lon="15.019183">
        <time>2026-04-05T08:54:52.000Z</time>
      </trkpt>
      <trkpt lat="49.058922" lon="15.019149">
        <time>2026-04-05T08:54:53.000Z</time>
      </trkpt>
      <trkpt lat="49.058904" lon="15.019123">
        <time>2026-04-05T08:54:54.000Z</time>
      </trkpt>
      <trkpt lat="49.058875" lon="15.019094">
        <time>2026-04-05T08:54:55.000Z</time>
      </trkpt>
      <trkpt lat="49.058845" lon="15.019065">
        <time>2026-04-05T08:54:56.000Z</time>
      </trkpt>
      <trkpt lat="49.058808" lon="15.019047">
        <time>2026-04-05T08:54:57.000Z</time>
      </trkpt>
      <trkpt lat="49.05877" lon="15.019049">
        <time>2026-04-05T08:54:58.000Z</time>
      </trkpt>
      <trkpt lat="49.058745" lon="15.019054">
        <time>2026-04-05T08:54:59.000Z</time>
      </trkpt>
      <trkpt lat="49.058717" lon="15.019021">
        <time>2026-04-05T08:55:00.000Z</time>
      </trkpt>
      <trkpt lat="49.058699" lon="15.018989">
        <time>2026-04-05T08:55:01.000Z</time>
      </trkpt>
      <trkpt lat="49.058678" lon="15.018951">
        <time>2026-04-05T08:55:02.000Z</time>
      </trkpt>
      <trkpt lat="49.058669" lon="15.018929">
        <time>2026-04-05T08:55:03.000Z</time>
      </trkpt>
      <trkpt lat="49.058662" lon="15.018889">
        <time>2026-04-05T08:55:04.000Z</time>
      </trkpt>
      <trkpt lat="49.058652" lon="15.018834">
        <time>2026-04-05T08:55:05.000Z</time>
      </trkpt>
      <trkpt lat="49.058645" lon="15.018783">
        <time>2026-04-05T08:55:06.000Z</time>
      </trkpt>
      <trkpt lat="49.05864" lon="15.018723">
        <time>2026-04-05T08:55:07.000Z</time>
      </trkpt>
      <trkpt lat="49.058641" lon="15.018664">
        <time>2026-04-05T08:55:08.000Z</time>
      </trkpt>
      <trkpt lat="49.058647" lon="15.018603">
        <time>2026-04-05T08:55:09.000Z</time>
      </trkpt>
      <trkpt lat="49.05865" lon="15.01854">
        <time>2026-04-05T08:55:10.000Z</time>
      </trkpt>
      <trkpt lat="49.058647" lon="15.01848">
        <time>2026-04-05T08:55:11.000Z</time>
      </trkpt>
      <trkpt lat="49.058647" lon="15.018423">
        <time>2026-04-05T08:55:12.000Z</time>
      </trkpt>
      <trkpt lat="49.05865" lon="15.018369">
        <time>2026-04-05T08:55:13.000Z</time>
      </trkpt>
      <trkpt lat="49.058644" lon="15.018312">
        <time>2026-04-05T08:55:14.000Z</time>
      </trkpt>
      <trkpt lat="49.058627" lon="15.018272">
        <time>2026-04-05T08:55:15.000Z</time>
      </trkpt>
      <trkpt lat="49.058607" lon="15.018246">
        <time>2026-04-05T08:55:16.000Z</time>
      </trkpt>
      <trkpt lat="49.058587" lon="15.018222">
        <time>2026-04-05T08:55:17.000Z</time>
      </trkpt>
      <trkpt lat="49.058562" lon="15.018203">
        <time>2026-04-05T08:55:18.000Z</time>
      </trkpt>
      <trkpt lat="49.058541" lon="15.018178">
        <time>2026-04-05T08:55:19.000Z</time>
      </trkpt>
      <trkpt lat="49.058519" lon="15.018145">
        <time>2026-04-05T08:55:20.000Z</time>
      </trkpt>
      <trkpt lat="49.058503" lon="15.018095">
        <time>2026-04-05T08:55:21.000Z</time>
      </trkpt>
      <trkpt lat="49.058486" lon="15.018053">
        <time>2026-04-05T08:55:22.000Z</time>
      </trkpt>
      <trkpt lat="49.058469" lon="15.017999">
        <time>2026-04-05T08:55:23.000Z</time>
      </trkpt>
      <trkpt lat="49.058455" lon="15.017955">
        <time>2026-04-05T08:55:24.000Z</time>
      </trkpt>
      <trkpt lat="49.058448" lon="15.01792">
        <time>2026-04-05T08:55:25.000Z</time>
      </trkpt>
      <trkpt lat="49.058442" lon="15.017872">
        <time>2026-04-05T08:55:26.000Z</time>
      </trkpt>
      <trkpt lat="49.058432" lon="15.017814">
        <time>2026-04-05T08:55:27.000Z</time>
      </trkpt>
      <trkpt lat="49.058427" lon="15.017765">
        <time>2026-04-05T08:55:28.000Z</time>
      </trkpt>
      <trkpt lat="49.058423" lon="15.01776">
        <time>2026-04-05T08:55:29.000Z</time>
      </trkpt>
      <trkpt lat="49.058419" lon="15.017736">
        <time>2026-04-05T08:55:30.000Z</time>
      </trkpt>
      <trkpt lat="49.058414" lon="15.01772">
        <time>2026-04-05T08:55:31.000Z</time>
      </trkpt>
      <trkpt lat="49.058408" lon="15.017696">
        <time>2026-04-05T08:55:32.000Z</time>
      </trkpt>
      <trkpt lat="49.058405" lon="15.017675">
        <time>2026-04-05T08:55:33.000Z</time>
      </trkpt>
      <trkpt lat="49.058395" lon="15.017649">
        <time>2026-04-05T08:55:34.000Z</time>
      </trkpt>
      <trkpt lat="49.058382" lon="15.01762">
        <time>2026-04-05T08:55:35.000Z</time>
      </trkpt>
      <trkpt lat="49.058366" lon="15.017596">
        <time>2026-04-05T08:55:36.000Z</time>
      </trkpt>
      <trkpt lat="49.058349" lon="15.017557">
        <time>2026-04-05T08:55:37.000Z</time>
      </trkpt>
      <trkpt lat="49.058335" lon="15.017518">
        <time>2026-04-05T08:55:38.000Z</time>
      </trkpt>
      <trkpt lat="49.05832" lon="15.017481">
        <time>2026-04-05T08:55:39.000Z</time>
      </trkpt>
      <trkpt lat="49.058299" lon="15.017451">
        <time>2026-04-05T08:55:40.000Z</time>
      </trkpt>
      <trkpt lat="49.058276" lon="15.017456">
        <time>2026-04-05T08:55:41.000Z</time>
      </trkpt>
      <trkpt lat="49.058248" lon="15.017444">
        <time>2026-04-05T08:55:42.000Z</time>
      </trkpt>
      <trkpt lat="49.05822" lon="15.017437">
        <time>2026-04-05T08:55:43.000Z</time>
      </trkpt>
      <trkpt lat="49.058193" lon="15.017423">
        <time>2026-04-05T08:55:44.000Z</time>
      </trkpt>
      <trkpt lat="49.058173" lon="15.017401">
        <time>2026-04-05T08:55:45.000Z</time>
      </trkpt>
      <trkpt lat="49.058168" lon="15.017377">
        <time>2026-04-05T08:55:46.000Z</time>
      </trkpt>
      <trkpt lat="49.058145" lon="15.017349">
        <time>2026-04-05T08:55:47.000Z</time>
      </trkpt>
      <trkpt lat="49.058129" lon="15.017327">
        <time>2026-04-05T08:55:48.000Z</time>
      </trkpt>
      <trkpt lat="49.058119" lon="15.017312">
        <time>2026-04-05T08:55:49.000Z</time>
      </trkpt>
      <trkpt lat="49.058113" lon="15.017295">
        <time>2026-04-05T08:55:50.000Z</time>
      </trkpt>
      <trkpt lat="49.05811" lon="15.017274">
        <time>2026-04-05T08:55:51.000Z</time>
      </trkpt>
      <trkpt lat="49.058103" lon="15.017247">
        <time>2026-04-05T08:55:52.000Z</time>
      </trkpt>
      <trkpt lat="49.0581" lon="15.017215">
        <time>2026-04-05T08:55:53.000Z</time>
      </trkpt>
      <trkpt lat="49.058102" lon="15.017189">
        <time>2026-04-05T08:55:54.000Z</time>
      </trkpt>
      <trkpt lat="49.058107" lon="15.017146">
        <time>2026-04-05T08:55:55.000Z</time>
      </trkpt>
      <trkpt lat="49.058107" lon="15.017099">
        <time>2026-04-05T08:55:56.000Z</time>
      </trkpt>
      <trkpt lat="49.058101" lon="15.01706">
        <time>2026-04-05T08:55:57.000Z</time>
      </trkpt>
      <trkpt lat="49.058085" lon="15.017013">
        <time>2026-04-05T08:55:58.000Z</time>
      </trkpt>
      <trkpt lat="49.058092" lon="15.016989">
        <time>2026-04-05T08:55:59.000Z</time>
      </trkpt>
      <trkpt lat="49.058115" lon="15.01696">
        <time>2026-04-05T08:56:00.000Z</time>
      </trkpt>
      <trkpt lat="49.058124" lon="15.016939">
        <time>2026-04-05T08:56:01.000Z</time>
      </trkpt>
      <trkpt lat="49.058134" lon="15.016923">
        <time>2026-04-05T08:56:02.000Z</time>
      </trkpt>
      <trkpt lat="49.058136" lon="15.016903">
        <time>2026-04-05T08:56:03.000Z</time>
      </trkpt>
      <trkpt lat="49.058145" lon="15.016867">
        <time>2026-04-05T08:56:04.000Z</time>
      </trkpt>
      <trkpt lat="49.058154" lon="15.016818">
        <time>2026-04-05T08:56:05.000Z</time>
      </trkpt>
      <trkpt lat="49.058156" lon="15.01678">
        <time>2026-04-05T08:56:06.000Z</time>
      </trkpt>
      <trkpt lat="49.058159" lon="15.016755">
        <time>2026-04-05T08:56:07.000Z</time>
      </trkpt>
      <trkpt lat="49.058162" lon="15.016732">
        <time>2026-04-05T08:56:08.000Z</time>
      </trkpt>
      <trkpt lat="49.05816" lon="15.016707">
        <time>2026-04-05T08:56:09.000Z</time>
      </trkpt>
      <trkpt lat="49.058158" lon="15.016683">
        <time>2026-04-05T08:56:10.000Z</time>
      </trkpt>
      <trkpt lat="49.058155" lon="15.016656">
        <time>2026-04-05T08:56:11.000Z</time>
      </trkpt>
      <trkpt lat="49.058155" lon="15.016626">
        <time>2026-04-05T08:56:12.000Z</time>
      </trkpt>
      <trkpt lat="49.058156" lon="15.016597">
        <time>2026-04-05T08:56:13.000Z</time>
      </trkpt>
      <trkpt lat="49.058157" lon="15.016575">
        <time>2026-04-05T08:56:14.000Z</time>
      </trkpt>
      <trkpt lat="49.058154" lon="15.016551">
        <time>2026-04-05T08:56:15.000Z</time>
      </trkpt>
      <trkpt lat="49.058155" lon="15.016527">
        <time>2026-04-05T08:56:16.000Z</time>
      </trkpt>
      <trkpt lat="49.058152" lon="15.016501">
        <time>2026-04-05T08:56:17.000Z</time>
      </trkpt>
      <trkpt lat="49.058146" lon="15.016469">
        <time>2026-04-05T08:56:18.000Z</time>
      </trkpt>
      <trkpt lat="49.058139" lon="15.016441">
        <time>2026-04-05T08:56:19.000Z</time>
      </trkpt>
      <trkpt lat="49.058125" lon="15.016398">
        <time>2026-04-05T08:56:20.000Z</time>
      </trkpt>
      <trkpt lat="49.058113" lon="15.016339">
        <time>2026-04-05T08:56:21.000Z</time>
      </trkpt>
      <trkpt lat="49.058106" lon="15.0163">
        <time>2026-04-05T08:56:22.000Z</time>
      </trkpt>
      <trkpt lat="49.058103" lon="15.01626">
        <time>2026-04-05T08:56:23.000Z</time>
      </trkpt>
      <trkpt lat="49.058099" lon="15.01623">
        <time>2026-04-05T08:56:24.000Z</time>
      </trkpt>
      <trkpt lat="49.058097" lon="15.016201">
        <time>2026-04-05T08:56:25.000Z</time>
      </trkpt>
      <trkpt lat="49.058095" lon="15.016172">
        <time>2026-04-05T08:56:26.000Z</time>
      </trkpt>
      <trkpt lat="49.058092" lon="15.016138">
        <time>2026-04-05T08:56:27.000Z</time>
      </trkpt>
      <trkpt lat="49.058083" lon="15.0161">
        <time>2026-04-05T08:56:28.000Z</time>
      </trkpt>
      <trkpt lat="49.058066" lon="15.016056">
        <time>2026-04-05T08:56:29.000Z</time>
      </trkpt>
      <trkpt lat="49.058035" lon="15.015999">
        <time>2026-04-05T08:56:30.000Z</time>
      </trkpt>
      <trkpt lat="49.058004" lon="15.015953">
        <time>2026-04-05T08:56:31.000Z</time>
      </trkpt>
      <trkpt lat="49.057986" lon="15.015908">
        <time>2026-04-05T08:56:32.000Z</time>
      </trkpt>
      <trkpt lat="49.057976" lon="15.015876">
        <time>2026-04-05T08:56:33.000Z</time>
      </trkpt>
      <trkpt lat="49.057966" lon="15.015844">
        <time>2026-04-05T08:56:34.000Z</time>
      </trkpt>
      <trkpt lat="49.057963" lon="15.015817">
        <time>2026-04-05T08:56:35.000Z</time>
      </trkpt>
      <trkpt lat="49.057954" lon="15.01579">
        <time>2026-04-05T08:56:36.000Z</time>
      </trkpt>
      <trkpt lat="49.057949" lon="15.015763">
        <time>2026-04-05T08:56:37.000Z</time>
      </trkpt>
      <trkpt lat="49.057949" lon="15.015741">
        <time>2026-04-05T08:56:38.000Z</time>
      </trkpt>
      <trkpt lat="49.057948" lon="15.015718">
        <time>2026-04-05T08:56:39.000Z</time>
      </trkpt>
      <trkpt lat="49.05794" lon="15.015672">
        <time>2026-04-05T08:56:40.000Z</time>
      </trkpt>
      <trkpt lat="49.057922" lon="15.015617">
        <time>2026-04-05T08:56:41.000Z</time>
      </trkpt>
      <trkpt lat="49.057912" lon="15.015567">
        <time>2026-04-05T08:56:42.000Z</time>
      </trkpt>
      <trkpt lat="49.057906" lon="15.015513">
        <time>2026-04-05T08:56:43.000Z</time>
      </trkpt>
      <trkpt lat="49.057888" lon="15.015455">
        <time>2026-04-05T08:56:44.000Z</time>
      </trkpt>
      <trkpt lat="49.057871" lon="15.015396">
        <time>2026-04-05T08:56:45.000Z</time>
      </trkpt>
      <trkpt lat="49.057866" lon="15.01535">
        <time>2026-04-05T08:56:46.000Z</time>
      </trkpt>
      <trkpt lat="49.057862" lon="15.015311">
        <time>2026-04-05T08:56:47.000Z</time>
      </trkpt>
      <trkpt lat="49.057858" lon="15.015283">
        <time>2026-04-05T08:56:48.000Z</time>
      </trkpt>
      <trkpt lat="49.057853" lon="15.01524">
        <time>2026-04-05T08:56:49.000Z</time>
      </trkpt>
      <trkpt lat="49.057847" lon="15.015186">
        <time>2026-04-05T08:56:50.000Z</time>
      </trkpt>
      <trkpt lat="49.057839" lon="15.015118">
        <time>2026-04-05T08:56:51.000Z</time>
      </trkpt>
      <trkpt lat="49.057837" lon="15.015062">
        <time>2026-04-05T08:56:52.000Z</time>
      </trkpt>
      <trkpt lat="49.05784" lon="15.015014">
        <time>2026-04-05T08:56:53.000Z</time>
      </trkpt>
      <trkpt lat="49.057845" lon="15.01498">
        <time>2026-04-05T08:56:54.000Z</time>
      </trkpt>
      <trkpt lat="49.057852" lon="15.014954">
        <time>2026-04-05T08:56:55.000Z</time>
      </trkpt>
      <trkpt lat="49.057862" lon="15.014925">
        <time>2026-04-05T08:56:56.000Z</time>
      </trkpt>
      <trkpt lat="49.057868" lon="15.014899">
        <time>2026-04-05T08:56:57.000Z</time>
      </trkpt>
      <trkpt lat="49.057862" lon="15.014857">
        <time>2026-04-05T08:56:58.000Z</time>
      </trkpt>
      <trkpt lat="49.05785" lon="15.014797">
        <time>2026-04-05T08:56:59.000Z</time>
      </trkpt>
      <trkpt lat="49.057843" lon="15.01476">
        <time>2026-04-05T08:57:00.000Z</time>
      </trkpt>
      <trkpt lat="49.057833" lon="15.014726">
        <time>2026-04-05T08:57:01.000Z</time>
      </trkpt>
      <trkpt lat="49.057833" lon="15.014695">
        <time>2026-04-05T08:57:02.000Z</time>
      </trkpt>
      <trkpt lat="49.057832" lon="15.014657">
        <time>2026-04-05T08:57:03.000Z</time>
      </trkpt>
      <trkpt lat="49.057833" lon="15.014618">
        <time>2026-04-05T08:57:04.000Z</time>
      </trkpt>
      <trkpt lat="49.057833" lon="15.014581">
        <time>2026-04-05T08:57:05.000Z</time>
      </trkpt>
      <trkpt lat="49.057823" lon="15.014539">
        <time>2026-04-05T08:57:06.000Z</time>
      </trkpt>
      <trkpt lat="49.05781" lon="15.014498">
        <time>2026-04-05T08:57:07.000Z</time>
      </trkpt>
      <trkpt lat="49.057792" lon="15.014454">
        <time>2026-04-05T08:57:08.000Z</time>
      </trkpt>
      <trkpt lat="49.05778" lon="15.014427">
        <time>2026-04-05T08:57:09.000Z</time>
      </trkpt>
      <trkpt lat="49.05777" lon="15.014393">
        <time>2026-04-05T08:57:10.000Z</time>
      </trkpt>
      <trkpt lat="49.057757" lon="15.014334">
        <time>2026-04-05T08:57:11.000Z</time>
      </trkpt>
      <trkpt lat="49.057761" lon="15.014297">
        <time>2026-04-05T08:57:12.000Z</time>
      </trkpt>
      <trkpt lat="49.057753" lon="15.014274">
        <time>2026-04-05T08:57:13.000Z</time>
      </trkpt>
      <trkpt lat="49.057749" lon="15.014256">
        <time>2026-04-05T08:57:14.000Z</time>
      </trkpt>
      <trkpt lat="49.05775" lon="15.014241">
        <time>2026-04-05T08:57:15.000Z</time>
      </trkpt>
      <trkpt lat="49.057758" lon="15.014208">
        <time>2026-04-05T08:57:16.000Z</time>
      </trkpt>
      <trkpt lat="49.057761" lon="15.01417">
        <time>2026-04-05T08:57:17.000Z</time>
      </trkpt>
      <trkpt lat="49.057773" lon="15.014137">
        <time>2026-04-05T08:57:18.000Z</time>
      </trkpt>
      <trkpt lat="49.05778" lon="15.014103">
        <time>2026-04-05T08:57:19.000Z</time>
      </trkpt>
      <trkpt lat="49.057799" lon="15.014079">
        <time>2026-04-05T08:57:20.000Z</time>
      </trkpt>
      <trkpt lat="49.057822" lon="15.014061">
        <time>2026-04-05T08:57:21.000Z</time>
      </trkpt>
      <trkpt lat="49.057845" lon="15.014063">
        <time>2026-04-05T08:57:22.000Z</time>
      </trkpt>
      <trkpt lat="49.057865" lon="15.014066">
        <time>2026-04-05T08:57:23.000Z</time>
      </trkpt>
      <trkpt lat="49.057885" lon="15.014075">
        <time>2026-04-05T08:57:24.000Z</time>
      </trkpt>
      <trkpt lat="49.057903" lon="15.014069">
        <time>2026-04-05T08:57:25.000Z</time>
      </trkpt>
      <trkpt lat="49.057919" lon="15.014058">
        <time>2026-04-05T08:57:26.000Z</time>
      </trkpt>
      <trkpt lat="49.057932" lon="15.014051">
        <time>2026-04-05T08:57:27.000Z</time>
      </trkpt>
      <trkpt lat="49.057935" lon="15.014051">
        <time>2026-04-05T08:57:28.000Z</time>
      </trkpt>
      <trkpt lat="49.057936" lon="15.014049">
        <time>2026-04-05T08:57:29.000Z</time>
      </trkpt>
      <trkpt lat="49.057927" lon="15.014049">
        <time>2026-04-05T08:57:30.000Z</time>
      </trkpt>
      <trkpt lat="49.057924" lon="15.014051">
        <time>2026-04-05T08:57:31.000Z</time>
      </trkpt>
      <trkpt lat="49.057917" lon="15.01406">
        <time>2026-04-05T08:57:32.000Z</time>
      </trkpt>
      <trkpt lat="49.057902" lon="15.014063">
        <time>2026-04-05T08:57:33.000Z</time>
      </trkpt>
      <trkpt lat="49.057884" lon="15.014061">
        <time>2026-04-05T08:57:34.000Z</time>
      </trkpt>
      <trkpt lat="49.05787" lon="15.014059">
        <time>2026-04-05T08:57:35.000Z</time>
      </trkpt>
      <trkpt lat="49.057859" lon="15.014069">
        <time>2026-04-05T08:57:36.000Z</time>
      </trkpt>
      <trkpt lat="49.057844" lon="15.014086">
        <time>2026-04-05T08:57:37.000Z</time>
      </trkpt>
      <trkpt lat="49.057831" lon="15.01409">
        <time>2026-04-05T08:57:38.000Z</time>
      </trkpt>
      <trkpt lat="49.057821" lon="15.014081">
        <time>2026-04-05T08:57:39.000Z</time>
      </trkpt>
      <trkpt lat="49.05781" lon="15.014068">
        <time>2026-04-05T08:57:40.000Z</time>
      </trkpt>
      <trkpt lat="49.057791" lon="15.014046">
        <time>2026-04-05T08:57:41.000Z</time>
      </trkpt>
      <trkpt lat="49.057769" lon="15.014027">
        <time>2026-04-05T08:57:42.000Z</time>
      </trkpt>
      <trkpt lat="49.057751" lon="15.014014">
        <time>2026-04-05T08:57:43.000Z</time>
      </trkpt>
      <trkpt lat="49.057722" lon="15.013974">
        <time>2026-04-05T08:57:44.000Z</time>
      </trkpt>
      <trkpt lat="49.057704" lon="15.013948">
        <time>2026-04-05T08:57:45.000Z</time>
      </trkpt>
      <trkpt lat="49.057692" lon="15.013932">
        <time>2026-04-05T08:57:46.000Z</time>
      </trkpt>
      <trkpt lat="49.057687" lon="15.013917">
        <time>2026-04-05T08:57:47.000Z</time>
      </trkpt>
      <trkpt lat="49.057691" lon="15.013891">
        <time>2026-04-05T08:57:48.000Z</time>
      </trkpt>
      <trkpt lat="49.057694" lon="15.013864">
        <time>2026-04-05T08:57:49.000Z</time>
      </trkpt>
      <trkpt lat="49.057695" lon="15.01383">
        <time>2026-04-05T08:57:50.000Z</time>
      </trkpt>
      <trkpt lat="49.057693" lon="15.0138">
        <time>2026-04-05T08:57:51.000Z</time>
      </trkpt>
      <trkpt lat="49.057696" lon="15.013777">
        <time>2026-04-05T08:57:52.000Z</time>
      </trkpt>
      <trkpt lat="49.057711" lon="15.013768">
        <time>2026-04-05T08:57:53.000Z</time>
      </trkpt>
      <trkpt lat="49.057725" lon="15.013758">
        <time>2026-04-05T08:57:54.000Z</time>
      </trkpt>
      <trkpt lat="49.057743" lon="15.013754">
        <time>2026-04-05T08:57:55.000Z</time>
      </trkpt>
      <trkpt lat="49.057763" lon="15.013749">
        <time>2026-04-05T08:57:56.000Z</time>
      </trkpt>
      <trkpt lat="49.057788" lon="15.013738">
        <time>2026-04-05T08:57:57.000Z</time>
      </trkpt>
      <trkpt lat="49.057811" lon="15.013731">
        <time>2026-04-05T08:57:58.000Z</time>
      </trkpt>
      <trkpt lat="49.057832" lon="15.013725">
        <time>2026-04-05T08:57:59.000Z</time>
      </trkpt>
      <trkpt lat="49.057835" lon="15.013709">
        <time>2026-04-05T08:58:00.000Z</time>
      </trkpt>
      <trkpt lat="49.057819" lon="15.013694">
        <time>2026-04-05T08:58:01.000Z</time>
      </trkpt>
      <trkpt lat="49.057793" lon="15.013689">
        <time>2026-04-05T08:58:02.000Z</time>
      </trkpt>
      <trkpt lat="49.057768" lon="15.0137">
        <time>2026-04-05T08:58:03.000Z</time>
      </trkpt>
      <trkpt lat="49.057743" lon="15.013721">
        <time>2026-04-05T08:58:04.000Z</time>
      </trkpt>
      <trkpt lat="49.05772" lon="15.013738">
        <time>2026-04-05T08:58:05.000Z</time>
      </trkpt>
      <trkpt lat="49.057702" lon="15.01376">
        <time>2026-04-05T08:58:06.000Z</time>
      </trkpt>
      <trkpt lat="49.057689" lon="15.013783">
        <time>2026-04-05T08:58:07.000Z</time>
      </trkpt>
      <trkpt lat="49.057682" lon="15.013802">
        <time>2026-04-05T08:58:08.000Z</time>
      </trkpt>
      <trkpt lat="49.057679" lon="15.013821">
        <time>2026-04-05T08:58:09.000Z</time>
      </trkpt>
      <trkpt lat="49.057671" lon="15.013834">
        <time>2026-04-05T08:58:10.000Z</time>
      </trkpt>
      <trkpt lat="49.057658" lon="15.01385">
        <time>2026-04-05T08:58:11.000Z</time>
      </trkpt>
      <trkpt lat="49.057637" lon="15.01386">
        <time>2026-04-05T08:58:12.000Z</time>
      </trkpt>
      <trkpt lat="49.057607" lon="15.013879">
        <time>2026-04-05T08:58:13.000Z</time>
      </trkpt>
      <trkpt lat="49.057581" lon="15.013883">
        <time>2026-04-05T08:58:14.000Z</time>
      </trkpt>
      <trkpt lat="49.057558" lon="15.013886">
        <time>2026-04-05T08:58:15.000Z</time>
      </trkpt>
      <trkpt lat="49.057542" lon="15.013883">
        <time>2026-04-05T08:58:16.000Z</time>
      </trkpt>
      <trkpt lat="49.057511" lon="15.01387">
        <time>2026-04-05T08:58:17.000Z</time>
      </trkpt>
      <trkpt lat="49.057488" lon="15.013864">
        <time>2026-04-05T08:58:18.000Z</time>
      </trkpt>
      <trkpt lat="49.057471" lon="15.013868">
        <time>2026-04-05T08:58:19.000Z</time>
      </trkpt>
      <trkpt lat="49.057462" lon="15.013871">
        <time>2026-04-05T08:58:20.000Z</time>
      </trkpt>
      <trkpt lat="49.057445" lon="15.013873">
        <time>2026-04-05T08:58:21.000Z</time>
      </trkpt>
      <trkpt lat="49.05742" lon="15.013882">
        <time>2026-04-05T08:58:22.000Z</time>
      </trkpt>
      <trkpt lat="49.057396" lon="15.013894">
        <time>2026-04-05T08:58:23.000Z</time>
      </trkpt>
      <trkpt lat="49.057372" lon="15.013911">
        <time>2026-04-05T08:58:24.000Z</time>
      </trkpt>
      <trkpt lat="49.057345" lon="15.013926">
        <time>2026-04-05T08:58:25.000Z</time>
      </trkpt>
      <trkpt lat="49.057324" lon="15.013922">
        <time>2026-04-05T08:58:26.000Z</time>
      </trkpt>
      <trkpt lat="49.0573" lon="15.013913">
        <time>2026-04-05T08:58:27.000Z</time>
      </trkpt>
      <trkpt lat="49.057272" lon="15.013907">
        <time>2026-04-05T08:58:28.000Z</time>
      </trkpt>
      <trkpt lat="49.057255" lon="15.013901">
        <time>2026-04-05T08:58:29.000Z</time>
      </trkpt>
      <trkpt lat="49.057227" lon="15.013918">
        <time>2026-04-05T08:58:30.000Z</time>
      </trkpt>
      <trkpt lat="49.05719" lon="15.013937">
        <time>2026-04-05T08:58:31.000Z</time>
      </trkpt>
      <trkpt lat="49.057152" lon="15.013954">
        <time>2026-04-05T08:58:32.000Z</time>
      </trkpt>
      <trkpt lat="49.057122" lon="15.01398">
        <time>2026-04-05T08:58:33.000Z</time>
      </trkpt>
      <trkpt lat="49.057089" lon="15.014001">
        <time>2026-04-05T08:58:34.000Z</time>
      </trkpt>
      <trkpt lat="49.057063" lon="15.014022">
        <time>2026-04-05T08:58:35.000Z</time>
      </trkpt>
      <trkpt lat="49.057043" lon="15.014034">
        <time>2026-04-05T08:58:36.000Z</time>
      </trkpt>
      <trkpt lat="49.057019" lon="15.01405">
        <time>2026-04-05T08:58:37.000Z</time>
      </trkpt>
      <trkpt lat="49.056993" lon="15.014061">
        <time>2026-04-05T08:58:38.000Z</time>
      </trkpt>
      <trkpt lat="49.056964" lon="15.014068">
        <time>2026-04-05T08:58:39.000Z</time>
      </trkpt>
      <trkpt lat="49.05694" lon="15.01407">
        <time>2026-04-05T08:58:40.000Z</time>
      </trkpt>
      <trkpt lat="49.056913" lon="15.014075">
        <time>2026-04-05T08:58:41.000Z</time>
      </trkpt>
      <trkpt lat="49.056886" lon="15.014081">
        <time>2026-04-05T08:58:42.000Z</time>
      </trkpt>
      <trkpt lat="49.056864" lon="15.014094">
        <time>2026-04-05T08:58:43.000Z</time>
      </trkpt>
      <trkpt lat="49.056848" lon="15.014102">
        <time>2026-04-05T08:58:44.000Z</time>
      </trkpt>
      <trkpt lat="49.056826" lon="15.014117">
        <time>2026-04-05T08:58:45.000Z</time>
      </trkpt>
      <trkpt lat="49.056806" lon="15.014136">
        <time>2026-04-05T08:58:46.000Z</time>
      </trkpt>
      <trkpt lat="49.056777" lon="15.01415">
        <time>2026-04-05T08:58:47.000Z</time>
      </trkpt>
      <trkpt lat="49.056745" lon="15.014167">
        <time>2026-04-05T08:58:48.000Z</time>
      </trkpt>
      <trkpt lat="49.05672" lon="15.014177">
        <time>2026-04-05T08:58:49.000Z</time>
      </trkpt>
      <trkpt lat="49.056703" lon="15.014178">
        <time>2026-04-05T08:58:50.000Z</time>
      </trkpt>
      <trkpt lat="49.056672" lon="15.014184">
        <time>2026-04-05T08:58:51.000Z</time>
      </trkpt>
      <trkpt lat="49.056648" lon="15.014186">
        <time>2026-04-05T08:58:52.000Z</time>
      </trkpt>
      <trkpt lat="49.056625" lon="15.014192">
        <time>2026-04-05T08:58:53.000Z</time>
      </trkpt>
      <trkpt lat="49.0566" lon="15.014201">
        <time>2026-04-05T08:58:54.000Z</time>
      </trkpt>
      <trkpt lat="49.056571" lon="15.014205">
        <time>2026-04-05T08:58:55.000Z</time>
      </trkpt>
      <trkpt lat="49.056542" lon="15.014209">
        <time>2026-04-05T08:58:56.000Z</time>
      </trkpt>
      <trkpt lat="49.056515" lon="15.014204">
        <time>2026-04-05T08:58:57.000Z</time>
      </trkpt>
      <trkpt lat="49.056486" lon="15.014198">
        <time>2026-04-05T08:58:58.000Z</time>
      </trkpt>
      <trkpt lat="49.056466" lon="15.014197">
        <time>2026-04-05T08:58:59.000Z</time>
      </trkpt>
      <trkpt lat="49.056444" lon="15.014199">
        <time>2026-04-05T08:59:00.000Z</time>
      </trkpt>
      <trkpt lat="49.056415" lon="15.0142">
        <time>2026-04-05T08:59:01.000Z</time>
      </trkpt>
      <trkpt lat="49.056385" lon="15.014205">
        <time>2026-04-05T08:59:02.000Z</time>
      </trkpt>
      <trkpt lat="49.056359" lon="15.014221">
        <time>2026-04-05T08:59:03.000Z</time>
      </trkpt>
      <trkpt lat="49.056336" lon="15.014217">
        <time>2026-04-05T08:59:04.000Z</time>
      </trkpt>
      <trkpt lat="49.05632" lon="15.014213">
        <time>2026-04-05T08:59:05.000Z</time>
      </trkpt>
      <trkpt lat="49.0563" lon="15.01419">
        <time>2026-04-05T08:59:06.000Z</time>
      </trkpt>
      <trkpt lat="49.056265" lon="15.01418">
        <time>2026-04-05T08:59:07.000Z</time>
      </trkpt>
      <trkpt lat="49.056236" lon="15.014167">
        <time>2026-04-05T08:59:08.000Z</time>
      </trkpt>
      <trkpt lat="49.05621" lon="15.014159">
        <time>2026-04-05T08:59:09.000Z</time>
      </trkpt>
      <trkpt lat="49.056177" lon="15.01415">
        <time>2026-04-05T08:59:10.000Z</time>
      </trkpt>
      <trkpt lat="49.056153" lon="15.014146">
        <time>2026-04-05T08:59:11.000Z</time>
      </trkpt>
      <trkpt lat="49.056125" lon="15.014142">
        <time>2026-04-05T08:59:12.000Z</time>
      </trkpt>
      <trkpt lat="49.0561" lon="15.014136">
        <time>2026-04-05T08:59:13.000Z</time>
      </trkpt>
      <trkpt lat="49.056062" lon="15.01413">
        <time>2026-04-05T08:59:14.000Z</time>
      </trkpt>
      <trkpt lat="49.056024" lon="15.014131">
        <time>2026-04-05T08:59:15.000Z</time>
      </trkpt>
      <trkpt lat="49.055992" lon="15.014136">
        <time>2026-04-05T08:59:16.000Z</time>
      </trkpt>
      <trkpt lat="49.055956" lon="15.014132">
        <time>2026-04-05T08:59:17.000Z</time>
      </trkpt>
      <trkpt lat="49.055925" lon="15.014125">
        <time>2026-04-05T08:59:18.000Z</time>
      </trkpt>
      <trkpt lat="49.055904" lon="15.014119">
        <time>2026-04-05T08:59:19.000Z</time>
      </trkpt>
      <trkpt lat="49.055878" lon="15.014105">
        <time>2026-04-05T08:59:20.000Z</time>
      </trkpt>
      <trkpt lat="49.055855" lon="15.014082">
        <time>2026-04-05T08:59:21.000Z</time>
      </trkpt>
      <trkpt lat="49.055827" lon="15.01407">
        <time>2026-04-05T08:59:22.000Z</time>
      </trkpt>
      <trkpt lat="49.055801" lon="15.014068">
        <time>2026-04-05T08:59:23.000Z</time>
      </trkpt>
      <trkpt lat="49.055777" lon="15.014056">
        <time>2026-04-05T08:59:24.000Z</time>
      </trkpt>
      <trkpt lat="49.055758" lon="15.014033">
        <time>2026-04-05T08:59:25.000Z</time>
      </trkpt>
      <trkpt lat="49.055747" lon="15.014006">
        <time>2026-04-05T08:59:26.000Z</time>
      </trkpt>
      <trkpt lat="49.05573" lon="15.013992">
        <time>2026-04-05T08:59:27.000Z</time>
      </trkpt>
      <trkpt lat="49.055707" lon="15.013985">
        <time>2026-04-05T08:59:28.000Z</time>
      </trkpt>
      <trkpt lat="49.055688" lon="15.013985">
        <time>2026-04-05T08:59:29.000Z</time>
      </trkpt>
      <trkpt lat="49.055663" lon="15.013975">
        <time>2026-04-05T08:59:30.000Z</time>
      </trkpt>
      <trkpt lat="49.055645" lon="15.013969">
        <time>2026-04-05T08:59:31.000Z</time>
      </trkpt>
      <trkpt lat="49.05563" lon="15.013964">
        <time>2026-04-05T08:59:32.000Z</time>
      </trkpt>
      <trkpt lat="49.05561" lon="15.013959">
        <time>2026-04-05T08:59:33.000Z</time>
      </trkpt>
      <trkpt lat="49.055593" lon="15.013958">
        <time>2026-04-05T08:59:34.000Z</time>
      </trkpt>
      <trkpt lat="49.055571" lon="15.013948">
        <time>2026-04-05T08:59:35.000Z</time>
      </trkpt>
      <trkpt lat="49.055558" lon="15.013933">
        <time>2026-04-05T08:59:36.000Z</time>
      </trkpt>
      <trkpt lat="49.055543" lon="15.013914">
        <time>2026-04-05T08:59:37.000Z</time>
      </trkpt>
      <trkpt lat="49.055523" lon="15.013893">
        <time>2026-04-05T08:59:38.000Z</time>
      </trkpt>
      <trkpt lat="49.055507" lon="15.013877">
        <time>2026-04-05T08:59:39.000Z</time>
      </trkpt>
      <trkpt lat="49.055488" lon="15.013872">
        <time>2026-04-05T08:59:40.000Z</time>
      </trkpt>
      <trkpt lat="49.05547" lon="15.013865">
        <time>2026-04-05T08:59:41.000Z</time>
      </trkpt>
      <trkpt lat="49.05545" lon="15.013864">
        <time>2026-04-05T08:59:42.000Z</time>
      </trkpt>
      <trkpt lat="49.055422" lon="15.013871">
        <time>2026-04-05T08:59:43.000Z</time>
      </trkpt>
      <trkpt lat="49.055401" lon="15.013867">
        <time>2026-04-05T08:59:44.000Z</time>
      </trkpt>
      <trkpt lat="49.055367" lon="15.013845">
        <time>2026-04-05T08:59:45.000Z</time>
      </trkpt>
      <trkpt lat="49.055341" lon="15.013834">
        <time>2026-04-05T08:59:46.000Z</time>
      </trkpt>
      <trkpt lat="49.055315" lon="15.013816">
        <time>2026-04-05T08:59:47.000Z</time>
      </trkpt>
      <trkpt lat="49.055283" lon="15.01381">
        <time>2026-04-05T08:59:48.000Z</time>
      </trkpt>
      <trkpt lat="49.055259" lon="15.013796">
        <time>2026-04-05T08:59:49.000Z</time>
      </trkpt>
      <trkpt lat="49.055235" lon="15.013782">
        <time>2026-04-05T08:59:50.000Z</time>
      </trkpt>
      <trkpt lat="49.055206" lon="15.013761">
        <time>2026-04-05T08:59:51.000Z</time>
      </trkpt>
      <trkpt lat="49.055174" lon="15.013756">
        <time>2026-04-05T08:59:52.000Z</time>
      </trkpt>
      <trkpt lat="49.055139" lon="15.013744">
        <time>2026-04-05T08:59:53.000Z</time>
      </trkpt>
      <trkpt lat="49.055102" lon="15.013754">
        <time>2026-04-05T08:59:54.000Z</time>
      </trkpt>
      <trkpt lat="49.055079" lon="15.013752">
        <time>2026-04-05T08:59:55.000Z</time>
      </trkpt>
      <trkpt lat="49.055063" lon="15.013752">
        <time>2026-04-05T08:59:56.000Z</time>
      </trkpt>
      <trkpt lat="49.055026" lon="15.013757">
        <time>2026-04-05T08:59:57.000Z</time>
      </trkpt>
      <trkpt lat="49.054996" lon="15.013759">
        <time>2026-04-05T08:59:58.000Z</time>
      </trkpt>
      <trkpt lat="49.054968" lon="15.013749">
        <time>2026-04-05T08:59:59.000Z</time>
      </trkpt>
      <trkpt lat="49.054937" lon="15.013734">
        <time>2026-04-05T09:00:00.000Z</time>
      </trkpt>
      <trkpt lat="49.05491" lon="15.013724">
        <time>2026-04-05T09:00:01.000Z</time>
      </trkpt>
      <trkpt lat="49.054872" lon="15.013712">
        <time>2026-04-05T09:00:02.000Z</time>
      </trkpt>
      <trkpt lat="49.054844" lon="15.013705">
        <time>2026-04-05T09:00:03.000Z</time>
      </trkpt>
      <trkpt lat="49.054819" lon="15.013707">
        <time>2026-04-05T09:00:04.000Z</time>
      </trkpt>
      <trkpt lat="49.054801" lon="15.013706">
        <time>2026-04-05T09:00:05.000Z</time>
      </trkpt>
      <trkpt lat="49.054775" lon="15.013697">
        <time>2026-04-05T09:00:06.000Z</time>
      </trkpt>
      <trkpt lat="49.054753" lon="15.013677">
        <time>2026-04-05T09:00:07.000Z</time>
      </trkpt>
      <trkpt lat="49.054738" lon="15.013666">
        <time>2026-04-05T09:00:08.000Z</time>
      </trkpt>
      <trkpt lat="49.054712" lon="15.013661">
        <time>2026-04-05T09:00:09.000Z</time>
      </trkpt>
      <trkpt lat="49.054689" lon="15.013668">
        <time>2026-04-05T09:00:10.000Z</time>
      </trkpt>
      <trkpt lat="49.054671" lon="15.013673">
        <time>2026-04-05T09:00:11.000Z</time>
      </trkpt>
      <trkpt lat="49.054646" lon="15.013675">
        <time>2026-04-05T09:00:12.000Z</time>
      </trkpt>
      <trkpt lat="49.05462" lon="15.01367">
        <time>2026-04-05T09:00:13.000Z</time>
      </trkpt>
      <trkpt lat="49.054598" lon="15.013671">
        <time>2026-04-05T09:00:14.000Z</time>
      </trkpt>
      <trkpt lat="49.054579" lon="15.013679">
        <time>2026-04-05T09:00:15.000Z</time>
      </trkpt>
      <trkpt lat="49.05456" lon="15.013684">
        <time>2026-04-05T09:00:16.000Z</time>
      </trkpt>
      <trkpt lat="49.054531" lon="15.01369">
        <time>2026-04-05T09:00:17.000Z</time>
      </trkpt>
      <trkpt lat="49.054501" lon="15.013695">
        <time>2026-04-05T09:00:18.000Z</time>
      </trkpt>
      <trkpt lat="49.054479" lon="15.013703">
        <time>2026-04-05T09:00:19.000Z</time>
      </trkpt>
      <trkpt lat="49.054443" lon="15.013702">
        <time>2026-04-05T09:00:20.000Z</time>
      </trkpt>
      <trkpt lat="49.05442" lon="15.013691">
        <time>2026-04-05T09:00:21.000Z</time>
      </trkpt>
      <trkpt lat="49.054407" lon="15.013668">
        <time>2026-04-05T09:00:22.000Z</time>
      </trkpt>
      <trkpt lat="49.054391" lon="15.013638">
        <time>2026-04-05T09:00:23.000Z</time>
      </trkpt>
      <trkpt lat="49.054372" lon="15.013619">
        <time>2026-04-05T09:00:24.000Z</time>
      </trkpt>
      <trkpt lat="49.054351" lon="15.013602">
        <time>2026-04-05T09:00:25.000Z</time>
      </trkpt>
      <trkpt lat="49.054333" lon="15.013592">
        <time>2026-04-05T09:00:26.000Z</time>
      </trkpt>
      <trkpt lat="49.054316" lon="15.01358">
        <time>2026-04-05T09:00:27.000Z</time>
      </trkpt>
      <trkpt lat="49.054304" lon="15.013569">
        <time>2026-04-05T09:00:28.000Z</time>
      </trkpt>
      <trkpt lat="49.054292" lon="15.013567">
        <time>2026-04-05T09:00:29.000Z</time>
      </trkpt>
      <trkpt lat="49.054286" lon="15.013568">
        <time>2026-04-05T09:00:30.000Z</time>
      </trkpt>
      <trkpt lat="49.054283" lon="15.013579">
        <time>2026-04-05T09:00:31.000Z</time>
      </trkpt>
      <trkpt lat="49.054288" lon="15.013596">
        <time>2026-04-05T09:00:32.000Z</time>
      </trkpt>
      <trkpt lat="49.054295" lon="15.013622">
        <time>2026-04-05T09:00:33.000Z</time>
      </trkpt>
      <trkpt lat="49.0543" lon="15.01365">
        <time>2026-04-05T09:00:34.000Z</time>
      </trkpt>
      <trkpt lat="49.054302" lon="15.013675">
        <time>2026-04-05T09:00:35.000Z</time>
      </trkpt>
      <trkpt lat="49.054304" lon="15.013701">
        <time>2026-04-05T09:00:36.000Z</time>
      </trkpt>
      <trkpt lat="49.054303" lon="15.013739">
        <time>2026-04-05T09:00:37.000Z</time>
      </trkpt>
      <trkpt lat="49.054298" lon="15.01377">
        <time>2026-04-05T09:00:38.000Z</time>
      </trkpt>
      <trkpt lat="49.054286" lon="15.013794">
        <time>2026-04-05T09:00:39.000Z</time>
      </trkpt>
      <trkpt lat="49.054274" lon="15.01382">
        <time>2026-04-05T09:00:40.000Z</time>
      </trkpt>
      <trkpt lat="49.054267" lon="15.013844">
        <time>2026-04-05T09:00:41.000Z</time>
      </trkpt>
      <trkpt lat="49.05427" lon="15.01388">
        <time>2026-04-05T09:00:42.000Z</time>
      </trkpt>
      <trkpt lat="49.054273" lon="15.013924">
        <time>2026-04-05T09:00:43.000Z</time>
      </trkpt>
      <trkpt lat="49.054276" lon="15.013963">
        <time>2026-04-05T09:00:44.000Z</time>
      </trkpt>
      <trkpt lat="49.054275" lon="15.014001">
        <time>2026-04-05T09:00:45.000Z</time>
      </trkpt>
      <trkpt lat="49.054273" lon="15.014025">
        <time>2026-04-05T09:00:46.000Z</time>
      </trkpt>
      <trkpt lat="49.054259" lon="15.014045">
        <time>2026-04-05T09:00:47.000Z</time>
      </trkpt>
      <trkpt lat="49.054247" lon="15.014067">
        <time>2026-04-05T09:00:48.000Z</time>
      </trkpt>
      <trkpt lat="49.054233" lon="15.014096">
        <time>2026-04-05T09:00:49.000Z</time>
      </trkpt>
      <trkpt lat="49.054224" lon="15.014131">
        <time>2026-04-05T09:00:50.000Z</time>
      </trkpt>
      <trkpt lat="49.054223" lon="15.014167">
        <time>2026-04-05T09:00:51.000Z</time>
      </trkpt>
      <trkpt lat="49.054218" lon="15.014202">
        <time>2026-04-05T09:00:52.000Z</time>
      </trkpt>
      <trkpt lat="49.05422" lon="15.014253">
        <time>2026-04-05T09:00:53.000Z</time>
      </trkpt>
      <trkpt lat="49.054221" lon="15.014287">
        <time>2026-04-05T09:00:54.000Z</time>
      </trkpt>
      <trkpt lat="49.054219" lon="15.014312">
        <time>2026-04-05T09:00:55.000Z</time>
      </trkpt>
      <trkpt lat="49.054216" lon="15.014343">
        <time>2026-04-05T09:00:56.000Z</time>
      </trkpt>
      <trkpt lat="49.054209" lon="15.014379">
        <time>2026-04-05T09:00:57.000Z</time>
      </trkpt>
      <trkpt lat="49.054197" lon="15.014419">
        <time>2026-04-05T09:00:58.000Z</time>
      </trkpt>
      <trkpt lat="49.054191" lon="15.014456">
        <time>2026-04-05T09:00:59.000Z</time>
      </trkpt>
      <trkpt lat="49.05419" lon="15.014495">
        <time>2026-04-05T09:01:00.000Z</time>
      </trkpt>
      <trkpt lat="49.054186" lon="15.01453">
        <time>2026-04-05T09:01:01.000Z</time>
      </trkpt>
      <trkpt lat="49.054181" lon="15.014559">
        <time>2026-04-05T09:01:02.000Z</time>
      </trkpt>
      <trkpt lat="49.054182" lon="15.014594">
        <time>2026-04-05T09:01:03.000Z</time>
      </trkpt>
      <trkpt lat="49.054187" lon="15.014626">
        <time>2026-04-05T09:01:04.000Z</time>
      </trkpt>
      <trkpt lat="49.054185" lon="15.014655">
        <time>2026-04-05T09:01:05.000Z</time>
      </trkpt>
      <trkpt lat="49.05418" lon="15.014691">
        <time>2026-04-05T09:01:06.000Z</time>
      </trkpt>
      <trkpt lat="49.054177" lon="15.014725">
        <time>2026-04-05T09:01:07.000Z</time>
      </trkpt>
      <trkpt lat="49.054177" lon="15.014755">
        <time>2026-04-05T09:01:08.000Z</time>
      </trkpt>
      <trkpt lat="49.05418" lon="15.014786">
        <time>2026-04-05T09:01:09.000Z</time>
      </trkpt>
      <trkpt lat="49.054189" lon="15.014819">
        <time>2026-04-05T09:01:10.000Z</time>
      </trkpt>
      <trkpt lat="49.054195" lon="15.01486">
        <time>2026-04-05T09:01:11.000Z</time>
      </trkpt>
      <trkpt lat="49.054201" lon="15.014908">
        <time>2026-04-05T09:01:12.000Z</time>
      </trkpt>
      <trkpt lat="49.054212" lon="15.01494">
        <time>2026-04-05T09:01:13.000Z</time>
      </trkpt>
      <trkpt lat="49.054217" lon="15.014975">
        <time>2026-04-05T09:01:14.000Z</time>
      </trkpt>
      <trkpt lat="49.054219" lon="15.014999">
        <time>2026-04-05T09:01:15.000Z</time>
      </trkpt>
      <trkpt lat="49.054217" lon="15.015023">
        <time>2026-04-05T09:01:16.000Z</time>
      </trkpt>
      <trkpt lat="49.054214" lon="15.015044">
        <time>2026-04-05T09:01:17.000Z</time>
      </trkpt>
      <trkpt lat="49.054209" lon="15.015065">
        <time>2026-04-05T09:01:18.000Z</time>
      </trkpt>
      <trkpt lat="49.054206" lon="15.015098">
        <time>2026-04-05T09:01:19.000Z</time>
      </trkpt>
      <trkpt lat="49.054206" lon="15.015138">
        <time>2026-04-05T09:01:20.000Z</time>
      </trkpt>
      <trkpt lat="49.054211" lon="15.015164">
        <time>2026-04-05T09:01:21.000Z</time>
      </trkpt>
      <trkpt lat="49.054219" lon="15.015192">
        <time>2026-04-05T09:01:22.000Z</time>
      </trkpt>
      <trkpt lat="49.054224" lon="15.01521">
        <time>2026-04-05T09:01:23.000Z</time>
      </trkpt>
      <trkpt lat="49.054235" lon="15.01522">
        <time>2026-04-05T09:01:24.000Z</time>
      </trkpt>
      <trkpt lat="49.054251" lon="15.015226">
        <time>2026-04-05T09:01:25.000Z</time>
      </trkpt>
      <trkpt lat="49.054274" lon="15.015228">
        <time>2026-04-05T09:01:26.000Z</time>
      </trkpt>
      <trkpt lat="49.054292" lon="15.015228">
        <time>2026-04-05T09:01:27.000Z</time>
      </trkpt>
      <trkpt lat="49.054309" lon="15.015215">
        <time>2026-04-05T09:01:28.000Z</time>
      </trkpt>
      <trkpt lat="49.054322" lon="15.015206">
        <time>2026-04-05T09:01:29.000Z</time>
      </trkpt>
      <trkpt lat="49.054336" lon="15.015192">
        <time>2026-04-05T09:01:30.000Z</time>
      </trkpt>
      <trkpt lat="49.054357" lon="15.015158">
        <time>2026-04-05T09:01:31.000Z</time>
      </trkpt>
      <trkpt lat="49.054384" lon="15.015141">
        <time>2026-04-05T09:01:32.000Z</time>
      </trkpt>
      <trkpt lat="49.05441" lon="15.015123">
        <time>2026-04-05T09:01:33.000Z</time>
      </trkpt>
      <trkpt lat="49.054441" lon="15.015101">
        <time>2026-04-05T09:01:34.000Z</time>
      </trkpt>
      <trkpt lat="49.054465" lon="15.015077">
        <time>2026-04-05T09:01:35.000Z</time>
      </trkpt>
      <trkpt lat="49.054491" lon="15.015056">
        <time>2026-04-05T09:01:36.000Z</time>
      </trkpt>
      <trkpt lat="49.054506" lon="15.015038">
        <time>2026-04-05T09:01:37.000Z</time>
      </trkpt>
      <trkpt lat="49.054517" lon="15.015022">
        <time>2026-04-05T09:01:38.000Z</time>
      </trkpt>
      <trkpt lat="49.054531" lon="15.015002">
        <time>2026-04-05T09:01:39.000Z</time>
      </trkpt>
      <trkpt lat="49.054549" lon="15.014979">
        <time>2026-04-05T09:01:40.000Z</time>
      </trkpt>
      <trkpt lat="49.054564" lon="15.014942">
        <time>2026-04-05T09:01:41.000Z</time>
      </trkpt>
      <trkpt lat="49.054586" lon="15.014921">
        <time>2026-04-05T09:01:42.000Z</time>
      </trkpt>
      <trkpt lat="49.054595" lon="15.014896">
        <time>2026-04-05T09:01:43.000Z</time>
      </trkpt>
      <trkpt lat="49.054602" lon="15.014868">
        <time>2026-04-05T09:01:44.000Z</time>
      </trkpt>
      <trkpt lat="49.054616" lon="15.014836">
        <time>2026-04-05T09:01:45.000Z</time>
      </trkpt>
      <trkpt lat="49.054635" lon="15.014817">
        <time>2026-04-05T09:01:46.000Z</time>
      </trkpt>
      <trkpt lat="49.05465" lon="15.014803">
        <time>2026-04-05T09:01:47.000Z</time>
      </trkpt>
      <trkpt lat="49.054672" lon="15.014784">
        <time>2026-04-05T09:01:48.000Z</time>
      </trkpt>
      <trkpt lat="49.054701" lon="15.014764">
        <time>2026-04-05T09:01:49.000Z</time>
      </trkpt>
      <trkpt lat="49.054736" lon="15.01475">
        <time>2026-04-05T09:01:50.000Z</time>
      </trkpt>
      <trkpt lat="49.054769" lon="15.014745">
        <time>2026-04-05T09:01:51.000Z</time>
      </trkpt>
      <trkpt lat="49.054794" lon="15.014737">
        <time>2026-04-05T09:01:52.000Z</time>
      </trkpt>
      <trkpt lat="49.054821" lon="15.014735">
        <time>2026-04-05T09:01:53.000Z</time>
      </trkpt>
      <trkpt lat="49.054847" lon="15.014727">
        <time>2026-04-05T09:01:54.000Z</time>
      </trkpt>
      <trkpt lat="49.054871" lon="15.014723">
        <time>2026-04-05T09:01:55.000Z</time>
      </trkpt>
      <trkpt lat="49.054897" lon="15.014717">
        <time>2026-04-05T09:01:56.000Z</time>
      </trkpt>
      <trkpt lat="49.054923" lon="15.014711">
        <time>2026-04-05T09:01:57.000Z</time>
      </trkpt>
      <trkpt lat="49.054947" lon="15.014709">
        <time>2026-04-05T09:01:58.000Z</time>
      </trkpt>
      <trkpt lat="49.054976" lon="15.014711">
        <time>2026-04-05T09:01:59.000Z</time>
      </trkpt>
      <trkpt lat="49.055005" lon="15.014711">
        <time>2026-04-05T09:02:00.000Z</time>
      </trkpt>
      <trkpt lat="49.055035" lon="15.014699">
        <time>2026-04-05T09:02:01.000Z</time>
      </trkpt>
      <trkpt lat="49.055073" lon="15.014683">
        <time>2026-04-05T09:02:02.000Z</time>
      </trkpt>
      <trkpt lat="49.055097" lon="15.014684">
        <time>2026-04-05T09:02:03.000Z</time>
      </trkpt>
      <trkpt lat="49.055122" lon="15.014682">
        <time>2026-04-05T09:02:04.000Z</time>
      </trkpt>
      <trkpt lat="49.055144" lon="15.014673">
        <time>2026-04-05T09:02:05.000Z</time>
      </trkpt>
      <trkpt lat="49.055163" lon="15.014668">
        <time>2026-04-05T09:02:06.000Z</time>
      </trkpt>
      <trkpt lat="49.055183" lon="15.014661">
        <time>2026-04-05T09:02:07.000Z</time>
      </trkpt>
      <trkpt lat="49.055209" lon="15.014657">
        <time>2026-04-05T09:02:08.000Z</time>
      </trkpt>
      <trkpt lat="49.055236" lon="15.014654">
        <time>2026-04-05T09:02:09.000Z</time>
      </trkpt>
      <trkpt lat="49.055262" lon="15.014652">
        <time>2026-04-05T09:02:10.000Z</time>
      </trkpt>
      <trkpt lat="49.055281" lon="15.014641">
        <time>2026-04-05T09:02:11.000Z</time>
      </trkpt>
      <trkpt lat="49.055304" lon="15.014628">
        <time>2026-04-05T09:02:12.000Z</time>
      </trkpt>
      <trkpt lat="49.055327" lon="15.014619">
        <time>2026-04-05T09:02:13.000Z</time>
      </trkpt>
      <trkpt lat="49.055349" lon="15.014612">
        <time>2026-04-05T09:02:14.000Z</time>
      </trkpt>
      <trkpt lat="49.055371" lon="15.014611">
        <time>2026-04-05T09:02:15.000Z</time>
      </trkpt>
      <trkpt lat="49.055397" lon="15.014612">
        <time>2026-04-05T09:02:16.000Z</time>
      </trkpt>
      <trkpt lat="49.055413" lon="15.014601">
        <time>2026-04-05T09:02:17.000Z</time>
      </trkpt>
      <trkpt lat="49.055434" lon="15.014591">
        <time>2026-04-05T09:02:18.000Z</time>
      </trkpt>
      <trkpt lat="49.055459" lon="15.014582">
        <time>2026-04-05T09:02:19.000Z</time>
      </trkpt>
      <trkpt lat="49.055485" lon="15.014564">
        <time>2026-04-05T09:02:20.000Z</time>
      </trkpt>
      <trkpt lat="49.055517" lon="15.014553">
        <time>2026-04-05T09:02:21.000Z</time>
      </trkpt>
      <trkpt lat="49.055543" lon="15.014547">
        <time>2026-04-05T09:02:22.000Z</time>
      </trkpt>
      <trkpt lat="49.055573" lon="15.014533">
        <time>2026-04-05T09:02:23.000Z</time>
      </trkpt>
      <trkpt lat="49.055598" lon="15.014519">
        <time>2026-04-05T09:02:24.000Z</time>
      </trkpt>
      <trkpt lat="49.055619" lon="15.014477">
        <time>2026-04-05T09:02:25.000Z</time>
      </trkpt>
      <trkpt lat="49.055641" lon="15.014449">
        <time>2026-04-05T09:02:26.000Z</time>
      </trkpt>
      <trkpt lat="49.055654" lon="15.014425">
        <time>2026-04-05T09:02:27.000Z</time>
      </trkpt>
      <trkpt lat="49.055667" lon="15.014393">
        <time>2026-04-05T09:02:28.000Z</time>
      </trkpt>
      <trkpt lat="49.055688" lon="15.014357">
        <time>2026-04-05T09:02:29.000Z</time>
      </trkpt>
      <trkpt lat="49.055705" lon="15.014322">
        <time>2026-04-05T09:02:30.000Z</time>
      </trkpt>
      <trkpt lat="49.055729" lon="15.014294">
        <time>2026-04-05T09:02:31.000Z</time>
      </trkpt>
      <trkpt lat="49.055756" lon="15.01426">
        <time>2026-04-05T09:02:32.000Z</time>
      </trkpt>
      <trkpt lat="49.055775" lon="15.014228">
        <time>2026-04-05T09:02:33.000Z</time>
      </trkpt>
      <trkpt lat="49.055792" lon="15.014194">
        <time>2026-04-05T09:02:34.000Z</time>
      </trkpt>
      <trkpt lat="49.055807" lon="15.014156">
        <time>2026-04-05T09:02:35.000Z</time>
      </trkpt>
      <trkpt lat="49.055825" lon="15.01412">
        <time>2026-04-05T09:02:36.000Z</time>
      </trkpt>
      <trkpt lat="49.055841" lon="15.014084">
        <time>2026-04-05T09:02:37.000Z</time>
      </trkpt>
      <trkpt lat="49.055862" lon="15.014037">
        <time>2026-04-05T09:02:38.000Z</time>
      </trkpt>
      <trkpt lat="49.055868" lon="15.014002">
        <time>2026-04-05T09:02:39.000Z</time>
      </trkpt>
      <trkpt lat="49.055875" lon="15.013971">
        <time>2026-04-05T09:02:40.000Z</time>
      </trkpt>
      <trkpt lat="49.055883" lon="15.013932">
        <time>2026-04-05T09:02:41.000Z</time>
      </trkpt>
      <trkpt lat="49.055902" lon="15.013878">
        <time>2026-04-05T09:02:42.000Z</time>
      </trkpt>
      <trkpt lat="49.055921" lon="15.013836">
        <time>2026-04-05T09:02:43.000Z</time>
      </trkpt>
      <trkpt lat="49.055943" lon="15.01379">
        <time>2026-04-05T09:02:44.000Z</time>
      </trkpt>
      <trkpt lat="49.05596" lon="15.013753">
        <time>2026-04-05T09:02:45.000Z</time>
      </trkpt>
      <trkpt lat="49.055972" lon="15.013708">
        <time>2026-04-05T09:02:46.000Z</time>
      </trkpt>
      <trkpt lat="49.055977" lon="15.013674">
        <time>2026-04-05T09:02:47.000Z</time>
      </trkpt>
      <trkpt lat="49.055987" lon="15.013616">
        <time>2026-04-05T09:02:48.000Z</time>
      </trkpt>
      <trkpt lat="49.055993" lon="15.01358">
        <time>2026-04-05T09:02:49.000Z</time>
      </trkpt>
      <trkpt lat="49.055991" lon="15.013532">
        <time>2026-04-05T09:02:50.000Z</time>
      </trkpt>
      <trkpt lat="49.056002" lon="15.013473">
        <time>2026-04-05T09:02:51.000Z</time>
      </trkpt>
      <trkpt lat="49.056013" lon="15.013415">
        <time>2026-04-05T09:02:52.000Z</time>
      </trkpt>
      <trkpt lat="49.056027" lon="15.013349">
        <time>2026-04-05T09:02:53.000Z</time>
      </trkpt>
      <trkpt lat="49.056038" lon="15.013305">
        <time>2026-04-05T09:02:54.000Z</time>
      </trkpt>
      <trkpt lat="49.056036" lon="15.013262">
        <time>2026-04-05T09:02:55.000Z</time>
      </trkpt>
      <trkpt lat="49.05604" lon="15.013219">
        <time>2026-04-05T09:02:56.000Z</time>
      </trkpt>
      <trkpt lat="49.056046" lon="15.013181">
        <time>2026-04-05T09:02:57.000Z</time>
      </trkpt>
      <trkpt lat="49.056057" lon="15.013146">
        <time>2026-04-05T09:02:58.000Z</time>
      </trkpt>
      <trkpt lat="49.056077" lon="15.013096">
        <time>2026-04-05T09:02:59.000Z</time>
      </trkpt>
      <trkpt lat="49.056094" lon="15.013053">
        <time>2026-04-05T09:03:00.000Z</time>
      </trkpt>
      <trkpt lat="49.056116" lon="15.013011">
        <time>2026-04-05T09:03:01.000Z</time>
      </trkpt>
      <trkpt lat="49.056131" lon="15.01296">
        <time>2026-04-05T09:03:02.000Z</time>
      </trkpt>
      <trkpt lat="49.056144" lon="15.012912">
        <time>2026-04-05T09:03:03.000Z</time>
      </trkpt>
      <trkpt lat="49.056163" lon="15.012869">
        <time>2026-04-05T09:03:04.000Z</time>
      </trkpt>
      <trkpt lat="49.056182" lon="15.012821">
        <time>2026-04-05T09:03:05.000Z</time>
      </trkpt>
      <trkpt lat="49.0562" lon="15.012783">
        <time>2026-04-05T09:03:06.000Z</time>
      </trkpt>
      <trkpt lat="49.056211" lon="15.012748">
        <time>2026-04-05T09:03:07.000Z</time>
      </trkpt>
      <trkpt lat="49.056222" lon="15.012706">
        <time>2026-04-05T09:03:08.000Z</time>
      </trkpt>
      <trkpt lat="49.056232" lon="15.012667">
        <time>2026-04-05T09:03:09.000Z</time>
      </trkpt>
      <trkpt lat="49.056246" lon="15.012638">
        <time>2026-04-05T09:03:10.000Z</time>
      </trkpt>
      <trkpt lat="49.056255" lon="15.01259">
        <time>2026-04-05T09:03:11.000Z</time>
      </trkpt>
      <trkpt lat="49.056262" lon="15.012545">
        <time>2026-04-05T09:03:12.000Z</time>
      </trkpt>
      <trkpt lat="49.056268" lon="15.012498">
        <time>2026-04-05T09:03:13.000Z</time>
      </trkpt>
      <trkpt lat="49.056265" lon="15.012451">
        <time>2026-04-05T09:03:14.000Z</time>
      </trkpt>
      <trkpt lat="49.056258" lon="15.012404">
        <time>2026-04-05T09:03:15.000Z</time>
      </trkpt>
      <trkpt lat="49.056266" lon="15.012364">
        <time>2026-04-05T09:03:16.000Z</time>
      </trkpt>
      <trkpt lat="49.056268" lon="15.012321">
        <time>2026-04-05T09:03:17.000Z</time>
      </trkpt>
      <trkpt lat="49.056276" lon="15.012274">
        <time>2026-04-05T09:03:18.000Z</time>
      </trkpt>
      <trkpt lat="49.056293" lon="15.012237">
        <time>2026-04-05T09:03:19.000Z</time>
      </trkpt>
      <trkpt lat="49.056315" lon="15.012192">
        <time>2026-04-05T09:03:20.000Z</time>
      </trkpt>
      <trkpt lat="49.056337" lon="15.012153">
        <time>2026-04-05T09:03:21.000Z</time>
      </trkpt>
      <trkpt lat="49.056356" lon="15.012098">
        <time>2026-04-05T09:03:22.000Z</time>
      </trkpt>
      <trkpt lat="49.056366" lon="15.012047">
        <time>2026-04-05T09:03:23.000Z</time>
      </trkpt>
      <trkpt lat="49.056368" lon="15.012003">
        <time>2026-04-05T09:03:24.000Z</time>
      </trkpt>
      <trkpt lat="49.056367" lon="15.011959">
        <time>2026-04-05T09:03:25.000Z</time>
      </trkpt>
      <trkpt lat="49.056364" lon="15.01191">
        <time>2026-04-05T09:03:26.000Z</time>
      </trkpt>
      <trkpt lat="49.056361" lon="15.011858">
        <time>2026-04-05T09:03:27.000Z</time>
      </trkpt>
      <trkpt lat="49.056369" lon="15.011817">
        <time>2026-04-05T09:03:28.000Z</time>
      </trkpt>
      <trkpt lat="49.056377" lon="15.01177">
        <time>2026-04-05T09:03:29.000Z</time>
      </trkpt>
      <trkpt lat="49.056389" lon="15.011726">
        <time>2026-04-05T09:03:30.000Z</time>
      </trkpt>
      <trkpt lat="49.056406" lon="15.011685">
        <time>2026-04-05T09:03:31.000Z</time>
      </trkpt>
      <trkpt lat="49.056428" lon="15.01166">
        <time>2026-04-05T09:03:32.000Z</time>
      </trkpt>
      <trkpt lat="49.056455" lon="15.011639">
        <time>2026-04-05T09:03:33.000Z</time>
      </trkpt>
      <trkpt lat="49.056483" lon="15.011616">
        <time>2026-04-05T09:03:34.000Z</time>
      </trkpt>
      <trkpt lat="49.056511" lon="15.011599">
        <time>2026-04-05T09:03:35.000Z</time>
      </trkpt>
      <trkpt lat="49.056541" lon="15.011583">
        <time>2026-04-05T09:03:36.000Z</time>
      </trkpt>
      <trkpt lat="49.056572" lon="15.011577">
        <time>2026-04-05T09:03:37.000Z</time>
      </trkpt>
      <trkpt lat="49.056601" lon="15.011569">
        <time>2026-04-05T09:03:38.000Z</time>
      </trkpt>
      <trkpt lat="49.056631" lon="15.011563">
        <time>2026-04-05T09:03:39.000Z</time>
      </trkpt>
      <trkpt lat="49.056652" lon="15.011543">
        <time>2026-04-05T09:03:40.000Z</time>
      </trkpt>
      <trkpt lat="49.056668" lon="15.01152">
        <time>2026-04-05T09:03:41.000Z</time>
      </trkpt>
      <trkpt lat="49.056679" lon="15.011495">
        <time>2026-04-05T09:03:42.000Z</time>
      </trkpt>
      <trkpt lat="49.056691" lon="15.011472">
        <time>2026-04-05T09:03:43.000Z</time>
      </trkpt>
      <trkpt lat="49.056705" lon="15.011447">
        <time>2026-04-05T09:03:44.000Z</time>
      </trkpt>
      <trkpt lat="49.056726" lon="15.011431">
        <time>2026-04-05T09:03:45.000Z</time>
      </trkpt>
      <trkpt lat="49.056744" lon="15.011414">
        <time>2026-04-05T09:03:46.000Z</time>
      </trkpt>
      <trkpt lat="49.056764" lon="15.011395">
        <time>2026-04-05T09:03:47.000Z</time>
      </trkpt>
      <trkpt lat="49.05678" lon="15.011382">
        <time>2026-04-05T09:03:48.000Z</time>
      </trkpt>
      <trkpt lat="49.056792" lon="15.011365">
        <time>2026-04-05T09:03:49.000Z</time>
      </trkpt>
      <trkpt lat="49.056803" lon="15.01135">
        <time>2026-04-05T09:03:50.000Z</time>
      </trkpt>
      <trkpt lat="49.056821" lon="15.011333">
        <time>2026-04-05T09:03:51.000Z</time>
      </trkpt>
      <trkpt lat="49.056837" lon="15.01131">
        <time>2026-04-05T09:03:52.000Z</time>
      </trkpt>
      <trkpt lat="49.056862" lon="15.011296">
        <time>2026-04-05T09:03:53.000Z</time>
      </trkpt>
      <trkpt lat="49.056888" lon="15.011278">
        <time>2026-04-05T09:03:54.000Z</time>
      </trkpt>
      <trkpt lat="49.056923" lon="15.011238">
        <time>2026-04-05T09:03:55.000Z</time>
      </trkpt>
      <trkpt lat="49.056952" lon="15.011209">
        <time>2026-04-05T09:03:56.000Z</time>
      </trkpt>
      <trkpt lat="49.056975" lon="15.011174">
        <time>2026-04-05T09:03:57.000Z</time>
      </trkpt>
      <trkpt lat="49.05699" lon="15.011135">
        <time>2026-04-05T09:03:58.000Z</time>
      </trkpt>
      <trkpt lat="49.057008" lon="15.011103">
        <time>2026-04-05T09:03:59.000Z</time>
      </trkpt>
      <trkpt lat="49.057026" lon="15.01108">
        <time>2026-04-05T09:04:00.000Z</time>
      </trkpt>
      <trkpt lat="49.057039" lon="15.011065">
        <time>2026-04-05T09:04:01.000Z</time>
      </trkpt>
      <trkpt lat="49.057054" lon="15.011052">
        <time>2026-04-05T09:04:02.000Z</time>
      </trkpt>
      <trkpt lat="49.057073" lon="15.011032">
        <time>2026-04-05T09:04:03.000Z</time>
      </trkpt>
      <trkpt lat="49.057086" lon="15.011004">
        <time>2026-04-05T09:04:04.000Z</time>
      </trkpt>
      <trkpt lat="49.057102" lon="15.010973">
        <time>2026-04-05T09:04:05.000Z</time>
      </trkpt>
      <trkpt lat="49.057115" lon="15.010936">
        <time>2026-04-05T09:04:06.000Z</time>
      </trkpt>
      <trkpt lat="49.057139" lon="15.010912">
        <time>2026-04-05T09:04:07.000Z</time>
      </trkpt>
      <trkpt lat="49.057165" lon="15.0109">
        <time>2026-04-05T09:04:08.000Z</time>
      </trkpt>
      <trkpt lat="49.057186" lon="15.010886">
        <time>2026-04-05T09:04:09.000Z</time>
      </trkpt>
      <trkpt lat="49.057212" lon="15.010876">
        <time>2026-04-05T09:04:10.000Z</time>
      </trkpt>
      <trkpt lat="49.057247" lon="15.010852">
        <time>2026-04-05T09:04:11.000Z</time>
      </trkpt>
      <trkpt lat="49.057275" lon="15.010824">
        <time>2026-04-05T09:04:12.000Z</time>
      </trkpt>
      <trkpt lat="49.057299" lon="15.010777">
        <time>2026-04-05T09:04:13.000Z</time>
      </trkpt>
      <trkpt lat="49.057309" lon="15.010746">
        <time>2026-04-05T09:04:14.000Z</time>
      </trkpt>
      <trkpt lat="49.057321" lon="15.010729">
        <time>2026-04-05T09:04:15.000Z</time>
      </trkpt>
      <trkpt lat="49.057337" lon="15.010711">
        <time>2026-04-05T09:04:16.000Z</time>
      </trkpt>
      <trkpt lat="49.057356" lon="15.010684">
        <time>2026-04-05T09:04:17.000Z</time>
      </trkpt>
      <trkpt lat="49.057375" lon="15.01065">
        <time>2026-04-05T09:04:18.000Z</time>
      </trkpt>
      <trkpt lat="49.057385" lon="15.01062">
        <time>2026-04-05T09:04:19.000Z</time>
      </trkpt>
      <trkpt lat="49.057397" lon="15.010588">
        <time>2026-04-05T09:04:20.000Z</time>
      </trkpt>
      <trkpt lat="49.057408" lon="15.010551">
        <time>2026-04-05T09:04:21.000Z</time>
      </trkpt>
      <trkpt lat="49.057423" lon="15.010524">
        <time>2026-04-05T09:04:22.000Z</time>
      </trkpt>
      <trkpt lat="49.057438" lon="15.010489">
        <time>2026-04-05T09:04:23.000Z</time>
      </trkpt>
      <trkpt lat="49.057449" lon="15.010456">
        <time>2026-04-05T09:04:24.000Z</time>
      </trkpt>
      <trkpt lat="49.057455" lon="15.010424">
        <time>2026-04-05T09:04:25.000Z</time>
      </trkpt>
      <trkpt lat="49.057464" lon="15.010403">
        <time>2026-04-05T09:04:26.000Z</time>
      </trkpt>
      <trkpt lat="49.057472" lon="15.010383">
        <time>2026-04-05T09:04:27.000Z</time>
      </trkpt>
      <trkpt lat="49.057479" lon="15.010347">
        <time>2026-04-05T09:04:28.000Z</time>
      </trkpt>
      <trkpt lat="49.057488" lon="15.010315">
        <time>2026-04-05T09:04:29.000Z</time>
      </trkpt>
      <trkpt lat="49.057496" lon="15.010292">
        <time>2026-04-05T09:04:30.000Z</time>
      </trkpt>
      <trkpt lat="49.057517" lon="15.010269">
        <time>2026-04-05T09:04:31.000Z</time>
      </trkpt>
      <trkpt lat="49.057548" lon="15.01025">
        <time>2026-04-05T09:04:32.000Z</time>
      </trkpt>
      <trkpt lat="49.057575" lon="15.010229">
        <time>2026-04-05T09:04:33.000Z</time>
      </trkpt>
      <trkpt lat="49.057585" lon="15.010211">
        <time>2026-04-05T09:04:34.000Z</time>
      </trkpt>
      <trkpt lat="49.057599" lon="15.010183">
        <time>2026-04-05T09:04:35.000Z</time>
      </trkpt>
      <trkpt lat="49.057613" lon="15.010154">
        <time>2026-04-05T09:04:36.000Z</time>
      </trkpt>
      <trkpt lat="49.057613" lon="15.010127">
        <time>2026-04-05T09:04:37.000Z</time>
      </trkpt>
      <trkpt lat="49.057617" lon="15.010099">
        <time>2026-04-05T09:04:38.000Z</time>
      </trkpt>
      <trkpt lat="49.057624" lon="15.010072">
        <time>2026-04-05T09:04:39.000Z</time>
      </trkpt>
      <trkpt lat="49.057629" lon="15.010047">
        <time>2026-04-05T09:04:40.000Z</time>
      </trkpt>
      <trkpt lat="49.057636" lon="15.010024">
        <time>2026-04-05T09:04:41.000Z</time>
      </trkpt>
      <trkpt lat="49.057639" lon="15.009996">
        <time>2026-04-05T09:04:42.000Z</time>
      </trkpt>
      <trkpt lat="49.057644" lon="15.009969">
        <time>2026-04-05T09:04:43.000Z</time>
      </trkpt>
      <trkpt lat="49.05765" lon="15.009946">
        <time>2026-04-05T09:04:44.000Z</time>
      </trkpt>
      <trkpt lat="49.057652" lon="15.009926">
        <time>2026-04-05T09:04:45.000Z</time>
      </trkpt>
      <trkpt lat="49.057656" lon="15.009899">
        <time>2026-04-05T09:04:46.000Z</time>
      </trkpt>
      <trkpt lat="49.05767" lon="15.009873">
        <time>2026-04-05T09:04:47.000Z</time>
      </trkpt>
      <trkpt lat="49.05769" lon="15.009853">
        <time>2026-04-05T09:04:48.000Z</time>
      </trkpt>
      <trkpt lat="49.057704" lon="15.009818">
        <time>2026-04-05T09:04:49.000Z</time>
      </trkpt>
      <trkpt lat="49.057716" lon="15.009785">
        <time>2026-04-05T09:04:50.000Z</time>
      </trkpt>
      <trkpt lat="49.057726" lon="15.009755">
        <time>2026-04-05T09:04:51.000Z</time>
      </trkpt>
      <trkpt lat="49.057736" lon="15.009724">
        <time>2026-04-05T09:04:52.000Z</time>
      </trkpt>
      <trkpt lat="49.057746" lon="15.00969">
        <time>2026-04-05T09:04:53.000Z</time>
      </trkpt>
      <trkpt lat="49.057754" lon="15.009655">
        <time>2026-04-05T09:04:54.000Z</time>
      </trkpt>
      <trkpt lat="49.057764" lon="15.00962">
        <time>2026-04-05T09:04:55.000Z</time>
      </trkpt>
      <trkpt lat="49.057781" lon="15.009589">
        <time>2026-04-05T09:04:56.000Z</time>
      </trkpt>
      <trkpt lat="49.057799" lon="15.009557">
        <time>2026-04-05T09:04:57.000Z</time>
      </trkpt>
      <trkpt lat="49.057814" lon="15.009534">
        <time>2026-04-05T09:04:58.000Z</time>
      </trkpt>
      <trkpt lat="49.057825" lon="15.009501">
        <time>2026-04-05T09:04:59.000Z</time>
      </trkpt>
      <trkpt lat="49.057833" lon="15.009477">
        <time>2026-04-05T09:05:00.000Z</time>
      </trkpt>
      <trkpt lat="49.057838" lon="15.009432">
        <time>2026-04-05T09:05:01.000Z</time>
      </trkpt>
      <trkpt lat="49.057842" lon="15.009407">
        <time>2026-04-05T09:05:02.000Z</time>
      </trkpt>
      <trkpt lat="49.05785" lon="15.009388">
        <time>2026-04-05T09:05:03.000Z</time>
      </trkpt>
      <trkpt lat="49.057861" lon="15.009379">
        <time>2026-04-05T09:05:04.000Z</time>
      </trkpt>
      <trkpt lat="49.057868" lon="15.009366">
        <time>2026-04-05T09:05:05.000Z</time>
      </trkpt>
      <trkpt lat="49.05787" lon="15.009365">
        <time>2026-04-05T09:05:06.000Z</time>
      </trkpt>
      <trkpt lat="49.057877" lon="15.009355">
        <time>2026-04-05T09:05:07.000Z</time>
      </trkpt>
      <trkpt lat="49.057897" lon="15.009348">
        <time>2026-04-05T09:05:08.000Z</time>
      </trkpt>
      <trkpt lat="49.057918" lon="15.009336">
        <time>2026-04-05T09:05:09.000Z</time>
      </trkpt>
      <trkpt lat="49.057938" lon="15.009326">
        <time>2026-04-05T09:05:10.000Z</time>
      </trkpt>
      <trkpt lat="49.057961" lon="15.009321">
        <time>2026-04-05T09:05:11.000Z</time>
      </trkpt>
      <trkpt lat="49.057973" lon="15.009307">
        <time>2026-04-05T09:05:12.000Z</time>
      </trkpt>
      <trkpt lat="49.057981" lon="15.009288">
        <time>2026-04-05T09:05:13.000Z</time>
      </trkpt>
      <trkpt lat="49.057987" lon="15.009288">
        <time>2026-04-05T09:05:14.000Z</time>
      </trkpt>
      <trkpt lat="49.058012" lon="15.00926">
        <time>2026-04-05T09:05:15.000Z</time>
      </trkpt>
      <trkpt lat="49.058039" lon="15.009238">
        <time>2026-04-05T09:05:16.000Z</time>
      </trkpt>
      <trkpt lat="49.058064" lon="15.009235">
        <time>2026-04-05T09:05:17.000Z</time>
      </trkpt>
      <trkpt lat="49.058102" lon="15.009234">
        <time>2026-04-05T09:05:18.000Z</time>
      </trkpt>
      <trkpt lat="49.058138" lon="15.009233">
        <time>2026-04-05T09:05:19.000Z</time>
      </trkpt>
      <trkpt lat="49.058165" lon="15.009235">
        <time>2026-04-05T09:05:20.000Z</time>
      </trkpt>
      <trkpt lat="49.058186" lon="15.009242">
        <time>2026-04-05T09:05:21.000Z</time>
      </trkpt>
      <trkpt lat="49.058201" lon="15.009257">
        <time>2026-04-05T09:05:22.000Z</time>
      </trkpt>
      <trkpt lat="49.058217" lon="15.009265">
        <time>2026-04-05T09:05:23.000Z</time>
      </trkpt>
      <trkpt lat="49.058233" lon="15.009285">
        <time>2026-04-05T09:05:24.000Z</time>
      </trkpt>
      <trkpt lat="49.058244" lon="15.009303">
        <time>2026-04-05T09:05:25.000Z</time>
      </trkpt>
      <trkpt lat="49.058255" lon="15.009325">
        <time>2026-04-05T09:05:26.000Z</time>
      </trkpt>
      <trkpt lat="49.058272" lon="15.009349">
        <time>2026-04-05T09:05:27.000Z</time>
      </trkpt>
      <trkpt lat="49.058296" lon="15.009366">
        <time>2026-04-05T09:05:28.000Z</time>
      </trkpt>
      <trkpt lat="49.058321" lon="15.009375">
        <time>2026-04-05T09:05:29.000Z</time>
      </trkpt>
      <trkpt lat="49.05835" lon="15.009387">
        <time>2026-04-05T09:05:30.000Z</time>
      </trkpt>
      <trkpt lat="49.058384" lon="15.009404">
        <time>2026-04-05T09:05:31.000Z</time>
      </trkpt>
      <trkpt lat="49.058408" lon="15.009418">
        <time>2026-04-05T09:05:32.000Z</time>
      </trkpt>
      <trkpt lat="49.058428" lon="15.009435">
        <time>2026-04-05T09:05:33.000Z</time>
      </trkpt>
      <trkpt lat="49.058442" lon="15.009459">
        <time>2026-04-05T09:05:34.000Z</time>
      </trkpt>
      <trkpt lat="49.058463" lon="15.009489">
        <time>2026-04-05T09:05:35.000Z</time>
      </trkpt>
      <trkpt lat="49.058485" lon="15.00951">
        <time>2026-04-05T09:05:36.000Z</time>
      </trkpt>
      <trkpt lat="49.058504" lon="15.009519">
        <time>2026-04-05T09:05:37.000Z</time>
      </trkpt>
      <trkpt lat="49.058523" lon="15.00953">
        <time>2026-04-05T09:05:38.000Z</time>
      </trkpt>
      <trkpt lat="49.058536" lon="15.009548">
        <time>2026-04-05T09:05:39.000Z</time>
      </trkpt>
      <trkpt lat="49.058543" lon="15.00957">
        <time>2026-04-05T09:05:40.000Z</time>
      </trkpt>
      <trkpt lat="49.058538" lon="15.009594">
        <time>2026-04-05T09:05:41.000Z</time>
      </trkpt>
      <trkpt lat="49.058546" lon="15.009604">
        <time>2026-04-05T09:05:42.000Z</time>
      </trkpt>
      <trkpt lat="49.058559" lon="15.009615">
        <time>2026-04-05T09:05:43.000Z</time>
      </trkpt>
      <trkpt lat="49.058574" lon="15.009633">
        <time>2026-04-05T09:05:44.000Z</time>
      </trkpt>
      <trkpt lat="49.058581" lon="15.009654">
        <time>2026-04-05T09:05:45.000Z</time>
      </trkpt>
      <trkpt lat="49.058588" lon="15.009678">
        <time>2026-04-05T09:05:46.000Z</time>
      </trkpt>
      <trkpt lat="49.058585" lon="15.009713">
        <time>2026-04-05T09:05:47.000Z</time>
      </trkpt>
      <trkpt lat="49.058594" lon="15.009737">
        <time>2026-04-05T09:05:48.000Z</time>
      </trkpt>
      <trkpt lat="49.058606" lon="15.009767">
        <time>2026-04-05T09:05:49.000Z</time>
      </trkpt>
      <trkpt lat="49.058621" lon="15.009784">
        <time>2026-04-05T09:05:50.000Z</time>
      </trkpt>
      <trkpt lat="49.058635" lon="15.009813">
        <time>2026-04-05T09:05:51.000Z</time>
      </trkpt>
      <trkpt lat="49.058653" lon="15.009851">
        <time>2026-04-05T09:05:52.000Z</time>
      </trkpt>
      <trkpt lat="49.058669" lon="15.009872">
        <time>2026-04-05T09:05:53.000Z</time>
      </trkpt>
      <trkpt lat="49.05869" lon="15.00989">
        <time>2026-04-05T09:05:54.000Z</time>
      </trkpt>
      <trkpt lat="49.058708" lon="15.009914">
        <time>2026-04-05T09:05:55.000Z</time>
      </trkpt>
      <trkpt lat="49.058729" lon="15.009941">
        <time>2026-04-05T09:05:56.000Z</time>
      </trkpt>
      <trkpt lat="49.058744" lon="15.009943">
        <time>2026-04-05T09:05:57.000Z</time>
      </trkpt>
      <trkpt lat="49.058754" lon="15.009942">
        <time>2026-04-05T09:05:58.000Z</time>
      </trkpt>
      <trkpt lat="49.058766" lon="15.009942">
        <time>2026-04-05T09:05:59.000Z</time>
      </trkpt>
      <trkpt lat="49.058772" lon="15.009944">
        <time>2026-04-05T09:06:00.000Z</time>
      </trkpt>
      <trkpt lat="49.058775" lon="15.009942">
        <time>2026-04-05T09:06:01.000Z</time>
      </trkpt>
      <trkpt lat="49.058784" lon="15.009946">
        <time>2026-04-05T09:06:02.000Z</time>
      </trkpt>
      <trkpt lat="49.058791" lon="15.009946">
        <time>2026-04-05T09:06:03.000Z</time>
      </trkpt>
      <trkpt lat="49.058788" lon="15.009947">
        <time>2026-04-05T09:06:04.000Z</time>
      </trkpt>
      <trkpt lat="49.058787" lon="15.009947">
        <time>2026-04-05T09:06:05.000Z</time>
      </trkpt>
      <trkpt lat="49.058785" lon="15.009948">
        <time>2026-04-05T09:06:06.000Z</time>
      </trkpt>
      <trkpt lat="49.0588" lon="15.009964">
        <time>2026-04-05T09:06:07.000Z</time>
      </trkpt>
      <trkpt lat="49.058812" lon="15.009993">
        <time>2026-04-05T09:06:08.000Z</time>
      </trkpt>
      <trkpt lat="49.058813" lon="15.010022">
        <time>2026-04-05T09:06:09.000Z</time>
      </trkpt>
      <trkpt lat="49.058811" lon="15.010029">
        <time>2026-04-05T09:06:10.000Z</time>
      </trkpt>
      <trkpt lat="49.058807" lon="15.010047">
        <time>2026-04-05T09:06:11.000Z</time>
      </trkpt>
      <trkpt lat="49.058799" lon="15.010062">
        <time>2026-04-05T09:06:12.000Z</time>
      </trkpt>
      <trkpt lat="49.05879" lon="15.010071">
        <time>2026-04-05T09:06:13.000Z</time>
      </trkpt>
      <trkpt lat="49.058783" lon="15.010077">
        <time>2026-04-05T09:06:14.000Z</time>
      </trkpt>
      <trkpt lat="49.058781" lon="15.010079">
        <time>2026-04-05T09:06:15.000Z</time>
      </trkpt>
      <trkpt lat="49.058775" lon="15.010078">
        <time>2026-04-05T09:06:16.000Z</time>
      </trkpt>
      <trkpt lat="49.058773" lon="15.01009">
        <time>2026-04-05T09:06:17.000Z</time>
      </trkpt>
      <trkpt lat="49.058766" lon="15.010103">
        <time>2026-04-05T09:06:18.000Z</time>
      </trkpt>
      <trkpt lat="49.058754" lon="15.010107">
        <time>2026-04-05T09:06:19.000Z</time>
      </trkpt>
      <trkpt lat="49.058748" lon="15.010108">
        <time>2026-04-05T09:06:20.000Z</time>
      </trkpt>
      <trkpt lat="49.058745" lon="15.010106">
        <time>2026-04-05T09:06:21.000Z</time>
      </trkpt>
      <trkpt lat="49.058737" lon="15.010089">
        <time>2026-04-05T09:06:22.000Z</time>
      </trkpt>
      <trkpt lat="49.058718" lon="15.010064">
        <time>2026-04-05T09:06:23.000Z</time>
      </trkpt>
      <trkpt lat="49.058699" lon="15.01004">
        <time>2026-04-05T09:06:24.000Z</time>
      </trkpt>
      <trkpt lat="49.058691" lon="15.010023">
        <time>2026-04-05T09:06:25.000Z</time>
      </trkpt>
      <trkpt lat="49.05869" lon="15.010018">
        <time>2026-04-05T09:06:26.000Z</time>
      </trkpt>
      <trkpt lat="49.058694" lon="15.01001">
        <time>2026-04-05T09:06:27.000Z</time>
      </trkpt>
      <trkpt lat="49.058698" lon="15.01">
        <time>2026-04-05T09:06:28.000Z</time>
      </trkpt>
      <trkpt lat="49.058689" lon="15.009992">
        <time>2026-04-05T09:06:29.000Z</time>
      </trkpt>
      <trkpt lat="49.058684" lon="15.009991">
        <time>2026-04-05T09:06:30.000Z</time>
      </trkpt>
      <trkpt lat="49.058674" lon="15.009993">
        <time>2026-04-05T09:06:31.000Z</time>
      </trkpt>
      <trkpt lat="49.058664" lon="15.010002">
        <time>2026-04-05T09:06:32.000Z</time>
      </trkpt>
      <trkpt lat="49.058646" lon="15.010003">
        <time>2026-04-05T09:06:33.000Z</time>
      </trkpt>
      <trkpt lat="49.058634" lon="15.009995">
        <time>2026-04-05T09:06:34.000Z</time>
      </trkpt>
      <trkpt lat="49.058624" lon="15.009988">
        <time>2026-04-05T09:06:35.000Z</time>
      </trkpt>
      <trkpt lat="49.058614" lon="15.009982">
        <time>2026-04-05T09:06:36.000Z</time>
      </trkpt>
      <trkpt lat="49.058606" lon="15.009975">
        <time>2026-04-05T09:06:37.000Z</time>
      </trkpt>
      <trkpt lat="49.058598" lon="15.009969">
        <time>2026-04-05T09:06:38.000Z</time>
      </trkpt>
      <trkpt lat="49.058601" lon="15.009955">
        <time>2026-04-05T09:06:39.000Z</time>
      </trkpt>
      <trkpt lat="49.058604" lon="15.009938">
        <time>2026-04-05T09:06:40.000Z</time>
      </trkpt>
      <trkpt lat="49.058605" lon="15.00992">
        <time>2026-04-05T09:06:41.000Z</time>
      </trkpt>
      <trkpt lat="49.058602" lon="15.009903">
        <time>2026-04-05T09:06:42.000Z</time>
      </trkpt>
      <trkpt lat="49.058602" lon="15.009896">
        <time>2026-04-05T09:06:43.000Z</time>
      </trkpt>
      <trkpt lat="49.058606" lon="15.009886">
        <time>2026-04-05T09:06:44.000Z</time>
      </trkpt>
      <trkpt lat="49.058614" lon="15.009872">
        <time>2026-04-05T09:06:45.000Z</time>
      </trkpt>
      <trkpt lat="49.058623" lon="15.009854">
        <time>2026-04-05T09:06:46.000Z</time>
      </trkpt>
      <trkpt lat="49.058634" lon="15.009849">
        <time>2026-04-05T09:06:47.000Z</time>
      </trkpt>
      <trkpt lat="49.058641" lon="15.009845">
        <time>2026-04-05T09:06:48.000Z</time>
      </trkpt>
      <trkpt lat="49.05865" lon="15.009837">
        <time>2026-04-05T09:06:49.000Z</time>
      </trkpt>
      <trkpt lat="49.058662" lon="15.009827">
        <time>2026-04-05T09:06:50.000Z</time>
      </trkpt>
      <trkpt lat="49.058672" lon="15.00981">
        <time>2026-04-05T09:06:51.000Z</time>
      </trkpt>
      <trkpt lat="49.058678" lon="15.009788">
        <time>2026-04-05T09:06:52.000Z</time>
      </trkpt>
      <trkpt lat="49.058686" lon="15.009775">
        <time>2026-04-05T09:06:53.000Z</time>
      </trkpt>
      <trkpt lat="49.058693" lon="15.009763">
        <time>2026-04-05T09:06:54.000Z</time>
      </trkpt>
      <trkpt lat="49.0587" lon="15.009756">
        <time>2026-04-05T09:06:55.000Z</time>
      </trkpt>
      <trkpt lat="49.05871" lon="15.009744">
        <time>2026-04-05T09:06:56.000Z</time>
      </trkpt>
      <trkpt lat="49.058729" lon="15.009729">
        <time>2026-04-05T09:06:57.000Z</time>
      </trkpt>
      <trkpt lat="49.058744" lon="15.009708">
        <time>2026-04-05T09:06:58.000Z</time>
      </trkpt>
      <trkpt lat="49.058763" lon="15.009704">
        <time>2026-04-05T09:06:59.000Z</time>
      </trkpt>
      <trkpt lat="49.058784" lon="15.009702">
        <time>2026-04-05T09:07:00.000Z</time>
      </trkpt>
      <trkpt lat="49.058806" lon="15.009687">
        <time>2026-04-05T09:07:01.000Z</time>
      </trkpt>
      <trkpt lat="49.058819" lon="15.009676">
        <time>2026-04-05T09:07:02.000Z</time>
      </trkpt>
      <trkpt lat="49.05883" lon="15.009663">
        <time>2026-04-05T09:07:03.000Z</time>
      </trkpt>
      <trkpt lat="49.058839" lon="15.009645">
        <time>2026-04-05T09:07:04.000Z</time>
      </trkpt>
      <trkpt lat="49.058845" lon="15.009617">
        <time>2026-04-05T09:07:05.000Z</time>
      </trkpt>
      <trkpt lat="49.058848" lon="15.009586">
        <time>2026-04-05T09:07:06.000Z</time>
      </trkpt>
      <trkpt lat="49.058852" lon="15.009514">
        <time>2026-04-05T09:07:07.000Z</time>
      </trkpt>
      <trkpt lat="49.058857" lon="15.00947">
        <time>2026-04-05T09:07:08.000Z</time>
      </trkpt>
      <trkpt lat="49.058861" lon="15.009463">
        <time>2026-04-05T09:07:09.000Z</time>
      </trkpt>
      <trkpt lat="49.058858" lon="15.009455">
        <time>2026-04-05T09:07:10.000Z</time>
      </trkpt>
      <trkpt lat="49.058856" lon="15.009456">
        <time>2026-04-05T09:07:11.000Z</time>
      </trkpt>
      <trkpt lat="49.058857" lon="15.009468">
        <time>2026-04-05T09:07:12.000Z</time>
      </trkpt>
      <trkpt lat="49.05886" lon="15.009477">
        <time>2026-04-05T09:07:13.000Z</time>
      </trkpt>
      <trkpt lat="49.058866" lon="15.009488">
        <time>2026-04-05T09:07:14.000Z</time>
      </trkpt>
      <trkpt lat="49.058867" lon="15.009496">
        <time>2026-04-05T09:07:15.000Z</time>
      </trkpt>
      <trkpt lat="49.05887" lon="15.009505">
        <time>2026-04-05T09:07:16.000Z</time>
      </trkpt>
      <trkpt lat="49.058873" lon="15.009513">
        <time>2026-04-05T09:07:17.000Z</time>
      </trkpt>
      <trkpt lat="49.058873" lon="15.009526">
        <time>2026-04-05T09:07:18.000Z</time>
      </trkpt>
      <trkpt lat="49.058872" lon="15.009539">
        <time>2026-04-05T09:07:19.000Z</time>
      </trkpt>
      <trkpt lat="49.058876" lon="15.00955">
        <time>2026-04-05T09:07:20.000Z</time>
      </trkpt>
      <trkpt lat="49.058877" lon="15.009562">
        <time>2026-04-05T09:07:21.000Z</time>
      </trkpt>
      <trkpt lat="49.058875" lon="15.00958">
        <time>2026-04-05T09:07:22.000Z</time>
      </trkpt>
      <trkpt lat="49.058873" lon="15.009602">
        <time>2026-04-05T09:07:23.000Z</time>
      </trkpt>
      <trkpt lat="49.058875" lon="15.00963">
        <time>2026-04-05T09:07:24.000Z</time>
      </trkpt>
      <trkpt lat="49.058871" lon="15.009659">
        <time>2026-04-05T09:07:25.000Z</time>
      </trkpt>
      <trkpt lat="49.058867" lon="15.009692">
        <time>2026-04-05T09:07:26.000Z</time>
      </trkpt>
      <trkpt lat="49.058859" lon="15.009721">
        <time>2026-04-05T09:07:27.000Z</time>
      </trkpt>
      <trkpt lat="49.058851" lon="15.009747">
        <time>2026-04-05T09:07:28.000Z</time>
      </trkpt>
      <trkpt lat="49.058841" lon="15.009771">
        <time>2026-04-05T09:07:29.000Z</time>
      </trkpt>
      <trkpt lat="49.058843" lon="15.009803">
        <time>2026-04-05T09:07:30.000Z</time>
      </trkpt>
      <trkpt lat="49.058846" lon="15.009839">
        <time>2026-04-05T09:07:31.000Z</time>
      </trkpt>
      <trkpt lat="49.058851" lon="15.009875">
        <time>2026-04-05T09:07:32.000Z</time>
      </trkpt>
      <trkpt lat="49.058854" lon="15.009906">
        <time>2026-04-05T09:07:33.000Z</time>
      </trkpt>
      <trkpt lat="49.058853" lon="15.009928">
        <time>2026-04-05T09:07:34.000Z</time>
      </trkpt>
      <trkpt lat="49.058855" lon="15.009949">
        <time>2026-04-05T09:07:35.000Z</time>
      </trkpt>
      <trkpt lat="49.058861" lon="15.009977">
        <time>2026-04-05T09:07:36.000Z</time>
      </trkpt>
      <trkpt lat="49.058872" lon="15.010008">
        <time>2026-04-05T09:07:37.000Z</time>
      </trkpt>
      <trkpt lat="49.05888" lon="15.010024">
        <time>2026-04-05T09:07:38.000Z</time>
      </trkpt>
      <trkpt lat="49.058884" lon="15.010028">
        <time>2026-04-05T09:07:39.000Z</time>
      </trkpt>
      <trkpt lat="49.058891" lon="15.010032">
        <time>2026-04-05T09:07:40.000Z</time>
      </trkpt>
      <trkpt lat="49.058898" lon="15.010038">
        <time>2026-04-05T09:07:41.000Z</time>
      </trkpt>
      <trkpt lat="49.0589" lon="15.010037">
        <time>2026-04-05T09:07:42.000Z</time>
      </trkpt>
      <trkpt lat="49.0589" lon="15.010039">
        <time>2026-04-05T09:07:43.000Z</time>
      </trkpt>
      <trkpt lat="49.058907" lon="15.010057">
        <time>2026-04-05T09:07:44.000Z</time>
      </trkpt>
      <trkpt lat="49.058917" lon="15.01008">
        <time>2026-04-05T09:07:45.000Z</time>
      </trkpt>
      <trkpt lat="49.058917" lon="15.01011">
        <time>2026-04-05T09:07:46.000Z</time>
      </trkpt>
      <trkpt lat="49.058928" lon="15.010153">
        <time>2026-04-05T09:07:47.000Z</time>
      </trkpt>
      <trkpt lat="49.058936" lon="15.010191">
        <time>2026-04-05T09:07:48.000Z</time>
      </trkpt>
      <trkpt lat="49.05894" lon="15.010222">
        <time>2026-04-05T09:07:49.000Z</time>
      </trkpt>
      <trkpt lat="49.058938" lon="15.010226">
        <time>2026-04-05T09:07:50.000Z</time>
      </trkpt>
      <trkpt lat="49.058945" lon="15.010242">
        <time>2026-04-05T09:07:51.000Z</time>
      </trkpt>
      <trkpt lat="49.058945" lon="15.010249">
        <time>2026-04-05T09:07:52.000Z</time>
      </trkpt>
      <trkpt lat="49.058958" lon="15.010258">
        <time>2026-04-05T09:07:53.000Z</time>
      </trkpt>
      <trkpt lat="49.058975" lon="15.010277">
        <time>2026-04-05T09:07:54.000Z</time>
      </trkpt>
      <trkpt lat="49.058989" lon="15.010298">
        <time>2026-04-05T09:07:55.000Z</time>
      </trkpt>
      <trkpt lat="49.059001" lon="15.010326">
        <time>2026-04-05T09:07:56.000Z</time>
      </trkpt>
      <trkpt lat="49.059008" lon="15.010358">
        <time>2026-04-05T09:07:57.000Z</time>
      </trkpt>
      <trkpt lat="49.059011" lon="15.01039">
        <time>2026-04-05T09:07:58.000Z</time>
      </trkpt>
      <trkpt lat="49.059021" lon="15.010414">
        <time>2026-04-05T09:07:59.000Z</time>
      </trkpt>
      <trkpt lat="49.059031" lon="15.010441">
        <time>2026-04-05T09:08:00.000Z</time>
      </trkpt>
      <trkpt lat="49.059038" lon="15.010462">
        <time>2026-04-05T09:08:01.000Z</time>
      </trkpt>
      <trkpt lat="49.059041" lon="15.010481">
        <time>2026-04-05T09:08:02.000Z</time>
      </trkpt>
      <trkpt lat="49.059045" lon="15.010498">
        <time>2026-04-05T09:08:03.000Z</time>
      </trkpt>
      <trkpt lat="49.05905" lon="15.010517">
        <time>2026-04-05T09:08:04.000Z</time>
      </trkpt>
      <trkpt lat="49.059052" lon="15.010537">
        <time>2026-04-05T09:08:05.000Z</time>
      </trkpt>
      <trkpt lat="49.059055" lon="15.01056">
        <time>2026-04-05T09:08:06.000Z</time>
      </trkpt>
      <trkpt lat="49.059059" lon="15.010581">
        <time>2026-04-05T09:08:07.000Z</time>
      </trkpt>
      <trkpt lat="49.059061" lon="15.010587">
        <time>2026-04-05T09:08:08.000Z</time>
      </trkpt>
      <trkpt lat="49.059058" lon="15.010613">
        <time>2026-04-05T09:08:09.000Z</time>
      </trkpt>
      <trkpt lat="49.059053" lon="15.010644">
        <time>2026-04-05T09:08:10.000Z</time>
      </trkpt>
      <trkpt lat="49.059055" lon="15.010672">
        <time>2026-04-05T09:08:11.000Z</time>
      </trkpt>
      <trkpt lat="49.059057" lon="15.010702">
        <time>2026-04-05T09:08:12.000Z</time>
      </trkpt>
      <trkpt lat="49.059051" lon="15.010738">
        <time>2026-04-05T09:08:13.000Z</time>
      </trkpt>
      <trkpt lat="49.059049" lon="15.010767">
        <time>2026-04-05T09:08:14.000Z</time>
      </trkpt>
      <trkpt lat="49.059039" lon="15.010783">
        <time>2026-04-05T09:08:15.000Z</time>
      </trkpt>
      <trkpt lat="49.059023" lon="15.010789">
        <time>2026-04-05T09:08:16.000Z</time>
      </trkpt>
      <trkpt lat="49.059013" lon="15.010784">
        <time>2026-04-05T09:08:17.000Z</time>
      </trkpt>
      <trkpt lat="49.059004" lon="15.010782">
        <time>2026-04-05T09:08:18.000Z</time>
      </trkpt>
      <trkpt lat="49.058992" lon="15.010777">
        <time>2026-04-05T09:08:19.000Z</time>
      </trkpt>
      <trkpt lat="49.058985" lon="15.010762">
        <time>2026-04-05T09:08:20.000Z</time>
      </trkpt>
      <trkpt lat="49.058987" lon="15.010749">
        <time>2026-04-05T09:08:21.000Z</time>
      </trkpt>
      <trkpt lat="49.058984" lon="15.010739">
        <time>2026-04-05T09:08:22.000Z</time>
      </trkpt>
      <trkpt lat="49.058972" lon="15.010745">
        <time>2026-04-05T09:08:23.000Z</time>
      </trkpt>
      <trkpt lat="49.058962" lon="15.010764">
        <time>2026-04-05T09:08:24.000Z</time>
      </trkpt>
      <trkpt lat="49.05895" lon="15.010786">
        <time>2026-04-05T09:08:25.000Z</time>
      </trkpt>
      <trkpt lat="49.058928" lon="15.010812">
        <time>2026-04-05T09:08:26.000Z</time>
      </trkpt>
      <trkpt lat="49.05891" lon="15.010822">
        <time>2026-04-05T09:08:27.000Z</time>
      </trkpt>
      <trkpt lat="49.058895" lon="15.010819">
        <time>2026-04-05T09:08:28.000Z</time>
      </trkpt>
      <trkpt lat="49.058887" lon="15.01081">
        <time>2026-04-05T09:08:29.000Z</time>
      </trkpt>
      <trkpt lat="49.05888" lon="15.010798">
        <time>2026-04-05T09:08:30.000Z</time>
      </trkpt>
      <trkpt lat="49.05888" lon="15.010785">
        <time>2026-04-05T09:08:31.000Z</time>
      </trkpt>
      <trkpt lat="49.058882" lon="15.010782">
        <time>2026-04-05T09:08:32.000Z</time>
      </trkpt>
      <trkpt lat="49.058875" lon="15.010769">
        <time>2026-04-05T09:08:33.000Z</time>
      </trkpt>
      <trkpt lat="49.058867" lon="15.01076">
        <time>2026-04-05T09:08:34.000Z</time>
      </trkpt>
      <trkpt lat="49.058856" lon="15.010761">
        <time>2026-04-05T09:08:35.000Z</time>
      </trkpt>
      <trkpt lat="49.058844" lon="15.010765">
        <time>2026-04-05T09:08:36.000Z</time>
      </trkpt>
      <trkpt lat="49.058833" lon="15.010772">
        <time>2026-04-05T09:08:37.000Z</time>
      </trkpt>
      <trkpt lat="49.058822" lon="15.010776">
        <time>2026-04-05T09:08:38.000Z</time>
      </trkpt>
      <trkpt lat="49.058812" lon="15.010772">
        <time>2026-04-05T09:08:39.000Z</time>
      </trkpt>
      <trkpt lat="49.058812" lon="15.01077">
        <time>2026-04-05T09:08:40.000Z</time>
      </trkpt>
      <trkpt lat="49.058813" lon="15.010769">
        <time>2026-04-05T09:08:41.000Z</time>
      </trkpt>
      <trkpt lat="49.058815" lon="15.010768">
        <time>2026-04-05T09:08:42.000Z</time>
      </trkpt>
      <trkpt lat="49.058816" lon="15.010768">
        <time>2026-04-05T09:08:43.000Z</time>
      </trkpt>
      <trkpt lat="49.058816" lon="15.010768">
        <time>2026-04-05T09:08:44.000Z</time>
      </trkpt>
      <trkpt lat="49.058817" lon="15.010768">
        <time>2026-04-05T09:08:45.000Z</time>
      </trkpt>
      <trkpt lat="49.058819" lon="15.010758">
        <time>2026-04-05T09:08:46.000Z</time>
      </trkpt>
      <trkpt lat="49.058828" lon="15.010753">
        <time>2026-04-05T09:08:47.000Z</time>
      </trkpt>
      <trkpt lat="49.058838" lon="15.010752">
        <time>2026-04-05T09:08:48.000Z</time>
      </trkpt>
      <trkpt lat="49.05885" lon="15.010755">
        <time>2026-04-05T09:08:49.000Z</time>
      </trkpt>
      <trkpt lat="49.058863" lon="15.010768">
        <time>2026-04-05T09:08:50.000Z</time>
      </trkpt>
      <trkpt lat="49.05888" lon="15.010778">
        <time>2026-04-05T09:08:51.000Z</time>
      </trkpt>
      <trkpt lat="49.058901" lon="15.010788">
        <time>2026-04-05T09:08:52.000Z</time>
      </trkpt>
      <trkpt lat="49.058918" lon="15.010809">
        <time>2026-04-05T09:08:53.000Z</time>
      </trkpt>
      <trkpt lat="49.058924" lon="15.010838">
        <time>2026-04-05T09:08:54.000Z</time>
      </trkpt>
      <trkpt lat="49.058922" lon="15.010873">
        <time>2026-04-05T09:08:55.000Z</time>
      </trkpt>
      <trkpt lat="49.05892" lon="15.010907">
        <time>2026-04-05T09:08:56.000Z</time>
      </trkpt>
      <trkpt lat="49.058921" lon="15.010934">
        <time>2026-04-05T09:08:57.000Z</time>
      </trkpt>
      <trkpt lat="49.058926" lon="15.010961">
        <time>2026-04-05T09:08:58.000Z</time>
      </trkpt>
      <trkpt lat="49.058939" lon="15.010994">
        <time>2026-04-05T09:08:59.000Z</time>
      </trkpt>
      <trkpt lat="49.058944" lon="15.011018">
        <time>2026-04-05T09:09:00.000Z</time>
      </trkpt>
      <trkpt lat="49.058955" lon="15.011031">
        <time>2026-04-05T09:09:01.000Z</time>
      </trkpt>
      <trkpt lat="49.058964" lon="15.011056">
        <time>2026-04-05T09:09:02.000Z</time>
      </trkpt>
      <trkpt lat="49.058967" lon="15.011076">
        <time>2026-04-05T09:09:03.000Z</time>
      </trkpt>
      <trkpt lat="49.058964" lon="15.0111">
        <time>2026-04-05T09:09:04.000Z</time>
      </trkpt>
      <trkpt lat="49.058955" lon="15.011131">
        <time>2026-04-05T09:09:05.000Z</time>
      </trkpt>
      <trkpt lat="49.058937" lon="15.011163">
        <time>2026-04-05T09:09:06.000Z</time>
      </trkpt>
      <trkpt lat="49.058919" lon="15.011187">
        <time>2026-04-05T09:09:07.000Z</time>
      </trkpt>
      <trkpt lat="49.058895" lon="15.011208">
        <time>2026-04-05T09:09:08.000Z</time>
      </trkpt>
      <trkpt lat="49.058873" lon="15.011205">
        <time>2026-04-05T09:09:09.000Z</time>
      </trkpt>
      <trkpt lat="49.058866" lon="15.011192">
        <time>2026-04-05T09:09:10.000Z</time>
      </trkpt>
      <trkpt lat="49.058857" lon="15.011176">
        <time>2026-04-05T09:09:11.000Z</time>
      </trkpt>
      <trkpt lat="49.058843" lon="15.011152">
        <time>2026-04-05T09:09:12.000Z</time>
      </trkpt>
      <trkpt lat="49.058832" lon="15.01112">
        <time>2026-04-05T09:09:13.000Z</time>
      </trkpt>
      <trkpt lat="49.058825" lon="15.01109">
        <time>2026-04-05T09:09:14.000Z</time>
      </trkpt>
      <trkpt lat="49.058809" lon="15.011062">
        <time>2026-04-05T09:09:15.000Z</time>
      </trkpt>
      <trkpt lat="49.058793" lon="15.011044">
        <time>2026-04-05T09:09:16.000Z</time>
      </trkpt>
      <trkpt lat="49.058777" lon="15.011024">
        <time>2026-04-05T09:09:17.000Z</time>
      </trkpt>
      <trkpt lat="49.058762" lon="15.011001">
        <time>2026-04-05T09:09:18.000Z</time>
      </trkpt>
      <trkpt lat="49.058748" lon="15.01098">
        <time>2026-04-05T09:09:19.000Z</time>
      </trkpt>
      <trkpt lat="49.058738" lon="15.010954">
        <time>2026-04-05T09:09:20.000Z</time>
      </trkpt>
      <trkpt lat="49.058733" lon="15.010931">
        <time>2026-04-05T09:09:21.000Z</time>
      </trkpt>
      <trkpt lat="49.058725" lon="15.010906">
        <time>2026-04-05T09:09:22.000Z</time>
      </trkpt>
      <trkpt lat="49.058713" lon="15.010876">
        <time>2026-04-05T09:09:23.000Z</time>
      </trkpt>
      <trkpt lat="49.058703" lon="15.010843">
        <time>2026-04-05T09:09:24.000Z</time>
      </trkpt>
      <trkpt lat="49.058698" lon="15.010837">
        <time>2026-04-05T09:09:25.000Z</time>
      </trkpt>
      <trkpt lat="49.058694" lon="15.010834">
        <time>2026-04-05T09:09:26.000Z</time>
      </trkpt>
      <trkpt lat="49.058688" lon="15.010836">
        <time>2026-04-05T09:09:27.000Z</time>
      </trkpt>
      <trkpt lat="49.058669" lon="15.010847">
        <time>2026-04-05T09:09:28.000Z</time>
      </trkpt>
      <trkpt lat="49.058644" lon="15.010856">
        <time>2026-04-05T09:09:29.000Z</time>
      </trkpt>
      <trkpt lat="49.05862" lon="15.010861">
        <time>2026-04-05T09:09:30.000Z</time>
      </trkpt>
      <trkpt lat="49.058593" lon="15.01086">
        <time>2026-04-05T09:09:31.000Z</time>
      </trkpt>
      <trkpt lat="49.058567" lon="15.010846">
        <time>2026-04-05T09:09:32.000Z</time>
      </trkpt>
      <trkpt lat="49.058539" lon="15.010814">
        <time>2026-04-05T09:09:33.000Z</time>
      </trkpt>
      <trkpt lat="49.058514" lon="15.010783">
        <time>2026-04-05T09:09:34.000Z</time>
      </trkpt>
      <trkpt lat="49.058496" lon="15.010761">
        <time>2026-04-05T09:09:35.000Z</time>
      </trkpt>
      <trkpt lat="49.058473" lon="15.01073">
        <time>2026-04-05T09:09:36.000Z</time>
      </trkpt>
      <trkpt lat="49.058447" lon="15.010705">
        <time>2026-04-05T09:09:37.000Z</time>
      </trkpt>
      <trkpt lat="49.058423" lon="15.010687">
        <time>2026-04-05T09:09:38.000Z</time>
      </trkpt>
      <trkpt lat="49.058401" lon="15.010675">
        <time>2026-04-05T09:09:39.000Z</time>
      </trkpt>
      <trkpt lat="49.05837" lon="15.010674">
        <time>2026-04-05T09:09:40.000Z</time>
      </trkpt>
      <trkpt lat="49.058348" lon="15.010664">
        <time>2026-04-05T09:09:41.000Z</time>
      </trkpt>
      <trkpt lat="49.058329" lon="15.01064">
        <time>2026-04-05T09:09:42.000Z</time>
      </trkpt>
      <trkpt lat="49.058313" lon="15.01061">
        <time>2026-04-05T09:09:43.000Z</time>
      </trkpt>
      <trkpt lat="49.058305" lon="15.010587">
        <time>2026-04-05T09:09:44.000Z</time>
      </trkpt>
      <trkpt lat="49.058303" lon="15.010573">
        <time>2026-04-05T09:09:45.000Z</time>
      </trkpt>
      <trkpt lat="49.058293" lon="15.01057">
        <time>2026-04-05T09:09:46.000Z</time>
      </trkpt>
      <trkpt lat="49.058284" lon="15.010569">
        <time>2026-04-05T09:09:47.000Z</time>
      </trkpt>
      <trkpt lat="49.058285" lon="15.010571">
        <time>2026-04-05T09:09:48.000Z</time>
      </trkpt>
      <trkpt lat="49.058283" lon="15.010576">
        <time>2026-04-05T09:09:49.000Z</time>
      </trkpt>
      <trkpt lat="49.058278" lon="15.010578">
        <time>2026-04-05T09:09:50.000Z</time>
      </trkpt>
      <trkpt lat="49.058276" lon="15.010573">
        <time>2026-04-05T09:09:51.000Z</time>
      </trkpt>
      <trkpt lat="49.058276" lon="15.01056">
        <time>2026-04-05T09:09:52.000Z</time>
      </trkpt>
      <trkpt lat="49.058265" lon="15.010545">
        <time>2026-04-05T09:09:53.000Z</time>
      </trkpt>
      <trkpt lat="49.058255" lon="15.01053">
        <time>2026-04-05T09:09:54.000Z</time>
      </trkpt>
      <trkpt lat="49.058238" lon="15.010514">
        <time>2026-04-05T09:09:55.000Z</time>
      </trkpt>
      <trkpt lat="49.058211" lon="15.010488">
        <time>2026-04-05T09:09:56.000Z</time>
      </trkpt>
      <trkpt lat="49.058185" lon="15.010478">
        <time>2026-04-05T09:09:57.000Z</time>
      </trkpt>
      <trkpt lat="49.058169" lon="15.010482">
        <time>2026-04-05T09:09:58.000Z</time>
      </trkpt>
      <trkpt lat="49.058151" lon="15.010475">
        <time>2026-04-05T09:09:59.000Z</time>
      </trkpt>
      <trkpt lat="49.058125" lon="15.010461">
        <time>2026-04-05T09:10:00.000Z</time>
      </trkpt>
      <trkpt lat="49.058091" lon="15.010457">
        <time>2026-04-05T09:10:01.000Z</time>
      </trkpt>
      <trkpt lat="49.058054" lon="15.010461">
        <time>2026-04-05T09:10:02.000Z</time>
      </trkpt>
      <trkpt lat="49.058031" lon="15.010447">
        <time>2026-04-05T09:10:03.000Z</time>
      </trkpt>
      <trkpt lat="49.058009" lon="15.010427">
        <time>2026-04-05T09:10:04.000Z</time>
      </trkpt>
      <trkpt lat="49.057998" lon="15.010405">
        <time>2026-04-05T09:10:05.000Z</time>
      </trkpt>
      <trkpt lat="49.057994" lon="15.010384">
        <time>2026-04-05T09:10:06.000Z</time>
      </trkpt>
      <trkpt lat="49.057968" lon="15.010361">
        <time>2026-04-05T09:10:07.000Z</time>
      </trkpt>
      <trkpt lat="49.057928" lon="15.010341">
        <time>2026-04-05T09:10:08.000Z</time>
      </trkpt>
      <trkpt lat="49.057892" lon="15.010329">
        <time>2026-04-05T09:10:09.000Z</time>
      </trkpt>
      <trkpt lat="49.057871" lon="15.010306">
        <time>2026-04-05T09:10:10.000Z</time>
      </trkpt>
      <trkpt lat="49.057853" lon="15.010276">
        <time>2026-04-05T09:10:11.000Z</time>
      </trkpt>
      <trkpt lat="49.057835" lon="15.010256">
        <time>2026-04-05T09:10:12.000Z</time>
      </trkpt>
      <trkpt lat="49.057821" lon="15.01025">
        <time>2026-04-05T09:10:13.000Z</time>
      </trkpt>
      <trkpt lat="49.057803" lon="15.010244">
        <time>2026-04-05T09:10:14.000Z</time>
      </trkpt>
      <trkpt lat="49.057787" lon="15.010235">
        <time>2026-04-05T09:10:15.000Z</time>
      </trkpt>
      <trkpt lat="49.057776" lon="15.010223">
        <time>2026-04-05T09:10:16.000Z</time>
      </trkpt>
      <trkpt lat="49.057773" lon="15.010208">
        <time>2026-04-05T09:10:17.000Z</time>
      </trkpt>
      <trkpt lat="49.057768" lon="15.010184">
        <time>2026-04-05T09:10:18.000Z</time>
      </trkpt>
      <trkpt lat="49.057756" lon="15.010165">
        <time>2026-04-05T09:10:19.000Z</time>
      </trkpt>
      <trkpt lat="49.057743" lon="15.010146">
        <time>2026-04-05T09:10:20.000Z</time>
      </trkpt>
      <trkpt lat="49.057733" lon="15.010128">
        <time>2026-04-05T09:10:21.000Z</time>
      </trkpt>
      <trkpt lat="49.057722" lon="15.010109">
        <time>2026-04-05T09:10:22.000Z</time>
      </trkpt>
      <trkpt lat="49.057707" lon="15.010096">
        <time>2026-04-05T09:10:23.000Z</time>
      </trkpt>
      <trkpt lat="49.057691" lon="15.010087">
        <time>2026-04-05T09:10:24.000Z</time>
      </trkpt>
      <trkpt lat="49.057675" lon="15.010075">
        <time>2026-04-05T09:10:25.000Z</time>
      </trkpt>
      <trkpt lat="49.057657" lon="15.010058">
        <time>2026-04-05T09:10:26.000Z</time>
      </trkpt>
      <trkpt lat="49.057647" lon="15.010041">
        <time>2026-04-05T09:10:27.000Z</time>
      </trkpt>
      <trkpt lat="49.057635" lon="15.009994">
        <time>2026-04-05T09:10:28.000Z</time>
      </trkpt>
      <trkpt lat="49.057626" lon="15.009959">
        <time>2026-04-05T09:10:29.000Z</time>
      </trkpt>
      <trkpt lat="49.057613" lon="15.009928">
        <time>2026-04-05T09:10:30.000Z</time>
      </trkpt>
      <trkpt lat="49.057599" lon="15.009892">
        <time>2026-04-05T09:10:31.000Z</time>
      </trkpt>
      <trkpt lat="49.057586" lon="15.009849">
        <time>2026-04-05T09:10:32.000Z</time>
      </trkpt>
      <trkpt lat="49.057574" lon="15.009822">
        <time>2026-04-05T09:10:33.000Z</time>
      </trkpt>
      <trkpt lat="49.05756" lon="15.009788">
        <time>2026-04-05T09:10:34.000Z</time>
      </trkpt>
      <trkpt lat="49.057551" lon="15.009762">
        <time>2026-04-05T09:10:35.000Z</time>
      </trkpt>
      <trkpt lat="49.057533" lon="15.00974">
        <time>2026-04-05T09:10:36.000Z</time>
      </trkpt>
      <trkpt lat="49.057523" lon="15.00972">
        <time>2026-04-05T09:10:37.000Z</time>
      </trkpt>
      <trkpt lat="49.057506" lon="15.009712">
        <time>2026-04-05T09:10:38.000Z</time>
      </trkpt>
      <trkpt lat="49.057471" lon="15.009686">
        <time>2026-04-05T09:10:39.000Z</time>
      </trkpt>
      <trkpt lat="49.057448" lon="15.009655">
        <time>2026-04-05T09:10:40.000Z</time>
      </trkpt>
      <trkpt lat="49.057442" lon="15.009626">
        <time>2026-04-05T09:10:41.000Z</time>
      </trkpt>
      <trkpt lat="49.057436" lon="15.009596">
        <time>2026-04-05T09:10:42.000Z</time>
      </trkpt>
      <trkpt lat="49.057434" lon="15.009566">
        <time>2026-04-05T09:10:43.000Z</time>
      </trkpt>
      <trkpt lat="49.057426" lon="15.009534">
        <time>2026-04-05T09:10:44.000Z</time>
      </trkpt>
      <trkpt lat="49.057408" lon="15.009495">
        <time>2026-04-05T09:10:45.000Z</time>
      </trkpt>
      <trkpt lat="49.057392" lon="15.009461">
        <time>2026-04-05T09:10:46.000Z</time>
      </trkpt>
      <trkpt lat="49.05738" lon="15.00943">
        <time>2026-04-05T09:10:47.000Z</time>
      </trkpt>
      <trkpt lat="49.05737" lon="15.009375">
        <time>2026-04-05T09:10:48.000Z</time>
      </trkpt>
      <trkpt lat="49.057359" lon="15.009339">
        <time>2026-04-05T09:10:49.000Z</time>
      </trkpt>
      <trkpt lat="49.057351" lon="15.009299">
        <time>2026-04-05T09:10:50.000Z</time>
      </trkpt>
      <trkpt lat="49.057345" lon="15.009261">
        <time>2026-04-05T09:10:51.000Z</time>
      </trkpt>
      <trkpt lat="49.057349" lon="15.009221">
        <time>2026-04-05T09:10:52.000Z</time>
      </trkpt>
      <trkpt lat="49.057359" lon="15.009159">
        <time>2026-04-05T09:10:53.000Z</time>
      </trkpt>
      <trkpt lat="49.057361" lon="15.009127">
        <time>2026-04-05T09:10:54.000Z</time>
      </trkpt>
      <trkpt lat="49.057348" lon="15.009102">
        <time>2026-04-05T09:10:55.000Z</time>
      </trkpt>
      <trkpt lat="49.057333" lon="15.009079">
        <time>2026-04-05T09:10:56.000Z</time>
      </trkpt>
      <trkpt lat="49.057317" lon="15.009055">
        <time>2026-04-05T09:10:57.000Z</time>
      </trkpt>
      <trkpt lat="49.057306" lon="15.009032">
        <time>2026-04-05T09:10:58.000Z</time>
      </trkpt>
      <trkpt lat="49.057287" lon="15.009002">
        <time>2026-04-05T09:10:59.000Z</time>
      </trkpt>
      <trkpt lat="49.057267" lon="15.008979">
        <time>2026-04-05T09:11:00.000Z</time>
      </trkpt>
      <trkpt lat="49.057257" lon="15.00896">
        <time>2026-04-05T09:11:01.000Z</time>
      </trkpt>
      <trkpt lat="49.057241" lon="15.008945">
        <time>2026-04-05T09:11:02.000Z</time>
      </trkpt>
      <trkpt lat="49.057228" lon="15.008934">
        <time>2026-04-05T09:11:03.000Z</time>
      </trkpt>
      <trkpt lat="49.057217" lon="15.008917">
        <time>2026-04-05T09:11:04.000Z</time>
      </trkpt>
      <trkpt lat="49.057199" lon="15.008891">
        <time>2026-04-05T09:11:05.000Z</time>
      </trkpt>
      <trkpt lat="49.057185" lon="15.008853">
        <time>2026-04-05T09:11:06.000Z</time>
      </trkpt>
      <trkpt lat="49.057172" lon="15.008823">
        <time>2026-04-05T09:11:07.000Z</time>
      </trkpt>
      <trkpt lat="49.05716" lon="15.008793">
        <time>2026-04-05T09:11:08.000Z</time>
      </trkpt>
      <trkpt lat="49.057152" lon="15.008765">
        <time>2026-04-05T09:11:09.000Z</time>
      </trkpt>
      <trkpt lat="49.057151" lon="15.008745">
        <time>2026-04-05T09:11:10.000Z</time>
      </trkpt>
      <trkpt lat="49.057151" lon="15.008727">
        <time>2026-04-05T09:11:11.000Z</time>
      </trkpt>
      <trkpt lat="49.057149" lon="15.008704">
        <time>2026-04-05T09:11:12.000Z</time>
      </trkpt>
      <trkpt lat="49.057151" lon="15.008685">
        <time>2026-04-05T09:11:13.000Z</time>
      </trkpt>
      <trkpt lat="49.057156" lon="15.008666">
        <time>2026-04-05T09:11:14.000Z</time>
      </trkpt>
      <trkpt lat="49.057156" lon="15.008649">
        <time>2026-04-05T09:11:15.000Z</time>
      </trkpt>
      <trkpt lat="49.057157" lon="15.008629">
        <time>2026-04-05T09:11:16.000Z</time>
      </trkpt>
      <trkpt lat="49.057154" lon="15.00861">
        <time>2026-04-05T09:11:17.000Z</time>
      </trkpt>
      <trkpt lat="49.057152" lon="15.008605">
        <time>2026-04-05T09:11:18.000Z</time>
      </trkpt>
      <trkpt lat="49.057152" lon="15.008606">
        <time>2026-04-05T09:11:19.000Z</time>
      </trkpt>
      <trkpt lat="49.057151" lon="15.008613">
        <time>2026-04-05T09:11:20.000Z</time>
      </trkpt>
      <trkpt lat="49.057147" lon="15.008623">
        <time>2026-04-05T09:11:21.000Z</time>
      </trkpt>
      <trkpt lat="49.057132" lon="15.008627">
        <time>2026-04-05T09:11:22.000Z</time>
      </trkpt>
      <trkpt lat="49.057113" lon="15.008628">
        <time>2026-04-05T09:11:23.000Z</time>
      </trkpt>
      <trkpt lat="49.057095" lon="15.008636">
        <time>2026-04-05T09:11:24.000Z</time>
      </trkpt>
      <trkpt lat="49.057077" lon="15.008637">
        <time>2026-04-05T09:11:25.000Z</time>
      </trkpt>
      <trkpt lat="49.057056" lon="15.008639">
        <time>2026-04-05T09:11:26.000Z</time>
      </trkpt>
      <trkpt lat="49.057033" lon="15.008644">
        <time>2026-04-05T09:11:27.000Z</time>
      </trkpt>
      <trkpt lat="49.057012" lon="15.008639">
        <time>2026-04-05T09:11:28.000Z</time>
      </trkpt>
      <trkpt lat="49.056989" lon="15.008631">
        <time>2026-04-05T09:11:29.000Z</time>
      </trkpt>
      <trkpt lat="49.056967" lon="15.008628">
        <time>2026-04-05T09:11:30.000Z</time>
      </trkpt>
      <trkpt lat="49.056946" lon="15.008618">
        <time>2026-04-05T09:11:31.000Z</time>
      </trkpt>
      <trkpt lat="49.056928" lon="15.0086">
        <time>2026-04-05T09:11:32.000Z</time>
      </trkpt>
      <trkpt lat="49.056906" lon="15.008588">
        <time>2026-04-05T09:11:33.000Z</time>
      </trkpt>
      <trkpt lat="49.056889" lon="15.008582">
        <time>2026-04-05T09:11:34.000Z</time>
      </trkpt>
      <trkpt lat="49.056874" lon="15.008587">
        <time>2026-04-05T09:11:35.000Z</time>
      </trkpt>
      <trkpt lat="49.05686" lon="15.008597">
        <time>2026-04-05T09:11:36.000Z</time>
      </trkpt>
      <trkpt lat="49.056843" lon="15.008615">
        <time>2026-04-05T09:11:37.000Z</time>
      </trkpt>
      <trkpt lat="49.056831" lon="15.008621">
        <time>2026-04-05T09:11:38.000Z</time>
      </trkpt>
      <trkpt lat="49.056818" lon="15.008616">
        <time>2026-04-05T09:11:39.000Z</time>
      </trkpt>
      <trkpt lat="49.056799" lon="15.008603">
        <time>2026-04-05T09:11:40.000Z</time>
      </trkpt>
      <trkpt lat="49.056776" lon="15.008587">
        <time>2026-04-05T09:11:41.000Z</time>
      </trkpt>
      <trkpt lat="49.056756" lon="15.00858">
        <time>2026-04-05T09:11:42.000Z</time>
      </trkpt>
      <trkpt lat="49.056736" lon="15.008577">
        <time>2026-04-05T09:11:43.000Z</time>
      </trkpt>
      <trkpt lat="49.056705" lon="15.008578">
        <time>2026-04-05T09:11:44.000Z</time>
      </trkpt>
      <trkpt lat="49.05669" lon="15.008582">
        <time>2026-04-05T09:11:45.000Z</time>
      </trkpt>
      <trkpt lat="49.056667" lon="15.008575">
        <time>2026-04-05T09:11:46.000Z</time>
      </trkpt>
      <trkpt lat="49.056644" lon="15.008574">
        <time>2026-04-05T09:11:47.000Z</time>
      </trkpt>
      <trkpt lat="49.056621" lon="15.008573">
        <time>2026-04-05T09:11:48.000Z</time>
      </trkpt>
      <trkpt lat="49.056601" lon="15.008567">
        <time>2026-04-05T09:11:49.000Z</time>
      </trkpt>
      <trkpt lat="49.056581" lon="15.00857">
        <time>2026-04-05T09:11:50.000Z</time>
      </trkpt>
      <trkpt lat="49.056562" lon="15.008579">
        <time>2026-04-05T09:11:51.000Z</time>
      </trkpt>
      <trkpt lat="49.056543" lon="15.008587">
        <time>2026-04-05T09:11:52.000Z</time>
      </trkpt>
      <trkpt lat="49.05652" lon="15.008605">
        <time>2026-04-05T09:11:53.000Z</time>
      </trkpt>
      <trkpt lat="49.0565" lon="15.008626">
        <time>2026-04-05T09:11:54.000Z</time>
      </trkpt>
      <trkpt lat="49.056473" lon="15.008636">
        <time>2026-04-05T09:11:55.000Z</time>
      </trkpt>
      <trkpt lat="49.056446" lon="15.008651">
        <time>2026-04-05T09:11:56.000Z</time>
      </trkpt>
      <trkpt lat="49.056415" lon="15.008678">
        <time>2026-04-05T09:11:57.000Z</time>
      </trkpt>
      <trkpt lat="49.05639" lon="15.008706">
        <time>2026-04-05T09:11:58.000Z</time>
      </trkpt>
      <trkpt lat="49.056378" lon="15.008726">
        <time>2026-04-05T09:11:59.000Z</time>
      </trkpt>
      <trkpt lat="49.056368" lon="15.008733">
        <time>2026-04-05T09:12:00.000Z</time>
      </trkpt>
      <trkpt lat="49.056359" lon="15.008735">
        <time>2026-04-05T09:12:01.000Z</time>
      </trkpt>
      <trkpt lat="49.056351" lon="15.008731">
        <time>2026-04-05T09:12:02.000Z</time>
      </trkpt>
      <trkpt lat="49.056343" lon="15.008728">
        <time>2026-04-05T09:12:03.000Z</time>
      </trkpt>
      <trkpt lat="49.05633" lon="15.008736">
        <time>2026-04-05T09:12:04.000Z</time>
      </trkpt>
      <trkpt lat="49.056312" lon="15.008751">
        <time>2026-04-05T09:12:05.000Z</time>
      </trkpt>
      <trkpt lat="49.0563" lon="15.00877">
        <time>2026-04-05T09:12:06.000Z</time>
      </trkpt>
      <trkpt lat="49.056292" lon="15.008782">
        <time>2026-04-05T09:12:07.000Z</time>
      </trkpt>
      <trkpt lat="49.05629" lon="15.008791">
        <time>2026-04-05T09:12:08.000Z</time>
      </trkpt>
      <trkpt lat="49.056281" lon="15.008798">
        <time>2026-04-05T09:12:09.000Z</time>
      </trkpt>
      <trkpt lat="49.056281" lon="15.008798">
        <time>2026-04-05T09:12:10.000Z</time>
      </trkpt>
      <trkpt lat="49.056281" lon="15.008801">
        <time>2026-04-05T09:12:11.000Z</time>
      </trkpt>
      <trkpt lat="49.056282" lon="15.008808">
        <time>2026-04-05T09:12:12.000Z</time>
      </trkpt>
      <trkpt lat="49.056283" lon="15.008821">
        <time>2026-04-05T09:12:13.000Z</time>
      </trkpt>
      <trkpt lat="49.056288" lon="15.008838">
        <time>2026-04-05T09:12:14.000Z</time>
      </trkpt>
      <trkpt lat="49.056298" lon="15.008844">
        <time>2026-04-05T09:12:15.000Z</time>
      </trkpt>
      <trkpt lat="49.056317" lon="15.008843">
        <time>2026-04-05T09:12:16.000Z</time>
      </trkpt>
      <trkpt lat="49.056336" lon="15.008846">
        <time>2026-04-05T09:12:17.000Z</time>
      </trkpt>
      <trkpt lat="49.056351" lon="15.008842">
        <time>2026-04-05T09:12:18.000Z</time>
      </trkpt>
      <trkpt lat="49.056361" lon="15.008837">
        <time>2026-04-05T09:12:19.000Z</time>
      </trkpt>
      <trkpt lat="49.056365" lon="15.00884">
        <time>2026-04-05T09:12:20.000Z</time>
      </trkpt>
      <trkpt lat="49.056365" lon="15.008844">
        <time>2026-04-05T09:12:21.000Z</time>
      </trkpt>
      <trkpt lat="49.056365" lon="15.008849">
        <time>2026-04-05T09:12:22.000Z</time>
      </trkpt>
      <trkpt lat="49.056364" lon="15.008864">
        <time>2026-04-05T09:12:23.000Z</time>
      </trkpt>
      <trkpt lat="49.056367" lon="15.008881">
        <time>2026-04-05T09:12:24.000Z</time>
      </trkpt>
      <trkpt lat="49.056366" lon="15.008899">
        <time>2026-04-05T09:12:25.000Z</time>
      </trkpt>
      <trkpt lat="49.056371" lon="15.008913">
        <time>2026-04-05T09:12:26.000Z</time>
      </trkpt>
      <trkpt lat="49.05638" lon="15.008926">
        <time>2026-04-05T09:12:27.000Z</time>
      </trkpt>
      <trkpt lat="49.056388" lon="15.008937">
        <time>2026-04-05T09:12:28.000Z</time>
      </trkpt>
      <trkpt lat="49.056395" lon="15.008945">
        <time>2026-04-05T09:12:29.000Z</time>
      </trkpt>
      <trkpt lat="49.0564" lon="15.008954">
        <time>2026-04-05T09:12:30.000Z</time>
      </trkpt>
      <trkpt lat="49.056406" lon="15.008963">
        <time>2026-04-05T09:12:31.000Z</time>
      </trkpt>
      <trkpt lat="49.056411" lon="15.008972">
        <time>2026-04-05T09:12:32.000Z</time>
      </trkpt>
      <trkpt lat="49.056421" lon="15.008985">
        <time>2026-04-05T09:12:33.000Z</time>
      </trkpt>
      <trkpt lat="49.05643" lon="15.008997">
        <time>2026-04-05T09:12:34.000Z</time>
      </trkpt>
      <trkpt lat="49.056437" lon="15.009012">
        <time>2026-04-05T09:12:35.000Z</time>
      </trkpt>
      <trkpt lat="49.056444" lon="15.009033">
        <time>2026-04-05T09:12:36.000Z</time>
      </trkpt>
      <trkpt lat="49.056457" lon="15.009055">
        <time>2026-04-05T09:12:37.000Z</time>
      </trkpt>
      <trkpt lat="49.056469" lon="15.009079">
        <time>2026-04-05T09:12:38.000Z</time>
      </trkpt>
      <trkpt lat="49.056483" lon="15.009108">
        <time>2026-04-05T09:12:39.000Z</time>
      </trkpt>
      <trkpt lat="49.056505" lon="15.00914">
        <time>2026-04-05T09:12:40.000Z</time>
      </trkpt>
      <trkpt lat="49.056523" lon="15.009183">
        <time>2026-04-05T09:12:41.000Z</time>
      </trkpt>
      <trkpt lat="49.056541" lon="15.009216">
        <time>2026-04-05T09:12:42.000Z</time>
      </trkpt>
      <trkpt lat="49.056559" lon="15.009244">
        <time>2026-04-05T09:12:43.000Z</time>
      </trkpt>
      <trkpt lat="49.056573" lon="15.00927">
        <time>2026-04-05T09:12:44.000Z</time>
      </trkpt>
      <trkpt lat="49.056584" lon="15.00929">
        <time>2026-04-05T09:12:45.000Z</time>
      </trkpt>
      <trkpt lat="49.056589" lon="15.009314">
        <time>2026-04-05T09:12:46.000Z</time>
      </trkpt>
      <trkpt lat="49.056586" lon="15.00934">
        <time>2026-04-05T09:12:47.000Z</time>
      </trkpt>
      <trkpt lat="49.056566" lon="15.009368">
        <time>2026-04-05T09:12:48.000Z</time>
      </trkpt>
      <trkpt lat="49.056548" lon="15.009403">
        <time>2026-04-05T09:12:49.000Z</time>
      </trkpt>
      <trkpt lat="49.056529" lon="15.009432">
        <time>2026-04-05T09:12:50.000Z</time>
      </trkpt>
      <trkpt lat="49.056511" lon="15.009453">
        <time>2026-04-05T09:12:51.000Z</time>
      </trkpt>
      <trkpt lat="49.056494" lon="15.009464">
        <time>2026-04-05T09:12:52.000Z</time>
      </trkpt>
      <trkpt lat="49.056477" lon="15.009472">
        <time>2026-04-05T09:12:53.000Z</time>
      </trkpt>
      <trkpt lat="49.056453" lon="15.009487">
        <time>2026-04-05T09:12:54.000Z</time>
      </trkpt>
      <trkpt lat="49.056429" lon="15.009504">
        <time>2026-04-05T09:12:55.000Z</time>
      </trkpt>
      <trkpt lat="49.056406" lon="15.009515">
        <time>2026-04-05T09:12:56.000Z</time>
      </trkpt>
      <trkpt lat="49.056393" lon="15.009525">
        <time>2026-04-05T09:12:57.000Z</time>
      </trkpt>
      <trkpt lat="49.056385" lon="15.009531">
        <time>2026-04-05T09:12:58.000Z</time>
      </trkpt>
      <trkpt lat="49.056366" lon="15.009538">
        <time>2026-04-05T09:12:59.000Z</time>
      </trkpt>
      <trkpt lat="49.056348" lon="15.009547">
        <time>2026-04-05T09:13:00.000Z</time>
      </trkpt>
      <trkpt lat="49.056326" lon="15.009553">
        <time>2026-04-05T09:13:01.000Z</time>
      </trkpt>
      <trkpt lat="49.056296" lon="15.009554">
        <time>2026-04-05T09:13:02.000Z</time>
      </trkpt>
      <trkpt lat="49.056263" lon="15.009561">
        <time>2026-04-05T09:13:03.000Z</time>
      </trkpt>
      <trkpt lat="49.056232" lon="15.009581">
        <time>2026-04-05T09:13:04.000Z</time>
      </trkpt>
      <trkpt lat="49.056213" lon="15.009602">
        <time>2026-04-05T09:13:05.000Z</time>
      </trkpt>
      <trkpt lat="49.056196" lon="15.009626">
        <time>2026-04-05T09:13:06.000Z</time>
      </trkpt>
      <trkpt lat="49.056185" lon="15.009633">
        <time>2026-04-05T09:13:07.000Z</time>
      </trkpt>
      <trkpt lat="49.056161" lon="15.009643">
        <time>2026-04-05T09:13:08.000Z</time>
      </trkpt>
      <trkpt lat="49.056137" lon="15.009645">
        <time>2026-04-05T09:13:09.000Z</time>
      </trkpt>
      <trkpt lat="49.056108" lon="15.009646">
        <time>2026-04-05T09:13:10.000Z</time>
      </trkpt>
      <trkpt lat="49.056077" lon="15.009647">
        <time>2026-04-05T09:13:11.000Z</time>
      </trkpt>
      <trkpt lat="49.056046" lon="15.009643">
        <time>2026-04-05T09:13:12.000Z</time>
      </trkpt>
      <trkpt lat="49.056025" lon="15.009645">
        <time>2026-04-05T09:13:13.000Z</time>
      </trkpt>
      <trkpt lat="49.05601" lon="15.009663">
        <time>2026-04-05T09:13:14.000Z</time>
      </trkpt>
      <trkpt lat="49.056001" lon="15.009692">
        <time>2026-04-05T09:13:15.000Z</time>
      </trkpt>
      <trkpt lat="49.055976" lon="15.009712">
        <time>2026-04-05T09:13:16.000Z</time>
      </trkpt>
      <trkpt lat="49.055945" lon="15.009727">
        <time>2026-04-05T09:13:17.000Z</time>
      </trkpt>
      <trkpt lat="49.05592" lon="15.009738">
        <time>2026-04-05T09:13:18.000Z</time>
      </trkpt>
      <trkpt lat="49.055889" lon="15.009749">
        <time>2026-04-05T09:13:19.000Z</time>
      </trkpt>
      <trkpt lat="49.055855" lon="15.009763">
        <time>2026-04-05T09:13:20.000Z</time>
      </trkpt>
      <trkpt lat="49.055834" lon="15.009768">
        <time>2026-04-05T09:13:21.000Z</time>
      </trkpt>
      <trkpt lat="49.05581" lon="15.009771">
        <time>2026-04-05T09:13:22.000Z</time>
      </trkpt>
      <trkpt lat="49.055789" lon="15.009775">
        <time>2026-04-05T09:13:23.000Z</time>
      </trkpt>
      <trkpt lat="49.055768" lon="15.00978">
        <time>2026-04-05T09:13:24.000Z</time>
      </trkpt>
      <trkpt lat="49.055747" lon="15.009779">
        <time>2026-04-05T09:13:25.000Z</time>
      </trkpt>
      <trkpt lat="49.055731" lon="15.009781">
        <time>2026-04-05T09:13:26.000Z</time>
      </trkpt>
      <trkpt lat="49.05571" lon="15.009783">
        <time>2026-04-05T09:13:27.000Z</time>
      </trkpt>
      <trkpt lat="49.055683" lon="15.009787">
        <time>2026-04-05T09:13:28.000Z</time>
      </trkpt>
      <trkpt lat="49.055665" lon="15.00979">
        <time>2026-04-05T09:13:29.000Z</time>
      </trkpt>
      <trkpt lat="49.055645" lon="15.009794">
        <time>2026-04-05T09:13:30.000Z</time>
      </trkpt>
      <trkpt lat="49.055624" lon="15.009796">
        <time>2026-04-05T09:13:31.000Z</time>
      </trkpt>
      <trkpt lat="49.055605" lon="15.009798">
        <time>2026-04-05T09:13:32.000Z</time>
      </trkpt>
      <trkpt lat="49.055583" lon="15.009797">
        <time>2026-04-05T09:13:33.000Z</time>
      </trkpt>
      <trkpt lat="49.055562" lon="15.009789">
        <time>2026-04-05T09:13:34.000Z</time>
      </trkpt>
      <trkpt lat="49.055541" lon="15.009775">
        <time>2026-04-05T09:13:35.000Z</time>
      </trkpt>
      <trkpt lat="49.055517" lon="15.009759">
        <time>2026-04-05T09:13:36.000Z</time>
      </trkpt>
      <trkpt lat="49.055486" lon="15.009756">
        <time>2026-04-05T09:13:37.000Z</time>
      </trkpt>
      <trkpt lat="49.05546" lon="15.009753">
        <time>2026-04-05T09:13:38.000Z</time>
      </trkpt>
      <trkpt lat="49.055437" lon="15.00975">
        <time>2026-04-05T09:13:39.000Z</time>
      </trkpt>
      <trkpt lat="49.055412" lon="15.00975">
        <time>2026-04-05T09:13:40.000Z</time>
      </trkpt>
      <trkpt lat="49.055389" lon="15.009754">
        <time>2026-04-05T09:13:41.000Z</time>
      </trkpt>
      <trkpt lat="49.055365" lon="15.009769">
        <time>2026-04-05T09:13:42.000Z</time>
      </trkpt>
      <trkpt lat="49.055339" lon="15.009785">
        <time>2026-04-05T09:13:43.000Z</time>
      </trkpt>
      <trkpt lat="49.055312" lon="15.009798">
        <time>2026-04-05T09:13:44.000Z</time>
      </trkpt>
      <trkpt lat="49.055284" lon="15.009806">
        <time>2026-04-05T09:13:45.000Z</time>
      </trkpt>
      <trkpt lat="49.05526" lon="15.009824">
        <time>2026-04-05T09:13:46.000Z</time>
      </trkpt>
      <trkpt lat="49.055232" lon="15.009839">
        <time>2026-04-05T09:13:47.000Z</time>
      </trkpt>
      <trkpt lat="49.055199" lon="15.009857">
        <time>2026-04-05T09:13:48.000Z</time>
      </trkpt>
      <trkpt lat="49.055182" lon="15.009883">
        <time>2026-04-05T09:13:49.000Z</time>
      </trkpt>
      <trkpt lat="49.055155" lon="15.009908">
        <time>2026-04-05T09:13:50.000Z</time>
      </trkpt>
      <trkpt lat="49.055124" lon="15.009926">
        <time>2026-04-05T09:13:51.000Z</time>
      </trkpt>
      <trkpt lat="49.055088" lon="15.009932">
        <time>2026-04-05T09:13:52.000Z</time>
      </trkpt>
      <trkpt lat="49.055056" lon="15.009923">
        <time>2026-04-05T09:13:53.000Z</time>
      </trkpt>
      <trkpt lat="49.055034" lon="15.009917">
        <time>2026-04-05T09:13:54.000Z</time>
      </trkpt>
      <trkpt lat="49.055018" lon="15.009913">
        <time>2026-04-05T09:13:55.000Z</time>
      </trkpt>
      <trkpt lat="49.055004" lon="15.009913">
        <time>2026-04-05T09:13:56.000Z</time>
      </trkpt>
      <trkpt lat="49.054989" lon="15.009917">
        <time>2026-04-05T09:13:57.000Z</time>
      </trkpt>
      <trkpt lat="49.054974" lon="15.009917">
        <time>2026-04-05T09:13:58.000Z</time>
      </trkpt>
      <trkpt lat="49.054949" lon="15.009912">
        <time>2026-04-05T09:13:59.000Z</time>
      </trkpt>
      <trkpt lat="49.054916" lon="15.009906">
        <time>2026-04-05T09:14:00.000Z</time>
      </trkpt>
      <trkpt lat="49.054897" lon="15.009899">
        <time>2026-04-05T09:14:01.000Z</time>
      </trkpt>
      <trkpt lat="49.054876" lon="15.009897">
        <time>2026-04-05T09:14:02.000Z</time>
      </trkpt>
      <trkpt lat="49.05484" lon="15.009897">
        <time>2026-04-05T09:14:03.000Z</time>
      </trkpt>
      <trkpt lat="49.054815" lon="15.009901">
        <time>2026-04-05T09:14:04.000Z</time>
      </trkpt>
      <trkpt lat="49.054795" lon="15.009891">
        <time>2026-04-05T09:14:05.000Z</time>
      </trkpt>
      <trkpt lat="49.054779" lon="15.009884">
        <time>2026-04-05T09:14:06.000Z</time>
      </trkpt>
      <trkpt lat="49.054758" lon="15.009868">
        <time>2026-04-05T09:14:07.000Z</time>
      </trkpt>
      <trkpt lat="49.054747" lon="15.009865">
        <time>2026-04-05T09:14:08.000Z</time>
      </trkpt>
      <trkpt lat="49.054736" lon="15.009869">
        <time>2026-04-05T09:14:09.000Z</time>
      </trkpt>
      <trkpt lat="49.054723" lon="15.009882">
        <time>2026-04-05T09:14:10.000Z</time>
      </trkpt>
      <trkpt lat="49.054708" lon="15.009892">
        <time>2026-04-05T09:14:11.000Z</time>
      </trkpt>
      <trkpt lat="49.054683" lon="15.009901">
        <time>2026-04-05T09:14:12.000Z</time>
      </trkpt>
      <trkpt lat="49.054654" lon="15.009903">
        <time>2026-04-05T09:14:13.000Z</time>
      </trkpt>
      <trkpt lat="49.054628" lon="15.009904">
        <time>2026-04-05T09:14:14.000Z</time>
      </trkpt>
      <trkpt lat="49.054606" lon="15.009906">
        <time>2026-04-05T09:14:15.000Z</time>
      </trkpt>
      <trkpt lat="49.05459" lon="15.009903">
        <time>2026-04-05T09:14:16.000Z</time>
      </trkpt>
      <trkpt lat="49.054568" lon="15.009901">
        <time>2026-04-05T09:14:17.000Z</time>
      </trkpt>
      <trkpt lat="49.054543" lon="15.009903">
        <time>2026-04-05T09:14:18.000Z</time>
      </trkpt>
      <trkpt lat="49.05452" lon="15.009906">
        <time>2026-04-05T09:14:19.000Z</time>
      </trkpt>
      <trkpt lat="49.054498" lon="15.009906">
        <time>2026-04-05T09:14:20.000Z</time>
      </trkpt>
      <trkpt lat="49.054482" lon="15.009905">
        <time>2026-04-05T09:14:21.000Z</time>
      </trkpt>
      <trkpt lat="49.054472" lon="15.009898">
        <time>2026-04-05T09:14:22.000Z</time>
      </trkpt>
      <trkpt lat="49.054456" lon="15.009893">
        <time>2026-04-05T09:14:23.000Z</time>
      </trkpt>
      <trkpt lat="49.054441" lon="15.009888">
        <time>2026-04-05T09:14:24.000Z</time>
      </trkpt>
      <trkpt lat="49.054422" lon="15.009884">
        <time>2026-04-05T09:14:25.000Z</time>
      </trkpt>
      <trkpt lat="49.054407" lon="15.009888">
        <time>2026-04-05T09:14:26.000Z</time>
      </trkpt>
      <trkpt lat="49.054391" lon="15.00989">
        <time>2026-04-05T09:14:27.000Z</time>
      </trkpt>
      <trkpt lat="49.054372" lon="15.009887">
        <time>2026-04-05T09:14:28.000Z</time>
      </trkpt>
      <trkpt lat="49.054357" lon="15.009879">
        <time>2026-04-05T09:14:29.000Z</time>
      </trkpt>
      <trkpt lat="49.054341" lon="15.009869">
        <time>2026-04-05T09:14:30.000Z</time>
      </trkpt>
      <trkpt lat="49.054329" lon="15.00986">
        <time>2026-04-05T09:14:31.000Z</time>
      </trkpt>
      <trkpt lat="49.054314" lon="15.009847">
        <time>2026-04-05T09:14:32.000Z</time>
      </trkpt>
      <trkpt lat="49.054293" lon="15.009842">
        <time>2026-04-05T09:14:33.000Z</time>
      </trkpt>
      <trkpt lat="49.05427" lon="15.009842">
        <time>2026-04-05T09:14:34.000Z</time>
      </trkpt>
      <trkpt lat="49.054247" lon="15.009838">
        <time>2026-04-05T09:14:35.000Z</time>
      </trkpt>
      <trkpt lat="49.054233" lon="15.009832">
        <time>2026-04-05T09:14:36.000Z</time>
      </trkpt>
      <trkpt lat="49.054212" lon="15.00982">
        <time>2026-04-05T09:14:37.000Z</time>
      </trkpt>
      <trkpt lat="49.054193" lon="15.009821">
        <time>2026-04-05T09:14:38.000Z</time>
      </trkpt>
      <trkpt lat="49.054166" lon="15.009827">
        <time>2026-04-05T09:14:39.000Z</time>
      </trkpt>
      <trkpt lat="49.054144" lon="15.009831">
        <time>2026-04-05T09:14:40.000Z</time>
      </trkpt>
      <trkpt lat="49.054126" lon="15.009831">
        <time>2026-04-05T09:14:41.000Z</time>
      </trkpt>
      <trkpt lat="49.054111" lon="15.009829">
        <time>2026-04-05T09:14:42.000Z</time>
      </trkpt>
      <trkpt lat="49.054102" lon="15.009825">
        <time>2026-04-05T09:14:43.000Z</time>
      </trkpt>
      <trkpt lat="49.054093" lon="15.009819">
        <time>2026-04-05T09:14:44.000Z</time>
      </trkpt>
      <trkpt lat="49.054087" lon="15.009822">
        <time>2026-04-05T09:14:45.000Z</time>
      </trkpt>
      <trkpt lat="49.054071" lon="15.009831">
        <time>2026-04-05T09:14:46.000Z</time>
      </trkpt>
      <trkpt lat="49.054052" lon="15.009852">
        <time>2026-04-05T09:14:47.000Z</time>
      </trkpt>
      <trkpt lat="49.054021" lon="15.009864">
        <time>2026-04-05T09:14:48.000Z</time>
      </trkpt>
      <trkpt lat="49.053999" lon="15.009873">
        <time>2026-04-05T09:14:49.000Z</time>
      </trkpt>
      <trkpt lat="49.053984" lon="15.009896">
        <time>2026-04-05T09:14:50.000Z</time>
      </trkpt>
      <trkpt lat="49.05397" lon="15.009925">
        <time>2026-04-05T09:14:51.000Z</time>
      </trkpt>
      <trkpt lat="49.053963" lon="15.009953">
        <time>2026-04-05T09:14:52.000Z</time>
      </trkpt>
      <trkpt lat="49.053954" lon="15.009974">
        <time>2026-04-05T09:14:53.000Z</time>
      </trkpt>
      <trkpt lat="49.05395" lon="15.009991">
        <time>2026-04-05T09:14:54.000Z</time>
      </trkpt>
      <trkpt lat="49.053942" lon="15.010017">
        <time>2026-04-05T09:14:55.000Z</time>
      </trkpt>
      <trkpt lat="49.053915" lon="15.010043">
        <time>2026-04-05T09:14:56.000Z</time>
      </trkpt>
      <trkpt lat="49.053888" lon="15.010062">
        <time>2026-04-05T09:14:57.000Z</time>
      </trkpt>
      <trkpt lat="49.053872" lon="15.010077">
        <time>2026-04-05T09:14:58.000Z</time>
      </trkpt>
      <trkpt lat="49.053844" lon="15.010093">
        <time>2026-04-05T09:14:59.000Z</time>
      </trkpt>
      <trkpt lat="49.053823" lon="15.010111">
        <time>2026-04-05T09:15:00.000Z</time>
      </trkpt>
      <trkpt lat="49.053809" lon="15.010124">
        <time>2026-04-05T09:15:01.000Z</time>
      </trkpt>
      <trkpt lat="49.053796" lon="15.010139">
        <time>2026-04-05T09:15:02.000Z</time>
      </trkpt>
      <trkpt lat="49.053781" lon="15.010147">
        <time>2026-04-05T09:15:03.000Z</time>
      </trkpt>
      <trkpt lat="49.053768" lon="15.010151">
        <time>2026-04-05T09:15:04.000Z</time>
      </trkpt>
      <trkpt lat="49.053758" lon="15.010153">
        <time>2026-04-05T09:15:05.000Z</time>
      </trkpt>
      <trkpt lat="49.053739" lon="15.010168">
        <time>2026-04-05T09:15:06.000Z</time>
      </trkpt>
      <trkpt lat="49.05372" lon="15.010188">
        <time>2026-04-05T09:15:07.000Z</time>
      </trkpt>
      <trkpt lat="49.053696" lon="15.010213">
        <time>2026-04-05T09:15:08.000Z</time>
      </trkpt>
      <trkpt lat="49.053666" lon="15.010244">
        <time>2026-04-05T09:15:09.000Z</time>
      </trkpt>
      <trkpt lat="49.053646" lon="15.01028">
        <time>2026-04-05T09:15:10.000Z</time>
      </trkpt>
      <trkpt lat="49.053635" lon="15.010317">
        <time>2026-04-05T09:15:11.000Z</time>
      </trkpt>
      <trkpt lat="49.053629" lon="15.010352">
        <time>2026-04-05T09:15:12.000Z</time>
      </trkpt>
      <trkpt lat="49.05363" lon="15.010378">
        <time>2026-04-05T09:15:13.000Z</time>
      </trkpt>
      <trkpt lat="49.053627" lon="15.010396">
        <time>2026-04-05T09:15:14.000Z</time>
      </trkpt>
      <trkpt lat="49.053624" lon="15.010415">
        <time>2026-04-05T09:15:15.000Z</time>
      </trkpt>
      <trkpt lat="49.053615" lon="15.010431">
        <time>2026-04-05T09:15:16.000Z</time>
      </trkpt>
      <trkpt lat="49.053598" lon="15.010447">
        <time>2026-04-05T09:15:17.000Z</time>
      </trkpt>
      <trkpt lat="49.053581" lon="15.010453">
        <time>2026-04-05T09:15:18.000Z</time>
      </trkpt>
      <trkpt lat="49.05357" lon="15.010459">
        <time>2026-04-05T09:15:19.000Z</time>
      </trkpt>
      <trkpt lat="49.053566" lon="15.010471">
        <time>2026-04-05T09:15:20.000Z</time>
      </trkpt>
      <trkpt lat="49.053557" lon="15.010495">
        <time>2026-04-05T09:15:21.000Z</time>
      </trkpt>
      <trkpt lat="49.053547" lon="15.010526">
        <time>2026-04-05T09:15:22.000Z</time>
      </trkpt>
      <trkpt lat="49.053538" lon="15.010556">
        <time>2026-04-05T09:15:23.000Z</time>
      </trkpt>
      <trkpt lat="49.053527" lon="15.01058">
        <time>2026-04-05T09:15:24.000Z</time>
      </trkpt>
      <trkpt lat="49.053516" lon="15.01061">
        <time>2026-04-05T09:15:25.000Z</time>
      </trkpt>
      <trkpt lat="49.05351" lon="15.010636">
        <time>2026-04-05T09:15:26.000Z</time>
      </trkpt>
      <trkpt lat="49.053504" lon="15.010666">
        <time>2026-04-05T09:15:27.000Z</time>
      </trkpt>
      <trkpt lat="49.053498" lon="15.010701">
        <time>2026-04-05T09:15:28.000Z</time>
      </trkpt>
      <trkpt lat="49.053496" lon="15.010733">
        <time>2026-04-05T09:15:29.000Z</time>
      </trkpt>
      <trkpt lat="49.053496" lon="15.010762">
        <time>2026-04-05T09:15:30.000Z</time>
      </trkpt>
      <trkpt lat="49.053498" lon="15.010787">
        <time>2026-04-05T09:15:31.000Z</time>
      </trkpt>
      <trkpt lat="49.053502" lon="15.010821">
        <time>2026-04-05T09:15:32.000Z</time>
      </trkpt>
      <trkpt lat="49.053497" lon="15.010848">
        <time>2026-04-05T09:15:33.000Z</time>
      </trkpt>
      <trkpt lat="49.053487" lon="15.010885">
        <time>2026-04-05T09:15:34.000Z</time>
      </trkpt>
      <trkpt lat="49.053472" lon="15.010934">
        <time>2026-04-05T09:15:35.000Z</time>
      </trkpt>
      <trkpt lat="49.053463" lon="15.010974">
        <time>2026-04-05T09:15:36.000Z</time>
      </trkpt>
      <trkpt lat="49.053455" lon="15.010993">
        <time>2026-04-05T09:15:37.000Z</time>
      </trkpt>
      <trkpt lat="49.053443" lon="15.011015">
        <time>2026-04-05T09:15:38.000Z</time>
      </trkpt>
      <trkpt lat="49.053437" lon="15.011047">
        <time>2026-04-05T09:15:39.000Z</time>
      </trkpt>
      <trkpt lat="49.053431" lon="15.011075">
        <time>2026-04-05T09:15:40.000Z</time>
      </trkpt>
      <trkpt lat="49.053422" lon="15.011094">
        <time>2026-04-05T09:15:41.000Z</time>
      </trkpt>
      <trkpt lat="49.053406" lon="15.011111">
        <time>2026-04-05T09:15:42.000Z</time>
      </trkpt>
      <trkpt lat="49.053388" lon="15.011134">
        <time>2026-04-05T09:15:43.000Z</time>
      </trkpt>
      <trkpt lat="49.053378" lon="15.01115">
        <time>2026-04-05T09:15:44.000Z</time>
      </trkpt>
      <trkpt lat="49.053372" lon="15.011153">
        <time>2026-04-05T09:15:45.000Z</time>
      </trkpt>
      <trkpt lat="49.053368" lon="15.011179">
        <time>2026-04-05T09:15:46.000Z</time>
      </trkpt>
      <trkpt lat="49.053368" lon="15.011212">
        <time>2026-04-05T09:15:47.000Z</time>
      </trkpt>
      <trkpt lat="49.053373" lon="15.011242">
        <time>2026-04-05T09:15:48.000Z</time>
      </trkpt>
      <trkpt lat="49.053374" lon="15.011268">
        <time>2026-04-05T09:15:49.000Z</time>
      </trkpt>
      <trkpt lat="49.053373" lon="15.011322">
        <time>2026-04-05T09:15:50.000Z</time>
      </trkpt>
      <trkpt lat="49.053374" lon="15.011346">
        <time>2026-04-05T09:15:51.000Z</time>
      </trkpt>
      <trkpt lat="49.05338" lon="15.011375">
        <time>2026-04-05T09:15:52.000Z</time>
      </trkpt>
      <trkpt lat="49.053383" lon="15.011407">
        <time>2026-04-05T09:15:53.000Z</time>
      </trkpt>
      <trkpt lat="49.053371" lon="15.011445">
        <time>2026-04-05T09:15:54.000Z</time>
      </trkpt>
      <trkpt lat="49.053347" lon="15.011486">
        <time>2026-04-05T09:15:55.000Z</time>
      </trkpt>
      <trkpt lat="49.053321" lon="15.011516">
        <time>2026-04-05T09:15:56.000Z</time>
      </trkpt>
      <trkpt lat="49.053303" lon="15.011535">
        <time>2026-04-05T09:15:57.000Z</time>
      </trkpt>
      <trkpt lat="49.053275" lon="15.011574">
        <time>2026-04-05T09:15:58.000Z</time>
      </trkpt>
      <trkpt lat="49.053253" lon="15.011607">
        <time>2026-04-05T09:15:59.000Z</time>
      </trkpt>
      <trkpt lat="49.053237" lon="15.011648">
        <time>2026-04-05T09:16:00.000Z</time>
      </trkpt>
      <trkpt lat="49.053227" lon="15.011692">
        <time>2026-04-05T09:16:01.000Z</time>
      </trkpt>
      <trkpt lat="49.053227" lon="15.011728">
        <time>2026-04-05T09:16:02.000Z</time>
      </trkpt>
      <trkpt lat="49.053227" lon="15.011768">
        <time>2026-04-05T09:16:03.000Z</time>
      </trkpt>
      <trkpt lat="49.053227" lon="15.011798">
        <time>2026-04-05T09:16:04.000Z</time>
      </trkpt>
      <trkpt lat="49.053226" lon="15.011821">
        <time>2026-04-05T09:16:05.000Z</time>
      </trkpt>
      <trkpt lat="49.053222" lon="15.01184">
        <time>2026-04-05T09:16:06.000Z</time>
      </trkpt>
      <trkpt lat="49.053208" lon="15.011853">
        <time>2026-04-05T09:16:07.000Z</time>
      </trkpt>
      <trkpt lat="49.053197" lon="15.011868">
        <time>2026-04-05T09:16:08.000Z</time>
      </trkpt>
      <trkpt lat="49.05319" lon="15.011888">
        <time>2026-04-05T09:16:09.000Z</time>
      </trkpt>
      <trkpt lat="49.053184" lon="15.011909">
        <time>2026-04-05T09:16:10.000Z</time>
      </trkpt>
      <trkpt lat="49.053181" lon="15.011928">
        <time>2026-04-05T09:16:11.000Z</time>
      </trkpt>
      <trkpt lat="49.053183" lon="15.011948">
        <time>2026-04-05T09:16:12.000Z</time>
      </trkpt>
      <trkpt lat="49.053191" lon="15.011966">
        <time>2026-04-05T09:16:13.000Z</time>
      </trkpt>
      <trkpt lat="49.053203" lon="15.011971">
        <time>2026-04-05T09:16:14.000Z</time>
      </trkpt>
      <trkpt lat="49.053219" lon="15.011983">
        <time>2026-04-05T09:16:15.000Z</time>
      </trkpt>
      <trkpt lat="49.053225" lon="15.012006">
        <time>2026-04-05T09:16:16.000Z</time>
      </trkpt>
      <trkpt lat="49.05322" lon="15.012037">
        <time>2026-04-05T09:16:17.000Z</time>
      </trkpt>
      <trkpt lat="49.053204" lon="15.012061">
        <time>2026-04-05T09:16:18.000Z</time>
      </trkpt>
      <trkpt lat="49.053186" lon="15.01208">
        <time>2026-04-05T09:16:19.000Z</time>
      </trkpt>
      <trkpt lat="49.053178" lon="15.012088">
        <time>2026-04-05T09:16:20.000Z</time>
      </trkpt>
      <trkpt lat="49.053175" lon="15.012094">
        <time>2026-04-05T09:16:21.000Z</time>
      </trkpt>
      <trkpt lat="49.053171" lon="15.012097">
        <time>2026-04-05T09:16:22.000Z</time>
      </trkpt>
      <trkpt lat="49.053169" lon="15.012097">
        <time>2026-04-05T09:16:23.000Z</time>
      </trkpt>
      <trkpt lat="49.053157" lon="15.012097">
        <time>2026-04-05T09:16:24.000Z</time>
      </trkpt>
      <trkpt lat="49.05314" lon="15.012106">
        <time>2026-04-05T09:16:25.000Z</time>
      </trkpt>
      <trkpt lat="49.053125" lon="15.012121">
        <time>2026-04-05T09:16:26.000Z</time>
      </trkpt>
      <trkpt lat="49.053121" lon="15.012143">
        <time>2026-04-05T09:16:27.000Z</time>
      </trkpt>
      <trkpt lat="49.053113" lon="15.012168">
        <time>2026-04-05T09:16:28.000Z</time>
      </trkpt>
      <trkpt lat="49.0531" lon="15.012193">
        <time>2026-04-05T09:16:29.000Z</time>
      </trkpt>
      <trkpt lat="49.053071" lon="15.012228">
        <time>2026-04-05T09:16:30.000Z</time>
      </trkpt>
      <trkpt lat="49.053039" lon="15.012265">
        <time>2026-04-05T09:16:31.000Z</time>
      </trkpt>
      <trkpt lat="49.053009" lon="15.012302">
        <time>2026-04-05T09:16:32.000Z</time>
      </trkpt>
      <trkpt lat="49.052992" lon="15.012326">
        <time>2026-04-05T09:16:33.000Z</time>
      </trkpt>
      <trkpt lat="49.052981" lon="15.012343">
        <time>2026-04-05T09:16:34.000Z</time>
      </trkpt>
      <trkpt lat="49.052963" lon="15.012367">
        <time>2026-04-05T09:16:35.000Z</time>
      </trkpt>
      <trkpt lat="49.052944" lon="15.012397">
        <time>2026-04-05T09:16:36.000Z</time>
      </trkpt>
      <trkpt lat="49.052925" lon="15.01242">
        <time>2026-04-05T09:16:37.000Z</time>
      </trkpt>
      <trkpt lat="49.0529" lon="15.012445">
        <time>2026-04-05T09:16:38.000Z</time>
      </trkpt>
      <trkpt lat="49.052881" lon="15.012467">
        <time>2026-04-05T09:16:39.000Z</time>
      </trkpt>
      <trkpt lat="49.052859" lon="15.012494">
        <time>2026-04-05T09:16:40.000Z</time>
      </trkpt>
      <trkpt lat="49.052851" lon="15.012518">
        <time>2026-04-05T09:16:41.000Z</time>
      </trkpt>
      <trkpt lat="49.052843" lon="15.012547">
        <time>2026-04-05T09:16:42.000Z</time>
      </trkpt>
      <trkpt lat="49.052818" lon="15.012585">
        <time>2026-04-05T09:16:43.000Z</time>
      </trkpt>
      <trkpt lat="49.052775" lon="15.012618">
        <time>2026-04-05T09:16:44.000Z</time>
      </trkpt>
      <trkpt lat="49.052757" lon="15.012625">
        <time>2026-04-05T09:16:45.000Z</time>
      </trkpt>
      <trkpt lat="49.052744" lon="15.01263">
        <time>2026-04-05T09:16:46.000Z</time>
      </trkpt>
      <trkpt lat="49.052732" lon="15.012632">
        <time>2026-04-05T09:16:47.000Z</time>
      </trkpt>
      <trkpt lat="49.052713" lon="15.012642">
        <time>2026-04-05T09:16:48.000Z</time>
      </trkpt>
      <trkpt lat="49.052695" lon="15.012655">
        <time>2026-04-05T09:16:49.000Z</time>
      </trkpt>
      <trkpt lat="49.052682" lon="15.012664">
        <time>2026-04-05T09:16:50.000Z</time>
      </trkpt>
      <trkpt lat="49.052665" lon="15.012675">
        <time>2026-04-05T09:16:51.000Z</time>
      </trkpt>
      <trkpt lat="49.052652" lon="15.012697">
        <time>2026-04-05T09:16:52.000Z</time>
      </trkpt>
      <trkpt lat="49.052645" lon="15.012717">
        <time>2026-04-05T09:16:53.000Z</time>
      </trkpt>
      <trkpt lat="49.052642" lon="15.012723">
        <time>2026-04-05T09:16:54.000Z</time>
      </trkpt>
      <trkpt lat="49.052647" lon="15.012741">
        <time>2026-04-05T09:16:55.000Z</time>
      </trkpt>
      <trkpt lat="49.052652" lon="15.012768">
        <time>2026-04-05T09:16:56.000Z</time>
      </trkpt>
      <trkpt lat="49.052645" lon="15.012785">
        <time>2026-04-05T09:16:57.000Z</time>
      </trkpt>
      <trkpt lat="49.052619" lon="15.012805">
        <time>2026-04-05T09:16:58.000Z</time>
      </trkpt>
      <trkpt lat="49.052593" lon="15.012832">
        <time>2026-04-05T09:16:59.000Z</time>
      </trkpt>
      <trkpt lat="49.052575" lon="15.012853">
        <time>2026-04-05T09:17:00.000Z</time>
      </trkpt>
      <trkpt lat="49.052563" lon="15.012878">
        <time>2026-04-05T09:17:01.000Z</time>
      </trkpt>
      <trkpt lat="49.052555" lon="15.012901">
        <time>2026-04-05T09:17:02.000Z</time>
      </trkpt>
      <trkpt lat="49.052546" lon="15.012925">
        <time>2026-04-05T09:17:03.000Z</time>
      </trkpt>
      <trkpt lat="49.052538" lon="15.012943">
        <time>2026-04-05T09:17:04.000Z</time>
      </trkpt>
      <trkpt lat="49.052526" lon="15.012957">
        <time>2026-04-05T09:17:05.000Z</time>
      </trkpt>
      <trkpt lat="49.05251" lon="15.012962">
        <time>2026-04-05T09:17:06.000Z</time>
      </trkpt>
      <trkpt lat="49.052495" lon="15.012964">
        <time>2026-04-05T09:17:07.000Z</time>
      </trkpt>
      <trkpt lat="49.052472" lon="15.01297">
        <time>2026-04-05T09:17:08.000Z</time>
      </trkpt>
      <trkpt lat="49.052455" lon="15.012977">
        <time>2026-04-05T09:17:09.000Z</time>
      </trkpt>
      <trkpt lat="49.052434" lon="15.012986">
        <time>2026-04-05T09:17:10.000Z</time>
      </trkpt>
      <trkpt lat="49.052422" lon="15.012989">
        <time>2026-04-05T09:17:11.000Z</time>
      </trkpt>
      <trkpt lat="49.052405" lon="15.012975">
        <time>2026-04-05T09:17:12.000Z</time>
      </trkpt>
      <trkpt lat="49.052387" lon="15.01296">
        <time>2026-04-05T09:17:13.000Z</time>
      </trkpt>
      <trkpt lat="49.052358" lon="15.012957">
        <time>2026-04-05T09:17:14.000Z</time>
      </trkpt>
      <trkpt lat="49.052333" lon="15.012962">
        <time>2026-04-05T09:17:15.000Z</time>
      </trkpt>
      <trkpt lat="49.052306" lon="15.012972">
        <time>2026-04-05T09:17:16.000Z</time>
      </trkpt>
      <trkpt lat="49.052273" lon="15.013001">
        <time>2026-04-05T09:17:17.000Z</time>
      </trkpt>
      <trkpt lat="49.052243" lon="15.013022">
        <time>2026-04-05T09:17:18.000Z</time>
      </trkpt>
      <trkpt lat="49.052218" lon="15.013026">
        <time>2026-04-05T09:17:19.000Z</time>
      </trkpt>
      <trkpt lat="49.052188" lon="15.013018">
        <time>2026-04-05T09:17:20.000Z</time>
      </trkpt>
      <trkpt lat="49.052161" lon="15.013014">
        <time>2026-04-05T09:17:21.000Z</time>
      </trkpt>
      <trkpt lat="49.052142" lon="15.013013">
        <time>2026-04-05T09:17:22.000Z</time>
      </trkpt>
      <trkpt lat="49.05212" lon="15.013016">
        <time>2026-04-05T09:17:23.000Z</time>
      </trkpt>
      <trkpt lat="49.0521" lon="15.013023">
        <time>2026-04-05T09:17:24.000Z</time>
      </trkpt>
      <trkpt lat="49.052088" lon="15.013026">
        <time>2026-04-05T09:17:25.000Z</time>
      </trkpt>
      <trkpt lat="49.052078" lon="15.013019">
        <time>2026-04-05T09:17:26.000Z</time>
      </trkpt>
      <trkpt lat="49.052058" lon="15.013015">
        <time>2026-04-05T09:17:27.000Z</time>
      </trkpt>
      <trkpt lat="49.052042" lon="15.013023">
        <time>2026-04-05T09:17:28.000Z</time>
      </trkpt>
      <trkpt lat="49.052022" lon="15.013036">
        <time>2026-04-05T09:17:29.000Z</time>
      </trkpt>
      <trkpt lat="49.052008" lon="15.013052">
        <time>2026-04-05T09:17:30.000Z</time>
      </trkpt>
      <trkpt lat="49.051989" lon="15.013066">
        <time>2026-04-05T09:17:31.000Z</time>
      </trkpt>
      <trkpt lat="49.051963" lon="15.013084">
        <time>2026-04-05T09:17:32.000Z</time>
      </trkpt>
      <trkpt lat="49.051939" lon="15.013104">
        <time>2026-04-05T09:17:33.000Z</time>
      </trkpt>
      <trkpt lat="49.051919" lon="15.013128">
        <time>2026-04-05T09:17:34.000Z</time>
      </trkpt>
      <trkpt lat="49.051903" lon="15.013155">
        <time>2026-04-05T09:17:35.000Z</time>
      </trkpt>
      <trkpt lat="49.051892" lon="15.013177">
        <time>2026-04-05T09:17:36.000Z</time>
      </trkpt>
      <trkpt lat="49.051874" lon="15.013195">
        <time>2026-04-05T09:17:37.000Z</time>
      </trkpt>
      <trkpt lat="49.051855" lon="15.013219">
        <time>2026-04-05T09:17:38.000Z</time>
      </trkpt>
      <trkpt lat="49.051834" lon="15.013237">
        <time>2026-04-05T09:17:39.000Z</time>
      </trkpt>
      <trkpt lat="49.05182" lon="15.013253">
        <time>2026-04-05T09:17:40.000Z</time>
      </trkpt>
      <trkpt lat="49.051804" lon="15.01328">
        <time>2026-04-05T09:17:41.000Z</time>
      </trkpt>
      <trkpt lat="49.051788" lon="15.013314">
        <time>2026-04-05T09:17:42.000Z</time>
      </trkpt>
      <trkpt lat="49.051776" lon="15.013349">
        <time>2026-04-05T09:17:43.000Z</time>
      </trkpt>
      <trkpt lat="49.051766" lon="15.013371">
        <time>2026-04-05T09:17:44.000Z</time>
      </trkpt>
      <trkpt lat="49.051758" lon="15.01339">
        <time>2026-04-05T09:17:45.000Z</time>
      </trkpt>
      <trkpt lat="49.051751" lon="15.013417">
        <time>2026-04-05T09:17:46.000Z</time>
      </trkpt>
      <trkpt lat="49.051744" lon="15.013438">
        <time>2026-04-05T09:17:47.000Z</time>
      </trkpt>
      <trkpt lat="49.051737" lon="15.013449">
        <time>2026-04-05T09:17:48.000Z</time>
      </trkpt>
      <trkpt lat="49.051737" lon="15.013456">
        <time>2026-04-05T09:17:49.000Z</time>
      </trkpt>
      <trkpt lat="49.05173" lon="15.01347">
        <time>2026-04-05T09:17:50.000Z</time>
      </trkpt>
      <trkpt lat="49.051721" lon="15.013484">
        <time>2026-04-05T09:17:51.000Z</time>
      </trkpt>
      <trkpt lat="49.051712" lon="15.013494">
        <time>2026-04-05T09:17:52.000Z</time>
      </trkpt>
      <trkpt lat="49.051703" lon="15.013505">
        <time>2026-04-05T09:17:53.000Z</time>
      </trkpt>
      <trkpt lat="49.051691" lon="15.013517">
        <time>2026-04-05T09:17:54.000Z</time>
      </trkpt>
      <trkpt lat="49.051681" lon="15.013524">
        <time>2026-04-05T09:17:55.000Z</time>
      </trkpt>
      <trkpt lat="49.05167" lon="15.01354">
        <time>2026-04-05T09:17:56.000Z</time>
      </trkpt>
      <trkpt lat="49.051663" lon="15.013558">
        <time>2026-04-05T09:17:57.000Z</time>
      </trkpt>
      <trkpt lat="49.051657" lon="15.013577">
        <time>2026-04-05T09:17:58.000Z</time>
      </trkpt>
      <trkpt lat="49.051655" lon="15.013582">
        <time>2026-04-05T09:17:59.000Z</time>
      </trkpt>
      <trkpt lat="49.051638" lon="15.0136">
        <time>2026-04-05T09:18:00.000Z</time>
      </trkpt>
      <trkpt lat="49.051622" lon="15.013621">
        <time>2026-04-05T09:18:01.000Z</time>
      </trkpt>
      <trkpt lat="49.051618" lon="15.013625">
        <time>2026-04-05T09:18:02.000Z</time>
      </trkpt>
      <trkpt lat="49.051615" lon="15.01363">
        <time>2026-04-05T09:18:03.000Z</time>
      </trkpt>
      <trkpt lat="49.051607" lon="15.013639">
        <time>2026-04-05T09:18:04.000Z</time>
      </trkpt>
      <trkpt lat="49.05159" lon="15.013657">
        <time>2026-04-05T09:18:05.000Z</time>
      </trkpt>
      <trkpt lat="49.051573" lon="15.013668">
        <time>2026-04-05T09:18:06.000Z</time>
      </trkpt>
      <trkpt lat="49.051554" lon="15.013679">
        <time>2026-04-05T09:18:07.000Z</time>
      </trkpt>
      <trkpt lat="49.051543" lon="15.013692">
        <time>2026-04-05T09:18:08.000Z</time>
      </trkpt>
      <trkpt lat="49.051541" lon="15.013697">
        <time>2026-04-05T09:18:09.000Z</time>
      </trkpt>
      <trkpt lat="49.051541" lon="15.013715">
        <time>2026-04-05T09:18:10.000Z</time>
      </trkpt>
      <trkpt lat="49.051538" lon="15.013737">
        <time>2026-04-05T09:18:11.000Z</time>
      </trkpt>
      <trkpt lat="49.051531" lon="15.013759">
        <time>2026-04-05T09:18:12.000Z</time>
      </trkpt>
      <trkpt lat="49.051515" lon="15.013781">
        <time>2026-04-05T09:18:13.000Z</time>
      </trkpt>
      <trkpt lat="49.051502" lon="15.0138">
        <time>2026-04-05T09:18:14.000Z</time>
      </trkpt>
      <trkpt lat="49.051493" lon="15.013812">
        <time>2026-04-05T09:18:15.000Z</time>
      </trkpt>
      <trkpt lat="49.051482" lon="15.013819">
        <time>2026-04-05T09:18:16.000Z</time>
      </trkpt>
      <trkpt lat="49.051468" lon="15.013835">
        <time>2026-04-05T09:18:17.000Z</time>
      </trkpt>
      <trkpt lat="49.051462" lon="15.013859">
        <time>2026-04-05T09:18:18.000Z</time>
      </trkpt>
      <trkpt lat="49.051457" lon="15.013889">
        <time>2026-04-05T09:18:19.000Z</time>
      </trkpt>
      <trkpt lat="49.051463" lon="15.013923">
        <time>2026-04-05T09:18:20.000Z</time>
      </trkpt>
      <trkpt lat="49.051468" lon="15.013947">
        <time>2026-04-05T09:18:21.000Z</time>
      </trkpt>
      <trkpt lat="49.051466" lon="15.013961">
        <time>2026-04-05T09:18:22.000Z</time>
      </trkpt>
      <trkpt lat="49.051463" lon="15.013974">
        <time>2026-04-05T09:18:23.000Z</time>
      </trkpt>
      <trkpt lat="49.051458" lon="15.013993">
        <time>2026-04-05T09:18:24.000Z</time>
      </trkpt>
      <trkpt lat="49.051445" lon="15.014018">
        <time>2026-04-05T09:18:25.000Z</time>
      </trkpt>
      <trkpt lat="49.051435" lon="15.01404">
        <time>2026-04-05T09:18:26.000Z</time>
      </trkpt>
      <trkpt lat="49.051429" lon="15.01406">
        <time>2026-04-05T09:18:27.000Z</time>
      </trkpt>
      <trkpt lat="49.051415" lon="15.014087">
        <time>2026-04-05T09:18:28.000Z</time>
      </trkpt>
      <trkpt lat="49.051401" lon="15.014113">
        <time>2026-04-05T09:18:29.000Z</time>
      </trkpt>
      <trkpt lat="49.051383" lon="15.014148">
        <time>2026-04-05T09:18:30.000Z</time>
      </trkpt>
      <trkpt lat="49.051375" lon="15.014178">
        <time>2026-04-05T09:18:31.000Z</time>
      </trkpt>
      <trkpt lat="49.051371" lon="15.014215">
        <time>2026-04-05T09:18:32.000Z</time>
      </trkpt>
      <trkpt lat="49.051369" lon="15.014252">
        <time>2026-04-05T09:18:33.000Z</time>
      </trkpt>
      <trkpt lat="49.051366" lon="15.014284">
        <time>2026-04-05T09:18:34.000Z</time>
      </trkpt>
      <trkpt lat="49.05135" lon="15.01431">
        <time>2026-04-05T09:18:35.000Z</time>
      </trkpt>
      <trkpt lat="49.051327" lon="15.014329">
        <time>2026-04-05T09:18:36.000Z</time>
      </trkpt>
      <trkpt lat="49.051305" lon="15.014343">
        <time>2026-04-05T09:18:37.000Z</time>
      </trkpt>
      <trkpt lat="49.051292" lon="15.014364">
        <time>2026-04-05T09:18:38.000Z</time>
      </trkpt>
      <trkpt lat="49.05128" lon="15.014387">
        <time>2026-04-05T09:18:39.000Z</time>
      </trkpt>
      <trkpt lat="49.051273" lon="15.014415">
        <time>2026-04-05T09:18:40.000Z</time>
      </trkpt>
      <trkpt lat="49.051264" lon="15.014446">
        <time>2026-04-05T09:18:41.000Z</time>
      </trkpt>
      <trkpt lat="49.051253" lon="15.014479">
        <time>2026-04-05T09:18:42.000Z</time>
      </trkpt>
      <trkpt lat="49.051237" lon="15.014511">
        <time>2026-04-05T09:18:43.000Z</time>
      </trkpt>
      <trkpt lat="49.051219" lon="15.014538">
        <time>2026-04-05T09:18:44.000Z</time>
      </trkpt>
      <trkpt lat="49.051196" lon="15.014566">
        <time>2026-04-05T09:18:45.000Z</time>
      </trkpt>
      <trkpt lat="49.051181" lon="15.014583">
        <time>2026-04-05T09:18:46.000Z</time>
      </trkpt>
      <trkpt lat="49.051178" lon="15.014598">
        <time>2026-04-05T09:18:47.000Z</time>
      </trkpt>
      <trkpt lat="49.051173" lon="15.014619">
        <time>2026-04-05T09:18:48.000Z</time>
      </trkpt>
      <trkpt lat="49.051166" lon="15.014639">
        <time>2026-04-05T09:18:49.000Z</time>
      </trkpt>
      <trkpt lat="49.051155" lon="15.014654">
        <time>2026-04-05T09:18:50.000Z</time>
      </trkpt>
      <trkpt lat="49.051143" lon="15.014665">
        <time>2026-04-05T09:18:51.000Z</time>
      </trkpt>
      <trkpt lat="49.051143" lon="15.014673">
        <time>2026-04-05T09:18:52.000Z</time>
      </trkpt>
      <trkpt lat="49.051149" lon="15.014683">
        <time>2026-04-05T09:18:53.000Z</time>
      </trkpt>
      <trkpt lat="49.051147" lon="15.014687">
        <time>2026-04-05T09:18:54.000Z</time>
      </trkpt>
      <trkpt lat="49.051134" lon="15.014703">
        <time>2026-04-05T09:18:55.000Z</time>
      </trkpt>
      <trkpt lat="49.051119" lon="15.014722">
        <time>2026-04-05T09:18:56.000Z</time>
      </trkpt>
      <trkpt lat="49.051106" lon="15.014744">
        <time>2026-04-05T09:18:57.000Z</time>
      </trkpt>
      <trkpt lat="49.051103" lon="15.014767">
        <time>2026-04-05T09:18:58.000Z</time>
      </trkpt>
      <trkpt lat="49.051098" lon="15.014787">
        <time>2026-04-05T09:18:59.000Z</time>
      </trkpt>
      <trkpt lat="49.051095" lon="15.014803">
        <time>2026-04-05T09:19:00.000Z</time>
      </trkpt>
      <trkpt lat="49.051092" lon="15.014821">
        <time>2026-04-05T09:19:01.000Z</time>
      </trkpt>
      <trkpt lat="49.051097" lon="15.014841">
        <time>2026-04-05T09:19:02.000Z</time>
      </trkpt>
      <trkpt lat="49.051101" lon="15.014864">
        <time>2026-04-05T09:19:03.000Z</time>
      </trkpt>
      <trkpt lat="49.051103" lon="15.01488">
        <time>2026-04-05T09:19:04.000Z</time>
      </trkpt>
      <trkpt lat="49.051103" lon="15.014885">
        <time>2026-04-05T09:19:05.000Z</time>
      </trkpt>
      <trkpt lat="49.051096" lon="15.014898">
        <time>2026-04-05T09:19:06.000Z</time>
      </trkpt>
      <trkpt lat="49.051088" lon="15.014917">
        <time>2026-04-05T09:19:07.000Z</time>
      </trkpt>
      <trkpt lat="49.051089" lon="15.014935">
        <time>2026-04-05T09:19:08.000Z</time>
      </trkpt>
      <trkpt lat="49.05109" lon="15.014948">
        <time>2026-04-05T09:19:09.000Z</time>
      </trkpt>
      <trkpt lat="49.05109" lon="15.014963">
        <time>2026-04-05T09:19:10.000Z</time>
      </trkpt>
      <trkpt lat="49.051079" lon="15.014983">
        <time>2026-04-05T09:19:11.000Z</time>
      </trkpt>
      <trkpt lat="49.051073" lon="15.015007">
        <time>2026-04-05T09:19:12.000Z</time>
      </trkpt>
      <trkpt lat="49.051067" lon="15.015042">
        <time>2026-04-05T09:19:13.000Z</time>
      </trkpt>
      <trkpt lat="49.051061" lon="15.015058">
        <time>2026-04-05T09:19:14.000Z</time>
      </trkpt>
      <trkpt lat="49.051053" lon="15.015069">
        <time>2026-04-05T09:19:15.000Z</time>
      </trkpt>
      <trkpt lat="49.051044" lon="15.015081">
        <time>2026-04-05T09:19:16.000Z</time>
      </trkpt>
      <trkpt lat="49.051034" lon="15.015094">
        <time>2026-04-05T09:19:17.000Z</time>
      </trkpt>
      <trkpt lat="49.051027" lon="15.015104">
        <time>2026-04-05T09:19:18.000Z</time>
      </trkpt>
      <trkpt lat="49.051024" lon="15.01511">
        <time>2026-04-05T09:19:19.000Z</time>
      </trkpt>
      <trkpt lat="49.051019" lon="15.015132">
        <time>2026-04-05T09:19:20.000Z</time>
      </trkpt>
      <trkpt lat="49.051008" lon="15.01515">
        <time>2026-04-05T09:19:21.000Z</time>
      </trkpt>
      <trkpt lat="49.051005" lon="15.015162">
        <time>2026-04-05T09:19:22.000Z</time>
      </trkpt>
      <trkpt lat="49.050995" lon="15.015162">
        <time>2026-04-05T09:19:23.000Z</time>
      </trkpt>
      <trkpt lat="49.05097" lon="15.015158">
        <time>2026-04-05T09:19:24.000Z</time>
      </trkpt>
      <trkpt lat="49.050946" lon="15.015163">
        <time>2026-04-05T09:19:25.000Z</time>
      </trkpt>
      <trkpt lat="49.050896" lon="15.015164">
        <time>2026-04-05T09:19:26.000Z</time>
      </trkpt>
      <trkpt lat="49.050852" lon="15.015182">
        <time>2026-04-05T09:19:27.000Z</time>
      </trkpt>
      <trkpt lat="49.050815" lon="15.015201">
        <time>2026-04-05T09:19:28.000Z</time>
      </trkpt>
      <trkpt lat="49.050799" lon="15.015214">
        <time>2026-04-05T09:19:29.000Z</time>
      </trkpt>
      <trkpt lat="49.050779" lon="15.015222">
        <time>2026-04-05T09:19:30.000Z</time>
      </trkpt>
      <trkpt lat="49.050758" lon="15.01523">
        <time>2026-04-05T09:19:31.000Z</time>
      </trkpt>
      <trkpt lat="49.050735" lon="15.01524">
        <time>2026-04-05T09:19:32.000Z</time>
      </trkpt>
      <trkpt lat="49.050719" lon="15.015245">
        <time>2026-04-05T09:19:33.000Z</time>
      </trkpt>
      <trkpt lat="49.050707" lon="15.015246">
        <time>2026-04-05T09:19:34.000Z</time>
      </trkpt>
      <trkpt lat="49.050695" lon="15.01525">
        <time>2026-04-05T09:19:35.000Z</time>
      </trkpt>
      <trkpt lat="49.050682" lon="15.015252">
        <time>2026-04-05T09:19:36.000Z</time>
      </trkpt>
      <trkpt lat="49.050678" lon="15.01526">
        <time>2026-04-05T09:19:37.000Z</time>
      </trkpt>
      <trkpt lat="49.050671" lon="15.015275">
        <time>2026-04-05T09:19:38.000Z</time>
      </trkpt>
      <trkpt lat="49.050662" lon="15.015285">
        <time>2026-04-05T09:19:39.000Z</time>
      </trkpt>
      <trkpt lat="49.050648" lon="15.015295">
        <time>2026-04-05T09:19:40.000Z</time>
      </trkpt>
      <trkpt lat="49.050623" lon="15.015307">
        <time>2026-04-05T09:19:41.000Z</time>
      </trkpt>
      <trkpt lat="49.050598" lon="15.015308">
        <time>2026-04-05T09:19:42.000Z</time>
      </trkpt>
      <trkpt lat="49.050576" lon="15.015301">
        <time>2026-04-05T09:19:43.000Z</time>
      </trkpt>
      <trkpt lat="49.05057" lon="15.015303">
        <time>2026-04-05T09:19:44.000Z</time>
      </trkpt>
      <trkpt lat="49.050564" lon="15.015312">
        <time>2026-04-05T09:19:45.000Z</time>
      </trkpt>
      <trkpt lat="49.050551" lon="15.015319">
        <time>2026-04-05T09:19:46.000Z</time>
      </trkpt>
      <trkpt lat="49.050532" lon="15.015327">
        <time>2026-04-05T09:19:47.000Z</time>
      </trkpt>
      <trkpt lat="49.050514" lon="15.015333">
        <time>2026-04-05T09:19:48.000Z</time>
      </trkpt>
      <trkpt lat="49.050493" lon="15.015337">
        <time>2026-04-05T09:19:49.000Z</time>
      </trkpt>
      <trkpt lat="49.050491" lon="15.015337">
        <time>2026-04-05T09:19:50.000Z</time>
      </trkpt>
      <trkpt lat="49.050492" lon="15.015329">
        <time>2026-04-05T09:19:51.000Z</time>
      </trkpt>
      <trkpt lat="49.050506" lon="15.015314">
        <time>2026-04-05T09:19:52.000Z</time>
      </trkpt>
      <trkpt lat="49.050522" lon="15.0153">
        <time>2026-04-05T09:19:53.000Z</time>
      </trkpt>
      <trkpt lat="49.050536" lon="15.015287">
        <time>2026-04-05T09:19:54.000Z</time>
      </trkpt>
      <trkpt lat="49.05055" lon="15.015279">
        <time>2026-04-05T09:19:55.000Z</time>
      </trkpt>
      <trkpt lat="49.050562" lon="15.015269">
        <time>2026-04-05T09:19:56.000Z</time>
      </trkpt>
      <trkpt lat="49.05058" lon="15.015261">
        <time>2026-04-05T09:19:57.000Z</time>
      </trkpt>
      <trkpt lat="49.050596" lon="15.015255">
        <time>2026-04-05T09:19:58.000Z</time>
      </trkpt>
      <trkpt lat="49.05061" lon="15.015244">
        <time>2026-04-05T09:19:59.000Z</time>
      </trkpt>
      <trkpt lat="49.050626" lon="15.015228">
        <time>2026-04-05T09:20:00.000Z</time>
      </trkpt>
      <trkpt lat="49.05063" lon="15.015227">
        <time>2026-04-05T09:20:01.000Z</time>
      </trkpt>
      <trkpt lat="49.05064" lon="15.015219">
        <time>2026-04-05T09:20:02.000Z</time>
      </trkpt>
      <trkpt lat="49.05064" lon="15.015221">
        <time>2026-04-05T09:20:03.000Z</time>
      </trkpt>
      <trkpt lat="49.05064" lon="15.015222">
        <time>2026-04-05T09:20:04.000Z</time>
      </trkpt>
      <trkpt lat="49.050634" lon="15.01523">
        <time>2026-04-05T09:20:05.000Z</time>
      </trkpt>
      <trkpt lat="49.050631" lon="15.015231">
        <time>2026-04-05T09:20:06.000Z</time>
      </trkpt>
      <trkpt lat="49.050629" lon="15.015231">
        <time>2026-04-05T09:20:07.000Z</time>
      </trkpt>
      <trkpt lat="49.050627" lon="15.01523">
        <time>2026-04-05T09:20:08.000Z</time>
      </trkpt>
      <trkpt lat="49.050625" lon="15.015229">
        <time>2026-04-05T09:20:09.000Z</time>
      </trkpt>
      <trkpt lat="49.050612" lon="15.015244">
        <time>2026-04-05T09:20:10.000Z</time>
      </trkpt>
      <trkpt lat="49.050603" lon="15.015265">
        <time>2026-04-05T09:20:11.000Z</time>
      </trkpt>
      <trkpt lat="49.050595" lon="15.015283">
        <time>2026-04-05T09:20:12.000Z</time>
      </trkpt>
      <trkpt lat="49.050583" lon="15.015292">
        <time>2026-04-05T09:20:13.000Z</time>
      </trkpt>
      <trkpt lat="49.050559" lon="15.01529">
        <time>2026-04-05T09:20:14.000Z</time>
      </trkpt>
      <trkpt lat="49.050541" lon="15.015294">
        <time>2026-04-05T09:20:15.000Z</time>
      </trkpt>
      <trkpt lat="49.050524" lon="15.015297">
        <time>2026-04-05T09:20:16.000Z</time>
      </trkpt>
      <trkpt lat="49.050514" lon="15.015307">
        <time>2026-04-05T09:20:17.000Z</time>
      </trkpt>
      <trkpt lat="49.050511" lon="15.015323">
        <time>2026-04-05T09:20:18.000Z</time>
      </trkpt>
      <trkpt lat="49.050512" lon="15.015349">
        <time>2026-04-05T09:20:19.000Z</time>
      </trkpt>
      <trkpt lat="49.050514" lon="15.015379">
        <time>2026-04-05T09:20:20.000Z</time>
      </trkpt>
      <trkpt lat="49.050512" lon="15.015409">
        <time>2026-04-05T09:20:21.000Z</time>
      </trkpt>
      <trkpt lat="49.050516" lon="15.015432">
        <time>2026-04-05T09:20:22.000Z</time>
      </trkpt>
      <trkpt lat="49.050524" lon="15.01545">
        <time>2026-04-05T09:20:23.000Z</time>
      </trkpt>
      <trkpt lat="49.050531" lon="15.01547">
        <time>2026-04-05T09:20:24.000Z</time>
      </trkpt>
      <trkpt lat="49.050534" lon="15.015495">
        <time>2026-04-05T09:20:25.000Z</time>
      </trkpt>
      <trkpt lat="49.050538" lon="15.015512">
        <time>2026-04-05T09:20:26.000Z</time>
      </trkpt>
      <trkpt lat="49.050546" lon="15.015536">
        <time>2026-04-05T09:20:27.000Z</time>
      </trkpt>
      <trkpt lat="49.050552" lon="15.015562">
        <time>2026-04-05T09:20:28.000Z</time>
      </trkpt>
      <trkpt lat="49.050553" lon="15.015582">
        <time>2026-04-05T09:20:29.000Z</time>
      </trkpt>
      <trkpt lat="49.050554" lon="15.015601">
        <time>2026-04-05T09:20:30.000Z</time>
      </trkpt>
      <trkpt lat="49.05056" lon="15.015617">
        <time>2026-04-05T09:20:31.000Z</time>
      </trkpt>
      <trkpt lat="49.050565" lon="15.01563">
        <time>2026-04-05T09:20:32.000Z</time>
      </trkpt>
      <trkpt lat="49.050567" lon="15.015643">
        <time>2026-04-05T09:20:33.000Z</time>
      </trkpt>
      <trkpt lat="49.050566" lon="15.015661">
        <time>2026-04-05T09:20:34.000Z</time>
      </trkpt>
      <trkpt lat="49.050564" lon="15.015689">
        <time>2026-04-05T09:20:35.000Z</time>
      </trkpt>
      <trkpt lat="49.050568" lon="15.015726">
        <time>2026-04-05T09:20:36.000Z</time>
      </trkpt>
      <trkpt lat="49.050567" lon="15.015762">
        <time>2026-04-05T09:20:37.000Z</time>
      </trkpt>
      <trkpt lat="49.050564" lon="15.015799">
        <time>2026-04-05T09:20:38.000Z</time>
      </trkpt>
      <trkpt lat="49.050552" lon="15.015835">
        <time>2026-04-05T09:20:39.000Z</time>
      </trkpt>
      <trkpt lat="49.050534" lon="15.015872">
        <time>2026-04-05T09:20:40.000Z</time>
      </trkpt>
      <trkpt lat="49.050509" lon="15.01591">
        <time>2026-04-05T09:20:41.000Z</time>
      </trkpt>
      <trkpt lat="49.050484" lon="15.015951">
        <time>2026-04-05T09:20:42.000Z</time>
      </trkpt>
      <trkpt lat="49.05046" lon="15.015999">
        <time>2026-04-05T09:20:43.000Z</time>
      </trkpt>
      <trkpt lat="49.050439" lon="15.016054">
        <time>2026-04-05T09:20:44.000Z</time>
      </trkpt>
      <trkpt lat="49.050419" lon="15.016108">
        <time>2026-04-05T09:20:45.000Z</time>
      </trkpt>
      <trkpt lat="49.050389" lon="15.016156">
        <time>2026-04-05T09:20:46.000Z</time>
      </trkpt>
      <trkpt lat="49.050365" lon="15.016193">
        <time>2026-04-05T09:20:47.000Z</time>
      </trkpt>
      <trkpt lat="49.050345" lon="15.016239">
        <time>2026-04-05T09:20:48.000Z</time>
      </trkpt>
      <trkpt lat="49.050338" lon="15.016288">
        <time>2026-04-05T09:20:49.000Z</time>
      </trkpt>
      <trkpt lat="49.050342" lon="15.016339">
        <time>2026-04-05T09:20:50.000Z</time>
      </trkpt>
      <trkpt lat="49.050349" lon="15.016392">
        <time>2026-04-05T09:20:51.000Z</time>
      </trkpt>
      <trkpt lat="49.050342" lon="15.016437">
        <time>2026-04-05T09:20:52.000Z</time>
      </trkpt>
      <trkpt lat="49.050332" lon="15.016478">
        <time>2026-04-05T09:20:53.000Z</time>
      </trkpt>
      <trkpt lat="49.050324" lon="15.016518">
        <time>2026-04-05T09:20:54.000Z</time>
      </trkpt>
      <trkpt lat="49.050313" lon="15.016549">
        <time>2026-04-05T09:20:55.000Z</time>
      </trkpt>
      <trkpt lat="49.050297" lon="15.016577">
        <time>2026-04-05T09:20:56.000Z</time>
      </trkpt>
      <trkpt lat="49.050276" lon="15.016604">
        <time>2026-04-05T09:20:57.000Z</time>
      </trkpt>
      <trkpt lat="49.050254" lon="15.016626">
        <time>2026-04-05T09:20:58.000Z</time>
      </trkpt>
      <trkpt lat="49.050233" lon="15.016652">
        <time>2026-04-05T09:20:59.000Z</time>
      </trkpt>
      <trkpt lat="49.05021" lon="15.016678">
        <time>2026-04-05T09:21:00.000Z</time>
      </trkpt>
      <trkpt lat="49.050194" lon="15.016705">
        <time>2026-04-05T09:21:01.000Z</time>
      </trkpt>
      <trkpt lat="49.050183" lon="15.016745">
        <time>2026-04-05T09:21:02.000Z</time>
      </trkpt>
      <trkpt lat="49.05018" lon="15.01678">
        <time>2026-04-05T09:21:03.000Z</time>
      </trkpt>
      <trkpt lat="49.050185" lon="15.016823">
        <time>2026-04-05T09:21:04.000Z</time>
      </trkpt>
      <trkpt lat="49.050179" lon="15.016863">
        <time>2026-04-05T09:21:05.000Z</time>
      </trkpt>
      <trkpt lat="49.050168" lon="15.016903">
        <time>2026-04-05T09:21:06.000Z</time>
      </trkpt>
      <trkpt lat="49.05015" lon="15.016943">
        <time>2026-04-05T09:21:07.000Z</time>
      </trkpt>
      <trkpt lat="49.050138" lon="15.01697">
        <time>2026-04-05T09:21:08.000Z</time>
      </trkpt>
      <trkpt lat="49.050126" lon="15.017017">
        <time>2026-04-05T09:21:09.000Z</time>
      </trkpt>
      <trkpt lat="49.050123" lon="15.017054">
        <time>2026-04-05T09:21:10.000Z</time>
      </trkpt>
      <trkpt lat="49.050122" lon="15.017088">
        <time>2026-04-05T09:21:11.000Z</time>
      </trkpt>
      <trkpt lat="49.050124" lon="15.017119">
        <time>2026-04-05T09:21:12.000Z</time>
      </trkpt>
      <trkpt lat="49.050117" lon="15.017134">
        <time>2026-04-05T09:21:13.000Z</time>
      </trkpt>
      <trkpt lat="49.050112" lon="15.017137">
        <time>2026-04-05T09:21:14.000Z</time>
      </trkpt>
      <trkpt lat="49.05012" lon="15.017148">
        <time>2026-04-05T09:21:15.000Z</time>
      </trkpt>
      <trkpt lat="49.05012" lon="15.017151">
        <time>2026-04-05T09:21:16.000Z</time>
      </trkpt>
      <trkpt lat="49.05012" lon="15.017154">
        <time>2026-04-05T09:21:17.000Z</time>
      </trkpt>
      <trkpt lat="49.050119" lon="15.017156">
        <time>2026-04-05T09:21:18.000Z</time>
      </trkpt>
      <trkpt lat="49.050134" lon="15.017169">
        <time>2026-04-05T09:21:19.000Z</time>
      </trkpt>
      <trkpt lat="49.050146" lon="15.017182">
        <time>2026-04-05T09:21:20.000Z</time>
      </trkpt>
      <trkpt lat="49.050148" lon="15.017195">
        <time>2026-04-05T09:21:21.000Z</time>
      </trkpt>
      <trkpt lat="49.050147" lon="15.017197">
        <time>2026-04-05T09:21:22.000Z</time>
      </trkpt>
      <trkpt lat="49.050146" lon="15.017197">
        <time>2026-04-05T09:21:23.000Z</time>
      </trkpt>
      <trkpt lat="49.050132" lon="15.017197">
        <time>2026-04-05T09:21:24.000Z</time>
      </trkpt>
      <trkpt lat="49.050121" lon="15.017178">
        <time>2026-04-05T09:21:25.000Z</time>
      </trkpt>
    </trkseg>
  </trk>
</gpx>
