<?xml version="1.0" encoding="UTF-8"?>
<gpx version="1.1" creator="Livelox" xmlns="http://www.topografix.com/GPX/1/1" xmlns:xsi="http://www.w3.org/2001/XMLSchema-instance" xsi:schemaLocation="http://www.topografix.com/GPX/1/1 http://www.topografix.com/GPX/1/1/gpx.xsd http://www.garmin.com/xmlschemas/GpxExtensions/v3 http://www.garmin.com/xmlschemas/GpxExtensionsv3.xsd http://www.garmin.com/xmlschemas/TrackPointExtension/v1 http://www.garmin.com/xmlschemas/TrackPointExtensionv1.xsd http://www.garmin.com/xmlschemas/PowerExtension/v1 http://www.garmin.com/xmlschemas/PowerExtensionv1.xsd http://www.topografix.com/GPX/gpx_style/0/2 http://www.topografix.com/GPX/gpx_style/0/2/gpx_style.xsd" xmlns:gpxtpx="http://www.garmin.com/xmlschemas/TrackPointExtension/v1" xmlns:gpxx="http://www.garmin.com/xmlschemas/GpxExtensions/v3" xmlns:gpxpx="http://www.garmin.com/xmlschemas/PowerExtension/v1" xmlns:gpx_style="http://www.topografix.com/GPX/gpx_style/0/2">
  <metadata>
    <name>5. 4. 2026 Velikonoce PGP - middle, H18-21_Top Masters, Matyáš Kolář</name>
    <author>
      <name>gpx.studio</name>
      <link href="https://gpx.studio"/>
    </author>
  </metadata>
  <trk>
    <name>5. 4. 2026 Velikonoce PGP - middle, H18-21_Top Masters, Matyáš Kolář</name>
    <trkseg>
      <trkpt lat="49.049879" lon="15.01801">
        <time>2026-04-05T08:34:23.000Z</time>
      </trkpt>
      <trkpt lat="49.049883" lon="15.018012">
        <time>2026-04-05T08:34:24.000Z</time>
      </trkpt>
      <trkpt lat="49.049883" lon="15.018014">
        <time>2026-04-05T08:34:25.000Z</time>
      </trkpt>
      <trkpt lat="49.049888" lon="15.018012">
        <time>2026-04-05T08:34:26.000Z</time>
      </trkpt>
      <trkpt lat="49.04989" lon="15.018017">
        <time>2026-04-05T08:34:27.000Z</time>
      </trkpt>
      <trkpt lat="49.049892" lon="15.018021">
        <time>2026-04-05T08:34:28.000Z</time>
      </trkpt>
      <trkpt lat="49.049892" lon="15.018021">
        <time>2026-04-05T08:34:29.000Z</time>
      </trkpt>
      <trkpt lat="49.049892" lon="15.018021">
        <time>2026-04-05T08:34:30.000Z</time>
      </trkpt>
      <trkpt lat="49.049892" lon="15.018022">
        <time>2026-04-05T08:34:31.000Z</time>
      </trkpt>
      <trkpt lat="49.0499" lon="15.018031">
        <time>2026-04-05T08:34:32.000Z</time>
      </trkpt>
      <trkpt lat="49.04992" lon="15.018046">
        <time>2026-04-05T08:34:33.000Z</time>
      </trkpt>
      <trkpt lat="49.049949" lon="15.018056">
        <time>2026-04-05T08:34:34.000Z</time>
      </trkpt>
      <trkpt lat="49.049975" lon="15.018066">
        <time>2026-04-05T08:34:35.000Z</time>
      </trkpt>
      <trkpt lat="49.050007" lon="15.01808">
        <time>2026-04-05T08:34:36.000Z</time>
      </trkpt>
      <trkpt lat="49.050039" lon="15.018094">
        <time>2026-04-05T08:34:37.000Z</time>
      </trkpt>
      <trkpt lat="49.050068" lon="15.018103">
        <time>2026-04-05T08:34:38.000Z</time>
      </trkpt>
      <trkpt lat="49.050098" lon="15.018115">
        <time>2026-04-05T08:34:39.000Z</time>
      </trkpt>
      <trkpt lat="49.050128" lon="15.018132">
        <time>2026-04-05T08:34:40.000Z</time>
      </trkpt>
      <trkpt lat="49.050156" lon="15.018146">
        <time>2026-04-05T08:34:41.000Z</time>
      </trkpt>
      <trkpt lat="49.050189" lon="15.018152">
        <time>2026-04-05T08:34:42.000Z</time>
      </trkpt>
      <trkpt lat="49.050225" lon="15.018156">
        <time>2026-04-05T08:34:43.000Z</time>
      </trkpt>
      <trkpt lat="49.050258" lon="15.018165">
        <time>2026-04-05T08:34:44.000Z</time>
      </trkpt>
      <trkpt lat="49.050289" lon="15.018175">
        <time>2026-04-05T08:34:45.000Z</time>
      </trkpt>
      <trkpt lat="49.050318" lon="15.018187">
        <time>2026-04-05T08:34:46.000Z</time>
      </trkpt>
      <trkpt lat="49.050346" lon="15.018193">
        <time>2026-04-05T08:34:47.000Z</time>
      </trkpt>
      <trkpt lat="49.050369" lon="15.018209">
        <time>2026-04-05T08:34:48.000Z</time>
      </trkpt>
      <trkpt lat="49.050397" lon="15.018226">
        <time>2026-04-05T08:34:49.000Z</time>
      </trkpt>
      <trkpt lat="49.050424" lon="15.018249">
        <time>2026-04-05T08:34:50.000Z</time>
      </trkpt>
      <trkpt lat="49.050448" lon="15.01828">
        <time>2026-04-05T08:34:51.000Z</time>
      </trkpt>
      <trkpt lat="49.050473" lon="15.018315">
        <time>2026-04-05T08:34:52.000Z</time>
      </trkpt>
      <trkpt lat="49.050493" lon="15.018356">
        <time>2026-04-05T08:34:53.000Z</time>
      </trkpt>
      <trkpt lat="49.050515" lon="15.018397">
        <time>2026-04-05T08:34:54.000Z</time>
      </trkpt>
      <trkpt lat="49.050534" lon="15.018443">
        <time>2026-04-05T08:34:55.000Z</time>
      </trkpt>
      <trkpt lat="49.050549" lon="15.018484">
        <time>2026-04-05T08:34:56.000Z</time>
      </trkpt>
      <trkpt lat="49.050565" lon="15.018529">
        <time>2026-04-05T08:34:57.000Z</time>
      </trkpt>
      <trkpt lat="49.050583" lon="15.018566">
        <time>2026-04-05T08:34:58.000Z</time>
      </trkpt>
      <trkpt lat="49.050602" lon="15.018595">
        <time>2026-04-05T08:34:59.000Z</time>
      </trkpt>
      <trkpt lat="49.050623" lon="15.018627">
        <time>2026-04-05T08:35:00.000Z</time>
      </trkpt>
      <trkpt lat="49.05064" lon="15.018661">
        <time>2026-04-05T08:35:01.000Z</time>
      </trkpt>
      <trkpt lat="49.050658" lon="15.018691">
        <time>2026-04-05T08:35:02.000Z</time>
      </trkpt>
      <trkpt lat="49.050674" lon="15.018727">
        <time>2026-04-05T08:35:03.000Z</time>
      </trkpt>
      <trkpt lat="49.050688" lon="15.018764">
        <time>2026-04-05T08:35:04.000Z</time>
      </trkpt>
      <trkpt lat="49.050702" lon="15.018806">
        <time>2026-04-05T08:35:05.000Z</time>
      </trkpt>
      <trkpt lat="49.050712" lon="15.018855">
        <time>2026-04-05T08:35:06.000Z</time>
      </trkpt>
      <trkpt lat="49.050719" lon="15.018904">
        <time>2026-04-05T08:35:07.000Z</time>
      </trkpt>
      <trkpt lat="49.050729" lon="15.018945">
        <time>2026-04-05T08:35:08.000Z</time>
      </trkpt>
      <trkpt lat="49.050741" lon="15.018992">
        <time>2026-04-05T08:35:09.000Z</time>
      </trkpt>
      <trkpt lat="49.050751" lon="15.019035">
        <time>2026-04-05T08:35:10.000Z</time>
      </trkpt>
      <trkpt lat="49.050766" lon="15.019075">
        <time>2026-04-05T08:35:11.000Z</time>
      </trkpt>
      <trkpt lat="49.050774" lon="15.019106">
        <time>2026-04-05T08:35:12.000Z</time>
      </trkpt>
      <trkpt lat="49.050781" lon="15.019143">
        <time>2026-04-05T08:35:13.000Z</time>
      </trkpt>
      <trkpt lat="49.050783" lon="15.019181">
        <time>2026-04-05T08:35:14.000Z</time>
      </trkpt>
      <trkpt lat="49.050788" lon="15.019219">
        <time>2026-04-05T08:35:15.000Z</time>
      </trkpt>
      <trkpt lat="49.050795" lon="15.01926">
        <time>2026-04-05T08:35:16.000Z</time>
      </trkpt>
      <trkpt lat="49.050805" lon="15.019291">
        <time>2026-04-05T08:35:17.000Z</time>
      </trkpt>
      <trkpt lat="49.050819" lon="15.019331">
        <time>2026-04-05T08:35:18.000Z</time>
      </trkpt>
      <trkpt lat="49.050825" lon="15.01937">
        <time>2026-04-05T08:35:19.000Z</time>
      </trkpt>
      <trkpt lat="49.050832" lon="15.019405">
        <time>2026-04-05T08:35:20.000Z</time>
      </trkpt>
      <trkpt lat="49.05084" lon="15.019442">
        <time>2026-04-05T08:35:21.000Z</time>
      </trkpt>
      <trkpt lat="49.05085" lon="15.019474">
        <time>2026-04-05T08:35:22.000Z</time>
      </trkpt>
      <trkpt lat="49.050862" lon="15.019506">
        <time>2026-04-05T08:35:23.000Z</time>
      </trkpt>
      <trkpt lat="49.050877" lon="15.019539">
        <time>2026-04-05T08:35:24.000Z</time>
      </trkpt>
      <trkpt lat="49.050898" lon="15.019572">
        <time>2026-04-05T08:35:25.000Z</time>
      </trkpt>
      <trkpt lat="49.050914" lon="15.019605">
        <time>2026-04-05T08:35:26.000Z</time>
      </trkpt>
      <trkpt lat="49.050918" lon="15.019642">
        <time>2026-04-05T08:35:27.000Z</time>
      </trkpt>
      <trkpt lat="49.050922" lon="15.019683">
        <time>2026-04-05T08:35:28.000Z</time>
      </trkpt>
      <trkpt lat="49.050923" lon="15.019716">
        <time>2026-04-05T08:35:29.000Z</time>
      </trkpt>
      <trkpt lat="49.050929" lon="15.019746">
        <time>2026-04-05T08:35:30.000Z</time>
      </trkpt>
      <trkpt lat="49.050938" lon="15.019778">
        <time>2026-04-05T08:35:31.000Z</time>
      </trkpt>
      <trkpt lat="49.050944" lon="15.019806">
        <time>2026-04-05T08:35:32.000Z</time>
      </trkpt>
      <trkpt lat="49.050943" lon="15.019841">
        <time>2026-04-05T08:35:33.000Z</time>
      </trkpt>
      <trkpt lat="49.050945" lon="15.019874">
        <time>2026-04-05T08:35:34.000Z</time>
      </trkpt>
      <trkpt lat="49.050952" lon="15.019909">
        <time>2026-04-05T08:35:35.000Z</time>
      </trkpt>
      <trkpt lat="49.050959" lon="15.019944">
        <time>2026-04-05T08:35:36.000Z</time>
      </trkpt>
      <trkpt lat="49.050964" lon="15.019987">
        <time>2026-04-05T08:35:37.000Z</time>
      </trkpt>
      <trkpt lat="49.050968" lon="15.020028">
        <time>2026-04-05T08:35:38.000Z</time>
      </trkpt>
      <trkpt lat="49.050965" lon="15.020067">
        <time>2026-04-05T08:35:39.000Z</time>
      </trkpt>
      <trkpt lat="49.050963" lon="15.020102">
        <time>2026-04-05T08:35:40.000Z</time>
      </trkpt>
      <trkpt lat="49.050968" lon="15.020139">
        <time>2026-04-05T08:35:41.000Z</time>
      </trkpt>
      <trkpt lat="49.050977" lon="15.020169">
        <time>2026-04-05T08:35:42.000Z</time>
      </trkpt>
      <trkpt lat="49.050986" lon="15.020191">
        <time>2026-04-05T08:35:43.000Z</time>
      </trkpt>
      <trkpt lat="49.050997" lon="15.020201">
        <time>2026-04-05T08:35:44.000Z</time>
      </trkpt>
      <trkpt lat="49.051008" lon="15.020198">
        <time>2026-04-05T08:35:45.000Z</time>
      </trkpt>
      <trkpt lat="49.051027" lon="15.020189">
        <time>2026-04-05T08:35:46.000Z</time>
      </trkpt>
      <trkpt lat="49.051042" lon="15.02019">
        <time>2026-04-05T08:35:47.000Z</time>
      </trkpt>
      <trkpt lat="49.051052" lon="15.020195">
        <time>2026-04-05T08:35:48.000Z</time>
      </trkpt>
      <trkpt lat="49.051075" lon="15.020199">
        <time>2026-04-05T08:35:49.000Z</time>
      </trkpt>
      <trkpt lat="49.051092" lon="15.0202">
        <time>2026-04-05T08:35:50.000Z</time>
      </trkpt>
      <trkpt lat="49.051114" lon="15.02019">
        <time>2026-04-05T08:35:51.000Z</time>
      </trkpt>
      <trkpt lat="49.05113" lon="15.020187">
        <time>2026-04-05T08:35:52.000Z</time>
      </trkpt>
      <trkpt lat="49.051154" lon="15.020187">
        <time>2026-04-05T08:35:53.000Z</time>
      </trkpt>
      <trkpt lat="49.051172" lon="15.020187">
        <time>2026-04-05T08:35:54.000Z</time>
      </trkpt>
      <trkpt lat="49.051188" lon="15.020188">
        <time>2026-04-05T08:35:55.000Z</time>
      </trkpt>
      <trkpt lat="49.051204" lon="15.020192">
        <time>2026-04-05T08:35:56.000Z</time>
      </trkpt>
      <trkpt lat="49.051219" lon="15.020194">
        <time>2026-04-05T08:35:57.000Z</time>
      </trkpt>
      <trkpt lat="49.051237" lon="15.020202">
        <time>2026-04-05T08:35:58.000Z</time>
      </trkpt>
      <trkpt lat="49.051258" lon="15.020209">
        <time>2026-04-05T08:35:59.000Z</time>
      </trkpt>
      <trkpt lat="49.051284" lon="15.020213">
        <time>2026-04-05T08:36:00.000Z</time>
      </trkpt>
      <trkpt lat="49.051307" lon="15.020204">
        <time>2026-04-05T08:36:01.000Z</time>
      </trkpt>
      <trkpt lat="49.051336" lon="15.020205">
        <time>2026-04-05T08:36:02.000Z</time>
      </trkpt>
      <trkpt lat="49.051361" lon="15.020195">
        <time>2026-04-05T08:36:03.000Z</time>
      </trkpt>
      <trkpt lat="49.051388" lon="15.020184">
        <time>2026-04-05T08:36:04.000Z</time>
      </trkpt>
      <trkpt lat="49.051417" lon="15.020172">
        <time>2026-04-05T08:36:05.000Z</time>
      </trkpt>
      <trkpt lat="49.051443" lon="15.020157">
        <time>2026-04-05T08:36:06.000Z</time>
      </trkpt>
      <trkpt lat="49.051467" lon="15.020147">
        <time>2026-04-05T08:36:07.000Z</time>
      </trkpt>
      <trkpt lat="49.051489" lon="15.020137">
        <time>2026-04-05T08:36:08.000Z</time>
      </trkpt>
      <trkpt lat="49.051511" lon="15.020139">
        <time>2026-04-05T08:36:09.000Z</time>
      </trkpt>
      <trkpt lat="49.051527" lon="15.020149">
        <time>2026-04-05T08:36:10.000Z</time>
      </trkpt>
      <trkpt lat="49.051548" lon="15.020156">
        <time>2026-04-05T08:36:11.000Z</time>
      </trkpt>
      <trkpt lat="49.051565" lon="15.020166">
        <time>2026-04-05T08:36:12.000Z</time>
      </trkpt>
      <trkpt lat="49.051582" lon="15.02018">
        <time>2026-04-05T08:36:13.000Z</time>
      </trkpt>
      <trkpt lat="49.05161" lon="15.020199">
        <time>2026-04-05T08:36:14.000Z</time>
      </trkpt>
      <trkpt lat="49.051638" lon="15.020212">
        <time>2026-04-05T08:36:15.000Z</time>
      </trkpt>
      <trkpt lat="49.05167" lon="15.020229">
        <time>2026-04-05T08:36:16.000Z</time>
      </trkpt>
      <trkpt lat="49.051703" lon="15.020229">
        <time>2026-04-05T08:36:17.000Z</time>
      </trkpt>
      <trkpt lat="49.051725" lon="15.020208">
        <time>2026-04-05T08:36:18.000Z</time>
      </trkpt>
      <trkpt lat="49.051741" lon="15.020179">
        <time>2026-04-05T08:36:19.000Z</time>
      </trkpt>
      <trkpt lat="49.051754" lon="15.020143">
        <time>2026-04-05T08:36:20.000Z</time>
      </trkpt>
      <trkpt lat="49.051762" lon="15.020115">
        <time>2026-04-05T08:36:21.000Z</time>
      </trkpt>
      <trkpt lat="49.051777" lon="15.020097">
        <time>2026-04-05T08:36:22.000Z</time>
      </trkpt>
      <trkpt lat="49.051801" lon="15.020101">
        <time>2026-04-05T08:36:23.000Z</time>
      </trkpt>
      <trkpt lat="49.051828" lon="15.02011">
        <time>2026-04-05T08:36:24.000Z</time>
      </trkpt>
      <trkpt lat="49.051853" lon="15.020098">
        <time>2026-04-05T08:36:25.000Z</time>
      </trkpt>
      <trkpt lat="49.051875" lon="15.020081">
        <time>2026-04-05T08:36:26.000Z</time>
      </trkpt>
      <trkpt lat="49.051895" lon="15.020065">
        <time>2026-04-05T08:36:27.000Z</time>
      </trkpt>
      <trkpt lat="49.051916" lon="15.020042">
        <time>2026-04-05T08:36:28.000Z</time>
      </trkpt>
      <trkpt lat="49.051935" lon="15.020005">
        <time>2026-04-05T08:36:29.000Z</time>
      </trkpt>
      <trkpt lat="49.051949" lon="15.01997">
        <time>2026-04-05T08:36:30.000Z</time>
      </trkpt>
      <trkpt lat="49.051962" lon="15.019925">
        <time>2026-04-05T08:36:31.000Z</time>
      </trkpt>
      <trkpt lat="49.051971" lon="15.019891">
        <time>2026-04-05T08:36:32.000Z</time>
      </trkpt>
      <trkpt lat="49.051977" lon="15.019856">
        <time>2026-04-05T08:36:33.000Z</time>
      </trkpt>
      <trkpt lat="49.051987" lon="15.019825">
        <time>2026-04-05T08:36:34.000Z</time>
      </trkpt>
      <trkpt lat="49.052002" lon="15.019799">
        <time>2026-04-05T08:36:35.000Z</time>
      </trkpt>
      <trkpt lat="49.052018" lon="15.019775">
        <time>2026-04-05T08:36:36.000Z</time>
      </trkpt>
      <trkpt lat="49.05203" lon="15.019739">
        <time>2026-04-05T08:36:37.000Z</time>
      </trkpt>
      <trkpt lat="49.052034" lon="15.019704">
        <time>2026-04-05T08:36:38.000Z</time>
      </trkpt>
      <trkpt lat="49.05204" lon="15.019667">
        <time>2026-04-05T08:36:39.000Z</time>
      </trkpt>
      <trkpt lat="49.052048" lon="15.019633">
        <time>2026-04-05T08:36:40.000Z</time>
      </trkpt>
      <trkpt lat="49.052054" lon="15.019599">
        <time>2026-04-05T08:36:41.000Z</time>
      </trkpt>
      <trkpt lat="49.052056" lon="15.019565">
        <time>2026-04-05T08:36:42.000Z</time>
      </trkpt>
      <trkpt lat="49.052058" lon="15.019538">
        <time>2026-04-05T08:36:43.000Z</time>
      </trkpt>
      <trkpt lat="49.052066" lon="15.019515">
        <time>2026-04-05T08:36:44.000Z</time>
      </trkpt>
      <trkpt lat="49.052076" lon="15.019485">
        <time>2026-04-05T08:36:45.000Z</time>
      </trkpt>
      <trkpt lat="49.052088" lon="15.019475">
        <time>2026-04-05T08:36:46.000Z</time>
      </trkpt>
      <trkpt lat="49.0521" lon="15.01947">
        <time>2026-04-05T08:36:47.000Z</time>
      </trkpt>
      <trkpt lat="49.052104" lon="15.019486">
        <time>2026-04-05T08:36:48.000Z</time>
      </trkpt>
      <trkpt lat="49.052105" lon="15.019498">
        <time>2026-04-05T08:36:49.000Z</time>
      </trkpt>
      <trkpt lat="49.052107" lon="15.019512">
        <time>2026-04-05T08:36:50.000Z</time>
      </trkpt>
      <trkpt lat="49.052109" lon="15.019523">
        <time>2026-04-05T08:36:51.000Z</time>
      </trkpt>
      <trkpt lat="49.052112" lon="15.019541">
        <time>2026-04-05T08:36:52.000Z</time>
      </trkpt>
      <trkpt lat="49.052112" lon="15.01956">
        <time>2026-04-05T08:36:53.000Z</time>
      </trkpt>
      <trkpt lat="49.052113" lon="15.019582">
        <time>2026-04-05T08:36:54.000Z</time>
      </trkpt>
      <trkpt lat="49.05213" lon="15.019609">
        <time>2026-04-05T08:36:55.000Z</time>
      </trkpt>
      <trkpt lat="49.052144" lon="15.019632">
        <time>2026-04-05T08:36:56.000Z</time>
      </trkpt>
      <trkpt lat="49.052164" lon="15.019645">
        <time>2026-04-05T08:36:57.000Z</time>
      </trkpt>
      <trkpt lat="49.052189" lon="15.019651">
        <time>2026-04-05T08:36:58.000Z</time>
      </trkpt>
      <trkpt lat="49.052208" lon="15.019664">
        <time>2026-04-05T08:36:59.000Z</time>
      </trkpt>
      <trkpt lat="49.052227" lon="15.019687">
        <time>2026-04-05T08:37:00.000Z</time>
      </trkpt>
      <trkpt lat="49.052252" lon="15.019707">
        <time>2026-04-05T08:37:01.000Z</time>
      </trkpt>
      <trkpt lat="49.052277" lon="15.019716">
        <time>2026-04-05T08:37:02.000Z</time>
      </trkpt>
      <trkpt lat="49.052304" lon="15.01972">
        <time>2026-04-05T08:37:03.000Z</time>
      </trkpt>
      <trkpt lat="49.052328" lon="15.019716">
        <time>2026-04-05T08:37:04.000Z</time>
      </trkpt>
      <trkpt lat="49.052353" lon="15.019719">
        <time>2026-04-05T08:37:05.000Z</time>
      </trkpt>
      <trkpt lat="49.052376" lon="15.019721">
        <time>2026-04-05T08:37:06.000Z</time>
      </trkpt>
      <trkpt lat="49.052404" lon="15.019731">
        <time>2026-04-05T08:37:07.000Z</time>
      </trkpt>
      <trkpt lat="49.052428" lon="15.019748">
        <time>2026-04-05T08:37:08.000Z</time>
      </trkpt>
      <trkpt lat="49.052451" lon="15.019753">
        <time>2026-04-05T08:37:09.000Z</time>
      </trkpt>
      <trkpt lat="49.052469" lon="15.019766">
        <time>2026-04-05T08:37:10.000Z</time>
      </trkpt>
      <trkpt lat="49.052478" lon="15.019796">
        <time>2026-04-05T08:37:11.000Z</time>
      </trkpt>
      <trkpt lat="49.052487" lon="15.019831">
        <time>2026-04-05T08:37:12.000Z</time>
      </trkpt>
      <trkpt lat="49.0525" lon="15.019869">
        <time>2026-04-05T08:37:13.000Z</time>
      </trkpt>
      <trkpt lat="49.052523" lon="15.0199">
        <time>2026-04-05T08:37:14.000Z</time>
      </trkpt>
      <trkpt lat="49.052547" lon="15.019923">
        <time>2026-04-05T08:37:15.000Z</time>
      </trkpt>
      <trkpt lat="49.052579" lon="15.019954">
        <time>2026-04-05T08:37:16.000Z</time>
      </trkpt>
      <trkpt lat="49.052605" lon="15.019978">
        <time>2026-04-05T08:37:17.000Z</time>
      </trkpt>
      <trkpt lat="49.052638" lon="15.020005">
        <time>2026-04-05T08:37:18.000Z</time>
      </trkpt>
      <trkpt lat="49.052669" lon="15.020022">
        <time>2026-04-05T08:37:19.000Z</time>
      </trkpt>
      <trkpt lat="49.052701" lon="15.020036">
        <time>2026-04-05T08:37:20.000Z</time>
      </trkpt>
      <trkpt lat="49.052743" lon="15.020048">
        <time>2026-04-05T08:37:21.000Z</time>
      </trkpt>
      <trkpt lat="49.052785" lon="15.020059">
        <time>2026-04-05T08:37:22.000Z</time>
      </trkpt>
      <trkpt lat="49.052825" lon="15.020072">
        <time>2026-04-05T08:37:23.000Z</time>
      </trkpt>
      <trkpt lat="49.052861" lon="15.02008">
        <time>2026-04-05T08:37:24.000Z</time>
      </trkpt>
      <trkpt lat="49.052896" lon="15.020096">
        <time>2026-04-05T08:37:25.000Z</time>
      </trkpt>
      <trkpt lat="49.052933" lon="15.020112">
        <time>2026-04-05T08:37:26.000Z</time>
      </trkpt>
      <trkpt lat="49.052968" lon="15.020125">
        <time>2026-04-05T08:37:27.000Z</time>
      </trkpt>
      <trkpt lat="49.053003" lon="15.02014">
        <time>2026-04-05T08:37:28.000Z</time>
      </trkpt>
      <trkpt lat="49.05304" lon="15.020146">
        <time>2026-04-05T08:37:29.000Z</time>
      </trkpt>
      <trkpt lat="49.053075" lon="15.020153">
        <time>2026-04-05T08:37:30.000Z</time>
      </trkpt>
      <trkpt lat="49.053115" lon="15.020162">
        <time>2026-04-05T08:37:31.000Z</time>
      </trkpt>
      <trkpt lat="49.05315" lon="15.020177">
        <time>2026-04-05T08:37:32.000Z</time>
      </trkpt>
      <trkpt lat="49.05318" lon="15.020196">
        <time>2026-04-05T08:37:33.000Z</time>
      </trkpt>
      <trkpt lat="49.053211" lon="15.020213">
        <time>2026-04-05T08:37:34.000Z</time>
      </trkpt>
      <trkpt lat="49.053239" lon="15.020229">
        <time>2026-04-05T08:37:35.000Z</time>
      </trkpt>
      <trkpt lat="49.053269" lon="15.020246">
        <time>2026-04-05T08:37:36.000Z</time>
      </trkpt>
      <trkpt lat="49.053298" lon="15.020259">
        <time>2026-04-05T08:37:37.000Z</time>
      </trkpt>
      <trkpt lat="49.053321" lon="15.02027">
        <time>2026-04-05T08:37:38.000Z</time>
      </trkpt>
      <trkpt lat="49.053344" lon="15.020281">
        <time>2026-04-05T08:37:39.000Z</time>
      </trkpt>
      <trkpt lat="49.053363" lon="15.020288">
        <time>2026-04-05T08:37:40.000Z</time>
      </trkpt>
      <trkpt lat="49.05339" lon="15.020298">
        <time>2026-04-05T08:37:41.000Z</time>
      </trkpt>
      <trkpt lat="49.053415" lon="15.02031">
        <time>2026-04-05T08:37:42.000Z</time>
      </trkpt>
      <trkpt lat="49.053438" lon="15.020328">
        <time>2026-04-05T08:37:43.000Z</time>
      </trkpt>
      <trkpt lat="49.053458" lon="15.02035">
        <time>2026-04-05T08:37:44.000Z</time>
      </trkpt>
      <trkpt lat="49.05347" lon="15.020371">
        <time>2026-04-05T08:37:45.000Z</time>
      </trkpt>
      <trkpt lat="49.053482" lon="15.020399">
        <time>2026-04-05T08:37:46.000Z</time>
      </trkpt>
      <trkpt lat="49.053499" lon="15.020428">
        <time>2026-04-05T08:37:47.000Z</time>
      </trkpt>
      <trkpt lat="49.053516" lon="15.020461">
        <time>2026-04-05T08:37:48.000Z</time>
      </trkpt>
      <trkpt lat="49.053535" lon="15.02049">
        <time>2026-04-05T08:37:49.000Z</time>
      </trkpt>
      <trkpt lat="49.053555" lon="15.020515">
        <time>2026-04-05T08:37:50.000Z</time>
      </trkpt>
      <trkpt lat="49.053577" lon="15.020535">
        <time>2026-04-05T08:37:51.000Z</time>
      </trkpt>
      <trkpt lat="49.053599" lon="15.020554">
        <time>2026-04-05T08:37:52.000Z</time>
      </trkpt>
      <trkpt lat="49.053615" lon="15.020579">
        <time>2026-04-05T08:37:53.000Z</time>
      </trkpt>
      <trkpt lat="49.053624" lon="15.020611">
        <time>2026-04-05T08:37:54.000Z</time>
      </trkpt>
      <trkpt lat="49.053639" lon="15.020643">
        <time>2026-04-05T08:37:55.000Z</time>
      </trkpt>
      <trkpt lat="49.053647" lon="15.020673">
        <time>2026-04-05T08:37:56.000Z</time>
      </trkpt>
      <trkpt lat="49.053664" lon="15.020701">
        <time>2026-04-05T08:37:57.000Z</time>
      </trkpt>
      <trkpt lat="49.053679" lon="15.020722">
        <time>2026-04-05T08:37:58.000Z</time>
      </trkpt>
      <trkpt lat="49.053681" lon="15.020741">
        <time>2026-04-05T08:37:59.000Z</time>
      </trkpt>
      <trkpt lat="49.053684" lon="15.020768">
        <time>2026-04-05T08:38:00.000Z</time>
      </trkpt>
      <trkpt lat="49.053682" lon="15.020792">
        <time>2026-04-05T08:38:01.000Z</time>
      </trkpt>
      <trkpt lat="49.053679" lon="15.020822">
        <time>2026-04-05T08:38:02.000Z</time>
      </trkpt>
      <trkpt lat="49.053678" lon="15.020856">
        <time>2026-04-05T08:38:03.000Z</time>
      </trkpt>
      <trkpt lat="49.053675" lon="15.020882">
        <time>2026-04-05T08:38:04.000Z</time>
      </trkpt>
      <trkpt lat="49.053672" lon="15.020906">
        <time>2026-04-05T08:38:05.000Z</time>
      </trkpt>
      <trkpt lat="49.05367" lon="15.020933">
        <time>2026-04-05T08:38:06.000Z</time>
      </trkpt>
      <trkpt lat="49.05367" lon="15.020959">
        <time>2026-04-05T08:38:07.000Z</time>
      </trkpt>
      <trkpt lat="49.053676" lon="15.020985">
        <time>2026-04-05T08:38:08.000Z</time>
      </trkpt>
      <trkpt lat="49.053691" lon="15.021004">
        <time>2026-04-05T08:38:09.000Z</time>
      </trkpt>
      <trkpt lat="49.053701" lon="15.021028">
        <time>2026-04-05T08:38:10.000Z</time>
      </trkpt>
      <trkpt lat="49.053709" lon="15.021048">
        <time>2026-04-05T08:38:11.000Z</time>
      </trkpt>
      <trkpt lat="49.053714" lon="15.021071">
        <time>2026-04-05T08:38:12.000Z</time>
      </trkpt>
      <trkpt lat="49.053725" lon="15.021093">
        <time>2026-04-05T08:38:13.000Z</time>
      </trkpt>
      <trkpt lat="49.053725" lon="15.021107">
        <time>2026-04-05T08:38:14.000Z</time>
      </trkpt>
      <trkpt lat="49.053724" lon="15.021133">
        <time>2026-04-05T08:38:15.000Z</time>
      </trkpt>
      <trkpt lat="49.053721" lon="15.021164">
        <time>2026-04-05T08:38:16.000Z</time>
      </trkpt>
      <trkpt lat="49.053722" lon="15.021195">
        <time>2026-04-05T08:38:17.000Z</time>
      </trkpt>
      <trkpt lat="49.05373" lon="15.021226">
        <time>2026-04-05T08:38:18.000Z</time>
      </trkpt>
      <trkpt lat="49.053738" lon="15.021258">
        <time>2026-04-05T08:38:19.000Z</time>
      </trkpt>
      <trkpt lat="49.053744" lon="15.021288">
        <time>2026-04-05T08:38:20.000Z</time>
      </trkpt>
      <trkpt lat="49.053753" lon="15.021314">
        <time>2026-04-05T08:38:21.000Z</time>
      </trkpt>
      <trkpt lat="49.053762" lon="15.021339">
        <time>2026-04-05T08:38:22.000Z</time>
      </trkpt>
      <trkpt lat="49.053774" lon="15.02136">
        <time>2026-04-05T08:38:23.000Z</time>
      </trkpt>
      <trkpt lat="49.053782" lon="15.021387">
        <time>2026-04-05T08:38:24.000Z</time>
      </trkpt>
      <trkpt lat="49.053784" lon="15.021414">
        <time>2026-04-05T08:38:25.000Z</time>
      </trkpt>
      <trkpt lat="49.053782" lon="15.021444">
        <time>2026-04-05T08:38:26.000Z</time>
      </trkpt>
      <trkpt lat="49.053784" lon="15.021478">
        <time>2026-04-05T08:38:27.000Z</time>
      </trkpt>
      <trkpt lat="49.053784" lon="15.021506">
        <time>2026-04-05T08:38:28.000Z</time>
      </trkpt>
      <trkpt lat="49.053787" lon="15.021537">
        <time>2026-04-05T08:38:29.000Z</time>
      </trkpt>
      <trkpt lat="49.053791" lon="15.021565">
        <time>2026-04-05T08:38:30.000Z</time>
      </trkpt>
      <trkpt lat="49.053794" lon="15.02159">
        <time>2026-04-05T08:38:31.000Z</time>
      </trkpt>
      <trkpt lat="49.053793" lon="15.021619">
        <time>2026-04-05T08:38:32.000Z</time>
      </trkpt>
      <trkpt lat="49.053796" lon="15.021649">
        <time>2026-04-05T08:38:33.000Z</time>
      </trkpt>
      <trkpt lat="49.053799" lon="15.021681">
        <time>2026-04-05T08:38:34.000Z</time>
      </trkpt>
      <trkpt lat="49.0538" lon="15.021717">
        <time>2026-04-05T08:38:35.000Z</time>
      </trkpt>
      <trkpt lat="49.053805" lon="15.021745">
        <time>2026-04-05T08:38:36.000Z</time>
      </trkpt>
      <trkpt lat="49.053813" lon="15.021771">
        <time>2026-04-05T08:38:37.000Z</time>
      </trkpt>
      <trkpt lat="49.053824" lon="15.021797">
        <time>2026-04-05T08:38:38.000Z</time>
      </trkpt>
      <trkpt lat="49.053833" lon="15.021824">
        <time>2026-04-05T08:38:39.000Z</time>
      </trkpt>
      <trkpt lat="49.053842" lon="15.021853">
        <time>2026-04-05T08:38:40.000Z</time>
      </trkpt>
      <trkpt lat="49.053845" lon="15.021882">
        <time>2026-04-05T08:38:41.000Z</time>
      </trkpt>
      <trkpt lat="49.053842" lon="15.021914">
        <time>2026-04-05T08:38:42.000Z</time>
      </trkpt>
      <trkpt lat="49.053844" lon="15.021947">
        <time>2026-04-05T08:38:43.000Z</time>
      </trkpt>
      <trkpt lat="49.053856" lon="15.021978">
        <time>2026-04-05T08:38:44.000Z</time>
      </trkpt>
      <trkpt lat="49.053869" lon="15.022013">
        <time>2026-04-05T08:38:45.000Z</time>
      </trkpt>
      <trkpt lat="49.053879" lon="15.022044">
        <time>2026-04-05T08:38:46.000Z</time>
      </trkpt>
      <trkpt lat="49.053887" lon="15.022075">
        <time>2026-04-05T08:38:47.000Z</time>
      </trkpt>
      <trkpt lat="49.053893" lon="15.022107">
        <time>2026-04-05T08:38:48.000Z</time>
      </trkpt>
      <trkpt lat="49.0539" lon="15.02214">
        <time>2026-04-05T08:38:49.000Z</time>
      </trkpt>
      <trkpt lat="49.053906" lon="15.022174">
        <time>2026-04-05T08:38:50.000Z</time>
      </trkpt>
      <trkpt lat="49.053918" lon="15.022207">
        <time>2026-04-05T08:38:51.000Z</time>
      </trkpt>
      <trkpt lat="49.053924" lon="15.022242">
        <time>2026-04-05T08:38:52.000Z</time>
      </trkpt>
      <trkpt lat="49.053925" lon="15.022276">
        <time>2026-04-05T08:38:53.000Z</time>
      </trkpt>
      <trkpt lat="49.053921" lon="15.022315">
        <time>2026-04-05T08:38:54.000Z</time>
      </trkpt>
      <trkpt lat="49.053913" lon="15.022354">
        <time>2026-04-05T08:38:55.000Z</time>
      </trkpt>
      <trkpt lat="49.053907" lon="15.022386">
        <time>2026-04-05T08:38:56.000Z</time>
      </trkpt>
      <trkpt lat="49.053906" lon="15.022426">
        <time>2026-04-05T08:38:57.000Z</time>
      </trkpt>
      <trkpt lat="49.05391" lon="15.022461">
        <time>2026-04-05T08:38:58.000Z</time>
      </trkpt>
      <trkpt lat="49.053918" lon="15.022496">
        <time>2026-04-05T08:38:59.000Z</time>
      </trkpt>
      <trkpt lat="49.05392" lon="15.022532">
        <time>2026-04-05T08:39:00.000Z</time>
      </trkpt>
      <trkpt lat="49.053915" lon="15.022563">
        <time>2026-04-05T08:39:01.000Z</time>
      </trkpt>
      <trkpt lat="49.053904" lon="15.0226">
        <time>2026-04-05T08:39:02.000Z</time>
      </trkpt>
      <trkpt lat="49.053901" lon="15.022641">
        <time>2026-04-05T08:39:03.000Z</time>
      </trkpt>
      <trkpt lat="49.053902" lon="15.022678">
        <time>2026-04-05T08:39:04.000Z</time>
      </trkpt>
      <trkpt lat="49.053899" lon="15.022714">
        <time>2026-04-05T08:39:05.000Z</time>
      </trkpt>
      <trkpt lat="49.053906" lon="15.022753">
        <time>2026-04-05T08:39:06.000Z</time>
      </trkpt>
      <trkpt lat="49.053916" lon="15.022785">
        <time>2026-04-05T08:39:07.000Z</time>
      </trkpt>
      <trkpt lat="49.053927" lon="15.022815">
        <time>2026-04-05T08:39:08.000Z</time>
      </trkpt>
      <trkpt lat="49.053941" lon="15.022847">
        <time>2026-04-05T08:39:09.000Z</time>
      </trkpt>
      <trkpt lat="49.053954" lon="15.022878">
        <time>2026-04-05T08:39:10.000Z</time>
      </trkpt>
      <trkpt lat="49.053968" lon="15.022902">
        <time>2026-04-05T08:39:11.000Z</time>
      </trkpt>
      <trkpt lat="49.053986" lon="15.022925">
        <time>2026-04-05T08:39:12.000Z</time>
      </trkpt>
      <trkpt lat="49.053999" lon="15.022953">
        <time>2026-04-05T08:39:13.000Z</time>
      </trkpt>
      <trkpt lat="49.054012" lon="15.022969">
        <time>2026-04-05T08:39:14.000Z</time>
      </trkpt>
      <trkpt lat="49.054019" lon="15.022988">
        <time>2026-04-05T08:39:15.000Z</time>
      </trkpt>
      <trkpt lat="49.054019" lon="15.023">
        <time>2026-04-05T08:39:16.000Z</time>
      </trkpt>
      <trkpt lat="49.054008" lon="15.023003">
        <time>2026-04-05T08:39:17.000Z</time>
      </trkpt>
      <trkpt lat="49.053984" lon="15.023002">
        <time>2026-04-05T08:39:18.000Z</time>
      </trkpt>
      <trkpt lat="49.053959" lon="15.023007">
        <time>2026-04-05T08:39:19.000Z</time>
      </trkpt>
      <trkpt lat="49.053936" lon="15.023015">
        <time>2026-04-05T08:39:20.000Z</time>
      </trkpt>
      <trkpt lat="49.053915" lon="15.023031">
        <time>2026-04-05T08:39:21.000Z</time>
      </trkpt>
      <trkpt lat="49.053897" lon="15.023054">
        <time>2026-04-05T08:39:22.000Z</time>
      </trkpt>
      <trkpt lat="49.053882" lon="15.023084">
        <time>2026-04-05T08:39:23.000Z</time>
      </trkpt>
      <trkpt lat="49.05388" lon="15.023115">
        <time>2026-04-05T08:39:24.000Z</time>
      </trkpt>
      <trkpt lat="49.053876" lon="15.023148">
        <time>2026-04-05T08:39:25.000Z</time>
      </trkpt>
      <trkpt lat="49.053871" lon="15.023168">
        <time>2026-04-05T08:39:26.000Z</time>
      </trkpt>
      <trkpt lat="49.053869" lon="15.023181">
        <time>2026-04-05T08:39:27.000Z</time>
      </trkpt>
      <trkpt lat="49.053874" lon="15.023186">
        <time>2026-04-05T08:39:28.000Z</time>
      </trkpt>
      <trkpt lat="49.053882" lon="15.023175">
        <time>2026-04-05T08:39:29.000Z</time>
      </trkpt>
      <trkpt lat="49.053886" lon="15.023159">
        <time>2026-04-05T08:39:30.000Z</time>
      </trkpt>
      <trkpt lat="49.05389" lon="15.023143">
        <time>2026-04-05T08:39:31.000Z</time>
      </trkpt>
      <trkpt lat="49.053897" lon="15.023122">
        <time>2026-04-05T08:39:32.000Z</time>
      </trkpt>
      <trkpt lat="49.053899" lon="15.023099">
        <time>2026-04-05T08:39:33.000Z</time>
      </trkpt>
      <trkpt lat="49.0539" lon="15.023077">
        <time>2026-04-05T08:39:34.000Z</time>
      </trkpt>
      <trkpt lat="49.053908" lon="15.023061">
        <time>2026-04-05T08:39:35.000Z</time>
      </trkpt>
      <trkpt lat="49.053916" lon="15.023056">
        <time>2026-04-05T08:39:36.000Z</time>
      </trkpt>
      <trkpt lat="49.053924" lon="15.023052">
        <time>2026-04-05T08:39:37.000Z</time>
      </trkpt>
      <trkpt lat="49.053931" lon="15.023049">
        <time>2026-04-05T08:39:38.000Z</time>
      </trkpt>
      <trkpt lat="49.053946" lon="15.023038">
        <time>2026-04-05T08:39:39.000Z</time>
      </trkpt>
      <trkpt lat="49.053966" lon="15.023041">
        <time>2026-04-05T08:39:40.000Z</time>
      </trkpt>
      <trkpt lat="49.053986" lon="15.023062">
        <time>2026-04-05T08:39:41.000Z</time>
      </trkpt>
      <trkpt lat="49.054014" lon="15.02309">
        <time>2026-04-05T08:39:42.000Z</time>
      </trkpt>
      <trkpt lat="49.054045" lon="15.023099">
        <time>2026-04-05T08:39:43.000Z</time>
      </trkpt>
      <trkpt lat="49.054072" lon="15.023099">
        <time>2026-04-05T08:39:44.000Z</time>
      </trkpt>
      <trkpt lat="49.054103" lon="15.023099">
        <time>2026-04-05T08:39:45.000Z</time>
      </trkpt>
      <trkpt lat="49.054138" lon="15.023102">
        <time>2026-04-05T08:39:46.000Z</time>
      </trkpt>
      <trkpt lat="49.054162" lon="15.023107">
        <time>2026-04-05T08:39:47.000Z</time>
      </trkpt>
      <trkpt lat="49.054184" lon="15.023125">
        <time>2026-04-05T08:39:48.000Z</time>
      </trkpt>
      <trkpt lat="49.054211" lon="15.023141">
        <time>2026-04-05T08:39:49.000Z</time>
      </trkpt>
      <trkpt lat="49.054235" lon="15.02314">
        <time>2026-04-05T08:39:50.000Z</time>
      </trkpt>
      <trkpt lat="49.054257" lon="15.023129">
        <time>2026-04-05T08:39:51.000Z</time>
      </trkpt>
      <trkpt lat="49.054281" lon="15.023117">
        <time>2026-04-05T08:39:52.000Z</time>
      </trkpt>
      <trkpt lat="49.054304" lon="15.023119">
        <time>2026-04-05T08:39:53.000Z</time>
      </trkpt>
      <trkpt lat="49.054328" lon="15.023129">
        <time>2026-04-05T08:39:54.000Z</time>
      </trkpt>
      <trkpt lat="49.054349" lon="15.023141">
        <time>2026-04-05T08:39:55.000Z</time>
      </trkpt>
      <trkpt lat="49.054371" lon="15.023156">
        <time>2026-04-05T08:39:56.000Z</time>
      </trkpt>
      <trkpt lat="49.0544" lon="15.023159">
        <time>2026-04-05T08:39:57.000Z</time>
      </trkpt>
      <trkpt lat="49.054425" lon="15.023146">
        <time>2026-04-05T08:39:58.000Z</time>
      </trkpt>
      <trkpt lat="49.054449" lon="15.023139">
        <time>2026-04-05T08:39:59.000Z</time>
      </trkpt>
      <trkpt lat="49.054476" lon="15.023138">
        <time>2026-04-05T08:40:00.000Z</time>
      </trkpt>
      <trkpt lat="49.054507" lon="15.023148">
        <time>2026-04-05T08:40:01.000Z</time>
      </trkpt>
      <trkpt lat="49.054535" lon="15.023152">
        <time>2026-04-05T08:40:02.000Z</time>
      </trkpt>
      <trkpt lat="49.05456" lon="15.02314">
        <time>2026-04-05T08:40:03.000Z</time>
      </trkpt>
      <trkpt lat="49.054584" lon="15.02313">
        <time>2026-04-05T08:40:04.000Z</time>
      </trkpt>
      <trkpt lat="49.054607" lon="15.023125">
        <time>2026-04-05T08:40:05.000Z</time>
      </trkpt>
      <trkpt lat="49.054629" lon="15.023116">
        <time>2026-04-05T08:40:06.000Z</time>
      </trkpt>
      <trkpt lat="49.054649" lon="15.023114">
        <time>2026-04-05T08:40:07.000Z</time>
      </trkpt>
      <trkpt lat="49.054676" lon="15.023109">
        <time>2026-04-05T08:40:08.000Z</time>
      </trkpt>
      <trkpt lat="49.054702" lon="15.023104">
        <time>2026-04-05T08:40:09.000Z</time>
      </trkpt>
      <trkpt lat="49.054726" lon="15.023098">
        <time>2026-04-05T08:40:10.000Z</time>
      </trkpt>
      <trkpt lat="49.054749" lon="15.023081">
        <time>2026-04-05T08:40:11.000Z</time>
      </trkpt>
      <trkpt lat="49.054768" lon="15.023067">
        <time>2026-04-05T08:40:12.000Z</time>
      </trkpt>
      <trkpt lat="49.054786" lon="15.023057">
        <time>2026-04-05T08:40:13.000Z</time>
      </trkpt>
      <trkpt lat="49.054799" lon="15.023043">
        <time>2026-04-05T08:40:14.000Z</time>
      </trkpt>
      <trkpt lat="49.054801" lon="15.023057">
        <time>2026-04-05T08:40:15.000Z</time>
      </trkpt>
      <trkpt lat="49.054805" lon="15.023078">
        <time>2026-04-05T08:40:16.000Z</time>
      </trkpt>
      <trkpt lat="49.054812" lon="15.023099">
        <time>2026-04-05T08:40:17.000Z</time>
      </trkpt>
      <trkpt lat="49.054829" lon="15.023121">
        <time>2026-04-05T08:40:18.000Z</time>
      </trkpt>
      <trkpt lat="49.054842" lon="15.02315">
        <time>2026-04-05T08:40:19.000Z</time>
      </trkpt>
      <trkpt lat="49.054858" lon="15.023185">
        <time>2026-04-05T08:40:20.000Z</time>
      </trkpt>
      <trkpt lat="49.054869" lon="15.023219">
        <time>2026-04-05T08:40:21.000Z</time>
      </trkpt>
      <trkpt lat="49.054884" lon="15.023242">
        <time>2026-04-05T08:40:22.000Z</time>
      </trkpt>
      <trkpt lat="49.054903" lon="15.023266">
        <time>2026-04-05T08:40:23.000Z</time>
      </trkpt>
      <trkpt lat="49.054911" lon="15.023302">
        <time>2026-04-05T08:40:24.000Z</time>
      </trkpt>
      <trkpt lat="49.054921" lon="15.023336">
        <time>2026-04-05T08:40:25.000Z</time>
      </trkpt>
      <trkpt lat="49.054937" lon="15.023366">
        <time>2026-04-05T08:40:26.000Z</time>
      </trkpt>
      <trkpt lat="49.054955" lon="15.023392">
        <time>2026-04-05T08:40:27.000Z</time>
      </trkpt>
      <trkpt lat="49.054973" lon="15.023415">
        <time>2026-04-05T08:40:28.000Z</time>
      </trkpt>
      <trkpt lat="49.054993" lon="15.023442">
        <time>2026-04-05T08:40:29.000Z</time>
      </trkpt>
      <trkpt lat="49.055011" lon="15.023462">
        <time>2026-04-05T08:40:30.000Z</time>
      </trkpt>
      <trkpt lat="49.055023" lon="15.023478">
        <time>2026-04-05T08:40:31.000Z</time>
      </trkpt>
      <trkpt lat="49.055044" lon="15.023498">
        <time>2026-04-05T08:40:32.000Z</time>
      </trkpt>
      <trkpt lat="49.055063" lon="15.02352">
        <time>2026-04-05T08:40:33.000Z</time>
      </trkpt>
      <trkpt lat="49.055079" lon="15.023542">
        <time>2026-04-05T08:40:34.000Z</time>
      </trkpt>
      <trkpt lat="49.055098" lon="15.023552">
        <time>2026-04-05T08:40:35.000Z</time>
      </trkpt>
      <trkpt lat="49.055114" lon="15.023564">
        <time>2026-04-05T08:40:36.000Z</time>
      </trkpt>
      <trkpt lat="49.05513" lon="15.023578">
        <time>2026-04-05T08:40:37.000Z</time>
      </trkpt>
      <trkpt lat="49.055141" lon="15.023586">
        <time>2026-04-05T08:40:38.000Z</time>
      </trkpt>
      <trkpt lat="49.055149" lon="15.02359">
        <time>2026-04-05T08:40:39.000Z</time>
      </trkpt>
      <trkpt lat="49.055162" lon="15.023603">
        <time>2026-04-05T08:40:40.000Z</time>
      </trkpt>
      <trkpt lat="49.055179" lon="15.023625">
        <time>2026-04-05T08:40:41.000Z</time>
      </trkpt>
      <trkpt lat="49.055193" lon="15.023638">
        <time>2026-04-05T08:40:42.000Z</time>
      </trkpt>
      <trkpt lat="49.055208" lon="15.023643">
        <time>2026-04-05T08:40:43.000Z</time>
      </trkpt>
      <trkpt lat="49.055224" lon="15.023647">
        <time>2026-04-05T08:40:44.000Z</time>
      </trkpt>
      <trkpt lat="49.055248" lon="15.023629">
        <time>2026-04-05T08:40:45.000Z</time>
      </trkpt>
      <trkpt lat="49.055261" lon="15.023615">
        <time>2026-04-05T08:40:46.000Z</time>
      </trkpt>
      <trkpt lat="49.055274" lon="15.023601">
        <time>2026-04-05T08:40:47.000Z</time>
      </trkpt>
      <trkpt lat="49.05528" lon="15.023593">
        <time>2026-04-05T08:40:48.000Z</time>
      </trkpt>
      <trkpt lat="49.055282" lon="15.023587">
        <time>2026-04-05T08:40:49.000Z</time>
      </trkpt>
      <trkpt lat="49.055286" lon="15.023585">
        <time>2026-04-05T08:40:50.000Z</time>
      </trkpt>
      <trkpt lat="49.055292" lon="15.023592">
        <time>2026-04-05T08:40:51.000Z</time>
      </trkpt>
      <trkpt lat="49.055298" lon="15.023608">
        <time>2026-04-05T08:40:52.000Z</time>
      </trkpt>
      <trkpt lat="49.055311" lon="15.023622">
        <time>2026-04-05T08:40:53.000Z</time>
      </trkpt>
      <trkpt lat="49.055328" lon="15.023631">
        <time>2026-04-05T08:40:54.000Z</time>
      </trkpt>
      <trkpt lat="49.055349" lon="15.02364">
        <time>2026-04-05T08:40:55.000Z</time>
      </trkpt>
      <trkpt lat="49.05537" lon="15.023646">
        <time>2026-04-05T08:40:56.000Z</time>
      </trkpt>
      <trkpt lat="49.055387" lon="15.023647">
        <time>2026-04-05T08:40:57.000Z</time>
      </trkpt>
      <trkpt lat="49.055406" lon="15.023643">
        <time>2026-04-05T08:40:58.000Z</time>
      </trkpt>
      <trkpt lat="49.055424" lon="15.023641">
        <time>2026-04-05T08:40:59.000Z</time>
      </trkpt>
      <trkpt lat="49.055442" lon="15.023634">
        <time>2026-04-05T08:41:00.000Z</time>
      </trkpt>
      <trkpt lat="49.055461" lon="15.023618">
        <time>2026-04-05T08:41:01.000Z</time>
      </trkpt>
      <trkpt lat="49.055481" lon="15.023603">
        <time>2026-04-05T08:41:02.000Z</time>
      </trkpt>
      <trkpt lat="49.0555" lon="15.023585">
        <time>2026-04-05T08:41:03.000Z</time>
      </trkpt>
      <trkpt lat="49.055521" lon="15.023575">
        <time>2026-04-05T08:41:04.000Z</time>
      </trkpt>
      <trkpt lat="49.055541" lon="15.023566">
        <time>2026-04-05T08:41:05.000Z</time>
      </trkpt>
      <trkpt lat="49.055556" lon="15.023561">
        <time>2026-04-05T08:41:06.000Z</time>
      </trkpt>
      <trkpt lat="49.055573" lon="15.023552">
        <time>2026-04-05T08:41:07.000Z</time>
      </trkpt>
      <trkpt lat="49.055587" lon="15.023536">
        <time>2026-04-05T08:41:08.000Z</time>
      </trkpt>
      <trkpt lat="49.055595" lon="15.023518">
        <time>2026-04-05T08:41:09.000Z</time>
      </trkpt>
      <trkpt lat="49.0556" lon="15.023501">
        <time>2026-04-05T08:41:10.000Z</time>
      </trkpt>
      <trkpt lat="49.055609" lon="15.023487">
        <time>2026-04-05T08:41:11.000Z</time>
      </trkpt>
      <trkpt lat="49.055618" lon="15.023481">
        <time>2026-04-05T08:41:12.000Z</time>
      </trkpt>
      <trkpt lat="49.055625" lon="15.023473">
        <time>2026-04-05T08:41:13.000Z</time>
      </trkpt>
      <trkpt lat="49.055635" lon="15.023474">
        <time>2026-04-05T08:41:14.000Z</time>
      </trkpt>
      <trkpt lat="49.055653" lon="15.02348">
        <time>2026-04-05T08:41:15.000Z</time>
      </trkpt>
      <trkpt lat="49.055669" lon="15.023487">
        <time>2026-04-05T08:41:16.000Z</time>
      </trkpt>
      <trkpt lat="49.055691" lon="15.02349">
        <time>2026-04-05T08:41:17.000Z</time>
      </trkpt>
      <trkpt lat="49.055707" lon="15.023489">
        <time>2026-04-05T08:41:18.000Z</time>
      </trkpt>
      <trkpt lat="49.055728" lon="15.023474">
        <time>2026-04-05T08:41:19.000Z</time>
      </trkpt>
      <trkpt lat="49.055746" lon="15.023472">
        <time>2026-04-05T08:41:20.000Z</time>
      </trkpt>
      <trkpt lat="49.05576" lon="15.023474">
        <time>2026-04-05T08:41:21.000Z</time>
      </trkpt>
      <trkpt lat="49.055778" lon="15.023477">
        <time>2026-04-05T08:41:22.000Z</time>
      </trkpt>
      <trkpt lat="49.055794" lon="15.023474">
        <time>2026-04-05T08:41:23.000Z</time>
      </trkpt>
      <trkpt lat="49.055809" lon="15.023468">
        <time>2026-04-05T08:41:24.000Z</time>
      </trkpt>
      <trkpt lat="49.055823" lon="15.02347">
        <time>2026-04-05T08:41:25.000Z</time>
      </trkpt>
      <trkpt lat="49.055838" lon="15.023461">
        <time>2026-04-05T08:41:26.000Z</time>
      </trkpt>
      <trkpt lat="49.05585" lon="15.023458">
        <time>2026-04-05T08:41:27.000Z</time>
      </trkpt>
      <trkpt lat="49.055861" lon="15.02345">
        <time>2026-04-05T08:41:28.000Z</time>
      </trkpt>
      <trkpt lat="49.055873" lon="15.023441">
        <time>2026-04-05T08:41:29.000Z</time>
      </trkpt>
      <trkpt lat="49.055882" lon="15.023438">
        <time>2026-04-05T08:41:30.000Z</time>
      </trkpt>
      <trkpt lat="49.055893" lon="15.023436">
        <time>2026-04-05T08:41:31.000Z</time>
      </trkpt>
      <trkpt lat="49.0559" lon="15.023432">
        <time>2026-04-05T08:41:32.000Z</time>
      </trkpt>
      <trkpt lat="49.055904" lon="15.023419">
        <time>2026-04-05T08:41:33.000Z</time>
      </trkpt>
      <trkpt lat="49.055909" lon="15.023408">
        <time>2026-04-05T08:41:34.000Z</time>
      </trkpt>
      <trkpt lat="49.055915" lon="15.023398">
        <time>2026-04-05T08:41:35.000Z</time>
      </trkpt>
      <trkpt lat="49.055923" lon="15.023395">
        <time>2026-04-05T08:41:36.000Z</time>
      </trkpt>
      <trkpt lat="49.055937" lon="15.023373">
        <time>2026-04-05T08:41:37.000Z</time>
      </trkpt>
      <trkpt lat="49.055953" lon="15.023352">
        <time>2026-04-05T08:41:38.000Z</time>
      </trkpt>
      <trkpt lat="49.055964" lon="15.023328">
        <time>2026-04-05T08:41:39.000Z</time>
      </trkpt>
      <trkpt lat="49.055979" lon="15.023305">
        <time>2026-04-05T08:41:40.000Z</time>
      </trkpt>
      <trkpt lat="49.055992" lon="15.023275">
        <time>2026-04-05T08:41:41.000Z</time>
      </trkpt>
      <trkpt lat="49.056004" lon="15.023245">
        <time>2026-04-05T08:41:42.000Z</time>
      </trkpt>
      <trkpt lat="49.056013" lon="15.023226">
        <time>2026-04-05T08:41:43.000Z</time>
      </trkpt>
      <trkpt lat="49.056018" lon="15.023208">
        <time>2026-04-05T08:41:44.000Z</time>
      </trkpt>
      <trkpt lat="49.056026" lon="15.023198">
        <time>2026-04-05T08:41:45.000Z</time>
      </trkpt>
      <trkpt lat="49.056032" lon="15.023181">
        <time>2026-04-05T08:41:46.000Z</time>
      </trkpt>
      <trkpt lat="49.056043" lon="15.023164">
        <time>2026-04-05T08:41:47.000Z</time>
      </trkpt>
      <trkpt lat="49.056057" lon="15.023148">
        <time>2026-04-05T08:41:48.000Z</time>
      </trkpt>
      <trkpt lat="49.056067" lon="15.023134">
        <time>2026-04-05T08:41:49.000Z</time>
      </trkpt>
      <trkpt lat="49.056074" lon="15.023117">
        <time>2026-04-05T08:41:50.000Z</time>
      </trkpt>
      <trkpt lat="49.056081" lon="15.0231">
        <time>2026-04-05T08:41:51.000Z</time>
      </trkpt>
      <trkpt lat="49.056088" lon="15.023083">
        <time>2026-04-05T08:41:52.000Z</time>
      </trkpt>
      <trkpt lat="49.056094" lon="15.02306">
        <time>2026-04-05T08:41:53.000Z</time>
      </trkpt>
      <trkpt lat="49.056102" lon="15.023041">
        <time>2026-04-05T08:41:54.000Z</time>
      </trkpt>
      <trkpt lat="49.056108" lon="15.023024">
        <time>2026-04-05T08:41:55.000Z</time>
      </trkpt>
      <trkpt lat="49.056113" lon="15.02302">
        <time>2026-04-05T08:41:56.000Z</time>
      </trkpt>
      <trkpt lat="49.05612" lon="15.023007">
        <time>2026-04-05T08:41:57.000Z</time>
      </trkpt>
      <trkpt lat="49.056125" lon="15.022996">
        <time>2026-04-05T08:41:58.000Z</time>
      </trkpt>
      <trkpt lat="49.056129" lon="15.022987">
        <time>2026-04-05T08:41:59.000Z</time>
      </trkpt>
      <trkpt lat="49.056135" lon="15.022975">
        <time>2026-04-05T08:42:00.000Z</time>
      </trkpt>
      <trkpt lat="49.056142" lon="15.022954">
        <time>2026-04-05T08:42:01.000Z</time>
      </trkpt>
      <trkpt lat="49.056152" lon="15.02292">
        <time>2026-04-05T08:42:02.000Z</time>
      </trkpt>
      <trkpt lat="49.056158" lon="15.02289">
        <time>2026-04-05T08:42:03.000Z</time>
      </trkpt>
      <trkpt lat="49.056161" lon="15.022865">
        <time>2026-04-05T08:42:04.000Z</time>
      </trkpt>
      <trkpt lat="49.056162" lon="15.022844">
        <time>2026-04-05T08:42:05.000Z</time>
      </trkpt>
      <trkpt lat="49.056166" lon="15.022823">
        <time>2026-04-05T08:42:06.000Z</time>
      </trkpt>
      <trkpt lat="49.056173" lon="15.02281">
        <time>2026-04-05T08:42:07.000Z</time>
      </trkpt>
      <trkpt lat="49.056179" lon="15.022807">
        <time>2026-04-05T08:42:08.000Z</time>
      </trkpt>
      <trkpt lat="49.056188" lon="15.022809">
        <time>2026-04-05T08:42:09.000Z</time>
      </trkpt>
      <trkpt lat="49.056197" lon="15.022805">
        <time>2026-04-05T08:42:10.000Z</time>
      </trkpt>
      <trkpt lat="49.056205" lon="15.022805">
        <time>2026-04-05T08:42:11.000Z</time>
      </trkpt>
      <trkpt lat="49.056209" lon="15.02281">
        <time>2026-04-05T08:42:12.000Z</time>
      </trkpt>
      <trkpt lat="49.056219" lon="15.022812">
        <time>2026-04-05T08:42:13.000Z</time>
      </trkpt>
      <trkpt lat="49.056226" lon="15.022813">
        <time>2026-04-05T08:42:14.000Z</time>
      </trkpt>
      <trkpt lat="49.056238" lon="15.022812">
        <time>2026-04-05T08:42:15.000Z</time>
      </trkpt>
      <trkpt lat="49.056244" lon="15.022813">
        <time>2026-04-05T08:42:16.000Z</time>
      </trkpt>
      <trkpt lat="49.056248" lon="15.022818">
        <time>2026-04-05T08:42:17.000Z</time>
      </trkpt>
      <trkpt lat="49.056247" lon="15.022825">
        <time>2026-04-05T08:42:18.000Z</time>
      </trkpt>
      <trkpt lat="49.056252" lon="15.022831">
        <time>2026-04-05T08:42:19.000Z</time>
      </trkpt>
      <trkpt lat="49.056255" lon="15.022839">
        <time>2026-04-05T08:42:20.000Z</time>
      </trkpt>
      <trkpt lat="49.056261" lon="15.022844">
        <time>2026-04-05T08:42:21.000Z</time>
      </trkpt>
      <trkpt lat="49.056268" lon="15.022856">
        <time>2026-04-05T08:42:22.000Z</time>
      </trkpt>
      <trkpt lat="49.056277" lon="15.022868">
        <time>2026-04-05T08:42:23.000Z</time>
      </trkpt>
      <trkpt lat="49.056291" lon="15.022872">
        <time>2026-04-05T08:42:24.000Z</time>
      </trkpt>
      <trkpt lat="49.056304" lon="15.022871">
        <time>2026-04-05T08:42:25.000Z</time>
      </trkpt>
      <trkpt lat="49.056315" lon="15.022865">
        <time>2026-04-05T08:42:26.000Z</time>
      </trkpt>
      <trkpt lat="49.056324" lon="15.022862">
        <time>2026-04-05T08:42:27.000Z</time>
      </trkpt>
      <trkpt lat="49.056337" lon="15.022866">
        <time>2026-04-05T08:42:28.000Z</time>
      </trkpt>
      <trkpt lat="49.056348" lon="15.022875">
        <time>2026-04-05T08:42:29.000Z</time>
      </trkpt>
      <trkpt lat="49.056364" lon="15.022889">
        <time>2026-04-05T08:42:30.000Z</time>
      </trkpt>
      <trkpt lat="49.056379" lon="15.02289">
        <time>2026-04-05T08:42:31.000Z</time>
      </trkpt>
      <trkpt lat="49.056397" lon="15.022883">
        <time>2026-04-05T08:42:32.000Z</time>
      </trkpt>
      <trkpt lat="49.056407" lon="15.022876">
        <time>2026-04-05T08:42:33.000Z</time>
      </trkpt>
      <trkpt lat="49.056419" lon="15.022871">
        <time>2026-04-05T08:42:34.000Z</time>
      </trkpt>
      <trkpt lat="49.056427" lon="15.022864">
        <time>2026-04-05T08:42:35.000Z</time>
      </trkpt>
      <trkpt lat="49.056436" lon="15.022859">
        <time>2026-04-05T08:42:36.000Z</time>
      </trkpt>
      <trkpt lat="49.056443" lon="15.022855">
        <time>2026-04-05T08:42:37.000Z</time>
      </trkpt>
      <trkpt lat="49.056445" lon="15.022854">
        <time>2026-04-05T08:42:38.000Z</time>
      </trkpt>
      <trkpt lat="49.056444" lon="15.022853">
        <time>2026-04-05T08:42:39.000Z</time>
      </trkpt>
      <trkpt lat="49.056443" lon="15.022853">
        <time>2026-04-05T08:42:40.000Z</time>
      </trkpt>
      <trkpt lat="49.056447" lon="15.022858">
        <time>2026-04-05T08:42:41.000Z</time>
      </trkpt>
      <trkpt lat="49.056452" lon="15.022861">
        <time>2026-04-05T08:42:42.000Z</time>
      </trkpt>
      <trkpt lat="49.056463" lon="15.022866">
        <time>2026-04-05T08:42:43.000Z</time>
      </trkpt>
      <trkpt lat="49.056473" lon="15.022863">
        <time>2026-04-05T08:42:44.000Z</time>
      </trkpt>
      <trkpt lat="49.056482" lon="15.022849">
        <time>2026-04-05T08:42:45.000Z</time>
      </trkpt>
      <trkpt lat="49.056496" lon="15.022827">
        <time>2026-04-05T08:42:46.000Z</time>
      </trkpt>
      <trkpt lat="49.056505" lon="15.022798">
        <time>2026-04-05T08:42:47.000Z</time>
      </trkpt>
      <trkpt lat="49.056512" lon="15.022771">
        <time>2026-04-05T08:42:48.000Z</time>
      </trkpt>
      <trkpt lat="49.056521" lon="15.022745">
        <time>2026-04-05T08:42:49.000Z</time>
      </trkpt>
      <trkpt lat="49.056526" lon="15.022721">
        <time>2026-04-05T08:42:50.000Z</time>
      </trkpt>
      <trkpt lat="49.056527" lon="15.022701">
        <time>2026-04-05T08:42:51.000Z</time>
      </trkpt>
      <trkpt lat="49.056531" lon="15.022677">
        <time>2026-04-05T08:42:52.000Z</time>
      </trkpt>
      <trkpt lat="49.056534" lon="15.022656">
        <time>2026-04-05T08:42:53.000Z</time>
      </trkpt>
      <trkpt lat="49.056543" lon="15.02264">
        <time>2026-04-05T08:42:54.000Z</time>
      </trkpt>
      <trkpt lat="49.05655" lon="15.022628">
        <time>2026-04-05T08:42:55.000Z</time>
      </trkpt>
      <trkpt lat="49.056559" lon="15.022624">
        <time>2026-04-05T08:42:56.000Z</time>
      </trkpt>
      <trkpt lat="49.056569" lon="15.022612">
        <time>2026-04-05T08:42:57.000Z</time>
      </trkpt>
      <trkpt lat="49.056576" lon="15.022604">
        <time>2026-04-05T08:42:58.000Z</time>
      </trkpt>
      <trkpt lat="49.056577" lon="15.022599">
        <time>2026-04-05T08:42:59.000Z</time>
      </trkpt>
      <trkpt lat="49.056577" lon="15.022591">
        <time>2026-04-05T08:43:00.000Z</time>
      </trkpt>
      <trkpt lat="49.056576" lon="15.022588">
        <time>2026-04-05T08:43:01.000Z</time>
      </trkpt>
      <trkpt lat="49.056576" lon="15.022588">
        <time>2026-04-05T08:43:02.000Z</time>
      </trkpt>
      <trkpt lat="49.056576" lon="15.022588">
        <time>2026-04-05T08:43:03.000Z</time>
      </trkpt>
      <trkpt lat="49.056576" lon="15.022588">
        <time>2026-04-05T08:43:04.000Z</time>
      </trkpt>
      <trkpt lat="49.056576" lon="15.022588">
        <time>2026-04-05T08:43:05.000Z</time>
      </trkpt>
      <trkpt lat="49.056576" lon="15.022588">
        <time>2026-04-05T08:43:06.000Z</time>
      </trkpt>
      <trkpt lat="49.056576" lon="15.022588">
        <time>2026-04-05T08:43:07.000Z</time>
      </trkpt>
      <trkpt lat="49.056576" lon="15.022588">
        <time>2026-04-05T08:43:08.000Z</time>
      </trkpt>
      <trkpt lat="49.056576" lon="15.022588">
        <time>2026-04-05T08:43:09.000Z</time>
      </trkpt>
      <trkpt lat="49.056576" lon="15.022588">
        <time>2026-04-05T08:43:10.000Z</time>
      </trkpt>
      <trkpt lat="49.056576" lon="15.022588">
        <time>2026-04-05T08:43:11.000Z</time>
      </trkpt>
      <trkpt lat="49.056576" lon="15.022588">
        <time>2026-04-05T08:43:12.000Z</time>
      </trkpt>
      <trkpt lat="49.056571" lon="15.022585">
        <time>2026-04-05T08:43:13.000Z</time>
      </trkpt>
      <trkpt lat="49.056564" lon="15.02259">
        <time>2026-04-05T08:43:14.000Z</time>
      </trkpt>
      <trkpt lat="49.056552" lon="15.022594">
        <time>2026-04-05T08:43:15.000Z</time>
      </trkpt>
      <trkpt lat="49.056539" lon="15.022592">
        <time>2026-04-05T08:43:16.000Z</time>
      </trkpt>
      <trkpt lat="49.056523" lon="15.022588">
        <time>2026-04-05T08:43:17.000Z</time>
      </trkpt>
      <trkpt lat="49.056509" lon="15.022586">
        <time>2026-04-05T08:43:18.000Z</time>
      </trkpt>
      <trkpt lat="49.056489" lon="15.022582">
        <time>2026-04-05T08:43:19.000Z</time>
      </trkpt>
      <trkpt lat="49.05647" lon="15.022583">
        <time>2026-04-05T08:43:20.000Z</time>
      </trkpt>
      <trkpt lat="49.056454" lon="15.022574">
        <time>2026-04-05T08:43:21.000Z</time>
      </trkpt>
      <trkpt lat="49.056438" lon="15.022568">
        <time>2026-04-05T08:43:22.000Z</time>
      </trkpt>
      <trkpt lat="49.056422" lon="15.022565">
        <time>2026-04-05T08:43:23.000Z</time>
      </trkpt>
      <trkpt lat="49.056409" lon="15.022561">
        <time>2026-04-05T08:43:24.000Z</time>
      </trkpt>
      <trkpt lat="49.056394" lon="15.022551">
        <time>2026-04-05T08:43:25.000Z</time>
      </trkpt>
      <trkpt lat="49.056385" lon="15.022534">
        <time>2026-04-05T08:43:26.000Z</time>
      </trkpt>
      <trkpt lat="49.05638" lon="15.022526">
        <time>2026-04-05T08:43:27.000Z</time>
      </trkpt>
      <trkpt lat="49.05638" lon="15.022525">
        <time>2026-04-05T08:43:28.000Z</time>
      </trkpt>
      <trkpt lat="49.056382" lon="15.022525">
        <time>2026-04-05T08:43:29.000Z</time>
      </trkpt>
      <trkpt lat="49.056383" lon="15.022525">
        <time>2026-04-05T08:43:30.000Z</time>
      </trkpt>
      <trkpt lat="49.056383" lon="15.022525">
        <time>2026-04-05T08:43:31.000Z</time>
      </trkpt>
      <trkpt lat="49.056384" lon="15.022525">
        <time>2026-04-05T08:43:32.000Z</time>
      </trkpt>
      <trkpt lat="49.056396" lon="15.022524">
        <time>2026-04-05T08:43:33.000Z</time>
      </trkpt>
      <trkpt lat="49.056406" lon="15.022515">
        <time>2026-04-05T08:43:34.000Z</time>
      </trkpt>
      <trkpt lat="49.056417" lon="15.022501">
        <time>2026-04-05T08:43:35.000Z</time>
      </trkpt>
      <trkpt lat="49.056422" lon="15.022489">
        <time>2026-04-05T08:43:36.000Z</time>
      </trkpt>
      <trkpt lat="49.056424" lon="15.022481">
        <time>2026-04-05T08:43:37.000Z</time>
      </trkpt>
      <trkpt lat="49.056429" lon="15.022471">
        <time>2026-04-05T08:43:38.000Z</time>
      </trkpt>
      <trkpt lat="49.056435" lon="15.022466">
        <time>2026-04-05T08:43:39.000Z</time>
      </trkpt>
      <trkpt lat="49.056435" lon="15.022466">
        <time>2026-04-05T08:43:40.000Z</time>
      </trkpt>
      <trkpt lat="49.056435" lon="15.022466">
        <time>2026-04-05T08:43:41.000Z</time>
      </trkpt>
      <trkpt lat="49.056442" lon="15.022455">
        <time>2026-04-05T08:43:42.000Z</time>
      </trkpt>
      <trkpt lat="49.056452" lon="15.022444">
        <time>2026-04-05T08:43:43.000Z</time>
      </trkpt>
      <trkpt lat="49.056466" lon="15.022431">
        <time>2026-04-05T08:43:44.000Z</time>
      </trkpt>
      <trkpt lat="49.056476" lon="15.022417">
        <time>2026-04-05T08:43:45.000Z</time>
      </trkpt>
      <trkpt lat="49.056485" lon="15.022415">
        <time>2026-04-05T08:43:46.000Z</time>
      </trkpt>
      <trkpt lat="49.056494" lon="15.022414">
        <time>2026-04-05T08:43:47.000Z</time>
      </trkpt>
      <trkpt lat="49.056503" lon="15.022407">
        <time>2026-04-05T08:43:48.000Z</time>
      </trkpt>
      <trkpt lat="49.056511" lon="15.022404">
        <time>2026-04-05T08:43:49.000Z</time>
      </trkpt>
      <trkpt lat="49.056524" lon="15.0224">
        <time>2026-04-05T08:43:50.000Z</time>
      </trkpt>
      <trkpt lat="49.056535" lon="15.022395">
        <time>2026-04-05T08:43:51.000Z</time>
      </trkpt>
      <trkpt lat="49.056551" lon="15.022391">
        <time>2026-04-05T08:43:52.000Z</time>
      </trkpt>
      <trkpt lat="49.056571" lon="15.022387">
        <time>2026-04-05T08:43:53.000Z</time>
      </trkpt>
      <trkpt lat="49.056597" lon="15.022395">
        <time>2026-04-05T08:43:54.000Z</time>
      </trkpt>
      <trkpt lat="49.056625" lon="15.0224">
        <time>2026-04-05T08:43:55.000Z</time>
      </trkpt>
      <trkpt lat="49.056658" lon="15.022398">
        <time>2026-04-05T08:43:56.000Z</time>
      </trkpt>
      <trkpt lat="49.056683" lon="15.022396">
        <time>2026-04-05T08:43:57.000Z</time>
      </trkpt>
      <trkpt lat="49.056704" lon="15.022392">
        <time>2026-04-05T08:43:58.000Z</time>
      </trkpt>
      <trkpt lat="49.056722" lon="15.022385">
        <time>2026-04-05T08:43:59.000Z</time>
      </trkpt>
      <trkpt lat="49.056738" lon="15.022376">
        <time>2026-04-05T08:44:00.000Z</time>
      </trkpt>
      <trkpt lat="49.056752" lon="15.022356">
        <time>2026-04-05T08:44:01.000Z</time>
      </trkpt>
      <trkpt lat="49.056763" lon="15.022336">
        <time>2026-04-05T08:44:02.000Z</time>
      </trkpt>
      <trkpt lat="49.056776" lon="15.02232">
        <time>2026-04-05T08:44:03.000Z</time>
      </trkpt>
      <trkpt lat="49.056789" lon="15.022306">
        <time>2026-04-05T08:44:04.000Z</time>
      </trkpt>
      <trkpt lat="49.056799" lon="15.022279">
        <time>2026-04-05T08:44:05.000Z</time>
      </trkpt>
      <trkpt lat="49.056803" lon="15.022251">
        <time>2026-04-05T08:44:06.000Z</time>
      </trkpt>
      <trkpt lat="49.056807" lon="15.022228">
        <time>2026-04-05T08:44:07.000Z</time>
      </trkpt>
      <trkpt lat="49.056812" lon="15.02221">
        <time>2026-04-05T08:44:08.000Z</time>
      </trkpt>
      <trkpt lat="49.056811" lon="15.022202">
        <time>2026-04-05T08:44:09.000Z</time>
      </trkpt>
      <trkpt lat="49.056812" lon="15.022198">
        <time>2026-04-05T08:44:10.000Z</time>
      </trkpt>
      <trkpt lat="49.056812" lon="15.0222">
        <time>2026-04-05T08:44:11.000Z</time>
      </trkpt>
      <trkpt lat="49.056811" lon="15.0222">
        <time>2026-04-05T08:44:12.000Z</time>
      </trkpt>
      <trkpt lat="49.056811" lon="15.022201">
        <time>2026-04-05T08:44:13.000Z</time>
      </trkpt>
      <trkpt lat="49.056811" lon="15.0222">
        <time>2026-04-05T08:44:14.000Z</time>
      </trkpt>
      <trkpt lat="49.056811" lon="15.0222">
        <time>2026-04-05T08:44:15.000Z</time>
      </trkpt>
      <trkpt lat="49.056811" lon="15.0222">
        <time>2026-04-05T08:44:16.000Z</time>
      </trkpt>
      <trkpt lat="49.056811" lon="15.0222">
        <time>2026-04-05T08:44:17.000Z</time>
      </trkpt>
      <trkpt lat="49.056811" lon="15.0222">
        <time>2026-04-05T08:44:18.000Z</time>
      </trkpt>
      <trkpt lat="49.056811" lon="15.0222">
        <time>2026-04-05T08:44:19.000Z</time>
      </trkpt>
      <trkpt lat="49.056811" lon="15.0222">
        <time>2026-04-05T08:44:20.000Z</time>
      </trkpt>
      <trkpt lat="49.056811" lon="15.0222">
        <time>2026-04-05T08:44:21.000Z</time>
      </trkpt>
      <trkpt lat="49.056811" lon="15.0222">
        <time>2026-04-05T08:44:22.000Z</time>
      </trkpt>
      <trkpt lat="49.056811" lon="15.0222">
        <time>2026-04-05T08:44:23.000Z</time>
      </trkpt>
      <trkpt lat="49.056811" lon="15.0222">
        <time>2026-04-05T08:44:24.000Z</time>
      </trkpt>
      <trkpt lat="49.056811" lon="15.0222">
        <time>2026-04-05T08:44:25.000Z</time>
      </trkpt>
      <trkpt lat="49.056811" lon="15.0222">
        <time>2026-04-05T08:44:26.000Z</time>
      </trkpt>
      <trkpt lat="49.056811" lon="15.0222">
        <time>2026-04-05T08:44:27.000Z</time>
      </trkpt>
      <trkpt lat="49.056811" lon="15.0222">
        <time>2026-04-05T08:44:28.000Z</time>
      </trkpt>
      <trkpt lat="49.056811" lon="15.0222">
        <time>2026-04-05T08:44:29.000Z</time>
      </trkpt>
      <trkpt lat="49.056811" lon="15.0222">
        <time>2026-04-05T08:44:30.000Z</time>
      </trkpt>
      <trkpt lat="49.056811" lon="15.0222">
        <time>2026-04-05T08:44:31.000Z</time>
      </trkpt>
      <trkpt lat="49.056811" lon="15.0222">
        <time>2026-04-05T08:44:32.000Z</time>
      </trkpt>
      <trkpt lat="49.056811" lon="15.0222">
        <time>2026-04-05T08:44:33.000Z</time>
      </trkpt>
      <trkpt lat="49.056811" lon="15.0222">
        <time>2026-04-05T08:44:34.000Z</time>
      </trkpt>
      <trkpt lat="49.056811" lon="15.0222">
        <time>2026-04-05T08:44:35.000Z</time>
      </trkpt>
      <trkpt lat="49.056811" lon="15.0222">
        <time>2026-04-05T08:44:36.000Z</time>
      </trkpt>
      <trkpt lat="49.056811" lon="15.0222">
        <time>2026-04-05T08:44:37.000Z</time>
      </trkpt>
      <trkpt lat="49.056811" lon="15.0222">
        <time>2026-04-05T08:44:38.000Z</time>
      </trkpt>
      <trkpt lat="49.056811" lon="15.0222">
        <time>2026-04-05T08:44:39.000Z</time>
      </trkpt>
      <trkpt lat="49.056811" lon="15.0222">
        <time>2026-04-05T08:44:40.000Z</time>
      </trkpt>
      <trkpt lat="49.056811" lon="15.0222">
        <time>2026-04-05T08:44:41.000Z</time>
      </trkpt>
      <trkpt lat="49.056811" lon="15.0222">
        <time>2026-04-05T08:44:42.000Z</time>
      </trkpt>
      <trkpt lat="49.056811" lon="15.0222">
        <time>2026-04-05T08:44:43.000Z</time>
      </trkpt>
      <trkpt lat="49.056811" lon="15.0222">
        <time>2026-04-05T08:44:44.000Z</time>
      </trkpt>
      <trkpt lat="49.056811" lon="15.0222">
        <time>2026-04-05T08:44:45.000Z</time>
      </trkpt>
      <trkpt lat="49.056801" lon="15.022186">
        <time>2026-04-05T08:44:46.000Z</time>
      </trkpt>
      <trkpt lat="49.0568" lon="15.022186">
        <time>2026-04-05T08:44:47.000Z</time>
      </trkpt>
      <trkpt lat="49.056799" lon="15.022186">
        <time>2026-04-05T08:44:48.000Z</time>
      </trkpt>
      <trkpt lat="49.056787" lon="15.022172">
        <time>2026-04-05T08:44:49.000Z</time>
      </trkpt>
      <trkpt lat="49.056779" lon="15.022156">
        <time>2026-04-05T08:44:50.000Z</time>
      </trkpt>
      <trkpt lat="49.056768" lon="15.022142">
        <time>2026-04-05T08:44:51.000Z</time>
      </trkpt>
      <trkpt lat="49.056757" lon="15.02214">
        <time>2026-04-05T08:44:52.000Z</time>
      </trkpt>
      <trkpt lat="49.056744" lon="15.022135">
        <time>2026-04-05T08:44:53.000Z</time>
      </trkpt>
      <trkpt lat="49.056728" lon="15.022123">
        <time>2026-04-05T08:44:54.000Z</time>
      </trkpt>
      <trkpt lat="49.056712" lon="15.022105">
        <time>2026-04-05T08:44:55.000Z</time>
      </trkpt>
      <trkpt lat="49.056694" lon="15.022103">
        <time>2026-04-05T08:44:56.000Z</time>
      </trkpt>
      <trkpt lat="49.056681" lon="15.022106">
        <time>2026-04-05T08:44:57.000Z</time>
      </trkpt>
      <trkpt lat="49.056669" lon="15.022113">
        <time>2026-04-05T08:44:58.000Z</time>
      </trkpt>
      <trkpt lat="49.056656" lon="15.022121">
        <time>2026-04-05T08:44:59.000Z</time>
      </trkpt>
      <trkpt lat="49.056642" lon="15.022126">
        <time>2026-04-05T08:45:00.000Z</time>
      </trkpt>
      <trkpt lat="49.056628" lon="15.022132">
        <time>2026-04-05T08:45:01.000Z</time>
      </trkpt>
      <trkpt lat="49.056609" lon="15.022126">
        <time>2026-04-05T08:45:02.000Z</time>
      </trkpt>
      <trkpt lat="49.056589" lon="15.02212">
        <time>2026-04-05T08:45:03.000Z</time>
      </trkpt>
      <trkpt lat="49.056567" lon="15.022117">
        <time>2026-04-05T08:45:04.000Z</time>
      </trkpt>
      <trkpt lat="49.056546" lon="15.022119">
        <time>2026-04-05T08:45:05.000Z</time>
      </trkpt>
      <trkpt lat="49.05652" lon="15.022118">
        <time>2026-04-05T08:45:06.000Z</time>
      </trkpt>
      <trkpt lat="49.056498" lon="15.022111">
        <time>2026-04-05T08:45:07.000Z</time>
      </trkpt>
      <trkpt lat="49.056475" lon="15.022093">
        <time>2026-04-05T08:45:08.000Z</time>
      </trkpt>
      <trkpt lat="49.056461" lon="15.022074">
        <time>2026-04-05T08:45:09.000Z</time>
      </trkpt>
      <trkpt lat="49.056452" lon="15.022053">
        <time>2026-04-05T08:45:10.000Z</time>
      </trkpt>
      <trkpt lat="49.056439" lon="15.02203">
        <time>2026-04-05T08:45:11.000Z</time>
      </trkpt>
      <trkpt lat="49.056427" lon="15.022009">
        <time>2026-04-05T08:45:12.000Z</time>
      </trkpt>
      <trkpt lat="49.056413" lon="15.021993">
        <time>2026-04-05T08:45:13.000Z</time>
      </trkpt>
      <trkpt lat="49.056394" lon="15.021985">
        <time>2026-04-05T08:45:14.000Z</time>
      </trkpt>
      <trkpt lat="49.056372" lon="15.021987">
        <time>2026-04-05T08:45:15.000Z</time>
      </trkpt>
      <trkpt lat="49.05635" lon="15.021995">
        <time>2026-04-05T08:45:16.000Z</time>
      </trkpt>
      <trkpt lat="49.056333" lon="15.022003">
        <time>2026-04-05T08:45:17.000Z</time>
      </trkpt>
      <trkpt lat="49.056313" lon="15.022015">
        <time>2026-04-05T08:45:18.000Z</time>
      </trkpt>
      <trkpt lat="49.056294" lon="15.022029">
        <time>2026-04-05T08:45:19.000Z</time>
      </trkpt>
      <trkpt lat="49.056278" lon="15.022037">
        <time>2026-04-05T08:45:20.000Z</time>
      </trkpt>
      <trkpt lat="49.056259" lon="15.022049">
        <time>2026-04-05T08:45:21.000Z</time>
      </trkpt>
      <trkpt lat="49.056241" lon="15.022066">
        <time>2026-04-05T08:45:22.000Z</time>
      </trkpt>
      <trkpt lat="49.056226" lon="15.022076">
        <time>2026-04-05T08:45:23.000Z</time>
      </trkpt>
      <trkpt lat="49.05621" lon="15.022077">
        <time>2026-04-05T08:45:24.000Z</time>
      </trkpt>
      <trkpt lat="49.056194" lon="15.022075">
        <time>2026-04-05T08:45:25.000Z</time>
      </trkpt>
      <trkpt lat="49.056185" lon="15.022073">
        <time>2026-04-05T08:45:26.000Z</time>
      </trkpt>
      <trkpt lat="49.056178" lon="15.022076">
        <time>2026-04-05T08:45:27.000Z</time>
      </trkpt>
      <trkpt lat="49.05617" lon="15.022075">
        <time>2026-04-05T08:45:28.000Z</time>
      </trkpt>
      <trkpt lat="49.05616" lon="15.022079">
        <time>2026-04-05T08:45:29.000Z</time>
      </trkpt>
      <trkpt lat="49.056154" lon="15.022088">
        <time>2026-04-05T08:45:30.000Z</time>
      </trkpt>
      <trkpt lat="49.056139" lon="15.022098">
        <time>2026-04-05T08:45:31.000Z</time>
      </trkpt>
      <trkpt lat="49.056127" lon="15.022106">
        <time>2026-04-05T08:45:32.000Z</time>
      </trkpt>
      <trkpt lat="49.056115" lon="15.022111">
        <time>2026-04-05T08:45:33.000Z</time>
      </trkpt>
      <trkpt lat="49.056098" lon="15.022122">
        <time>2026-04-05T08:45:34.000Z</time>
      </trkpt>
      <trkpt lat="49.056083" lon="15.022135">
        <time>2026-04-05T08:45:35.000Z</time>
      </trkpt>
      <trkpt lat="49.056071" lon="15.022149">
        <time>2026-04-05T08:45:36.000Z</time>
      </trkpt>
      <trkpt lat="49.056057" lon="15.022164">
        <time>2026-04-05T08:45:37.000Z</time>
      </trkpt>
      <trkpt lat="49.056042" lon="15.022186">
        <time>2026-04-05T08:45:38.000Z</time>
      </trkpt>
      <trkpt lat="49.056026" lon="15.022202">
        <time>2026-04-05T08:45:39.000Z</time>
      </trkpt>
      <trkpt lat="49.056009" lon="15.02222">
        <time>2026-04-05T08:45:40.000Z</time>
      </trkpt>
      <trkpt lat="49.055992" lon="15.022242">
        <time>2026-04-05T08:45:41.000Z</time>
      </trkpt>
      <trkpt lat="49.055976" lon="15.022255">
        <time>2026-04-05T08:45:42.000Z</time>
      </trkpt>
      <trkpt lat="49.055959" lon="15.022263">
        <time>2026-04-05T08:45:43.000Z</time>
      </trkpt>
      <trkpt lat="49.055941" lon="15.022286">
        <time>2026-04-05T08:45:44.000Z</time>
      </trkpt>
      <trkpt lat="49.055932" lon="15.022318">
        <time>2026-04-05T08:45:45.000Z</time>
      </trkpt>
      <trkpt lat="49.055921" lon="15.022349">
        <time>2026-04-05T08:45:46.000Z</time>
      </trkpt>
      <trkpt lat="49.055917" lon="15.022371">
        <time>2026-04-05T08:45:47.000Z</time>
      </trkpt>
      <trkpt lat="49.055928" lon="15.022351">
        <time>2026-04-05T08:45:48.000Z</time>
      </trkpt>
      <trkpt lat="49.055933" lon="15.022335">
        <time>2026-04-05T08:45:49.000Z</time>
      </trkpt>
      <trkpt lat="49.055941" lon="15.022295">
        <time>2026-04-05T08:45:50.000Z</time>
      </trkpt>
      <trkpt lat="49.055948" lon="15.022247">
        <time>2026-04-05T08:45:51.000Z</time>
      </trkpt>
      <trkpt lat="49.055953" lon="15.022203">
        <time>2026-04-05T08:45:52.000Z</time>
      </trkpt>
      <trkpt lat="49.055956" lon="15.022164">
        <time>2026-04-05T08:45:53.000Z</time>
      </trkpt>
      <trkpt lat="49.055957" lon="15.022121">
        <time>2026-04-05T08:45:54.000Z</time>
      </trkpt>
      <trkpt lat="49.055955" lon="15.022074">
        <time>2026-04-05T08:45:55.000Z</time>
      </trkpt>
      <trkpt lat="49.055949" lon="15.022033">
        <time>2026-04-05T08:45:56.000Z</time>
      </trkpt>
      <trkpt lat="49.055947" lon="15.02199">
        <time>2026-04-05T08:45:57.000Z</time>
      </trkpt>
      <trkpt lat="49.055952" lon="15.021932">
        <time>2026-04-05T08:45:58.000Z</time>
      </trkpt>
      <trkpt lat="49.055955" lon="15.021884">
        <time>2026-04-05T08:45:59.000Z</time>
      </trkpt>
      <trkpt lat="49.055952" lon="15.021832">
        <time>2026-04-05T08:46:00.000Z</time>
      </trkpt>
      <trkpt lat="49.05595" lon="15.021784">
        <time>2026-04-05T08:46:01.000Z</time>
      </trkpt>
      <trkpt lat="49.055946" lon="15.02174">
        <time>2026-04-05T08:46:02.000Z</time>
      </trkpt>
      <trkpt lat="49.055945" lon="15.021692">
        <time>2026-04-05T08:46:03.000Z</time>
      </trkpt>
      <trkpt lat="49.055936" lon="15.021649">
        <time>2026-04-05T08:46:04.000Z</time>
      </trkpt>
      <trkpt lat="49.055925" lon="15.021616">
        <time>2026-04-05T08:46:05.000Z</time>
      </trkpt>
      <trkpt lat="49.05592" lon="15.021581">
        <time>2026-04-05T08:46:06.000Z</time>
      </trkpt>
      <trkpt lat="49.055913" lon="15.02155">
        <time>2026-04-05T08:46:07.000Z</time>
      </trkpt>
      <trkpt lat="49.055911" lon="15.021512">
        <time>2026-04-05T08:46:08.000Z</time>
      </trkpt>
      <trkpt lat="49.055909" lon="15.021475">
        <time>2026-04-05T08:46:09.000Z</time>
      </trkpt>
      <trkpt lat="49.055912" lon="15.021448">
        <time>2026-04-05T08:46:10.000Z</time>
      </trkpt>
      <trkpt lat="49.055917" lon="15.021413">
        <time>2026-04-05T08:46:11.000Z</time>
      </trkpt>
      <trkpt lat="49.055928" lon="15.021379">
        <time>2026-04-05T08:46:12.000Z</time>
      </trkpt>
      <trkpt lat="49.055937" lon="15.021343">
        <time>2026-04-05T08:46:13.000Z</time>
      </trkpt>
      <trkpt lat="49.055939" lon="15.021308">
        <time>2026-04-05T08:46:14.000Z</time>
      </trkpt>
      <trkpt lat="49.055943" lon="15.021278">
        <time>2026-04-05T08:46:15.000Z</time>
      </trkpt>
      <trkpt lat="49.055945" lon="15.021245">
        <time>2026-04-05T08:46:16.000Z</time>
      </trkpt>
      <trkpt lat="49.055944" lon="15.02121">
        <time>2026-04-05T08:46:17.000Z</time>
      </trkpt>
      <trkpt lat="49.055943" lon="15.021177">
        <time>2026-04-05T08:46:18.000Z</time>
      </trkpt>
      <trkpt lat="49.055942" lon="15.021146">
        <time>2026-04-05T08:46:19.000Z</time>
      </trkpt>
      <trkpt lat="49.055931" lon="15.021117">
        <time>2026-04-05T08:46:20.000Z</time>
      </trkpt>
      <trkpt lat="49.055917" lon="15.021096">
        <time>2026-04-05T08:46:21.000Z</time>
      </trkpt>
      <trkpt lat="49.055899" lon="15.021075">
        <time>2026-04-05T08:46:22.000Z</time>
      </trkpt>
      <trkpt lat="49.055879" lon="15.021058">
        <time>2026-04-05T08:46:23.000Z</time>
      </trkpt>
      <trkpt lat="49.055864" lon="15.021049">
        <time>2026-04-05T08:46:24.000Z</time>
      </trkpt>
      <trkpt lat="49.055859" lon="15.021037">
        <time>2026-04-05T08:46:25.000Z</time>
      </trkpt>
      <trkpt lat="49.055857" lon="15.021014">
        <time>2026-04-05T08:46:26.000Z</time>
      </trkpt>
      <trkpt lat="49.055849" lon="15.020987">
        <time>2026-04-05T08:46:27.000Z</time>
      </trkpt>
      <trkpt lat="49.055835" lon="15.020958">
        <time>2026-04-05T08:46:28.000Z</time>
      </trkpt>
      <trkpt lat="49.055829" lon="15.020934">
        <time>2026-04-05T08:46:29.000Z</time>
      </trkpt>
      <trkpt lat="49.055832" lon="15.020904">
        <time>2026-04-05T08:46:30.000Z</time>
      </trkpt>
      <trkpt lat="49.055841" lon="15.020873">
        <time>2026-04-05T08:46:31.000Z</time>
      </trkpt>
      <trkpt lat="49.055849" lon="15.020843">
        <time>2026-04-05T08:46:32.000Z</time>
      </trkpt>
      <trkpt lat="49.055852" lon="15.020806">
        <time>2026-04-05T08:46:33.000Z</time>
      </trkpt>
      <trkpt lat="49.055853" lon="15.020775">
        <time>2026-04-05T08:46:34.000Z</time>
      </trkpt>
      <trkpt lat="49.055857" lon="15.020738">
        <time>2026-04-05T08:46:35.000Z</time>
      </trkpt>
      <trkpt lat="49.055862" lon="15.020704">
        <time>2026-04-05T08:46:36.000Z</time>
      </trkpt>
      <trkpt lat="49.055863" lon="15.020669">
        <time>2026-04-05T08:46:37.000Z</time>
      </trkpt>
      <trkpt lat="49.055849" lon="15.020631">
        <time>2026-04-05T08:46:38.000Z</time>
      </trkpt>
      <trkpt lat="49.055844" lon="15.020604">
        <time>2026-04-05T08:46:39.000Z</time>
      </trkpt>
      <trkpt lat="49.055831" lon="15.02058">
        <time>2026-04-05T08:46:40.000Z</time>
      </trkpt>
      <trkpt lat="49.055816" lon="15.020553">
        <time>2026-04-05T08:46:41.000Z</time>
      </trkpt>
      <trkpt lat="49.055801" lon="15.020527">
        <time>2026-04-05T08:46:42.000Z</time>
      </trkpt>
      <trkpt lat="49.055788" lon="15.020504">
        <time>2026-04-05T08:46:43.000Z</time>
      </trkpt>
      <trkpt lat="49.055776" lon="15.020473">
        <time>2026-04-05T08:46:44.000Z</time>
      </trkpt>
      <trkpt lat="49.055766" lon="15.020447">
        <time>2026-04-05T08:46:45.000Z</time>
      </trkpt>
      <trkpt lat="49.055756" lon="15.020426">
        <time>2026-04-05T08:46:46.000Z</time>
      </trkpt>
      <trkpt lat="49.055751" lon="15.020397">
        <time>2026-04-05T08:46:47.000Z</time>
      </trkpt>
      <trkpt lat="49.055753" lon="15.020375">
        <time>2026-04-05T08:46:48.000Z</time>
      </trkpt>
      <trkpt lat="49.055756" lon="15.020349">
        <time>2026-04-05T08:46:49.000Z</time>
      </trkpt>
      <trkpt lat="49.055754" lon="15.020325">
        <time>2026-04-05T08:46:50.000Z</time>
      </trkpt>
      <trkpt lat="49.055749" lon="15.020294">
        <time>2026-04-05T08:46:51.000Z</time>
      </trkpt>
      <trkpt lat="49.055744" lon="15.020265">
        <time>2026-04-05T08:46:52.000Z</time>
      </trkpt>
      <trkpt lat="49.05574" lon="15.020247">
        <time>2026-04-05T08:46:53.000Z</time>
      </trkpt>
      <trkpt lat="49.055737" lon="15.020226">
        <time>2026-04-05T08:46:54.000Z</time>
      </trkpt>
      <trkpt lat="49.055742" lon="15.020208">
        <time>2026-04-05T08:46:55.000Z</time>
      </trkpt>
      <trkpt lat="49.055742" lon="15.020193">
        <time>2026-04-05T08:46:56.000Z</time>
      </trkpt>
      <trkpt lat="49.05574" lon="15.02018">
        <time>2026-04-05T08:46:57.000Z</time>
      </trkpt>
      <trkpt lat="49.05574" lon="15.020161">
        <time>2026-04-05T08:46:58.000Z</time>
      </trkpt>
      <trkpt lat="49.055736" lon="15.020141">
        <time>2026-04-05T08:46:59.000Z</time>
      </trkpt>
      <trkpt lat="49.055731" lon="15.020125">
        <time>2026-04-05T08:47:00.000Z</time>
      </trkpt>
      <trkpt lat="49.055728" lon="15.020113">
        <time>2026-04-05T08:47:01.000Z</time>
      </trkpt>
      <trkpt lat="49.055727" lon="15.020103">
        <time>2026-04-05T08:47:02.000Z</time>
      </trkpt>
      <trkpt lat="49.055731" lon="15.020089">
        <time>2026-04-05T08:47:03.000Z</time>
      </trkpt>
      <trkpt lat="49.055738" lon="15.020072">
        <time>2026-04-05T08:47:04.000Z</time>
      </trkpt>
      <trkpt lat="49.05575" lon="15.02006">
        <time>2026-04-05T08:47:05.000Z</time>
      </trkpt>
      <trkpt lat="49.05576" lon="15.020048">
        <time>2026-04-05T08:47:06.000Z</time>
      </trkpt>
      <trkpt lat="49.055773" lon="15.020026">
        <time>2026-04-05T08:47:07.000Z</time>
      </trkpt>
      <trkpt lat="49.055781" lon="15.020022">
        <time>2026-04-05T08:47:08.000Z</time>
      </trkpt>
      <trkpt lat="49.055796" lon="15.020013">
        <time>2026-04-05T08:47:09.000Z</time>
      </trkpt>
      <trkpt lat="49.055806" lon="15.020009">
        <time>2026-04-05T08:47:10.000Z</time>
      </trkpt>
      <trkpt lat="49.05581" lon="15.020008">
        <time>2026-04-05T08:47:11.000Z</time>
      </trkpt>
      <trkpt lat="49.055815" lon="15.020003">
        <time>2026-04-05T08:47:12.000Z</time>
      </trkpt>
      <trkpt lat="49.05582" lon="15.019991">
        <time>2026-04-05T08:47:13.000Z</time>
      </trkpt>
      <trkpt lat="49.05583" lon="15.019971">
        <time>2026-04-05T08:47:14.000Z</time>
      </trkpt>
      <trkpt lat="49.055835" lon="15.01995">
        <time>2026-04-05T08:47:15.000Z</time>
      </trkpt>
      <trkpt lat="49.055834" lon="15.019929">
        <time>2026-04-05T08:47:16.000Z</time>
      </trkpt>
      <trkpt lat="49.055837" lon="15.019909">
        <time>2026-04-05T08:47:17.000Z</time>
      </trkpt>
      <trkpt lat="49.055841" lon="15.01989">
        <time>2026-04-05T08:47:18.000Z</time>
      </trkpt>
      <trkpt lat="49.055846" lon="15.019862">
        <time>2026-04-05T08:47:19.000Z</time>
      </trkpt>
      <trkpt lat="49.055856" lon="15.019832">
        <time>2026-04-05T08:47:20.000Z</time>
      </trkpt>
      <trkpt lat="49.055872" lon="15.019821">
        <time>2026-04-05T08:47:21.000Z</time>
      </trkpt>
      <trkpt lat="49.055884" lon="15.019799">
        <time>2026-04-05T08:47:22.000Z</time>
      </trkpt>
      <trkpt lat="49.055895" lon="15.019782">
        <time>2026-04-05T08:47:23.000Z</time>
      </trkpt>
      <trkpt lat="49.055905" lon="15.019753">
        <time>2026-04-05T08:47:24.000Z</time>
      </trkpt>
      <trkpt lat="49.055906" lon="15.019722">
        <time>2026-04-05T08:47:25.000Z</time>
      </trkpt>
      <trkpt lat="49.055904" lon="15.019689">
        <time>2026-04-05T08:47:26.000Z</time>
      </trkpt>
      <trkpt lat="49.055903" lon="15.019665">
        <time>2026-04-05T08:47:27.000Z</time>
      </trkpt>
      <trkpt lat="49.055906" lon="15.019631">
        <time>2026-04-05T08:47:28.000Z</time>
      </trkpt>
      <trkpt lat="49.055906" lon="15.019591">
        <time>2026-04-05T08:47:29.000Z</time>
      </trkpt>
      <trkpt lat="49.055911" lon="15.019555">
        <time>2026-04-05T08:47:30.000Z</time>
      </trkpt>
      <trkpt lat="49.05592" lon="15.019512">
        <time>2026-04-05T08:47:31.000Z</time>
      </trkpt>
      <trkpt lat="49.055929" lon="15.019469">
        <time>2026-04-05T08:47:32.000Z</time>
      </trkpt>
      <trkpt lat="49.055939" lon="15.019425">
        <time>2026-04-05T08:47:33.000Z</time>
      </trkpt>
      <trkpt lat="49.055949" lon="15.019386">
        <time>2026-04-05T08:47:34.000Z</time>
      </trkpt>
      <trkpt lat="49.055959" lon="15.019356">
        <time>2026-04-05T08:47:35.000Z</time>
      </trkpt>
      <trkpt lat="49.055969" lon="15.019322">
        <time>2026-04-05T08:47:36.000Z</time>
      </trkpt>
      <trkpt lat="49.055975" lon="15.019285">
        <time>2026-04-05T08:47:37.000Z</time>
      </trkpt>
      <trkpt lat="49.05598" lon="15.019251">
        <time>2026-04-05T08:47:38.000Z</time>
      </trkpt>
      <trkpt lat="49.055988" lon="15.019224">
        <time>2026-04-05T08:47:39.000Z</time>
      </trkpt>
      <trkpt lat="49.055998" lon="15.019211">
        <time>2026-04-05T08:47:40.000Z</time>
      </trkpt>
      <trkpt lat="49.056009" lon="15.019215">
        <time>2026-04-05T08:47:41.000Z</time>
      </trkpt>
      <trkpt lat="49.056018" lon="15.019221">
        <time>2026-04-05T08:47:42.000Z</time>
      </trkpt>
      <trkpt lat="49.056033" lon="15.019221">
        <time>2026-04-05T08:47:43.000Z</time>
      </trkpt>
      <trkpt lat="49.056048" lon="15.019224">
        <time>2026-04-05T08:47:44.000Z</time>
      </trkpt>
      <trkpt lat="49.056068" lon="15.019216">
        <time>2026-04-05T08:47:45.000Z</time>
      </trkpt>
      <trkpt lat="49.056089" lon="15.019197">
        <time>2026-04-05T08:47:46.000Z</time>
      </trkpt>
      <trkpt lat="49.056107" lon="15.019184">
        <time>2026-04-05T08:47:47.000Z</time>
      </trkpt>
      <trkpt lat="49.05612" lon="15.019172">
        <time>2026-04-05T08:47:48.000Z</time>
      </trkpt>
      <trkpt lat="49.056129" lon="15.019155">
        <time>2026-04-05T08:47:49.000Z</time>
      </trkpt>
      <trkpt lat="49.056135" lon="15.019147">
        <time>2026-04-05T08:47:50.000Z</time>
      </trkpt>
      <trkpt lat="49.05614" lon="15.01914">
        <time>2026-04-05T08:47:51.000Z</time>
      </trkpt>
      <trkpt lat="49.056145" lon="15.019135">
        <time>2026-04-05T08:47:52.000Z</time>
      </trkpt>
      <trkpt lat="49.056149" lon="15.019132">
        <time>2026-04-05T08:47:53.000Z</time>
      </trkpt>
      <trkpt lat="49.056163" lon="15.019127">
        <time>2026-04-05T08:47:54.000Z</time>
      </trkpt>
      <trkpt lat="49.056185" lon="15.019133">
        <time>2026-04-05T08:47:55.000Z</time>
      </trkpt>
      <trkpt lat="49.056208" lon="15.019142">
        <time>2026-04-05T08:47:56.000Z</time>
      </trkpt>
      <trkpt lat="49.056231" lon="15.019145">
        <time>2026-04-05T08:47:57.000Z</time>
      </trkpt>
      <trkpt lat="49.05625" lon="15.019148">
        <time>2026-04-05T08:47:58.000Z</time>
      </trkpt>
      <trkpt lat="49.056277" lon="15.019149">
        <time>2026-04-05T08:47:59.000Z</time>
      </trkpt>
      <trkpt lat="49.056302" lon="15.019144">
        <time>2026-04-05T08:48:00.000Z</time>
      </trkpt>
      <trkpt lat="49.056325" lon="15.019148">
        <time>2026-04-05T08:48:01.000Z</time>
      </trkpt>
      <trkpt lat="49.056345" lon="15.019156">
        <time>2026-04-05T08:48:02.000Z</time>
      </trkpt>
      <trkpt lat="49.056363" lon="15.019168">
        <time>2026-04-05T08:48:03.000Z</time>
      </trkpt>
      <trkpt lat="49.056381" lon="15.01918">
        <time>2026-04-05T08:48:04.000Z</time>
      </trkpt>
      <trkpt lat="49.0564" lon="15.01919">
        <time>2026-04-05T08:48:05.000Z</time>
      </trkpt>
      <trkpt lat="49.056414" lon="15.019206">
        <time>2026-04-05T08:48:06.000Z</time>
      </trkpt>
      <trkpt lat="49.056424" lon="15.019219">
        <time>2026-04-05T08:48:07.000Z</time>
      </trkpt>
      <trkpt lat="49.056434" lon="15.019232">
        <time>2026-04-05T08:48:08.000Z</time>
      </trkpt>
      <trkpt lat="49.056441" lon="15.019241">
        <time>2026-04-05T08:48:09.000Z</time>
      </trkpt>
      <trkpt lat="49.056445" lon="15.019254">
        <time>2026-04-05T08:48:10.000Z</time>
      </trkpt>
      <trkpt lat="49.056449" lon="15.019266">
        <time>2026-04-05T08:48:11.000Z</time>
      </trkpt>
      <trkpt lat="49.056452" lon="15.019276">
        <time>2026-04-05T08:48:12.000Z</time>
      </trkpt>
      <trkpt lat="49.056459" lon="15.019301">
        <time>2026-04-05T08:48:13.000Z</time>
      </trkpt>
      <trkpt lat="49.056469" lon="15.019315">
        <time>2026-04-05T08:48:14.000Z</time>
      </trkpt>
      <trkpt lat="49.056473" lon="15.01932">
        <time>2026-04-05T08:48:15.000Z</time>
      </trkpt>
      <trkpt lat="49.056473" lon="15.019328">
        <time>2026-04-05T08:48:16.000Z</time>
      </trkpt>
      <trkpt lat="49.056473" lon="15.019335">
        <time>2026-04-05T08:48:17.000Z</time>
      </trkpt>
      <trkpt lat="49.056472" lon="15.019336">
        <time>2026-04-05T08:48:18.000Z</time>
      </trkpt>
      <trkpt lat="49.056468" lon="15.019341">
        <time>2026-04-05T08:48:19.000Z</time>
      </trkpt>
      <trkpt lat="49.056474" lon="15.019362">
        <time>2026-04-05T08:48:20.000Z</time>
      </trkpt>
      <trkpt lat="49.056479" lon="15.019381">
        <time>2026-04-05T08:48:21.000Z</time>
      </trkpt>
      <trkpt lat="49.05649" lon="15.019405">
        <time>2026-04-05T08:48:22.000Z</time>
      </trkpt>
      <trkpt lat="49.056505" lon="15.019429">
        <time>2026-04-05T08:48:23.000Z</time>
      </trkpt>
      <trkpt lat="49.056525" lon="15.019446">
        <time>2026-04-05T08:48:24.000Z</time>
      </trkpt>
      <trkpt lat="49.056542" lon="15.019462">
        <time>2026-04-05T08:48:25.000Z</time>
      </trkpt>
      <trkpt lat="49.056563" lon="15.019484">
        <time>2026-04-05T08:48:26.000Z</time>
      </trkpt>
      <trkpt lat="49.056583" lon="15.019506">
        <time>2026-04-05T08:48:27.000Z</time>
      </trkpt>
      <trkpt lat="49.056601" lon="15.019523">
        <time>2026-04-05T08:48:28.000Z</time>
      </trkpt>
      <trkpt lat="49.056623" lon="15.019545">
        <time>2026-04-05T08:48:29.000Z</time>
      </trkpt>
      <trkpt lat="49.056645" lon="15.019564">
        <time>2026-04-05T08:48:30.000Z</time>
      </trkpt>
      <trkpt lat="49.056667" lon="15.019583">
        <time>2026-04-05T08:48:31.000Z</time>
      </trkpt>
      <trkpt lat="49.056693" lon="15.0196">
        <time>2026-04-05T08:48:32.000Z</time>
      </trkpt>
      <trkpt lat="49.056718" lon="15.019606">
        <time>2026-04-05T08:48:33.000Z</time>
      </trkpt>
      <trkpt lat="49.056743" lon="15.019616">
        <time>2026-04-05T08:48:34.000Z</time>
      </trkpt>
      <trkpt lat="49.056767" lon="15.019626">
        <time>2026-04-05T08:48:35.000Z</time>
      </trkpt>
      <trkpt lat="49.056793" lon="15.019641">
        <time>2026-04-05T08:48:36.000Z</time>
      </trkpt>
      <trkpt lat="49.056817" lon="15.019656">
        <time>2026-04-05T08:48:37.000Z</time>
      </trkpt>
      <trkpt lat="49.05684" lon="15.019672">
        <time>2026-04-05T08:48:38.000Z</time>
      </trkpt>
      <trkpt lat="49.056857" lon="15.019691">
        <time>2026-04-05T08:48:39.000Z</time>
      </trkpt>
      <trkpt lat="49.056878" lon="15.01971">
        <time>2026-04-05T08:48:40.000Z</time>
      </trkpt>
      <trkpt lat="49.056904" lon="15.019722">
        <time>2026-04-05T08:48:41.000Z</time>
      </trkpt>
      <trkpt lat="49.056926" lon="15.01973">
        <time>2026-04-05T08:48:42.000Z</time>
      </trkpt>
      <trkpt lat="49.056951" lon="15.019745">
        <time>2026-04-05T08:48:43.000Z</time>
      </trkpt>
      <trkpt lat="49.056981" lon="15.01976">
        <time>2026-04-05T08:48:44.000Z</time>
      </trkpt>
      <trkpt lat="49.057006" lon="15.019776">
        <time>2026-04-05T08:48:45.000Z</time>
      </trkpt>
      <trkpt lat="49.057022" lon="15.019798">
        <time>2026-04-05T08:48:46.000Z</time>
      </trkpt>
      <trkpt lat="49.057038" lon="15.019819">
        <time>2026-04-05T08:48:47.000Z</time>
      </trkpt>
      <trkpt lat="49.057054" lon="15.01984">
        <time>2026-04-05T08:48:48.000Z</time>
      </trkpt>
      <trkpt lat="49.057067" lon="15.019867">
        <time>2026-04-05T08:48:49.000Z</time>
      </trkpt>
      <trkpt lat="49.05708" lon="15.019894">
        <time>2026-04-05T08:48:50.000Z</time>
      </trkpt>
      <trkpt lat="49.057098" lon="15.019921">
        <time>2026-04-05T08:48:51.000Z</time>
      </trkpt>
      <trkpt lat="49.057113" lon="15.019956">
        <time>2026-04-05T08:48:52.000Z</time>
      </trkpt>
      <trkpt lat="49.057128" lon="15.019992">
        <time>2026-04-05T08:48:53.000Z</time>
      </trkpt>
      <trkpt lat="49.057143" lon="15.020023">
        <time>2026-04-05T08:48:54.000Z</time>
      </trkpt>
      <trkpt lat="49.057162" lon="15.02005">
        <time>2026-04-05T08:48:55.000Z</time>
      </trkpt>
      <trkpt lat="49.057186" lon="15.020081">
        <time>2026-04-05T08:48:56.000Z</time>
      </trkpt>
      <trkpt lat="49.057204" lon="15.020113">
        <time>2026-04-05T08:48:57.000Z</time>
      </trkpt>
      <trkpt lat="49.057219" lon="15.020149">
        <time>2026-04-05T08:48:58.000Z</time>
      </trkpt>
      <trkpt lat="49.057239" lon="15.020181">
        <time>2026-04-05T08:48:59.000Z</time>
      </trkpt>
      <trkpt lat="49.057263" lon="15.0202">
        <time>2026-04-05T08:49:00.000Z</time>
      </trkpt>
      <trkpt lat="49.057284" lon="15.020216">
        <time>2026-04-05T08:49:01.000Z</time>
      </trkpt>
      <trkpt lat="49.057312" lon="15.020246">
        <time>2026-04-05T08:49:02.000Z</time>
      </trkpt>
      <trkpt lat="49.057341" lon="15.020266">
        <time>2026-04-05T08:49:03.000Z</time>
      </trkpt>
      <trkpt lat="49.057369" lon="15.020272">
        <time>2026-04-05T08:49:04.000Z</time>
      </trkpt>
      <trkpt lat="49.057399" lon="15.020273">
        <time>2026-04-05T08:49:05.000Z</time>
      </trkpt>
      <trkpt lat="49.057424" lon="15.020268">
        <time>2026-04-05T08:49:06.000Z</time>
      </trkpt>
      <trkpt lat="49.057444" lon="15.020271">
        <time>2026-04-05T08:49:07.000Z</time>
      </trkpt>
      <trkpt lat="49.057468" lon="15.020274">
        <time>2026-04-05T08:49:08.000Z</time>
      </trkpt>
      <trkpt lat="49.057492" lon="15.020279">
        <time>2026-04-05T08:49:09.000Z</time>
      </trkpt>
      <trkpt lat="49.05751" lon="15.020293">
        <time>2026-04-05T08:49:10.000Z</time>
      </trkpt>
      <trkpt lat="49.057525" lon="15.020306">
        <time>2026-04-05T08:49:11.000Z</time>
      </trkpt>
      <trkpt lat="49.057543" lon="15.020321">
        <time>2026-04-05T08:49:12.000Z</time>
      </trkpt>
      <trkpt lat="49.057557" lon="15.02034">
        <time>2026-04-05T08:49:13.000Z</time>
      </trkpt>
      <trkpt lat="49.057569" lon="15.02036">
        <time>2026-04-05T08:49:14.000Z</time>
      </trkpt>
      <trkpt lat="49.057582" lon="15.02038">
        <time>2026-04-05T08:49:15.000Z</time>
      </trkpt>
      <trkpt lat="49.057597" lon="15.020405">
        <time>2026-04-05T08:49:16.000Z</time>
      </trkpt>
      <trkpt lat="49.057608" lon="15.020438">
        <time>2026-04-05T08:49:17.000Z</time>
      </trkpt>
      <trkpt lat="49.057616" lon="15.020476">
        <time>2026-04-05T08:49:18.000Z</time>
      </trkpt>
      <trkpt lat="49.057626" lon="15.020509">
        <time>2026-04-05T08:49:19.000Z</time>
      </trkpt>
      <trkpt lat="49.057638" lon="15.02053">
        <time>2026-04-05T08:49:20.000Z</time>
      </trkpt>
      <trkpt lat="49.057653" lon="15.020556">
        <time>2026-04-05T08:49:21.000Z</time>
      </trkpt>
      <trkpt lat="49.057665" lon="15.020585">
        <time>2026-04-05T08:49:22.000Z</time>
      </trkpt>
      <trkpt lat="49.05768" lon="15.020607">
        <time>2026-04-05T08:49:23.000Z</time>
      </trkpt>
      <trkpt lat="49.057702" lon="15.020623">
        <time>2026-04-05T08:49:24.000Z</time>
      </trkpt>
      <trkpt lat="49.057719" lon="15.020639">
        <time>2026-04-05T08:49:25.000Z</time>
      </trkpt>
      <trkpt lat="49.057737" lon="15.020661">
        <time>2026-04-05T08:49:26.000Z</time>
      </trkpt>
      <trkpt lat="49.057756" lon="15.020677">
        <time>2026-04-05T08:49:27.000Z</time>
      </trkpt>
      <trkpt lat="49.057773" lon="15.020688">
        <time>2026-04-05T08:49:28.000Z</time>
      </trkpt>
      <trkpt lat="49.057787" lon="15.020693">
        <time>2026-04-05T08:49:29.000Z</time>
      </trkpt>
      <trkpt lat="49.057801" lon="15.020698">
        <time>2026-04-05T08:49:30.000Z</time>
      </trkpt>
      <trkpt lat="49.057811" lon="15.020703">
        <time>2026-04-05T08:49:31.000Z</time>
      </trkpt>
      <trkpt lat="49.057825" lon="15.020713">
        <time>2026-04-05T08:49:32.000Z</time>
      </trkpt>
      <trkpt lat="49.057836" lon="15.020715">
        <time>2026-04-05T08:49:33.000Z</time>
      </trkpt>
      <trkpt lat="49.057838" lon="15.020727">
        <time>2026-04-05T08:49:34.000Z</time>
      </trkpt>
      <trkpt lat="49.057852" lon="15.020741">
        <time>2026-04-05T08:49:35.000Z</time>
      </trkpt>
      <trkpt lat="49.057875" lon="15.020744">
        <time>2026-04-05T08:49:36.000Z</time>
      </trkpt>
      <trkpt lat="49.057891" lon="15.02074">
        <time>2026-04-05T08:49:37.000Z</time>
      </trkpt>
      <trkpt lat="49.057909" lon="15.020741">
        <time>2026-04-05T08:49:38.000Z</time>
      </trkpt>
      <trkpt lat="49.057932" lon="15.020752">
        <time>2026-04-05T08:49:39.000Z</time>
      </trkpt>
      <trkpt lat="49.057948" lon="15.020761">
        <time>2026-04-05T08:49:40.000Z</time>
      </trkpt>
      <trkpt lat="49.057954" lon="15.020768">
        <time>2026-04-05T08:49:41.000Z</time>
      </trkpt>
      <trkpt lat="49.057956" lon="15.020776">
        <time>2026-04-05T08:49:42.000Z</time>
      </trkpt>
      <trkpt lat="49.057958" lon="15.020787">
        <time>2026-04-05T08:49:43.000Z</time>
      </trkpt>
      <trkpt lat="49.05796" lon="15.020806">
        <time>2026-04-05T08:49:44.000Z</time>
      </trkpt>
      <trkpt lat="49.057965" lon="15.020826">
        <time>2026-04-05T08:49:45.000Z</time>
      </trkpt>
      <trkpt lat="49.05797" lon="15.02085">
        <time>2026-04-05T08:49:46.000Z</time>
      </trkpt>
      <trkpt lat="49.057977" lon="15.02087">
        <time>2026-04-05T08:49:47.000Z</time>
      </trkpt>
      <trkpt lat="49.057988" lon="15.020876">
        <time>2026-04-05T08:49:48.000Z</time>
      </trkpt>
      <trkpt lat="49.057996" lon="15.02088">
        <time>2026-04-05T08:49:49.000Z</time>
      </trkpt>
      <trkpt lat="49.058002" lon="15.020895">
        <time>2026-04-05T08:49:50.000Z</time>
      </trkpt>
      <trkpt lat="49.058009" lon="15.02091">
        <time>2026-04-05T08:49:51.000Z</time>
      </trkpt>
      <trkpt lat="49.058022" lon="15.020921">
        <time>2026-04-05T08:49:52.000Z</time>
      </trkpt>
      <trkpt lat="49.058035" lon="15.020925">
        <time>2026-04-05T08:49:53.000Z</time>
      </trkpt>
      <trkpt lat="49.058042" lon="15.020927">
        <time>2026-04-05T08:49:54.000Z</time>
      </trkpt>
      <trkpt lat="49.058046" lon="15.020935">
        <time>2026-04-05T08:49:55.000Z</time>
      </trkpt>
      <trkpt lat="49.058047" lon="15.020955">
        <time>2026-04-05T08:49:56.000Z</time>
      </trkpt>
      <trkpt lat="49.058048" lon="15.020983">
        <time>2026-04-05T08:49:57.000Z</time>
      </trkpt>
      <trkpt lat="49.05805" lon="15.021017">
        <time>2026-04-05T08:49:58.000Z</time>
      </trkpt>
      <trkpt lat="49.058058" lon="15.021046">
        <time>2026-04-05T08:49:59.000Z</time>
      </trkpt>
      <trkpt lat="49.058078" lon="15.021073">
        <time>2026-04-05T08:50:00.000Z</time>
      </trkpt>
      <trkpt lat="49.058097" lon="15.021107">
        <time>2026-04-05T08:50:01.000Z</time>
      </trkpt>
      <trkpt lat="49.058111" lon="15.021133">
        <time>2026-04-05T08:50:02.000Z</time>
      </trkpt>
      <trkpt lat="49.05813" lon="15.021154">
        <time>2026-04-05T08:50:03.000Z</time>
      </trkpt>
      <trkpt lat="49.058142" lon="15.02119">
        <time>2026-04-05T08:50:04.000Z</time>
      </trkpt>
      <trkpt lat="49.058136" lon="15.021234">
        <time>2026-04-05T08:50:05.000Z</time>
      </trkpt>
      <trkpt lat="49.058131" lon="15.02128">
        <time>2026-04-05T08:50:06.000Z</time>
      </trkpt>
      <trkpt lat="49.058125" lon="15.021329">
        <time>2026-04-05T08:50:07.000Z</time>
      </trkpt>
      <trkpt lat="49.058127" lon="15.021376">
        <time>2026-04-05T08:50:08.000Z</time>
      </trkpt>
      <trkpt lat="49.058124" lon="15.021423">
        <time>2026-04-05T08:50:09.000Z</time>
      </trkpt>
      <trkpt lat="49.058123" lon="15.021471">
        <time>2026-04-05T08:50:10.000Z</time>
      </trkpt>
      <trkpt lat="49.058124" lon="15.02152">
        <time>2026-04-05T08:50:11.000Z</time>
      </trkpt>
      <trkpt lat="49.058123" lon="15.021568">
        <time>2026-04-05T08:50:12.000Z</time>
      </trkpt>
      <trkpt lat="49.058113" lon="15.02162">
        <time>2026-04-05T08:50:13.000Z</time>
      </trkpt>
      <trkpt lat="49.058106" lon="15.021665">
        <time>2026-04-05T08:50:14.000Z</time>
      </trkpt>
      <trkpt lat="49.058101" lon="15.021707">
        <time>2026-04-05T08:50:15.000Z</time>
      </trkpt>
      <trkpt lat="49.058092" lon="15.021746">
        <time>2026-04-05T08:50:16.000Z</time>
      </trkpt>
      <trkpt lat="49.05808" lon="15.021791">
        <time>2026-04-05T08:50:17.000Z</time>
      </trkpt>
      <trkpt lat="49.058068" lon="15.021828">
        <time>2026-04-05T08:50:18.000Z</time>
      </trkpt>
      <trkpt lat="49.058057" lon="15.021864">
        <time>2026-04-05T08:50:19.000Z</time>
      </trkpt>
      <trkpt lat="49.058045" lon="15.021899">
        <time>2026-04-05T08:50:20.000Z</time>
      </trkpt>
      <trkpt lat="49.058033" lon="15.021936">
        <time>2026-04-05T08:50:21.000Z</time>
      </trkpt>
      <trkpt lat="49.058015" lon="15.021977">
        <time>2026-04-05T08:50:22.000Z</time>
      </trkpt>
      <trkpt lat="49.057998" lon="15.022008">
        <time>2026-04-05T08:50:23.000Z</time>
      </trkpt>
      <trkpt lat="49.057977" lon="15.022027">
        <time>2026-04-05T08:50:24.000Z</time>
      </trkpt>
      <trkpt lat="49.057955" lon="15.022048">
        <time>2026-04-05T08:50:25.000Z</time>
      </trkpt>
      <trkpt lat="49.057937" lon="15.022076">
        <time>2026-04-05T08:50:26.000Z</time>
      </trkpt>
      <trkpt lat="49.057919" lon="15.022097">
        <time>2026-04-05T08:50:27.000Z</time>
      </trkpt>
      <trkpt lat="49.057897" lon="15.022107">
        <time>2026-04-05T08:50:28.000Z</time>
      </trkpt>
      <trkpt lat="49.057882" lon="15.022105">
        <time>2026-04-05T08:50:29.000Z</time>
      </trkpt>
      <trkpt lat="49.057862" lon="15.022104">
        <time>2026-04-05T08:50:30.000Z</time>
      </trkpt>
      <trkpt lat="49.057842" lon="15.0221">
        <time>2026-04-05T08:50:31.000Z</time>
      </trkpt>
      <trkpt lat="49.057827" lon="15.022094">
        <time>2026-04-05T08:50:32.000Z</time>
      </trkpt>
      <trkpt lat="49.05781" lon="15.022084">
        <time>2026-04-05T08:50:33.000Z</time>
      </trkpt>
      <trkpt lat="49.057794" lon="15.022083">
        <time>2026-04-05T08:50:34.000Z</time>
      </trkpt>
      <trkpt lat="49.057777" lon="15.022089">
        <time>2026-04-05T08:50:35.000Z</time>
      </trkpt>
      <trkpt lat="49.057761" lon="15.02209">
        <time>2026-04-05T08:50:36.000Z</time>
      </trkpt>
      <trkpt lat="49.057746" lon="15.022091">
        <time>2026-04-05T08:50:37.000Z</time>
      </trkpt>
      <trkpt lat="49.057731" lon="15.022095">
        <time>2026-04-05T08:50:38.000Z</time>
      </trkpt>
      <trkpt lat="49.057713" lon="15.022113">
        <time>2026-04-05T08:50:39.000Z</time>
      </trkpt>
      <trkpt lat="49.057695" lon="15.022123">
        <time>2026-04-05T08:50:40.000Z</time>
      </trkpt>
      <trkpt lat="49.057677" lon="15.022129">
        <time>2026-04-05T08:50:41.000Z</time>
      </trkpt>
      <trkpt lat="49.057661" lon="15.022127">
        <time>2026-04-05T08:50:42.000Z</time>
      </trkpt>
      <trkpt lat="49.057647" lon="15.022122">
        <time>2026-04-05T08:50:43.000Z</time>
      </trkpt>
      <trkpt lat="49.057635" lon="15.022112">
        <time>2026-04-05T08:50:44.000Z</time>
      </trkpt>
      <trkpt lat="49.057617" lon="15.0221">
        <time>2026-04-05T08:50:45.000Z</time>
      </trkpt>
      <trkpt lat="49.057591" lon="15.022087">
        <time>2026-04-05T08:50:46.000Z</time>
      </trkpt>
      <trkpt lat="49.057576" lon="15.022088">
        <time>2026-04-05T08:50:47.000Z</time>
      </trkpt>
      <trkpt lat="49.057551" lon="15.022097">
        <time>2026-04-05T08:50:48.000Z</time>
      </trkpt>
      <trkpt lat="49.057536" lon="15.022095">
        <time>2026-04-05T08:50:49.000Z</time>
      </trkpt>
      <trkpt lat="49.057517" lon="15.022089">
        <time>2026-04-05T08:50:50.000Z</time>
      </trkpt>
      <trkpt lat="49.057495" lon="15.022084">
        <time>2026-04-05T08:50:51.000Z</time>
      </trkpt>
      <trkpt lat="49.057483" lon="15.022073">
        <time>2026-04-05T08:50:52.000Z</time>
      </trkpt>
      <trkpt lat="49.057467" lon="15.022062">
        <time>2026-04-05T08:50:53.000Z</time>
      </trkpt>
      <trkpt lat="49.057453" lon="15.022061">
        <time>2026-04-05T08:50:54.000Z</time>
      </trkpt>
      <trkpt lat="49.057444" lon="15.022079">
        <time>2026-04-05T08:50:55.000Z</time>
      </trkpt>
      <trkpt lat="49.057449" lon="15.022101">
        <time>2026-04-05T08:50:56.000Z</time>
      </trkpt>
      <trkpt lat="49.057454" lon="15.022123">
        <time>2026-04-05T08:50:57.000Z</time>
      </trkpt>
      <trkpt lat="49.057448" lon="15.02215">
        <time>2026-04-05T08:50:58.000Z</time>
      </trkpt>
      <trkpt lat="49.057447" lon="15.022187">
        <time>2026-04-05T08:50:59.000Z</time>
      </trkpt>
      <trkpt lat="49.057453" lon="15.022217">
        <time>2026-04-05T08:51:00.000Z</time>
      </trkpt>
      <trkpt lat="49.057463" lon="15.022246">
        <time>2026-04-05T08:51:01.000Z</time>
      </trkpt>
      <trkpt lat="49.057471" lon="15.022275">
        <time>2026-04-05T08:51:02.000Z</time>
      </trkpt>
      <trkpt lat="49.05748" lon="15.022319">
        <time>2026-04-05T08:51:03.000Z</time>
      </trkpt>
      <trkpt lat="49.057493" lon="15.022357">
        <time>2026-04-05T08:51:04.000Z</time>
      </trkpt>
      <trkpt lat="49.05751" lon="15.022399">
        <time>2026-04-05T08:51:05.000Z</time>
      </trkpt>
      <trkpt lat="49.057527" lon="15.022444">
        <time>2026-04-05T08:51:06.000Z</time>
      </trkpt>
      <trkpt lat="49.057546" lon="15.022484">
        <time>2026-04-05T08:51:07.000Z</time>
      </trkpt>
      <trkpt lat="49.057564" lon="15.022522">
        <time>2026-04-05T08:51:08.000Z</time>
      </trkpt>
      <trkpt lat="49.057581" lon="15.022555">
        <time>2026-04-05T08:51:09.000Z</time>
      </trkpt>
      <trkpt lat="49.057601" lon="15.022587">
        <time>2026-04-05T08:51:10.000Z</time>
      </trkpt>
      <trkpt lat="49.057623" lon="15.022609">
        <time>2026-04-05T08:51:11.000Z</time>
      </trkpt>
      <trkpt lat="49.057648" lon="15.022623">
        <time>2026-04-05T08:51:12.000Z</time>
      </trkpt>
      <trkpt lat="49.057673" lon="15.022644">
        <time>2026-04-05T08:51:13.000Z</time>
      </trkpt>
      <trkpt lat="49.057696" lon="15.022675">
        <time>2026-04-05T08:51:14.000Z</time>
      </trkpt>
      <trkpt lat="49.057718" lon="15.022712">
        <time>2026-04-05T08:51:15.000Z</time>
      </trkpt>
      <trkpt lat="49.057744" lon="15.022751">
        <time>2026-04-05T08:51:16.000Z</time>
      </trkpt>
      <trkpt lat="49.057772" lon="15.022791">
        <time>2026-04-05T08:51:17.000Z</time>
      </trkpt>
      <trkpt lat="49.057781" lon="15.022825">
        <time>2026-04-05T08:51:18.000Z</time>
      </trkpt>
      <trkpt lat="49.057784" lon="15.022882">
        <time>2026-04-05T08:51:19.000Z</time>
      </trkpt>
      <trkpt lat="49.057797" lon="15.022928">
        <time>2026-04-05T08:51:20.000Z</time>
      </trkpt>
      <trkpt lat="49.057819" lon="15.022966">
        <time>2026-04-05T08:51:21.000Z</time>
      </trkpt>
      <trkpt lat="49.057844" lon="15.023003">
        <time>2026-04-05T08:51:22.000Z</time>
      </trkpt>
      <trkpt lat="49.057866" lon="15.02304">
        <time>2026-04-05T08:51:23.000Z</time>
      </trkpt>
      <trkpt lat="49.057891" lon="15.023079">
        <time>2026-04-05T08:51:24.000Z</time>
      </trkpt>
      <trkpt lat="49.057917" lon="15.023107">
        <time>2026-04-05T08:51:25.000Z</time>
      </trkpt>
      <trkpt lat="49.057942" lon="15.023125">
        <time>2026-04-05T08:51:26.000Z</time>
      </trkpt>
      <trkpt lat="49.057963" lon="15.023154">
        <time>2026-04-05T08:51:27.000Z</time>
      </trkpt>
      <trkpt lat="49.057984" lon="15.023184">
        <time>2026-04-05T08:51:28.000Z</time>
      </trkpt>
      <trkpt lat="49.058007" lon="15.023206">
        <time>2026-04-05T08:51:29.000Z</time>
      </trkpt>
      <trkpt lat="49.05803" lon="15.023236">
        <time>2026-04-05T08:51:30.000Z</time>
      </trkpt>
      <trkpt lat="49.058049" lon="15.023268">
        <time>2026-04-05T08:51:31.000Z</time>
      </trkpt>
      <trkpt lat="49.058074" lon="15.023296">
        <time>2026-04-05T08:51:32.000Z</time>
      </trkpt>
      <trkpt lat="49.058095" lon="15.023328">
        <time>2026-04-05T08:51:33.000Z</time>
      </trkpt>
      <trkpt lat="49.058121" lon="15.023353">
        <time>2026-04-05T08:51:34.000Z</time>
      </trkpt>
      <trkpt lat="49.058147" lon="15.023371">
        <time>2026-04-05T08:51:35.000Z</time>
      </trkpt>
      <trkpt lat="49.058171" lon="15.023387">
        <time>2026-04-05T08:51:36.000Z</time>
      </trkpt>
      <trkpt lat="49.05819" lon="15.023404">
        <time>2026-04-05T08:51:37.000Z</time>
      </trkpt>
      <trkpt lat="49.058208" lon="15.023423">
        <time>2026-04-05T08:51:38.000Z</time>
      </trkpt>
      <trkpt lat="49.05823" lon="15.023443">
        <time>2026-04-05T08:51:39.000Z</time>
      </trkpt>
      <trkpt lat="49.058249" lon="15.023458">
        <time>2026-04-05T08:51:40.000Z</time>
      </trkpt>
      <trkpt lat="49.058268" lon="15.023477">
        <time>2026-04-05T08:51:41.000Z</time>
      </trkpt>
      <trkpt lat="49.058284" lon="15.0235">
        <time>2026-04-05T08:51:42.000Z</time>
      </trkpt>
      <trkpt lat="49.058306" lon="15.02352">
        <time>2026-04-05T08:51:43.000Z</time>
      </trkpt>
      <trkpt lat="49.058329" lon="15.023535">
        <time>2026-04-05T08:51:44.000Z</time>
      </trkpt>
      <trkpt lat="49.058349" lon="15.02354">
        <time>2026-04-05T08:51:45.000Z</time>
      </trkpt>
      <trkpt lat="49.05837" lon="15.02354">
        <time>2026-04-05T08:51:46.000Z</time>
      </trkpt>
      <trkpt lat="49.058388" lon="15.023536">
        <time>2026-04-05T08:51:47.000Z</time>
      </trkpt>
      <trkpt lat="49.058405" lon="15.023541">
        <time>2026-04-05T08:51:48.000Z</time>
      </trkpt>
      <trkpt lat="49.058422" lon="15.023549">
        <time>2026-04-05T08:51:49.000Z</time>
      </trkpt>
      <trkpt lat="49.058434" lon="15.023563">
        <time>2026-04-05T08:51:50.000Z</time>
      </trkpt>
      <trkpt lat="49.058444" lon="15.023572">
        <time>2026-04-05T08:51:51.000Z</time>
      </trkpt>
      <trkpt lat="49.058449" lon="15.023585">
        <time>2026-04-05T08:51:52.000Z</time>
      </trkpt>
      <trkpt lat="49.058452" lon="15.023603">
        <time>2026-04-05T08:51:53.000Z</time>
      </trkpt>
      <trkpt lat="49.058454" lon="15.023617">
        <time>2026-04-05T08:51:54.000Z</time>
      </trkpt>
      <trkpt lat="49.058454" lon="15.02364">
        <time>2026-04-05T08:51:55.000Z</time>
      </trkpt>
      <trkpt lat="49.058451" lon="15.023666">
        <time>2026-04-05T08:51:56.000Z</time>
      </trkpt>
      <trkpt lat="49.058465" lon="15.023687">
        <time>2026-04-05T08:51:57.000Z</time>
      </trkpt>
      <trkpt lat="49.058472" lon="15.023687">
        <time>2026-04-05T08:51:58.000Z</time>
      </trkpt>
      <trkpt lat="49.058478" lon="15.023677">
        <time>2026-04-05T08:51:59.000Z</time>
      </trkpt>
      <trkpt lat="49.058483" lon="15.023666">
        <time>2026-04-05T08:52:00.000Z</time>
      </trkpt>
      <trkpt lat="49.058491" lon="15.023666">
        <time>2026-04-05T08:52:01.000Z</time>
      </trkpt>
      <trkpt lat="49.058502" lon="15.023659">
        <time>2026-04-05T08:52:02.000Z</time>
      </trkpt>
      <trkpt lat="49.058509" lon="15.023646">
        <time>2026-04-05T08:52:03.000Z</time>
      </trkpt>
      <trkpt lat="49.05852" lon="15.023635">
        <time>2026-04-05T08:52:04.000Z</time>
      </trkpt>
      <trkpt lat="49.058536" lon="15.023638">
        <time>2026-04-05T08:52:05.000Z</time>
      </trkpt>
      <trkpt lat="49.058559" lon="15.023643">
        <time>2026-04-05T08:52:06.000Z</time>
      </trkpt>
      <trkpt lat="49.058589" lon="15.023648">
        <time>2026-04-05T08:52:07.000Z</time>
      </trkpt>
      <trkpt lat="49.058612" lon="15.023646">
        <time>2026-04-05T08:52:08.000Z</time>
      </trkpt>
      <trkpt lat="49.058628" lon="15.023635">
        <time>2026-04-05T08:52:09.000Z</time>
      </trkpt>
      <trkpt lat="49.058642" lon="15.023621">
        <time>2026-04-05T08:52:10.000Z</time>
      </trkpt>
      <trkpt lat="49.058644" lon="15.023617">
        <time>2026-04-05T08:52:11.000Z</time>
      </trkpt>
      <trkpt lat="49.058651" lon="15.023616">
        <time>2026-04-05T08:52:12.000Z</time>
      </trkpt>
      <trkpt lat="49.058666" lon="15.023613">
        <time>2026-04-05T08:52:13.000Z</time>
      </trkpt>
      <trkpt lat="49.058681" lon="15.023606">
        <time>2026-04-05T08:52:14.000Z</time>
      </trkpt>
      <trkpt lat="49.058687" lon="15.023587">
        <time>2026-04-05T08:52:15.000Z</time>
      </trkpt>
      <trkpt lat="49.05869" lon="15.023571">
        <time>2026-04-05T08:52:16.000Z</time>
      </trkpt>
      <trkpt lat="49.058695" lon="15.023558">
        <time>2026-04-05T08:52:17.000Z</time>
      </trkpt>
      <trkpt lat="49.058704" lon="15.023536">
        <time>2026-04-05T08:52:18.000Z</time>
      </trkpt>
      <trkpt lat="49.058713" lon="15.023518">
        <time>2026-04-05T08:52:19.000Z</time>
      </trkpt>
      <trkpt lat="49.058721" lon="15.023498">
        <time>2026-04-05T08:52:20.000Z</time>
      </trkpt>
      <trkpt lat="49.058728" lon="15.023471">
        <time>2026-04-05T08:52:21.000Z</time>
      </trkpt>
      <trkpt lat="49.058738" lon="15.023459">
        <time>2026-04-05T08:52:22.000Z</time>
      </trkpt>
      <trkpt lat="49.058749" lon="15.02345">
        <time>2026-04-05T08:52:23.000Z</time>
      </trkpt>
      <trkpt lat="49.058766" lon="15.023431">
        <time>2026-04-05T08:52:24.000Z</time>
      </trkpt>
      <trkpt lat="49.058779" lon="15.023402">
        <time>2026-04-05T08:52:25.000Z</time>
      </trkpt>
      <trkpt lat="49.058785" lon="15.023373">
        <time>2026-04-05T08:52:26.000Z</time>
      </trkpt>
      <trkpt lat="49.058793" lon="15.023338">
        <time>2026-04-05T08:52:27.000Z</time>
      </trkpt>
      <trkpt lat="49.058802" lon="15.023307">
        <time>2026-04-05T08:52:28.000Z</time>
      </trkpt>
      <trkpt lat="49.058817" lon="15.023282">
        <time>2026-04-05T08:52:29.000Z</time>
      </trkpt>
      <trkpt lat="49.058826" lon="15.023251">
        <time>2026-04-05T08:52:30.000Z</time>
      </trkpt>
      <trkpt lat="49.05883" lon="15.023208">
        <time>2026-04-05T08:52:31.000Z</time>
      </trkpt>
      <trkpt lat="49.058826" lon="15.023173">
        <time>2026-04-05T08:52:32.000Z</time>
      </trkpt>
      <trkpt lat="49.05882" lon="15.02314">
        <time>2026-04-05T08:52:33.000Z</time>
      </trkpt>
      <trkpt lat="49.058813" lon="15.023096">
        <time>2026-04-05T08:52:34.000Z</time>
      </trkpt>
      <trkpt lat="49.05881" lon="15.023063">
        <time>2026-04-05T08:52:35.000Z</time>
      </trkpt>
      <trkpt lat="49.058809" lon="15.023031">
        <time>2026-04-05T08:52:36.000Z</time>
      </trkpt>
      <trkpt lat="49.058807" lon="15.022994">
        <time>2026-04-05T08:52:37.000Z</time>
      </trkpt>
      <trkpt lat="49.058802" lon="15.022958">
        <time>2026-04-05T08:52:38.000Z</time>
      </trkpt>
      <trkpt lat="49.058793" lon="15.022924">
        <time>2026-04-05T08:52:39.000Z</time>
      </trkpt>
      <trkpt lat="49.058786" lon="15.022898">
        <time>2026-04-05T08:52:40.000Z</time>
      </trkpt>
      <trkpt lat="49.058779" lon="15.022881">
        <time>2026-04-05T08:52:41.000Z</time>
      </trkpt>
      <trkpt lat="49.058773" lon="15.022863">
        <time>2026-04-05T08:52:42.000Z</time>
      </trkpt>
      <trkpt lat="49.058771" lon="15.022832">
        <time>2026-04-05T08:52:43.000Z</time>
      </trkpt>
      <trkpt lat="49.058774" lon="15.022805">
        <time>2026-04-05T08:52:44.000Z</time>
      </trkpt>
      <trkpt lat="49.058781" lon="15.022773">
        <time>2026-04-05T08:52:45.000Z</time>
      </trkpt>
      <trkpt lat="49.058793" lon="15.022739">
        <time>2026-04-05T08:52:46.000Z</time>
      </trkpt>
      <trkpt lat="49.058806" lon="15.022703">
        <time>2026-04-05T08:52:47.000Z</time>
      </trkpt>
      <trkpt lat="49.058822" lon="15.022665">
        <time>2026-04-05T08:52:48.000Z</time>
      </trkpt>
      <trkpt lat="49.058839" lon="15.02263">
        <time>2026-04-05T08:52:49.000Z</time>
      </trkpt>
      <trkpt lat="49.058856" lon="15.022601">
        <time>2026-04-05T08:52:50.000Z</time>
      </trkpt>
      <trkpt lat="49.058874" lon="15.022566">
        <time>2026-04-05T08:52:51.000Z</time>
      </trkpt>
      <trkpt lat="49.058885" lon="15.022532">
        <time>2026-04-05T08:52:52.000Z</time>
      </trkpt>
      <trkpt lat="49.058898" lon="15.022503">
        <time>2026-04-05T08:52:53.000Z</time>
      </trkpt>
      <trkpt lat="49.058908" lon="15.022475">
        <time>2026-04-05T08:52:54.000Z</time>
      </trkpt>
      <trkpt lat="49.05892" lon="15.022452">
        <time>2026-04-05T08:52:55.000Z</time>
      </trkpt>
      <trkpt lat="49.058935" lon="15.022441">
        <time>2026-04-05T08:52:56.000Z</time>
      </trkpt>
      <trkpt lat="49.05895" lon="15.022435">
        <time>2026-04-05T08:52:57.000Z</time>
      </trkpt>
      <trkpt lat="49.058964" lon="15.022409">
        <time>2026-04-05T08:52:58.000Z</time>
      </trkpt>
      <trkpt lat="49.058969" lon="15.022378">
        <time>2026-04-05T08:52:59.000Z</time>
      </trkpt>
      <trkpt lat="49.058978" lon="15.022338">
        <time>2026-04-05T08:53:00.000Z</time>
      </trkpt>
      <trkpt lat="49.058983" lon="15.022297">
        <time>2026-04-05T08:53:01.000Z</time>
      </trkpt>
      <trkpt lat="49.058988" lon="15.022259">
        <time>2026-04-05T08:53:02.000Z</time>
      </trkpt>
      <trkpt lat="49.058995" lon="15.022217">
        <time>2026-04-05T08:53:03.000Z</time>
      </trkpt>
      <trkpt lat="49.059002" lon="15.022178">
        <time>2026-04-05T08:53:04.000Z</time>
      </trkpt>
      <trkpt lat="49.059007" lon="15.022143">
        <time>2026-04-05T08:53:05.000Z</time>
      </trkpt>
      <trkpt lat="49.059017" lon="15.022111">
        <time>2026-04-05T08:53:06.000Z</time>
      </trkpt>
      <trkpt lat="49.05902" lon="15.022075">
        <time>2026-04-05T08:53:07.000Z</time>
      </trkpt>
      <trkpt lat="49.059019" lon="15.02204">
        <time>2026-04-05T08:53:08.000Z</time>
      </trkpt>
      <trkpt lat="49.059018" lon="15.022006">
        <time>2026-04-05T08:53:09.000Z</time>
      </trkpt>
      <trkpt lat="49.05902" lon="15.021967">
        <time>2026-04-05T08:53:10.000Z</time>
      </trkpt>
      <trkpt lat="49.059018" lon="15.021926">
        <time>2026-04-05T08:53:11.000Z</time>
      </trkpt>
      <trkpt lat="49.059019" lon="15.021877">
        <time>2026-04-05T08:53:12.000Z</time>
      </trkpt>
      <trkpt lat="49.059021" lon="15.021833">
        <time>2026-04-05T08:53:13.000Z</time>
      </trkpt>
      <trkpt lat="49.059026" lon="15.021791">
        <time>2026-04-05T08:53:14.000Z</time>
      </trkpt>
      <trkpt lat="49.05903" lon="15.021752">
        <time>2026-04-05T08:53:15.000Z</time>
      </trkpt>
      <trkpt lat="49.059037" lon="15.021717">
        <time>2026-04-05T08:53:16.000Z</time>
      </trkpt>
      <trkpt lat="49.059048" lon="15.021678">
        <time>2026-04-05T08:53:17.000Z</time>
      </trkpt>
      <trkpt lat="49.059064" lon="15.021652">
        <time>2026-04-05T08:53:18.000Z</time>
      </trkpt>
      <trkpt lat="49.059083" lon="15.021637">
        <time>2026-04-05T08:53:19.000Z</time>
      </trkpt>
      <trkpt lat="49.059099" lon="15.021613">
        <time>2026-04-05T08:53:20.000Z</time>
      </trkpt>
      <trkpt lat="49.059116" lon="15.021599">
        <time>2026-04-05T08:53:21.000Z</time>
      </trkpt>
      <trkpt lat="49.059134" lon="15.021585">
        <time>2026-04-05T08:53:22.000Z</time>
      </trkpt>
      <trkpt lat="49.059148" lon="15.021571">
        <time>2026-04-05T08:53:23.000Z</time>
      </trkpt>
      <trkpt lat="49.059159" lon="15.021552">
        <time>2026-04-05T08:53:24.000Z</time>
      </trkpt>
      <trkpt lat="49.05917" lon="15.021533">
        <time>2026-04-05T08:53:25.000Z</time>
      </trkpt>
      <trkpt lat="49.059175" lon="15.021505">
        <time>2026-04-05T08:53:26.000Z</time>
      </trkpt>
      <trkpt lat="49.059176" lon="15.021474">
        <time>2026-04-05T08:53:27.000Z</time>
      </trkpt>
      <trkpt lat="49.059175" lon="15.021439">
        <time>2026-04-05T08:53:28.000Z</time>
      </trkpt>
      <trkpt lat="49.059172" lon="15.0214">
        <time>2026-04-05T08:53:29.000Z</time>
      </trkpt>
      <trkpt lat="49.059172" lon="15.021369">
        <time>2026-04-05T08:53:30.000Z</time>
      </trkpt>
      <trkpt lat="49.059171" lon="15.021329">
        <time>2026-04-05T08:53:31.000Z</time>
      </trkpt>
      <trkpt lat="49.059162" lon="15.021279">
        <time>2026-04-05T08:53:32.000Z</time>
      </trkpt>
      <trkpt lat="49.059153" lon="15.021242">
        <time>2026-04-05T08:53:33.000Z</time>
      </trkpt>
      <trkpt lat="49.059148" lon="15.021204">
        <time>2026-04-05T08:53:34.000Z</time>
      </trkpt>
      <trkpt lat="49.059141" lon="15.021159">
        <time>2026-04-05T08:53:35.000Z</time>
      </trkpt>
      <trkpt lat="49.059138" lon="15.021119">
        <time>2026-04-05T08:53:36.000Z</time>
      </trkpt>
      <trkpt lat="49.059129" lon="15.021076">
        <time>2026-04-05T08:53:37.000Z</time>
      </trkpt>
      <trkpt lat="49.059121" lon="15.021036">
        <time>2026-04-05T08:53:38.000Z</time>
      </trkpt>
      <trkpt lat="49.059114" lon="15.020997">
        <time>2026-04-05T08:53:39.000Z</time>
      </trkpt>
      <trkpt lat="49.059106" lon="15.020961">
        <time>2026-04-05T08:53:40.000Z</time>
      </trkpt>
      <trkpt lat="49.059103" lon="15.020921">
        <time>2026-04-05T08:53:41.000Z</time>
      </trkpt>
      <trkpt lat="49.059103" lon="15.020888">
        <time>2026-04-05T08:53:42.000Z</time>
      </trkpt>
      <trkpt lat="49.059114" lon="15.02086">
        <time>2026-04-05T08:53:43.000Z</time>
      </trkpt>
      <trkpt lat="49.059126" lon="15.020831">
        <time>2026-04-05T08:53:44.000Z</time>
      </trkpt>
      <trkpt lat="49.059137" lon="15.020804">
        <time>2026-04-05T08:53:45.000Z</time>
      </trkpt>
      <trkpt lat="49.059151" lon="15.02077">
        <time>2026-04-05T08:53:46.000Z</time>
      </trkpt>
      <trkpt lat="49.059161" lon="15.02074">
        <time>2026-04-05T08:53:47.000Z</time>
      </trkpt>
      <trkpt lat="49.059172" lon="15.02071">
        <time>2026-04-05T08:53:48.000Z</time>
      </trkpt>
      <trkpt lat="49.059183" lon="15.020682">
        <time>2026-04-05T08:53:49.000Z</time>
      </trkpt>
      <trkpt lat="49.059199" lon="15.02066">
        <time>2026-04-05T08:53:50.000Z</time>
      </trkpt>
      <trkpt lat="49.059215" lon="15.020639">
        <time>2026-04-05T08:53:51.000Z</time>
      </trkpt>
      <trkpt lat="49.059226" lon="15.020621">
        <time>2026-04-05T08:53:52.000Z</time>
      </trkpt>
      <trkpt lat="49.059241" lon="15.020606">
        <time>2026-04-05T08:53:53.000Z</time>
      </trkpt>
      <trkpt lat="49.059251" lon="15.020578">
        <time>2026-04-05T08:53:54.000Z</time>
      </trkpt>
      <trkpt lat="49.059259" lon="15.020549">
        <time>2026-04-05T08:53:55.000Z</time>
      </trkpt>
      <trkpt lat="49.059265" lon="15.02052">
        <time>2026-04-05T08:53:56.000Z</time>
      </trkpt>
      <trkpt lat="49.059269" lon="15.020482">
        <time>2026-04-05T08:53:57.000Z</time>
      </trkpt>
      <trkpt lat="49.059259" lon="15.02045">
        <time>2026-04-05T08:53:58.000Z</time>
      </trkpt>
      <trkpt lat="49.059254" lon="15.020417">
        <time>2026-04-05T08:53:59.000Z</time>
      </trkpt>
      <trkpt lat="49.059251" lon="15.020377">
        <time>2026-04-05T08:54:00.000Z</time>
      </trkpt>
      <trkpt lat="49.05925" lon="15.02034">
        <time>2026-04-05T08:54:01.000Z</time>
      </trkpt>
      <trkpt lat="49.059254" lon="15.020308">
        <time>2026-04-05T08:54:02.000Z</time>
      </trkpt>
      <trkpt lat="49.059265" lon="15.020275">
        <time>2026-04-05T08:54:03.000Z</time>
      </trkpt>
      <trkpt lat="49.059277" lon="15.020243">
        <time>2026-04-05T08:54:04.000Z</time>
      </trkpt>
      <trkpt lat="49.059292" lon="15.020219">
        <time>2026-04-05T08:54:05.000Z</time>
      </trkpt>
      <trkpt lat="49.059312" lon="15.02019">
        <time>2026-04-05T08:54:06.000Z</time>
      </trkpt>
      <trkpt lat="49.059327" lon="15.02017">
        <time>2026-04-05T08:54:07.000Z</time>
      </trkpt>
      <trkpt lat="49.059335" lon="15.020139">
        <time>2026-04-05T08:54:08.000Z</time>
      </trkpt>
      <trkpt lat="49.059338" lon="15.02011">
        <time>2026-04-05T08:54:09.000Z</time>
      </trkpt>
      <trkpt lat="49.059337" lon="15.020081">
        <time>2026-04-05T08:54:10.000Z</time>
      </trkpt>
      <trkpt lat="49.059333" lon="15.020057">
        <time>2026-04-05T08:54:11.000Z</time>
      </trkpt>
      <trkpt lat="49.059326" lon="15.020041">
        <time>2026-04-05T08:54:12.000Z</time>
      </trkpt>
      <trkpt lat="49.05932" lon="15.020023">
        <time>2026-04-05T08:54:13.000Z</time>
      </trkpt>
      <trkpt lat="49.059312" lon="15.020002">
        <time>2026-04-05T08:54:14.000Z</time>
      </trkpt>
      <trkpt lat="49.059302" lon="15.019995">
        <time>2026-04-05T08:54:15.000Z</time>
      </trkpt>
      <trkpt lat="49.059292" lon="15.019992">
        <time>2026-04-05T08:54:16.000Z</time>
      </trkpt>
      <trkpt lat="49.059281" lon="15.019977">
        <time>2026-04-05T08:54:17.000Z</time>
      </trkpt>
      <trkpt lat="49.059273" lon="15.019958">
        <time>2026-04-05T08:54:18.000Z</time>
      </trkpt>
      <trkpt lat="49.059265" lon="15.019944">
        <time>2026-04-05T08:54:19.000Z</time>
      </trkpt>
      <trkpt lat="49.059265" lon="15.019926">
        <time>2026-04-05T08:54:20.000Z</time>
      </trkpt>
      <trkpt lat="49.059267" lon="15.019906">
        <time>2026-04-05T08:54:21.000Z</time>
      </trkpt>
      <trkpt lat="49.059267" lon="15.019877">
        <time>2026-04-05T08:54:22.000Z</time>
      </trkpt>
      <trkpt lat="49.059264" lon="15.019854">
        <time>2026-04-05T08:54:23.000Z</time>
      </trkpt>
      <trkpt lat="49.059252" lon="15.019838">
        <time>2026-04-05T08:54:24.000Z</time>
      </trkpt>
      <trkpt lat="49.059243" lon="15.019816">
        <time>2026-04-05T08:54:25.000Z</time>
      </trkpt>
      <trkpt lat="49.059236" lon="15.019786">
        <time>2026-04-05T08:54:26.000Z</time>
      </trkpt>
      <trkpt lat="49.05923" lon="15.019757">
        <time>2026-04-05T08:54:27.000Z</time>
      </trkpt>
      <trkpt lat="49.059219" lon="15.019715">
        <time>2026-04-05T08:54:28.000Z</time>
      </trkpt>
      <trkpt lat="49.059213" lon="15.019676">
        <time>2026-04-05T08:54:29.000Z</time>
      </trkpt>
      <trkpt lat="49.059204" lon="15.019638">
        <time>2026-04-05T08:54:30.000Z</time>
      </trkpt>
      <trkpt lat="49.059191" lon="15.0196">
        <time>2026-04-05T08:54:31.000Z</time>
      </trkpt>
      <trkpt lat="49.059177" lon="15.019574">
        <time>2026-04-05T08:54:32.000Z</time>
      </trkpt>
      <trkpt lat="49.059169" lon="15.019541">
        <time>2026-04-05T08:54:33.000Z</time>
      </trkpt>
      <trkpt lat="49.059162" lon="15.019507">
        <time>2026-04-05T08:54:34.000Z</time>
      </trkpt>
      <trkpt lat="49.059156" lon="15.019473">
        <time>2026-04-05T08:54:35.000Z</time>
      </trkpt>
      <trkpt lat="49.059145" lon="15.019432">
        <time>2026-04-05T08:54:36.000Z</time>
      </trkpt>
      <trkpt lat="49.059128" lon="15.019403">
        <time>2026-04-05T08:54:37.000Z</time>
      </trkpt>
      <trkpt lat="49.059109" lon="15.019383">
        <time>2026-04-05T08:54:38.000Z</time>
      </trkpt>
      <trkpt lat="49.059089" lon="15.019362">
        <time>2026-04-05T08:54:39.000Z</time>
      </trkpt>
      <trkpt lat="49.059071" lon="15.019332">
        <time>2026-04-05T08:54:40.000Z</time>
      </trkpt>
      <trkpt lat="49.059064" lon="15.019291">
        <time>2026-04-05T08:54:41.000Z</time>
      </trkpt>
      <trkpt lat="49.059055" lon="15.019245">
        <time>2026-04-05T08:54:42.000Z</time>
      </trkpt>
      <trkpt lat="49.059036" lon="15.019209">
        <time>2026-04-05T08:54:43.000Z</time>
      </trkpt>
      <trkpt lat="49.059007" lon="15.019182">
        <time>2026-04-05T08:54:44.000Z</time>
      </trkpt>
      <trkpt lat="49.058988" lon="15.019158">
        <time>2026-04-05T08:54:45.000Z</time>
      </trkpt>
      <trkpt lat="49.058968" lon="15.019128">
        <time>2026-04-05T08:54:46.000Z</time>
      </trkpt>
      <trkpt lat="49.058943" lon="15.019094">
        <time>2026-04-05T08:54:47.000Z</time>
      </trkpt>
      <trkpt lat="49.05892" lon="15.01907">
        <time>2026-04-05T08:54:48.000Z</time>
      </trkpt>
      <trkpt lat="49.058892" lon="15.019051">
        <time>2026-04-05T08:54:49.000Z</time>
      </trkpt>
      <trkpt lat="49.058867" lon="15.019029">
        <time>2026-04-05T08:54:50.000Z</time>
      </trkpt>
      <trkpt lat="49.05884" lon="15.01901">
        <time>2026-04-05T08:54:51.000Z</time>
      </trkpt>
      <trkpt lat="49.058811" lon="15.018995">
        <time>2026-04-05T08:54:52.000Z</time>
      </trkpt>
      <trkpt lat="49.058788" lon="15.018979">
        <time>2026-04-05T08:54:53.000Z</time>
      </trkpt>
      <trkpt lat="49.058771" lon="15.01895">
        <time>2026-04-05T08:54:54.000Z</time>
      </trkpt>
      <trkpt lat="49.058756" lon="15.018923">
        <time>2026-04-05T08:54:55.000Z</time>
      </trkpt>
      <trkpt lat="49.058738" lon="15.018895">
        <time>2026-04-05T08:54:56.000Z</time>
      </trkpt>
      <trkpt lat="49.058719" lon="15.018853">
        <time>2026-04-05T08:54:57.000Z</time>
      </trkpt>
      <trkpt lat="49.058704" lon="15.018806">
        <time>2026-04-05T08:54:58.000Z</time>
      </trkpt>
      <trkpt lat="49.058683" lon="15.018756">
        <time>2026-04-05T08:54:59.000Z</time>
      </trkpt>
      <trkpt lat="49.058663" lon="15.018718">
        <time>2026-04-05T08:55:00.000Z</time>
      </trkpt>
      <trkpt lat="49.05864" lon="15.018685">
        <time>2026-04-05T08:55:01.000Z</time>
      </trkpt>
      <trkpt lat="49.05862" lon="15.018653">
        <time>2026-04-05T08:55:02.000Z</time>
      </trkpt>
      <trkpt lat="49.058597" lon="15.018623">
        <time>2026-04-05T08:55:03.000Z</time>
      </trkpt>
      <trkpt lat="49.05857" lon="15.018594">
        <time>2026-04-05T08:55:04.000Z</time>
      </trkpt>
      <trkpt lat="49.058556" lon="15.018558">
        <time>2026-04-05T08:55:05.000Z</time>
      </trkpt>
      <trkpt lat="49.058544" lon="15.018516">
        <time>2026-04-05T08:55:06.000Z</time>
      </trkpt>
      <trkpt lat="49.058529" lon="15.018471">
        <time>2026-04-05T08:55:07.000Z</time>
      </trkpt>
      <trkpt lat="49.058516" lon="15.01843">
        <time>2026-04-05T08:55:08.000Z</time>
      </trkpt>
      <trkpt lat="49.058501" lon="15.018386">
        <time>2026-04-05T08:55:09.000Z</time>
      </trkpt>
      <trkpt lat="49.058489" lon="15.018352">
        <time>2026-04-05T08:55:10.000Z</time>
      </trkpt>
      <trkpt lat="49.058476" lon="15.018314">
        <time>2026-04-05T08:55:11.000Z</time>
      </trkpt>
      <trkpt lat="49.058463" lon="15.018271">
        <time>2026-04-05T08:55:12.000Z</time>
      </trkpt>
      <trkpt lat="49.058448" lon="15.018234">
        <time>2026-04-05T08:55:13.000Z</time>
      </trkpt>
      <trkpt lat="49.058432" lon="15.018207">
        <time>2026-04-05T08:55:14.000Z</time>
      </trkpt>
      <trkpt lat="49.058421" lon="15.018178">
        <time>2026-04-05T08:55:15.000Z</time>
      </trkpt>
      <trkpt lat="49.058409" lon="15.018145">
        <time>2026-04-05T08:55:16.000Z</time>
      </trkpt>
      <trkpt lat="49.058397" lon="15.018109">
        <time>2026-04-05T08:55:17.000Z</time>
      </trkpt>
      <trkpt lat="49.058383" lon="15.01807">
        <time>2026-04-05T08:55:18.000Z</time>
      </trkpt>
      <trkpt lat="49.058376" lon="15.018035">
        <time>2026-04-05T08:55:19.000Z</time>
      </trkpt>
      <trkpt lat="49.058374" lon="15.017996">
        <time>2026-04-05T08:55:20.000Z</time>
      </trkpt>
      <trkpt lat="49.058376" lon="15.017953">
        <time>2026-04-05T08:55:21.000Z</time>
      </trkpt>
      <trkpt lat="49.058376" lon="15.017918">
        <time>2026-04-05T08:55:22.000Z</time>
      </trkpt>
      <trkpt lat="49.058374" lon="15.017881">
        <time>2026-04-05T08:55:23.000Z</time>
      </trkpt>
      <trkpt lat="49.05837" lon="15.017851">
        <time>2026-04-05T08:55:24.000Z</time>
      </trkpt>
      <trkpt lat="49.058369" lon="15.017825">
        <time>2026-04-05T08:55:25.000Z</time>
      </trkpt>
      <trkpt lat="49.058362" lon="15.017807">
        <time>2026-04-05T08:55:26.000Z</time>
      </trkpt>
      <trkpt lat="49.05835" lon="15.017788">
        <time>2026-04-05T08:55:27.000Z</time>
      </trkpt>
      <trkpt lat="49.058338" lon="15.017763">
        <time>2026-04-05T08:55:28.000Z</time>
      </trkpt>
      <trkpt lat="49.058327" lon="15.017743">
        <time>2026-04-05T08:55:29.000Z</time>
      </trkpt>
      <trkpt lat="49.05832" lon="15.01772">
        <time>2026-04-05T08:55:30.000Z</time>
      </trkpt>
      <trkpt lat="49.058308" lon="15.017689">
        <time>2026-04-05T08:55:31.000Z</time>
      </trkpt>
      <trkpt lat="49.058296" lon="15.017655">
        <time>2026-04-05T08:55:32.000Z</time>
      </trkpt>
      <trkpt lat="49.058284" lon="15.017619">
        <time>2026-04-05T08:55:33.000Z</time>
      </trkpt>
      <trkpt lat="49.058269" lon="15.017579">
        <time>2026-04-05T08:55:34.000Z</time>
      </trkpt>
      <trkpt lat="49.058258" lon="15.017555">
        <time>2026-04-05T08:55:35.000Z</time>
      </trkpt>
      <trkpt lat="49.058243" lon="15.01752">
        <time>2026-04-05T08:55:36.000Z</time>
      </trkpt>
      <trkpt lat="49.058223" lon="15.017469">
        <time>2026-04-05T08:55:37.000Z</time>
      </trkpt>
      <trkpt lat="49.058204" lon="15.017431">
        <time>2026-04-05T08:55:38.000Z</time>
      </trkpt>
      <trkpt lat="49.058191" lon="15.01741">
        <time>2026-04-05T08:55:39.000Z</time>
      </trkpt>
      <trkpt lat="49.058177" lon="15.017372">
        <time>2026-04-05T08:55:40.000Z</time>
      </trkpt>
      <trkpt lat="49.058164" lon="15.017343">
        <time>2026-04-05T08:55:41.000Z</time>
      </trkpt>
      <trkpt lat="49.058151" lon="15.017321">
        <time>2026-04-05T08:55:42.000Z</time>
      </trkpt>
      <trkpt lat="49.058139" lon="15.017303">
        <time>2026-04-05T08:55:43.000Z</time>
      </trkpt>
      <trkpt lat="49.058125" lon="15.017276">
        <time>2026-04-05T08:55:44.000Z</time>
      </trkpt>
      <trkpt lat="49.058119" lon="15.017252">
        <time>2026-04-05T08:55:45.000Z</time>
      </trkpt>
      <trkpt lat="49.058115" lon="15.017235">
        <time>2026-04-05T08:55:46.000Z</time>
      </trkpt>
      <trkpt lat="49.058117" lon="15.017209">
        <time>2026-04-05T08:55:47.000Z</time>
      </trkpt>
      <trkpt lat="49.058114" lon="15.017182">
        <time>2026-04-05T08:55:48.000Z</time>
      </trkpt>
      <trkpt lat="49.058107" lon="15.017155">
        <time>2026-04-05T08:55:49.000Z</time>
      </trkpt>
      <trkpt lat="49.058108" lon="15.017122">
        <time>2026-04-05T08:55:50.000Z</time>
      </trkpt>
      <trkpt lat="49.058112" lon="15.017087">
        <time>2026-04-05T08:55:51.000Z</time>
      </trkpt>
      <trkpt lat="49.058112" lon="15.017057">
        <time>2026-04-05T08:55:52.000Z</time>
      </trkpt>
      <trkpt lat="49.058108" lon="15.017022">
        <time>2026-04-05T08:55:53.000Z</time>
      </trkpt>
      <trkpt lat="49.058111" lon="15.016996">
        <time>2026-04-05T08:55:54.000Z</time>
      </trkpt>
      <trkpt lat="49.058117" lon="15.01696">
        <time>2026-04-05T08:55:55.000Z</time>
      </trkpt>
      <trkpt lat="49.058127" lon="15.016934">
        <time>2026-04-05T08:55:56.000Z</time>
      </trkpt>
      <trkpt lat="49.058135" lon="15.016914">
        <time>2026-04-05T08:55:57.000Z</time>
      </trkpt>
      <trkpt lat="49.058144" lon="15.016894">
        <time>2026-04-05T08:55:58.000Z</time>
      </trkpt>
      <trkpt lat="49.058152" lon="15.016865">
        <time>2026-04-05T08:55:59.000Z</time>
      </trkpt>
      <trkpt lat="49.05816" lon="15.016841">
        <time>2026-04-05T08:56:00.000Z</time>
      </trkpt>
      <trkpt lat="49.05817" lon="15.016811">
        <time>2026-04-05T08:56:01.000Z</time>
      </trkpt>
      <trkpt lat="49.05818" lon="15.01677">
        <time>2026-04-05T08:56:02.000Z</time>
      </trkpt>
      <trkpt lat="49.058186" lon="15.016735">
        <time>2026-04-05T08:56:03.000Z</time>
      </trkpt>
      <trkpt lat="49.058192" lon="15.016695">
        <time>2026-04-05T08:56:04.000Z</time>
      </trkpt>
      <trkpt lat="49.05819" lon="15.016649">
        <time>2026-04-05T08:56:05.000Z</time>
      </trkpt>
      <trkpt lat="49.058186" lon="15.016609">
        <time>2026-04-05T08:56:06.000Z</time>
      </trkpt>
      <trkpt lat="49.058178" lon="15.016573">
        <time>2026-04-05T08:56:07.000Z</time>
      </trkpt>
      <trkpt lat="49.058169" lon="15.016539">
        <time>2026-04-05T08:56:08.000Z</time>
      </trkpt>
      <trkpt lat="49.05816" lon="15.016509">
        <time>2026-04-05T08:56:09.000Z</time>
      </trkpt>
      <trkpt lat="49.05815" lon="15.016486">
        <time>2026-04-05T08:56:10.000Z</time>
      </trkpt>
      <trkpt lat="49.058139" lon="15.016464">
        <time>2026-04-05T08:56:11.000Z</time>
      </trkpt>
      <trkpt lat="49.058129" lon="15.016442">
        <time>2026-04-05T08:56:12.000Z</time>
      </trkpt>
      <trkpt lat="49.058129" lon="15.016409">
        <time>2026-04-05T08:56:13.000Z</time>
      </trkpt>
      <trkpt lat="49.058126" lon="15.016373">
        <time>2026-04-05T08:56:14.000Z</time>
      </trkpt>
      <trkpt lat="49.058119" lon="15.01633">
        <time>2026-04-05T08:56:15.000Z</time>
      </trkpt>
      <trkpt lat="49.058111" lon="15.01629">
        <time>2026-04-05T08:56:16.000Z</time>
      </trkpt>
      <trkpt lat="49.058105" lon="15.01625">
        <time>2026-04-05T08:56:17.000Z</time>
      </trkpt>
      <trkpt lat="49.058098" lon="15.016208">
        <time>2026-04-05T08:56:18.000Z</time>
      </trkpt>
      <trkpt lat="49.058083" lon="15.016172">
        <time>2026-04-05T08:56:19.000Z</time>
      </trkpt>
      <trkpt lat="49.058072" lon="15.016135">
        <time>2026-04-05T08:56:20.000Z</time>
      </trkpt>
      <trkpt lat="49.058068" lon="15.01609">
        <time>2026-04-05T08:56:21.000Z</time>
      </trkpt>
      <trkpt lat="49.058061" lon="15.01605">
        <time>2026-04-05T08:56:22.000Z</time>
      </trkpt>
      <trkpt lat="49.058053" lon="15.016012">
        <time>2026-04-05T08:56:23.000Z</time>
      </trkpt>
      <trkpt lat="49.05804" lon="15.01597">
        <time>2026-04-05T08:56:24.000Z</time>
      </trkpt>
      <trkpt lat="49.058027" lon="15.015935">
        <time>2026-04-05T08:56:25.000Z</time>
      </trkpt>
      <trkpt lat="49.058016" lon="15.0159">
        <time>2026-04-05T08:56:26.000Z</time>
      </trkpt>
      <trkpt lat="49.058005" lon="15.01586">
        <time>2026-04-05T08:56:27.000Z</time>
      </trkpt>
      <trkpt lat="49.057999" lon="15.015818">
        <time>2026-04-05T08:56:28.000Z</time>
      </trkpt>
      <trkpt lat="49.057988" lon="15.015776">
        <time>2026-04-05T08:56:29.000Z</time>
      </trkpt>
      <trkpt lat="49.057985" lon="15.015743">
        <time>2026-04-05T08:56:30.000Z</time>
      </trkpt>
      <trkpt lat="49.057978" lon="15.015707">
        <time>2026-04-05T08:56:31.000Z</time>
      </trkpt>
      <trkpt lat="49.05797" lon="15.015672">
        <time>2026-04-05T08:56:32.000Z</time>
      </trkpt>
      <trkpt lat="49.057964" lon="15.015632">
        <time>2026-04-05T08:56:33.000Z</time>
      </trkpt>
      <trkpt lat="49.057957" lon="15.015589">
        <time>2026-04-05T08:56:34.000Z</time>
      </trkpt>
      <trkpt lat="49.057944" lon="15.015546">
        <time>2026-04-05T08:56:35.000Z</time>
      </trkpt>
      <trkpt lat="49.057936" lon="15.015504">
        <time>2026-04-05T08:56:36.000Z</time>
      </trkpt>
      <trkpt lat="49.057923" lon="15.015466">
        <time>2026-04-05T08:56:37.000Z</time>
      </trkpt>
      <trkpt lat="49.057912" lon="15.015426">
        <time>2026-04-05T08:56:38.000Z</time>
      </trkpt>
      <trkpt lat="49.05791" lon="15.015383">
        <time>2026-04-05T08:56:39.000Z</time>
      </trkpt>
      <trkpt lat="49.057909" lon="15.015346">
        <time>2026-04-05T08:56:40.000Z</time>
      </trkpt>
      <trkpt lat="49.057902" lon="15.015307">
        <time>2026-04-05T08:56:41.000Z</time>
      </trkpt>
      <trkpt lat="49.057894" lon="15.015268">
        <time>2026-04-05T08:56:42.000Z</time>
      </trkpt>
      <trkpt lat="49.057895" lon="15.015237">
        <time>2026-04-05T08:56:43.000Z</time>
      </trkpt>
      <trkpt lat="49.057893" lon="15.015198">
        <time>2026-04-05T08:56:44.000Z</time>
      </trkpt>
      <trkpt lat="49.057891" lon="15.015159">
        <time>2026-04-05T08:56:45.000Z</time>
      </trkpt>
      <trkpt lat="49.057891" lon="15.015116">
        <time>2026-04-05T08:56:46.000Z</time>
      </trkpt>
      <trkpt lat="49.057884" lon="15.015074">
        <time>2026-04-05T08:56:47.000Z</time>
      </trkpt>
      <trkpt lat="49.057881" lon="15.01503">
        <time>2026-04-05T08:56:48.000Z</time>
      </trkpt>
      <trkpt lat="49.057886" lon="15.014992">
        <time>2026-04-05T08:56:49.000Z</time>
      </trkpt>
      <trkpt lat="49.057892" lon="15.014954">
        <time>2026-04-05T08:56:50.000Z</time>
      </trkpt>
      <trkpt lat="49.057891" lon="15.014904">
        <time>2026-04-05T08:56:51.000Z</time>
      </trkpt>
      <trkpt lat="49.057891" lon="15.01487">
        <time>2026-04-05T08:56:52.000Z</time>
      </trkpt>
      <trkpt lat="49.057892" lon="15.014832">
        <time>2026-04-05T08:56:53.000Z</time>
      </trkpt>
      <trkpt lat="49.057898" lon="15.014787">
        <time>2026-04-05T08:56:54.000Z</time>
      </trkpt>
      <trkpt lat="49.057888" lon="15.014745">
        <time>2026-04-05T08:56:55.000Z</time>
      </trkpt>
      <trkpt lat="49.05788" lon="15.014711">
        <time>2026-04-05T08:56:56.000Z</time>
      </trkpt>
      <trkpt lat="49.057871" lon="15.01467">
        <time>2026-04-05T08:56:57.000Z</time>
      </trkpt>
      <trkpt lat="49.057876" lon="15.01463">
        <time>2026-04-05T08:56:58.000Z</time>
      </trkpt>
      <trkpt lat="49.057879" lon="15.014586">
        <time>2026-04-05T08:56:59.000Z</time>
      </trkpt>
      <trkpt lat="49.057876" lon="15.014539">
        <time>2026-04-05T08:57:00.000Z</time>
      </trkpt>
      <trkpt lat="49.057866" lon="15.014499">
        <time>2026-04-05T08:57:01.000Z</time>
      </trkpt>
      <trkpt lat="49.057854" lon="15.014458">
        <time>2026-04-05T08:57:02.000Z</time>
      </trkpt>
      <trkpt lat="49.057843" lon="15.014417">
        <time>2026-04-05T08:57:03.000Z</time>
      </trkpt>
      <trkpt lat="49.057834" lon="15.014369">
        <time>2026-04-05T08:57:04.000Z</time>
      </trkpt>
      <trkpt lat="49.057828" lon="15.01434">
        <time>2026-04-05T08:57:05.000Z</time>
      </trkpt>
      <trkpt lat="49.057815" lon="15.014316">
        <time>2026-04-05T08:57:06.000Z</time>
      </trkpt>
      <trkpt lat="49.057804" lon="15.014291">
        <time>2026-04-05T08:57:07.000Z</time>
      </trkpt>
      <trkpt lat="49.057794" lon="15.014262">
        <time>2026-04-05T08:57:08.000Z</time>
      </trkpt>
      <trkpt lat="49.057784" lon="15.014237">
        <time>2026-04-05T08:57:09.000Z</time>
      </trkpt>
      <trkpt lat="49.057779" lon="15.014208">
        <time>2026-04-05T08:57:10.000Z</time>
      </trkpt>
      <trkpt lat="49.057785" lon="15.014187">
        <time>2026-04-05T08:57:11.000Z</time>
      </trkpt>
      <trkpt lat="49.057794" lon="15.01417">
        <time>2026-04-05T08:57:12.000Z</time>
      </trkpt>
      <trkpt lat="49.057806" lon="15.014166">
        <time>2026-04-05T08:57:13.000Z</time>
      </trkpt>
      <trkpt lat="49.057818" lon="15.014162">
        <time>2026-04-05T08:57:14.000Z</time>
      </trkpt>
      <trkpt lat="49.057824" lon="15.014156">
        <time>2026-04-05T08:57:15.000Z</time>
      </trkpt>
      <trkpt lat="49.057826" lon="15.014138">
        <time>2026-04-05T08:57:16.000Z</time>
      </trkpt>
      <trkpt lat="49.057826" lon="15.014127">
        <time>2026-04-05T08:57:17.000Z</time>
      </trkpt>
      <trkpt lat="49.057832" lon="15.014116">
        <time>2026-04-05T08:57:18.000Z</time>
      </trkpt>
      <trkpt lat="49.057835" lon="15.01411">
        <time>2026-04-05T08:57:19.000Z</time>
      </trkpt>
      <trkpt lat="49.057835" lon="15.014103">
        <time>2026-04-05T08:57:20.000Z</time>
      </trkpt>
      <trkpt lat="49.057838" lon="15.014088">
        <time>2026-04-05T08:57:21.000Z</time>
      </trkpt>
      <trkpt lat="49.057843" lon="15.014069">
        <time>2026-04-05T08:57:22.000Z</time>
      </trkpt>
      <trkpt lat="49.057853" lon="15.014057">
        <time>2026-04-05T08:57:23.000Z</time>
      </trkpt>
      <trkpt lat="49.057872" lon="15.014054">
        <time>2026-04-05T08:57:24.000Z</time>
      </trkpt>
      <trkpt lat="49.057895" lon="15.01406">
        <time>2026-04-05T08:57:25.000Z</time>
      </trkpt>
      <trkpt lat="49.057911" lon="15.014061">
        <time>2026-04-05T08:57:26.000Z</time>
      </trkpt>
      <trkpt lat="49.057915" lon="15.014041">
        <time>2026-04-05T08:57:27.000Z</time>
      </trkpt>
      <trkpt lat="49.057922" lon="15.014022">
        <time>2026-04-05T08:57:28.000Z</time>
      </trkpt>
      <trkpt lat="49.057926" lon="15.014011">
        <time>2026-04-05T08:57:29.000Z</time>
      </trkpt>
      <trkpt lat="49.057935" lon="15.013998">
        <time>2026-04-05T08:57:30.000Z</time>
      </trkpt>
      <trkpt lat="49.057945" lon="15.013973">
        <time>2026-04-05T08:57:31.000Z</time>
      </trkpt>
      <trkpt lat="49.057949" lon="15.013943">
        <time>2026-04-05T08:57:32.000Z</time>
      </trkpt>
      <trkpt lat="49.05795" lon="15.013912">
        <time>2026-04-05T08:57:33.000Z</time>
      </trkpt>
      <trkpt lat="49.057957" lon="15.013888">
        <time>2026-04-05T08:57:34.000Z</time>
      </trkpt>
      <trkpt lat="49.057962" lon="15.013863">
        <time>2026-04-05T08:57:35.000Z</time>
      </trkpt>
      <trkpt lat="49.057966" lon="15.01383">
        <time>2026-04-05T08:57:36.000Z</time>
      </trkpt>
      <trkpt lat="49.057964" lon="15.013794">
        <time>2026-04-05T08:57:37.000Z</time>
      </trkpt>
      <trkpt lat="49.057955" lon="15.013759">
        <time>2026-04-05T08:57:38.000Z</time>
      </trkpt>
      <trkpt lat="49.057939" lon="15.013724">
        <time>2026-04-05T08:57:39.000Z</time>
      </trkpt>
      <trkpt lat="49.057922" lon="15.013694">
        <time>2026-04-05T08:57:40.000Z</time>
      </trkpt>
      <trkpt lat="49.0579" lon="15.01367">
        <time>2026-04-05T08:57:41.000Z</time>
      </trkpt>
      <trkpt lat="49.057882" lon="15.013653">
        <time>2026-04-05T08:57:42.000Z</time>
      </trkpt>
      <trkpt lat="49.057874" lon="15.013634">
        <time>2026-04-05T08:57:43.000Z</time>
      </trkpt>
      <trkpt lat="49.057864" lon="15.013617">
        <time>2026-04-05T08:57:44.000Z</time>
      </trkpt>
      <trkpt lat="49.057854" lon="15.013594">
        <time>2026-04-05T08:57:45.000Z</time>
      </trkpt>
      <trkpt lat="49.057838" lon="15.013581">
        <time>2026-04-05T08:57:46.000Z</time>
      </trkpt>
      <trkpt lat="49.05783" lon="15.013567">
        <time>2026-04-05T08:57:47.000Z</time>
      </trkpt>
      <trkpt lat="49.057813" lon="15.013563">
        <time>2026-04-05T08:57:48.000Z</time>
      </trkpt>
      <trkpt lat="49.057803" lon="15.013567">
        <time>2026-04-05T08:57:49.000Z</time>
      </trkpt>
      <trkpt lat="49.057785" lon="15.013573">
        <time>2026-04-05T08:57:50.000Z</time>
      </trkpt>
      <trkpt lat="49.057765" lon="15.013584">
        <time>2026-04-05T08:57:51.000Z</time>
      </trkpt>
      <trkpt lat="49.057744" lon="15.013596">
        <time>2026-04-05T08:57:52.000Z</time>
      </trkpt>
      <trkpt lat="49.057724" lon="15.01361">
        <time>2026-04-05T08:57:53.000Z</time>
      </trkpt>
      <trkpt lat="49.057709" lon="15.013629">
        <time>2026-04-05T08:57:54.000Z</time>
      </trkpt>
      <trkpt lat="49.057694" lon="15.01364">
        <time>2026-04-05T08:57:55.000Z</time>
      </trkpt>
      <trkpt lat="49.057683" lon="15.01366">
        <time>2026-04-05T08:57:56.000Z</time>
      </trkpt>
      <trkpt lat="49.057667" lon="15.013677">
        <time>2026-04-05T08:57:57.000Z</time>
      </trkpt>
      <trkpt lat="49.057648" lon="15.013688">
        <time>2026-04-05T08:57:58.000Z</time>
      </trkpt>
      <trkpt lat="49.05763" lon="15.013702">
        <time>2026-04-05T08:57:59.000Z</time>
      </trkpt>
      <trkpt lat="49.05761" lon="15.013722">
        <time>2026-04-05T08:58:00.000Z</time>
      </trkpt>
      <trkpt lat="49.05759" lon="15.013735">
        <time>2026-04-05T08:58:01.000Z</time>
      </trkpt>
      <trkpt lat="49.057575" lon="15.013754">
        <time>2026-04-05T08:58:02.000Z</time>
      </trkpt>
      <trkpt lat="49.057558" lon="15.013763">
        <time>2026-04-05T08:58:03.000Z</time>
      </trkpt>
      <trkpt lat="49.057541" lon="15.013768">
        <time>2026-04-05T08:58:04.000Z</time>
      </trkpt>
      <trkpt lat="49.057515" lon="15.013775">
        <time>2026-04-05T08:58:05.000Z</time>
      </trkpt>
      <trkpt lat="49.057492" lon="15.013776">
        <time>2026-04-05T08:58:06.000Z</time>
      </trkpt>
      <trkpt lat="49.057468" lon="15.013774">
        <time>2026-04-05T08:58:07.000Z</time>
      </trkpt>
      <trkpt lat="49.057443" lon="15.013777">
        <time>2026-04-05T08:58:08.000Z</time>
      </trkpt>
      <trkpt lat="49.057417" lon="15.013776">
        <time>2026-04-05T08:58:09.000Z</time>
      </trkpt>
      <trkpt lat="49.057389" lon="15.013785">
        <time>2026-04-05T08:58:10.000Z</time>
      </trkpt>
      <trkpt lat="49.057366" lon="15.013811">
        <time>2026-04-05T08:58:11.000Z</time>
      </trkpt>
      <trkpt lat="49.057341" lon="15.013837">
        <time>2026-04-05T08:58:12.000Z</time>
      </trkpt>
      <trkpt lat="49.057314" lon="15.01386">
        <time>2026-04-05T08:58:13.000Z</time>
      </trkpt>
      <trkpt lat="49.057292" lon="15.013873">
        <time>2026-04-05T08:58:14.000Z</time>
      </trkpt>
      <trkpt lat="49.057264" lon="15.013888">
        <time>2026-04-05T08:58:15.000Z</time>
      </trkpt>
      <trkpt lat="49.057233" lon="15.013894">
        <time>2026-04-05T08:58:16.000Z</time>
      </trkpt>
      <trkpt lat="49.057205" lon="15.013898">
        <time>2026-04-05T08:58:17.000Z</time>
      </trkpt>
      <trkpt lat="49.05718" lon="15.013903">
        <time>2026-04-05T08:58:18.000Z</time>
      </trkpt>
      <trkpt lat="49.057157" lon="15.013909">
        <time>2026-04-05T08:58:19.000Z</time>
      </trkpt>
      <trkpt lat="49.057134" lon="15.013918">
        <time>2026-04-05T08:58:20.000Z</time>
      </trkpt>
      <trkpt lat="49.057111" lon="15.013932">
        <time>2026-04-05T08:58:21.000Z</time>
      </trkpt>
      <trkpt lat="49.057087" lon="15.013941">
        <time>2026-04-05T08:58:22.000Z</time>
      </trkpt>
      <trkpt lat="49.057063" lon="15.013956">
        <time>2026-04-05T08:58:23.000Z</time>
      </trkpt>
      <trkpt lat="49.057042" lon="15.01396">
        <time>2026-04-05T08:58:24.000Z</time>
      </trkpt>
      <trkpt lat="49.057018" lon="15.013965">
        <time>2026-04-05T08:58:25.000Z</time>
      </trkpt>
      <trkpt lat="49.05699" lon="15.013976">
        <time>2026-04-05T08:58:26.000Z</time>
      </trkpt>
      <trkpt lat="49.056964" lon="15.013982">
        <time>2026-04-05T08:58:27.000Z</time>
      </trkpt>
      <trkpt lat="49.056944" lon="15.013988">
        <time>2026-04-05T08:58:28.000Z</time>
      </trkpt>
      <trkpt lat="49.056918" lon="15.013997">
        <time>2026-04-05T08:58:29.000Z</time>
      </trkpt>
      <trkpt lat="49.056894" lon="15.014004">
        <time>2026-04-05T08:58:30.000Z</time>
      </trkpt>
      <trkpt lat="49.056871" lon="15.014012">
        <time>2026-04-05T08:58:31.000Z</time>
      </trkpt>
      <trkpt lat="49.056844" lon="15.014018">
        <time>2026-04-05T08:58:32.000Z</time>
      </trkpt>
      <trkpt lat="49.056824" lon="15.014022">
        <time>2026-04-05T08:58:33.000Z</time>
      </trkpt>
      <trkpt lat="49.056797" lon="15.014027">
        <time>2026-04-05T08:58:34.000Z</time>
      </trkpt>
      <trkpt lat="49.056771" lon="15.014038">
        <time>2026-04-05T08:58:35.000Z</time>
      </trkpt>
      <trkpt lat="49.056746" lon="15.014047">
        <time>2026-04-05T08:58:36.000Z</time>
      </trkpt>
      <trkpt lat="49.056715" lon="15.014056">
        <time>2026-04-05T08:58:37.000Z</time>
      </trkpt>
      <trkpt lat="49.056683" lon="15.01406">
        <time>2026-04-05T08:58:38.000Z</time>
      </trkpt>
      <trkpt lat="49.056653" lon="15.014068">
        <time>2026-04-05T08:58:39.000Z</time>
      </trkpt>
      <trkpt lat="49.056625" lon="15.014077">
        <time>2026-04-05T08:58:40.000Z</time>
      </trkpt>
      <trkpt lat="49.0566" lon="15.014084">
        <time>2026-04-05T08:58:41.000Z</time>
      </trkpt>
      <trkpt lat="49.056572" lon="15.014087">
        <time>2026-04-05T08:58:42.000Z</time>
      </trkpt>
      <trkpt lat="49.056544" lon="15.014086">
        <time>2026-04-05T08:58:43.000Z</time>
      </trkpt>
      <trkpt lat="49.05652" lon="15.014084">
        <time>2026-04-05T08:58:44.000Z</time>
      </trkpt>
      <trkpt lat="49.056494" lon="15.014085">
        <time>2026-04-05T08:58:45.000Z</time>
      </trkpt>
      <trkpt lat="49.056466" lon="15.01409">
        <time>2026-04-05T08:58:46.000Z</time>
      </trkpt>
      <trkpt lat="49.056441" lon="15.014094">
        <time>2026-04-05T08:58:47.000Z</time>
      </trkpt>
      <trkpt lat="49.056415" lon="15.014101">
        <time>2026-04-05T08:58:48.000Z</time>
      </trkpt>
      <trkpt lat="49.056389" lon="15.014106">
        <time>2026-04-05T08:58:49.000Z</time>
      </trkpt>
      <trkpt lat="49.056365" lon="15.014111">
        <time>2026-04-05T08:58:50.000Z</time>
      </trkpt>
      <trkpt lat="49.056337" lon="15.014113">
        <time>2026-04-05T08:58:51.000Z</time>
      </trkpt>
      <trkpt lat="49.056309" lon="15.014115">
        <time>2026-04-05T08:58:52.000Z</time>
      </trkpt>
      <trkpt lat="49.056278" lon="15.014121">
        <time>2026-04-05T08:58:53.000Z</time>
      </trkpt>
      <trkpt lat="49.056249" lon="15.014122">
        <time>2026-04-05T08:58:54.000Z</time>
      </trkpt>
      <trkpt lat="49.056222" lon="15.014119">
        <time>2026-04-05T08:58:55.000Z</time>
      </trkpt>
      <trkpt lat="49.056193" lon="15.01412">
        <time>2026-04-05T08:58:56.000Z</time>
      </trkpt>
      <trkpt lat="49.05617" lon="15.014112">
        <time>2026-04-05T08:58:57.000Z</time>
      </trkpt>
      <trkpt lat="49.056144" lon="15.014097">
        <time>2026-04-05T08:58:58.000Z</time>
      </trkpt>
      <trkpt lat="49.056116" lon="15.014084">
        <time>2026-04-05T08:58:59.000Z</time>
      </trkpt>
      <trkpt lat="49.056092" lon="15.014076">
        <time>2026-04-05T08:59:00.000Z</time>
      </trkpt>
      <trkpt lat="49.056066" lon="15.014068">
        <time>2026-04-05T08:59:01.000Z</time>
      </trkpt>
      <trkpt lat="49.056037" lon="15.014052">
        <time>2026-04-05T08:59:02.000Z</time>
      </trkpt>
      <trkpt lat="49.056014" lon="15.014043">
        <time>2026-04-05T08:59:03.000Z</time>
      </trkpt>
      <trkpt lat="49.055984" lon="15.014038">
        <time>2026-04-05T08:59:04.000Z</time>
      </trkpt>
      <trkpt lat="49.055955" lon="15.014037">
        <time>2026-04-05T08:59:05.000Z</time>
      </trkpt>
      <trkpt lat="49.055931" lon="15.014038">
        <time>2026-04-05T08:59:06.000Z</time>
      </trkpt>
      <trkpt lat="49.055902" lon="15.014041">
        <time>2026-04-05T08:59:07.000Z</time>
      </trkpt>
      <trkpt lat="49.055878" lon="15.014038">
        <time>2026-04-05T08:59:08.000Z</time>
      </trkpt>
      <trkpt lat="49.05586" lon="15.014032">
        <time>2026-04-05T08:59:09.000Z</time>
      </trkpt>
      <trkpt lat="49.055836" lon="15.014025">
        <time>2026-04-05T08:59:10.000Z</time>
      </trkpt>
      <trkpt lat="49.05581" lon="15.014017">
        <time>2026-04-05T08:59:11.000Z</time>
      </trkpt>
      <trkpt lat="49.055787" lon="15.014005">
        <time>2026-04-05T08:59:12.000Z</time>
      </trkpt>
      <trkpt lat="49.055765" lon="15.013982">
        <time>2026-04-05T08:59:13.000Z</time>
      </trkpt>
      <trkpt lat="49.055744" lon="15.013966">
        <time>2026-04-05T08:59:14.000Z</time>
      </trkpt>
      <trkpt lat="49.055718" lon="15.013955">
        <time>2026-04-05T08:59:15.000Z</time>
      </trkpt>
      <trkpt lat="49.055694" lon="15.013953">
        <time>2026-04-05T08:59:16.000Z</time>
      </trkpt>
      <trkpt lat="49.055676" lon="15.013946">
        <time>2026-04-05T08:59:17.000Z</time>
      </trkpt>
      <trkpt lat="49.055657" lon="15.01394">
        <time>2026-04-05T08:59:18.000Z</time>
      </trkpt>
      <trkpt lat="49.055636" lon="15.013932">
        <time>2026-04-05T08:59:19.000Z</time>
      </trkpt>
      <trkpt lat="49.055617" lon="15.013917">
        <time>2026-04-05T08:59:20.000Z</time>
      </trkpt>
      <trkpt lat="49.055598" lon="15.013905">
        <time>2026-04-05T08:59:21.000Z</time>
      </trkpt>
      <trkpt lat="49.05557" lon="15.013889">
        <time>2026-04-05T08:59:22.000Z</time>
      </trkpt>
      <trkpt lat="49.055552" lon="15.013871">
        <time>2026-04-05T08:59:23.000Z</time>
      </trkpt>
      <trkpt lat="49.055529" lon="15.013856">
        <time>2026-04-05T08:59:24.000Z</time>
      </trkpt>
      <trkpt lat="49.055503" lon="15.013842">
        <time>2026-04-05T08:59:25.000Z</time>
      </trkpt>
      <trkpt lat="49.055481" lon="15.013829">
        <time>2026-04-05T08:59:26.000Z</time>
      </trkpt>
      <trkpt lat="49.055456" lon="15.013823">
        <time>2026-04-05T08:59:27.000Z</time>
      </trkpt>
      <trkpt lat="49.05543" lon="15.013824">
        <time>2026-04-05T08:59:28.000Z</time>
      </trkpt>
      <trkpt lat="49.055407" lon="15.013815">
        <time>2026-04-05T08:59:29.000Z</time>
      </trkpt>
      <trkpt lat="49.055386" lon="15.013806">
        <time>2026-04-05T08:59:30.000Z</time>
      </trkpt>
      <trkpt lat="49.055366" lon="15.013791">
        <time>2026-04-05T08:59:31.000Z</time>
      </trkpt>
      <trkpt lat="49.055345" lon="15.013777">
        <time>2026-04-05T08:59:32.000Z</time>
      </trkpt>
      <trkpt lat="49.055323" lon="15.013765">
        <time>2026-04-05T08:59:33.000Z</time>
      </trkpt>
      <trkpt lat="49.055297" lon="15.013752">
        <time>2026-04-05T08:59:34.000Z</time>
      </trkpt>
      <trkpt lat="49.055272" lon="15.013734">
        <time>2026-04-05T08:59:35.000Z</time>
      </trkpt>
      <trkpt lat="49.055247" lon="15.01372">
        <time>2026-04-05T08:59:36.000Z</time>
      </trkpt>
      <trkpt lat="49.05522" lon="15.013715">
        <time>2026-04-05T08:59:37.000Z</time>
      </trkpt>
      <trkpt lat="49.055196" lon="15.013704">
        <time>2026-04-05T08:59:38.000Z</time>
      </trkpt>
      <trkpt lat="49.055171" lon="15.013697">
        <time>2026-04-05T08:59:39.000Z</time>
      </trkpt>
      <trkpt lat="49.055146" lon="15.013689">
        <time>2026-04-05T08:59:40.000Z</time>
      </trkpt>
      <trkpt lat="49.055119" lon="15.013676">
        <time>2026-04-05T08:59:41.000Z</time>
      </trkpt>
      <trkpt lat="49.055092" lon="15.013665">
        <time>2026-04-05T08:59:42.000Z</time>
      </trkpt>
      <trkpt lat="49.055065" lon="15.013649">
        <time>2026-04-05T08:59:43.000Z</time>
      </trkpt>
      <trkpt lat="49.055042" lon="15.013637">
        <time>2026-04-05T08:59:44.000Z</time>
      </trkpt>
      <trkpt lat="49.055016" lon="15.013634">
        <time>2026-04-05T08:59:45.000Z</time>
      </trkpt>
      <trkpt lat="49.054993" lon="15.013638">
        <time>2026-04-05T08:59:46.000Z</time>
      </trkpt>
      <trkpt lat="49.054971" lon="15.013634">
        <time>2026-04-05T08:59:47.000Z</time>
      </trkpt>
      <trkpt lat="49.054949" lon="15.013634">
        <time>2026-04-05T08:59:48.000Z</time>
      </trkpt>
      <trkpt lat="49.054924" lon="15.013631">
        <time>2026-04-05T08:59:49.000Z</time>
      </trkpt>
      <trkpt lat="49.054899" lon="15.013621">
        <time>2026-04-05T08:59:50.000Z</time>
      </trkpt>
      <trkpt lat="49.054873" lon="15.013613">
        <time>2026-04-05T08:59:51.000Z</time>
      </trkpt>
      <trkpt lat="49.054846" lon="15.013609">
        <time>2026-04-05T08:59:52.000Z</time>
      </trkpt>
      <trkpt lat="49.054817" lon="15.013604">
        <time>2026-04-05T08:59:53.000Z</time>
      </trkpt>
      <trkpt lat="49.054793" lon="15.013607">
        <time>2026-04-05T08:59:54.000Z</time>
      </trkpt>
      <trkpt lat="49.05477" lon="15.013608">
        <time>2026-04-05T08:59:55.000Z</time>
      </trkpt>
      <trkpt lat="49.054748" lon="15.013601">
        <time>2026-04-05T08:59:56.000Z</time>
      </trkpt>
      <trkpt lat="49.054721" lon="15.013592">
        <time>2026-04-05T08:59:57.000Z</time>
      </trkpt>
      <trkpt lat="49.054698" lon="15.013578">
        <time>2026-04-05T08:59:58.000Z</time>
      </trkpt>
      <trkpt lat="49.054674" lon="15.013568">
        <time>2026-04-05T08:59:59.000Z</time>
      </trkpt>
      <trkpt lat="49.054649" lon="15.013569">
        <time>2026-04-05T09:00:00.000Z</time>
      </trkpt>
      <trkpt lat="49.054626" lon="15.013579">
        <time>2026-04-05T09:00:01.000Z</time>
      </trkpt>
      <trkpt lat="49.054605" lon="15.013588">
        <time>2026-04-05T09:00:02.000Z</time>
      </trkpt>
      <trkpt lat="49.054584" lon="15.013601">
        <time>2026-04-05T09:00:03.000Z</time>
      </trkpt>
      <trkpt lat="49.054566" lon="15.01363">
        <time>2026-04-05T09:00:04.000Z</time>
      </trkpt>
      <trkpt lat="49.054548" lon="15.013647">
        <time>2026-04-05T09:00:05.000Z</time>
      </trkpt>
      <trkpt lat="49.054533" lon="15.013665">
        <time>2026-04-05T09:00:06.000Z</time>
      </trkpt>
      <trkpt lat="49.054518" lon="15.013685">
        <time>2026-04-05T09:00:07.000Z</time>
      </trkpt>
      <trkpt lat="49.054503" lon="15.013695">
        <time>2026-04-05T09:00:08.000Z</time>
      </trkpt>
      <trkpt lat="49.054485" lon="15.013684">
        <time>2026-04-05T09:00:09.000Z</time>
      </trkpt>
      <trkpt lat="49.054471" lon="15.013661">
        <time>2026-04-05T09:00:10.000Z</time>
      </trkpt>
      <trkpt lat="49.054452" lon="15.013632">
        <time>2026-04-05T09:00:11.000Z</time>
      </trkpt>
      <trkpt lat="49.054433" lon="15.013607">
        <time>2026-04-05T09:00:12.000Z</time>
      </trkpt>
      <trkpt lat="49.054405" lon="15.013593">
        <time>2026-04-05T09:00:13.000Z</time>
      </trkpt>
      <trkpt lat="49.054383" lon="15.013573">
        <time>2026-04-05T09:00:14.000Z</time>
      </trkpt>
      <trkpt lat="49.054361" lon="15.013547">
        <time>2026-04-05T09:00:15.000Z</time>
      </trkpt>
      <trkpt lat="49.054332" lon="15.013524">
        <time>2026-04-05T09:00:16.000Z</time>
      </trkpt>
      <trkpt lat="49.054303" lon="15.013511">
        <time>2026-04-05T09:00:17.000Z</time>
      </trkpt>
      <trkpt lat="49.054278" lon="15.013501">
        <time>2026-04-05T09:00:18.000Z</time>
      </trkpt>
      <trkpt lat="49.054255" lon="15.013497">
        <time>2026-04-05T09:00:19.000Z</time>
      </trkpt>
      <trkpt lat="49.054233" lon="15.013515">
        <time>2026-04-05T09:00:20.000Z</time>
      </trkpt>
      <trkpt lat="49.054221" lon="15.013538">
        <time>2026-04-05T09:00:21.000Z</time>
      </trkpt>
      <trkpt lat="49.054219" lon="15.013566">
        <time>2026-04-05T09:00:22.000Z</time>
      </trkpt>
      <trkpt lat="49.054214" lon="15.013607">
        <time>2026-04-05T09:00:23.000Z</time>
      </trkpt>
      <trkpt lat="49.054205" lon="15.013646">
        <time>2026-04-05T09:00:24.000Z</time>
      </trkpt>
      <trkpt lat="49.054201" lon="15.013686">
        <time>2026-04-05T09:00:25.000Z</time>
      </trkpt>
      <trkpt lat="49.054203" lon="15.013723">
        <time>2026-04-05T09:00:26.000Z</time>
      </trkpt>
      <trkpt lat="49.054208" lon="15.013761">
        <time>2026-04-05T09:00:27.000Z</time>
      </trkpt>
      <trkpt lat="49.054212" lon="15.013798">
        <time>2026-04-05T09:00:28.000Z</time>
      </trkpt>
      <trkpt lat="49.054216" lon="15.013831">
        <time>2026-04-05T09:00:29.000Z</time>
      </trkpt>
      <trkpt lat="49.054217" lon="15.013866">
        <time>2026-04-05T09:00:30.000Z</time>
      </trkpt>
      <trkpt lat="49.054218" lon="15.013898">
        <time>2026-04-05T09:00:31.000Z</time>
      </trkpt>
      <trkpt lat="49.054217" lon="15.013933">
        <time>2026-04-05T09:00:32.000Z</time>
      </trkpt>
      <trkpt lat="49.054213" lon="15.013975">
        <time>2026-04-05T09:00:33.000Z</time>
      </trkpt>
      <trkpt lat="49.054207" lon="15.014005">
        <time>2026-04-05T09:00:34.000Z</time>
      </trkpt>
      <trkpt lat="49.054201" lon="15.014034">
        <time>2026-04-05T09:00:35.000Z</time>
      </trkpt>
      <trkpt lat="49.0542" lon="15.01407">
        <time>2026-04-05T09:00:36.000Z</time>
      </trkpt>
      <trkpt lat="49.054202" lon="15.014102">
        <time>2026-04-05T09:00:37.000Z</time>
      </trkpt>
      <trkpt lat="49.054202" lon="15.014138">
        <time>2026-04-05T09:00:38.000Z</time>
      </trkpt>
      <trkpt lat="49.054199" lon="15.01418">
        <time>2026-04-05T09:00:39.000Z</time>
      </trkpt>
      <trkpt lat="49.054196" lon="15.014217">
        <time>2026-04-05T09:00:40.000Z</time>
      </trkpt>
      <trkpt lat="49.054192" lon="15.014254">
        <time>2026-04-05T09:00:41.000Z</time>
      </trkpt>
      <trkpt lat="49.054188" lon="15.014295">
        <time>2026-04-05T09:00:42.000Z</time>
      </trkpt>
      <trkpt lat="49.054186" lon="15.014337">
        <time>2026-04-05T09:00:43.000Z</time>
      </trkpt>
      <trkpt lat="49.054186" lon="15.014374">
        <time>2026-04-05T09:00:44.000Z</time>
      </trkpt>
      <trkpt lat="49.054186" lon="15.014415">
        <time>2026-04-05T09:00:45.000Z</time>
      </trkpt>
      <trkpt lat="49.054182" lon="15.014453">
        <time>2026-04-05T09:00:46.000Z</time>
      </trkpt>
      <trkpt lat="49.054178" lon="15.014495">
        <time>2026-04-05T09:00:47.000Z</time>
      </trkpt>
      <trkpt lat="49.054176" lon="15.014534">
        <time>2026-04-05T09:00:48.000Z</time>
      </trkpt>
      <trkpt lat="49.054175" lon="15.014574">
        <time>2026-04-05T09:00:49.000Z</time>
      </trkpt>
      <trkpt lat="49.054172" lon="15.014622">
        <time>2026-04-05T09:00:50.000Z</time>
      </trkpt>
      <trkpt lat="49.054169" lon="15.014661">
        <time>2026-04-05T09:00:51.000Z</time>
      </trkpt>
      <trkpt lat="49.054167" lon="15.0147">
        <time>2026-04-05T09:00:52.000Z</time>
      </trkpt>
      <trkpt lat="49.054164" lon="15.01474">
        <time>2026-04-05T09:00:53.000Z</time>
      </trkpt>
      <trkpt lat="49.054161" lon="15.014779">
        <time>2026-04-05T09:00:54.000Z</time>
      </trkpt>
      <trkpt lat="49.054162" lon="15.014816">
        <time>2026-04-05T09:00:55.000Z</time>
      </trkpt>
      <trkpt lat="49.054165" lon="15.014851">
        <time>2026-04-05T09:00:56.000Z</time>
      </trkpt>
      <trkpt lat="49.054171" lon="15.014882">
        <time>2026-04-05T09:00:57.000Z</time>
      </trkpt>
      <trkpt lat="49.054181" lon="15.014913">
        <time>2026-04-05T09:00:58.000Z</time>
      </trkpt>
      <trkpt lat="49.054196" lon="15.014935">
        <time>2026-04-05T09:00:59.000Z</time>
      </trkpt>
      <trkpt lat="49.054207" lon="15.014959">
        <time>2026-04-05T09:01:00.000Z</time>
      </trkpt>
      <trkpt lat="49.05421" lon="15.014987">
        <time>2026-04-05T09:01:01.000Z</time>
      </trkpt>
      <trkpt lat="49.054207" lon="15.01502">
        <time>2026-04-05T09:01:02.000Z</time>
      </trkpt>
      <trkpt lat="49.054205" lon="15.015053">
        <time>2026-04-05T09:01:03.000Z</time>
      </trkpt>
      <trkpt lat="49.054201" lon="15.015083">
        <time>2026-04-05T09:01:04.000Z</time>
      </trkpt>
      <trkpt lat="49.054198" lon="15.015115">
        <time>2026-04-05T09:01:05.000Z</time>
      </trkpt>
      <trkpt lat="49.054194" lon="15.015149">
        <time>2026-04-05T09:01:06.000Z</time>
      </trkpt>
      <trkpt lat="49.054191" lon="15.015182">
        <time>2026-04-05T09:01:07.000Z</time>
      </trkpt>
      <trkpt lat="49.054189" lon="15.015219">
        <time>2026-04-05T09:01:08.000Z</time>
      </trkpt>
      <trkpt lat="49.0542" lon="15.015246">
        <time>2026-04-05T09:01:09.000Z</time>
      </trkpt>
      <trkpt lat="49.054206" lon="15.015264">
        <time>2026-04-05T09:01:10.000Z</time>
      </trkpt>
      <trkpt lat="49.054217" lon="15.015275">
        <time>2026-04-05T09:01:11.000Z</time>
      </trkpt>
      <trkpt lat="49.054232" lon="15.015287">
        <time>2026-04-05T09:01:12.000Z</time>
      </trkpt>
      <trkpt lat="49.054259" lon="15.015277">
        <time>2026-04-05T09:01:13.000Z</time>
      </trkpt>
      <trkpt lat="49.054284" lon="15.015269">
        <time>2026-04-05T09:01:14.000Z</time>
      </trkpt>
      <trkpt lat="49.054303" lon="15.015257">
        <time>2026-04-05T09:01:15.000Z</time>
      </trkpt>
      <trkpt lat="49.054322" lon="15.015238">
        <time>2026-04-05T09:01:16.000Z</time>
      </trkpt>
      <trkpt lat="49.054343" lon="15.015224">
        <time>2026-04-05T09:01:17.000Z</time>
      </trkpt>
      <trkpt lat="49.054366" lon="15.015199">
        <time>2026-04-05T09:01:18.000Z</time>
      </trkpt>
      <trkpt lat="49.054378" lon="15.015175">
        <time>2026-04-05T09:01:19.000Z</time>
      </trkpt>
      <trkpt lat="49.054395" lon="15.015154">
        <time>2026-04-05T09:01:20.000Z</time>
      </trkpt>
      <trkpt lat="49.054416" lon="15.015128">
        <time>2026-04-05T09:01:21.000Z</time>
      </trkpt>
      <trkpt lat="49.054434" lon="15.015109">
        <time>2026-04-05T09:01:22.000Z</time>
      </trkpt>
      <trkpt lat="49.054462" lon="15.015087">
        <time>2026-04-05T09:01:23.000Z</time>
      </trkpt>
      <trkpt lat="49.05449" lon="15.01507">
        <time>2026-04-05T09:01:24.000Z</time>
      </trkpt>
      <trkpt lat="49.054512" lon="15.015048">
        <time>2026-04-05T09:01:25.000Z</time>
      </trkpt>
      <trkpt lat="49.054537" lon="15.015021">
        <time>2026-04-05T09:01:26.000Z</time>
      </trkpt>
      <trkpt lat="49.054559" lon="15.014989">
        <time>2026-04-05T09:01:27.000Z</time>
      </trkpt>
      <trkpt lat="49.054584" lon="15.014963">
        <time>2026-04-05T09:01:28.000Z</time>
      </trkpt>
      <trkpt lat="49.054607" lon="15.014935">
        <time>2026-04-05T09:01:29.000Z</time>
      </trkpt>
      <trkpt lat="49.054628" lon="15.01491">
        <time>2026-04-05T09:01:30.000Z</time>
      </trkpt>
      <trkpt lat="49.054648" lon="15.014891">
        <time>2026-04-05T09:01:31.000Z</time>
      </trkpt>
      <trkpt lat="49.054667" lon="15.014874">
        <time>2026-04-05T09:01:32.000Z</time>
      </trkpt>
      <trkpt lat="49.054685" lon="15.014853">
        <time>2026-04-05T09:01:33.000Z</time>
      </trkpt>
      <trkpt lat="49.054703" lon="15.014828">
        <time>2026-04-05T09:01:34.000Z</time>
      </trkpt>
      <trkpt lat="49.054725" lon="15.014805">
        <time>2026-04-05T09:01:35.000Z</time>
      </trkpt>
      <trkpt lat="49.054749" lon="15.014782">
        <time>2026-04-05T09:01:36.000Z</time>
      </trkpt>
      <trkpt lat="49.054774" lon="15.014764">
        <time>2026-04-05T09:01:37.000Z</time>
      </trkpt>
      <trkpt lat="49.054802" lon="15.014747">
        <time>2026-04-05T09:01:38.000Z</time>
      </trkpt>
      <trkpt lat="49.054829" lon="15.014737">
        <time>2026-04-05T09:01:39.000Z</time>
      </trkpt>
      <trkpt lat="49.054855" lon="15.014734">
        <time>2026-04-05T09:01:40.000Z</time>
      </trkpt>
      <trkpt lat="49.054881" lon="15.014728">
        <time>2026-04-05T09:01:41.000Z</time>
      </trkpt>
      <trkpt lat="49.054905" lon="15.014715">
        <time>2026-04-05T09:01:42.000Z</time>
      </trkpt>
      <trkpt lat="49.054933" lon="15.014705">
        <time>2026-04-05T09:01:43.000Z</time>
      </trkpt>
      <trkpt lat="49.054963" lon="15.014696">
        <time>2026-04-05T09:01:44.000Z</time>
      </trkpt>
      <trkpt lat="49.054991" lon="15.014675">
        <time>2026-04-05T09:01:45.000Z</time>
      </trkpt>
      <trkpt lat="49.055012" lon="15.014649">
        <time>2026-04-05T09:01:46.000Z</time>
      </trkpt>
      <trkpt lat="49.055036" lon="15.014618">
        <time>2026-04-05T09:01:47.000Z</time>
      </trkpt>
      <trkpt lat="49.055059" lon="15.014594">
        <time>2026-04-05T09:01:48.000Z</time>
      </trkpt>
      <trkpt lat="49.055088" lon="15.014582">
        <time>2026-04-05T09:01:49.000Z</time>
      </trkpt>
      <trkpt lat="49.055116" lon="15.014568">
        <time>2026-04-05T09:01:50.000Z</time>
      </trkpt>
      <trkpt lat="49.055141" lon="15.014562">
        <time>2026-04-05T09:01:51.000Z</time>
      </trkpt>
      <trkpt lat="49.055171" lon="15.014555">
        <time>2026-04-05T09:01:52.000Z</time>
      </trkpt>
      <trkpt lat="49.055201" lon="15.014545">
        <time>2026-04-05T09:01:53.000Z</time>
      </trkpt>
      <trkpt lat="49.055227" lon="15.014533">
        <time>2026-04-05T09:01:54.000Z</time>
      </trkpt>
      <trkpt lat="49.055259" lon="15.014526">
        <time>2026-04-05T09:01:55.000Z</time>
      </trkpt>
      <trkpt lat="49.055287" lon="15.014515">
        <time>2026-04-05T09:01:56.000Z</time>
      </trkpt>
      <trkpt lat="49.055316" lon="15.014508">
        <time>2026-04-05T09:01:57.000Z</time>
      </trkpt>
      <trkpt lat="49.055341" lon="15.014507">
        <time>2026-04-05T09:01:58.000Z</time>
      </trkpt>
      <trkpt lat="49.055369" lon="15.014498">
        <time>2026-04-05T09:01:59.000Z</time>
      </trkpt>
      <trkpt lat="49.055397" lon="15.014496">
        <time>2026-04-05T09:02:00.000Z</time>
      </trkpt>
      <trkpt lat="49.055425" lon="15.014494">
        <time>2026-04-05T09:02:01.000Z</time>
      </trkpt>
      <trkpt lat="49.055457" lon="15.014487">
        <time>2026-04-05T09:02:02.000Z</time>
      </trkpt>
      <trkpt lat="49.055483" lon="15.01448">
        <time>2026-04-05T09:02:03.000Z</time>
      </trkpt>
      <trkpt lat="49.055513" lon="15.014478">
        <time>2026-04-05T09:02:04.000Z</time>
      </trkpt>
      <trkpt lat="49.055544" lon="15.014475">
        <time>2026-04-05T09:02:05.000Z</time>
      </trkpt>
      <trkpt lat="49.055574" lon="15.014466">
        <time>2026-04-05T09:02:06.000Z</time>
      </trkpt>
      <trkpt lat="49.055603" lon="15.01446">
        <time>2026-04-05T09:02:07.000Z</time>
      </trkpt>
      <trkpt lat="49.055635" lon="15.014458">
        <time>2026-04-05T09:02:08.000Z</time>
      </trkpt>
      <trkpt lat="49.055661" lon="15.01446">
        <time>2026-04-05T09:02:09.000Z</time>
      </trkpt>
      <trkpt lat="49.055691" lon="15.014463">
        <time>2026-04-05T09:02:10.000Z</time>
      </trkpt>
      <trkpt lat="49.055718" lon="15.014465">
        <time>2026-04-05T09:02:11.000Z</time>
      </trkpt>
      <trkpt lat="49.055745" lon="15.014466">
        <time>2026-04-05T09:02:12.000Z</time>
      </trkpt>
      <trkpt lat="49.055769" lon="15.014465">
        <time>2026-04-05T09:02:13.000Z</time>
      </trkpt>
      <trkpt lat="49.055789" lon="15.014443">
        <time>2026-04-05T09:02:14.000Z</time>
      </trkpt>
      <trkpt lat="49.055811" lon="15.01441">
        <time>2026-04-05T09:02:15.000Z</time>
      </trkpt>
      <trkpt lat="49.055831" lon="15.014386">
        <time>2026-04-05T09:02:16.000Z</time>
      </trkpt>
      <trkpt lat="49.055851" lon="15.014355">
        <time>2026-04-05T09:02:17.000Z</time>
      </trkpt>
      <trkpt lat="49.055868" lon="15.014322">
        <time>2026-04-05T09:02:18.000Z</time>
      </trkpt>
      <trkpt lat="49.055887" lon="15.01429">
        <time>2026-04-05T09:02:19.000Z</time>
      </trkpt>
      <trkpt lat="49.055907" lon="15.014263">
        <time>2026-04-05T09:02:20.000Z</time>
      </trkpt>
      <trkpt lat="49.055919" lon="15.014226">
        <time>2026-04-05T09:02:21.000Z</time>
      </trkpt>
      <trkpt lat="49.055936" lon="15.014183">
        <time>2026-04-05T09:02:22.000Z</time>
      </trkpt>
      <trkpt lat="49.055957" lon="15.014144">
        <time>2026-04-05T09:02:23.000Z</time>
      </trkpt>
      <trkpt lat="49.055972" lon="15.014097">
        <time>2026-04-05T09:02:24.000Z</time>
      </trkpt>
      <trkpt lat="49.055986" lon="15.014053">
        <time>2026-04-05T09:02:25.000Z</time>
      </trkpt>
      <trkpt lat="49.056005" lon="15.014003">
        <time>2026-04-05T09:02:26.000Z</time>
      </trkpt>
      <trkpt lat="49.056024" lon="15.013954">
        <time>2026-04-05T09:02:27.000Z</time>
      </trkpt>
      <trkpt lat="49.056037" lon="15.013901">
        <time>2026-04-05T09:02:28.000Z</time>
      </trkpt>
      <trkpt lat="49.056053" lon="15.013851">
        <time>2026-04-05T09:02:29.000Z</time>
      </trkpt>
      <trkpt lat="49.056067" lon="15.013799">
        <time>2026-04-05T09:02:30.000Z</time>
      </trkpt>
      <trkpt lat="49.056077" lon="15.013759">
        <time>2026-04-05T09:02:31.000Z</time>
      </trkpt>
      <trkpt lat="49.056091" lon="15.013707">
        <time>2026-04-05T09:02:32.000Z</time>
      </trkpt>
      <trkpt lat="49.056099" lon="15.013654">
        <time>2026-04-05T09:02:33.000Z</time>
      </trkpt>
      <trkpt lat="49.056098" lon="15.013601">
        <time>2026-04-05T09:02:34.000Z</time>
      </trkpt>
      <trkpt lat="49.056103" lon="15.013546">
        <time>2026-04-05T09:02:35.000Z</time>
      </trkpt>
      <trkpt lat="49.056111" lon="15.013497">
        <time>2026-04-05T09:02:36.000Z</time>
      </trkpt>
      <trkpt lat="49.056115" lon="15.013454">
        <time>2026-04-05T09:02:37.000Z</time>
      </trkpt>
      <trkpt lat="49.056119" lon="15.01341">
        <time>2026-04-05T09:02:38.000Z</time>
      </trkpt>
      <trkpt lat="49.056124" lon="15.013375">
        <time>2026-04-05T09:02:39.000Z</time>
      </trkpt>
      <trkpt lat="49.056124" lon="15.013344">
        <time>2026-04-05T09:02:40.000Z</time>
      </trkpt>
      <trkpt lat="49.056126" lon="15.01331">
        <time>2026-04-05T09:02:41.000Z</time>
      </trkpt>
      <trkpt lat="49.056134" lon="15.013267">
        <time>2026-04-05T09:02:42.000Z</time>
      </trkpt>
      <trkpt lat="49.056136" lon="15.013221">
        <time>2026-04-05T09:02:43.000Z</time>
      </trkpt>
      <trkpt lat="49.056143" lon="15.013174">
        <time>2026-04-05T09:02:44.000Z</time>
      </trkpt>
      <trkpt lat="49.056152" lon="15.01313">
        <time>2026-04-05T09:02:45.000Z</time>
      </trkpt>
      <trkpt lat="49.056162" lon="15.013089">
        <time>2026-04-05T09:02:46.000Z</time>
      </trkpt>
      <trkpt lat="49.056168" lon="15.013042">
        <time>2026-04-05T09:02:47.000Z</time>
      </trkpt>
      <trkpt lat="49.056176" lon="15.012996">
        <time>2026-04-05T09:02:48.000Z</time>
      </trkpt>
      <trkpt lat="49.056186" lon="15.012951">
        <time>2026-04-05T09:02:49.000Z</time>
      </trkpt>
      <trkpt lat="49.056199" lon="15.012909">
        <time>2026-04-05T09:02:50.000Z</time>
      </trkpt>
      <trkpt lat="49.056213" lon="15.012868">
        <time>2026-04-05T09:02:51.000Z</time>
      </trkpt>
      <trkpt lat="49.056227" lon="15.012823">
        <time>2026-04-05T09:02:52.000Z</time>
      </trkpt>
      <trkpt lat="49.056239" lon="15.012777">
        <time>2026-04-05T09:02:53.000Z</time>
      </trkpt>
      <trkpt lat="49.056249" lon="15.01273">
        <time>2026-04-05T09:02:54.000Z</time>
      </trkpt>
      <trkpt lat="49.056251" lon="15.012677">
        <time>2026-04-05T09:02:55.000Z</time>
      </trkpt>
      <trkpt lat="49.056258" lon="15.012627">
        <time>2026-04-05T09:02:56.000Z</time>
      </trkpt>
      <trkpt lat="49.056264" lon="15.012578">
        <time>2026-04-05T09:02:57.000Z</time>
      </trkpt>
      <trkpt lat="49.056275" lon="15.012547">
        <time>2026-04-05T09:02:58.000Z</time>
      </trkpt>
      <trkpt lat="49.056282" lon="15.0125">
        <time>2026-04-05T09:02:59.000Z</time>
      </trkpt>
      <trkpt lat="49.056283" lon="15.012452">
        <time>2026-04-05T09:03:00.000Z</time>
      </trkpt>
      <trkpt lat="49.056284" lon="15.012406">
        <time>2026-04-05T09:03:01.000Z</time>
      </trkpt>
      <trkpt lat="49.056288" lon="15.012357">
        <time>2026-04-05T09:03:02.000Z</time>
      </trkpt>
      <trkpt lat="49.056294" lon="15.01232">
        <time>2026-04-05T09:03:03.000Z</time>
      </trkpt>
      <trkpt lat="49.056297" lon="15.012288">
        <time>2026-04-05T09:03:04.000Z</time>
      </trkpt>
      <trkpt lat="49.056301" lon="15.012261">
        <time>2026-04-05T09:03:05.000Z</time>
      </trkpt>
      <trkpt lat="49.056304" lon="15.012232">
        <time>2026-04-05T09:03:06.000Z</time>
      </trkpt>
      <trkpt lat="49.05631" lon="15.012195">
        <time>2026-04-05T09:03:07.000Z</time>
      </trkpt>
      <trkpt lat="49.056318" lon="15.012148">
        <time>2026-04-05T09:03:08.000Z</time>
      </trkpt>
      <trkpt lat="49.056322" lon="15.012105">
        <time>2026-04-05T09:03:09.000Z</time>
      </trkpt>
      <trkpt lat="49.056325" lon="15.012058">
        <time>2026-04-05T09:03:10.000Z</time>
      </trkpt>
      <trkpt lat="49.056328" lon="15.012005">
        <time>2026-04-05T09:03:11.000Z</time>
      </trkpt>
      <trkpt lat="49.05633" lon="15.011961">
        <time>2026-04-05T09:03:12.000Z</time>
      </trkpt>
      <trkpt lat="49.056332" lon="15.01191">
        <time>2026-04-05T09:03:13.000Z</time>
      </trkpt>
      <trkpt lat="49.056332" lon="15.011861">
        <time>2026-04-05T09:03:14.000Z</time>
      </trkpt>
      <trkpt lat="49.056346" lon="15.011819">
        <time>2026-04-05T09:03:15.000Z</time>
      </trkpt>
      <trkpt lat="49.056364" lon="15.011776">
        <time>2026-04-05T09:03:16.000Z</time>
      </trkpt>
      <trkpt lat="49.056383" lon="15.011742">
        <time>2026-04-05T09:03:17.000Z</time>
      </trkpt>
      <trkpt lat="49.056407" lon="15.011715">
        <time>2026-04-05T09:03:18.000Z</time>
      </trkpt>
      <trkpt lat="49.05644" lon="15.011697">
        <time>2026-04-05T09:03:19.000Z</time>
      </trkpt>
      <trkpt lat="49.056467" lon="15.01168">
        <time>2026-04-05T09:03:20.000Z</time>
      </trkpt>
      <trkpt lat="49.056497" lon="15.011659">
        <time>2026-04-05T09:03:21.000Z</time>
      </trkpt>
      <trkpt lat="49.056528" lon="15.011639">
        <time>2026-04-05T09:03:22.000Z</time>
      </trkpt>
      <trkpt lat="49.056559" lon="15.011619">
        <time>2026-04-05T09:03:23.000Z</time>
      </trkpt>
      <trkpt lat="49.056589" lon="15.011597">
        <time>2026-04-05T09:03:24.000Z</time>
      </trkpt>
      <trkpt lat="49.056614" lon="15.011567">
        <time>2026-04-05T09:03:25.000Z</time>
      </trkpt>
      <trkpt lat="49.056639" lon="15.011533">
        <time>2026-04-05T09:03:26.000Z</time>
      </trkpt>
      <trkpt lat="49.056657" lon="15.011496">
        <time>2026-04-05T09:03:27.000Z</time>
      </trkpt>
      <trkpt lat="49.056676" lon="15.011467">
        <time>2026-04-05T09:03:28.000Z</time>
      </trkpt>
      <trkpt lat="49.056692" lon="15.01143">
        <time>2026-04-05T09:03:29.000Z</time>
      </trkpt>
      <trkpt lat="49.056702" lon="15.011392">
        <time>2026-04-05T09:03:30.000Z</time>
      </trkpt>
      <trkpt lat="49.056712" lon="15.011361">
        <time>2026-04-05T09:03:31.000Z</time>
      </trkpt>
      <trkpt lat="49.056724" lon="15.011333">
        <time>2026-04-05T09:03:32.000Z</time>
      </trkpt>
      <trkpt lat="49.05674" lon="15.011306">
        <time>2026-04-05T09:03:33.000Z</time>
      </trkpt>
      <trkpt lat="49.056758" lon="15.01129">
        <time>2026-04-05T09:03:34.000Z</time>
      </trkpt>
      <trkpt lat="49.056774" lon="15.011278">
        <time>2026-04-05T09:03:35.000Z</time>
      </trkpt>
      <trkpt lat="49.05679" lon="15.011281">
        <time>2026-04-05T09:03:36.000Z</time>
      </trkpt>
      <trkpt lat="49.056803" lon="15.011286">
        <time>2026-04-05T09:03:37.000Z</time>
      </trkpt>
      <trkpt lat="49.056823" lon="15.011289">
        <time>2026-04-05T09:03:38.000Z</time>
      </trkpt>
      <trkpt lat="49.05684" lon="15.011281">
        <time>2026-04-05T09:03:39.000Z</time>
      </trkpt>
      <trkpt lat="49.056864" lon="15.011264">
        <time>2026-04-05T09:03:40.000Z</time>
      </trkpt>
      <trkpt lat="49.056885" lon="15.011252">
        <time>2026-04-05T09:03:41.000Z</time>
      </trkpt>
      <trkpt lat="49.056906" lon="15.01124">
        <time>2026-04-05T09:03:42.000Z</time>
      </trkpt>
      <trkpt lat="49.056932" lon="15.011232">
        <time>2026-04-05T09:03:43.000Z</time>
      </trkpt>
      <trkpt lat="49.056953" lon="15.011219">
        <time>2026-04-05T09:03:44.000Z</time>
      </trkpt>
      <trkpt lat="49.056971" lon="15.011207">
        <time>2026-04-05T09:03:45.000Z</time>
      </trkpt>
      <trkpt lat="49.056989" lon="15.011199">
        <time>2026-04-05T09:03:46.000Z</time>
      </trkpt>
      <trkpt lat="49.057012" lon="15.011185">
        <time>2026-04-05T09:03:47.000Z</time>
      </trkpt>
      <trkpt lat="49.057034" lon="15.011172">
        <time>2026-04-05T09:03:48.000Z</time>
      </trkpt>
      <trkpt lat="49.05706" lon="15.011152">
        <time>2026-04-05T09:03:49.000Z</time>
      </trkpt>
      <trkpt lat="49.057085" lon="15.011136">
        <time>2026-04-05T09:03:50.000Z</time>
      </trkpt>
      <trkpt lat="49.057109" lon="15.011122">
        <time>2026-04-05T09:03:51.000Z</time>
      </trkpt>
      <trkpt lat="49.057128" lon="15.011099">
        <time>2026-04-05T09:03:52.000Z</time>
      </trkpt>
      <trkpt lat="49.057142" lon="15.011069">
        <time>2026-04-05T09:03:53.000Z</time>
      </trkpt>
      <trkpt lat="49.057152" lon="15.011033">
        <time>2026-04-05T09:03:54.000Z</time>
      </trkpt>
      <trkpt lat="49.057164" lon="15.011003">
        <time>2026-04-05T09:03:55.000Z</time>
      </trkpt>
      <trkpt lat="49.057177" lon="15.01097">
        <time>2026-04-05T09:03:56.000Z</time>
      </trkpt>
      <trkpt lat="49.057189" lon="15.010941">
        <time>2026-04-05T09:03:57.000Z</time>
      </trkpt>
      <trkpt lat="49.057202" lon="15.010907">
        <time>2026-04-05T09:03:58.000Z</time>
      </trkpt>
      <trkpt lat="49.057216" lon="15.010877">
        <time>2026-04-05T09:03:59.000Z</time>
      </trkpt>
      <trkpt lat="49.057236" lon="15.010853">
        <time>2026-04-05T09:04:00.000Z</time>
      </trkpt>
      <trkpt lat="49.057253" lon="15.010829">
        <time>2026-04-05T09:04:01.000Z</time>
      </trkpt>
      <trkpt lat="49.057274" lon="15.010794">
        <time>2026-04-05T09:04:02.000Z</time>
      </trkpt>
      <trkpt lat="49.057293" lon="15.01076">
        <time>2026-04-05T09:04:03.000Z</time>
      </trkpt>
      <trkpt lat="49.057309" lon="15.010728">
        <time>2026-04-05T09:04:04.000Z</time>
      </trkpt>
      <trkpt lat="49.057325" lon="15.010697">
        <time>2026-04-05T09:04:05.000Z</time>
      </trkpt>
      <trkpt lat="49.057343" lon="15.010671">
        <time>2026-04-05T09:04:06.000Z</time>
      </trkpt>
      <trkpt lat="49.057362" lon="15.010641">
        <time>2026-04-05T09:04:07.000Z</time>
      </trkpt>
      <trkpt lat="49.05738" lon="15.010619">
        <time>2026-04-05T09:04:08.000Z</time>
      </trkpt>
      <trkpt lat="49.057401" lon="15.010587">
        <time>2026-04-05T09:04:09.000Z</time>
      </trkpt>
      <trkpt lat="49.057416" lon="15.010561">
        <time>2026-04-05T09:04:10.000Z</time>
      </trkpt>
      <trkpt lat="49.057435" lon="15.010537">
        <time>2026-04-05T09:04:11.000Z</time>
      </trkpt>
      <trkpt lat="49.057455" lon="15.010509">
        <time>2026-04-05T09:04:12.000Z</time>
      </trkpt>
      <trkpt lat="49.057471" lon="15.010491">
        <time>2026-04-05T09:04:13.000Z</time>
      </trkpt>
      <trkpt lat="49.057489" lon="15.010467">
        <time>2026-04-05T09:04:14.000Z</time>
      </trkpt>
      <trkpt lat="49.057511" lon="15.010435">
        <time>2026-04-05T09:04:15.000Z</time>
      </trkpt>
      <trkpt lat="49.057528" lon="15.01041">
        <time>2026-04-05T09:04:16.000Z</time>
      </trkpt>
      <trkpt lat="49.057548" lon="15.010382">
        <time>2026-04-05T09:04:17.000Z</time>
      </trkpt>
      <trkpt lat="49.057568" lon="15.010358">
        <time>2026-04-05T09:04:18.000Z</time>
      </trkpt>
      <trkpt lat="49.057587" lon="15.010337">
        <time>2026-04-05T09:04:19.000Z</time>
      </trkpt>
      <trkpt lat="49.057606" lon="15.010311">
        <time>2026-04-05T09:04:20.000Z</time>
      </trkpt>
      <trkpt lat="49.057617" lon="15.010277">
        <time>2026-04-05T09:04:21.000Z</time>
      </trkpt>
      <trkpt lat="49.057622" lon="15.010253">
        <time>2026-04-05T09:04:22.000Z</time>
      </trkpt>
      <trkpt lat="49.057624" lon="15.010222">
        <time>2026-04-05T09:04:23.000Z</time>
      </trkpt>
      <trkpt lat="49.057626" lon="15.010192">
        <time>2026-04-05T09:04:24.000Z</time>
      </trkpt>
      <trkpt lat="49.057628" lon="15.010162">
        <time>2026-04-05T09:04:25.000Z</time>
      </trkpt>
      <trkpt lat="49.057628" lon="15.010129">
        <time>2026-04-05T09:04:26.000Z</time>
      </trkpt>
      <trkpt lat="49.05763" lon="15.010105">
        <time>2026-04-05T09:04:27.000Z</time>
      </trkpt>
      <trkpt lat="49.057633" lon="15.010085">
        <time>2026-04-05T09:04:28.000Z</time>
      </trkpt>
      <trkpt lat="49.057642" lon="15.010069">
        <time>2026-04-05T09:04:29.000Z</time>
      </trkpt>
      <trkpt lat="49.057656" lon="15.010042">
        <time>2026-04-05T09:04:30.000Z</time>
      </trkpt>
      <trkpt lat="49.05767" lon="15.010018">
        <time>2026-04-05T09:04:31.000Z</time>
      </trkpt>
      <trkpt lat="49.057683" lon="15.009998">
        <time>2026-04-05T09:04:32.000Z</time>
      </trkpt>
      <trkpt lat="49.057704" lon="15.00998">
        <time>2026-04-05T09:04:33.000Z</time>
      </trkpt>
      <trkpt lat="49.057728" lon="15.009957">
        <time>2026-04-05T09:04:34.000Z</time>
      </trkpt>
      <trkpt lat="49.057751" lon="15.00994">
        <time>2026-04-05T09:04:35.000Z</time>
      </trkpt>
      <trkpt lat="49.057773" lon="15.009913">
        <time>2026-04-05T09:04:36.000Z</time>
      </trkpt>
      <trkpt lat="49.057793" lon="15.009887">
        <time>2026-04-05T09:04:37.000Z</time>
      </trkpt>
      <trkpt lat="49.057812" lon="15.009855">
        <time>2026-04-05T09:04:38.000Z</time>
      </trkpt>
      <trkpt lat="49.057825" lon="15.009826">
        <time>2026-04-05T09:04:39.000Z</time>
      </trkpt>
      <trkpt lat="49.057837" lon="15.009802">
        <time>2026-04-05T09:04:40.000Z</time>
      </trkpt>
      <trkpt lat="49.057848" lon="15.009776">
        <time>2026-04-05T09:04:41.000Z</time>
      </trkpt>
      <trkpt lat="49.057858" lon="15.009751">
        <time>2026-04-05T09:04:42.000Z</time>
      </trkpt>
      <trkpt lat="49.057863" lon="15.009724">
        <time>2026-04-05T09:04:43.000Z</time>
      </trkpt>
      <trkpt lat="49.057864" lon="15.00969">
        <time>2026-04-05T09:04:44.000Z</time>
      </trkpt>
      <trkpt lat="49.057871" lon="15.009653">
        <time>2026-04-05T09:04:45.000Z</time>
      </trkpt>
      <trkpt lat="49.057879" lon="15.009612">
        <time>2026-04-05T09:04:46.000Z</time>
      </trkpt>
      <trkpt lat="49.057877" lon="15.009576">
        <time>2026-04-05T09:04:47.000Z</time>
      </trkpt>
      <trkpt lat="49.05788" lon="15.009546">
        <time>2026-04-05T09:04:48.000Z</time>
      </trkpt>
      <trkpt lat="49.057881" lon="15.009514">
        <time>2026-04-05T09:04:49.000Z</time>
      </trkpt>
      <trkpt lat="49.057882" lon="15.009471">
        <time>2026-04-05T09:04:50.000Z</time>
      </trkpt>
      <trkpt lat="49.057879" lon="15.009427">
        <time>2026-04-05T09:04:51.000Z</time>
      </trkpt>
      <trkpt lat="49.057871" lon="15.00939">
        <time>2026-04-05T09:04:52.000Z</time>
      </trkpt>
      <trkpt lat="49.057863" lon="15.009356">
        <time>2026-04-05T09:04:53.000Z</time>
      </trkpt>
      <trkpt lat="49.057861" lon="15.009329">
        <time>2026-04-05T09:04:54.000Z</time>
      </trkpt>
      <trkpt lat="49.05786" lon="15.0093">
        <time>2026-04-05T09:04:55.000Z</time>
      </trkpt>
      <trkpt lat="49.057858" lon="15.009281">
        <time>2026-04-05T09:04:56.000Z</time>
      </trkpt>
      <trkpt lat="49.057867" lon="15.009278">
        <time>2026-04-05T09:04:57.000Z</time>
      </trkpt>
      <trkpt lat="49.057888" lon="15.009278">
        <time>2026-04-05T09:04:58.000Z</time>
      </trkpt>
      <trkpt lat="49.057913" lon="15.009281">
        <time>2026-04-05T09:04:59.000Z</time>
      </trkpt>
      <trkpt lat="49.057933" lon="15.009275">
        <time>2026-04-05T09:05:00.000Z</time>
      </trkpt>
      <trkpt lat="49.057959" lon="15.009265">
        <time>2026-04-05T09:05:01.000Z</time>
      </trkpt>
      <trkpt lat="49.057985" lon="15.00926">
        <time>2026-04-05T09:05:02.000Z</time>
      </trkpt>
      <trkpt lat="49.058015" lon="15.009254">
        <time>2026-04-05T09:05:03.000Z</time>
      </trkpt>
      <trkpt lat="49.058037" lon="15.009249">
        <time>2026-04-05T09:05:04.000Z</time>
      </trkpt>
      <trkpt lat="49.058059" lon="15.009229">
        <time>2026-04-05T09:05:05.000Z</time>
      </trkpt>
      <trkpt lat="49.058076" lon="15.009215">
        <time>2026-04-05T09:05:06.000Z</time>
      </trkpt>
      <trkpt lat="49.058095" lon="15.009212">
        <time>2026-04-05T09:05:07.000Z</time>
      </trkpt>
      <trkpt lat="49.058108" lon="15.009215">
        <time>2026-04-05T09:05:08.000Z</time>
      </trkpt>
      <trkpt lat="49.058136" lon="15.009217">
        <time>2026-04-05T09:05:09.000Z</time>
      </trkpt>
      <trkpt lat="49.058157" lon="15.009217">
        <time>2026-04-05T09:05:10.000Z</time>
      </trkpt>
      <trkpt lat="49.058173" lon="15.009216">
        <time>2026-04-05T09:05:11.000Z</time>
      </trkpt>
      <trkpt lat="49.058193" lon="15.009225">
        <time>2026-04-05T09:05:12.000Z</time>
      </trkpt>
      <trkpt lat="49.058217" lon="15.009237">
        <time>2026-04-05T09:05:13.000Z</time>
      </trkpt>
      <trkpt lat="49.058237" lon="15.009253">
        <time>2026-04-05T09:05:14.000Z</time>
      </trkpt>
      <trkpt lat="49.058257" lon="15.009267">
        <time>2026-04-05T09:05:15.000Z</time>
      </trkpt>
      <trkpt lat="49.058274" lon="15.009278">
        <time>2026-04-05T09:05:16.000Z</time>
      </trkpt>
      <trkpt lat="49.058296" lon="15.009292">
        <time>2026-04-05T09:05:17.000Z</time>
      </trkpt>
      <trkpt lat="49.058316" lon="15.009312">
        <time>2026-04-05T09:05:18.000Z</time>
      </trkpt>
      <trkpt lat="49.058338" lon="15.00933">
        <time>2026-04-05T09:05:19.000Z</time>
      </trkpt>
      <trkpt lat="49.058362" lon="15.009345">
        <time>2026-04-05T09:05:20.000Z</time>
      </trkpt>
      <trkpt lat="49.058388" lon="15.009362">
        <time>2026-04-05T09:05:21.000Z</time>
      </trkpt>
      <trkpt lat="49.058411" lon="15.009381">
        <time>2026-04-05T09:05:22.000Z</time>
      </trkpt>
      <trkpt lat="49.058432" lon="15.009397">
        <time>2026-04-05T09:05:23.000Z</time>
      </trkpt>
      <trkpt lat="49.058448" lon="15.009424">
        <time>2026-04-05T09:05:24.000Z</time>
      </trkpt>
      <trkpt lat="49.058461" lon="15.009452">
        <time>2026-04-05T09:05:25.000Z</time>
      </trkpt>
      <trkpt lat="49.058466" lon="15.009485">
        <time>2026-04-05T09:05:26.000Z</time>
      </trkpt>
      <trkpt lat="49.058469" lon="15.009523">
        <time>2026-04-05T09:05:27.000Z</time>
      </trkpt>
      <trkpt lat="49.058475" lon="15.009555">
        <time>2026-04-05T09:05:28.000Z</time>
      </trkpt>
      <trkpt lat="49.058484" lon="15.009582">
        <time>2026-04-05T09:05:29.000Z</time>
      </trkpt>
      <trkpt lat="49.058499" lon="15.009606">
        <time>2026-04-05T09:05:30.000Z</time>
      </trkpt>
      <trkpt lat="49.058515" lon="15.009627">
        <time>2026-04-05T09:05:31.000Z</time>
      </trkpt>
      <trkpt lat="49.058529" lon="15.00964">
        <time>2026-04-05T09:05:32.000Z</time>
      </trkpt>
      <trkpt lat="49.058544" lon="15.009654">
        <time>2026-04-05T09:05:33.000Z</time>
      </trkpt>
      <trkpt lat="49.058555" lon="15.009664">
        <time>2026-04-05T09:05:34.000Z</time>
      </trkpt>
      <trkpt lat="49.05856" lon="15.009671">
        <time>2026-04-05T09:05:35.000Z</time>
      </trkpt>
      <trkpt lat="49.058566" lon="15.009673">
        <time>2026-04-05T09:05:36.000Z</time>
      </trkpt>
      <trkpt lat="49.058567" lon="15.009673">
        <time>2026-04-05T09:05:37.000Z</time>
      </trkpt>
      <trkpt lat="49.058567" lon="15.009678">
        <time>2026-04-05T09:05:38.000Z</time>
      </trkpt>
      <trkpt lat="49.058573" lon="15.009688">
        <time>2026-04-05T09:05:39.000Z</time>
      </trkpt>
      <trkpt lat="49.058585" lon="15.009686">
        <time>2026-04-05T09:05:40.000Z</time>
      </trkpt>
      <trkpt lat="49.058592" lon="15.009686">
        <time>2026-04-05T09:05:41.000Z</time>
      </trkpt>
      <trkpt lat="49.058597" lon="15.009698">
        <time>2026-04-05T09:05:42.000Z</time>
      </trkpt>
      <trkpt lat="49.058605" lon="15.009716">
        <time>2026-04-05T09:05:43.000Z</time>
      </trkpt>
      <trkpt lat="49.05862" lon="15.009731">
        <time>2026-04-05T09:05:44.000Z</time>
      </trkpt>
      <trkpt lat="49.058638" lon="15.009738">
        <time>2026-04-05T09:05:45.000Z</time>
      </trkpt>
      <trkpt lat="49.058658" lon="15.009753">
        <time>2026-04-05T09:05:46.000Z</time>
      </trkpt>
      <trkpt lat="49.058677" lon="15.009764">
        <time>2026-04-05T09:05:47.000Z</time>
      </trkpt>
      <trkpt lat="49.058695" lon="15.009773">
        <time>2026-04-05T09:05:48.000Z</time>
      </trkpt>
      <trkpt lat="49.058713" lon="15.009777">
        <time>2026-04-05T09:05:49.000Z</time>
      </trkpt>
      <trkpt lat="49.058732" lon="15.009783">
        <time>2026-04-05T09:05:50.000Z</time>
      </trkpt>
      <trkpt lat="49.058749" lon="15.009789">
        <time>2026-04-05T09:05:51.000Z</time>
      </trkpt>
      <trkpt lat="49.058766" lon="15.009792">
        <time>2026-04-05T09:05:52.000Z</time>
      </trkpt>
      <trkpt lat="49.058783" lon="15.009793">
        <time>2026-04-05T09:05:53.000Z</time>
      </trkpt>
      <trkpt lat="49.058797" lon="15.009792">
        <time>2026-04-05T09:05:54.000Z</time>
      </trkpt>
      <trkpt lat="49.058807" lon="15.009793">
        <time>2026-04-05T09:05:55.000Z</time>
      </trkpt>
      <trkpt lat="49.058817" lon="15.009789">
        <time>2026-04-05T09:05:56.000Z</time>
      </trkpt>
      <trkpt lat="49.058826" lon="15.009785">
        <time>2026-04-05T09:05:57.000Z</time>
      </trkpt>
      <trkpt lat="49.058835" lon="15.009781">
        <time>2026-04-05T09:05:58.000Z</time>
      </trkpt>
      <trkpt lat="49.058839" lon="15.009777">
        <time>2026-04-05T09:05:59.000Z</time>
      </trkpt>
      <trkpt lat="49.058843" lon="15.009771">
        <time>2026-04-05T09:06:00.000Z</time>
      </trkpt>
      <trkpt lat="49.058844" lon="15.009769">
        <time>2026-04-05T09:06:01.000Z</time>
      </trkpt>
      <trkpt lat="49.058842" lon="15.009763">
        <time>2026-04-05T09:06:02.000Z</time>
      </trkpt>
      <trkpt lat="49.058839" lon="15.009757">
        <time>2026-04-05T09:06:03.000Z</time>
      </trkpt>
      <trkpt lat="49.058832" lon="15.00975">
        <time>2026-04-05T09:06:04.000Z</time>
      </trkpt>
      <trkpt lat="49.058833" lon="15.00975">
        <time>2026-04-05T09:06:05.000Z</time>
      </trkpt>
      <trkpt lat="49.058831" lon="15.009741">
        <time>2026-04-05T09:06:06.000Z</time>
      </trkpt>
      <trkpt lat="49.058826" lon="15.009735">
        <time>2026-04-05T09:06:07.000Z</time>
      </trkpt>
      <trkpt lat="49.058825" lon="15.009735">
        <time>2026-04-05T09:06:08.000Z</time>
      </trkpt>
      <trkpt lat="49.058812" lon="15.00972">
        <time>2026-04-05T09:06:09.000Z</time>
      </trkpt>
      <trkpt lat="49.058794" lon="15.009712">
        <time>2026-04-05T09:06:10.000Z</time>
      </trkpt>
      <trkpt lat="49.058778" lon="15.009718">
        <time>2026-04-05T09:06:11.000Z</time>
      </trkpt>
      <trkpt lat="49.058766" lon="15.00973">
        <time>2026-04-05T09:06:12.000Z</time>
      </trkpt>
      <trkpt lat="49.058753" lon="15.009738">
        <time>2026-04-05T09:06:13.000Z</time>
      </trkpt>
      <trkpt lat="49.058744" lon="15.009744">
        <time>2026-04-05T09:06:14.000Z</time>
      </trkpt>
      <trkpt lat="49.058741" lon="15.009747">
        <time>2026-04-05T09:06:15.000Z</time>
      </trkpt>
      <trkpt lat="49.058736" lon="15.009748">
        <time>2026-04-05T09:06:16.000Z</time>
      </trkpt>
      <trkpt lat="49.058737" lon="15.00975">
        <time>2026-04-05T09:06:17.000Z</time>
      </trkpt>
      <trkpt lat="49.058739" lon="15.009742">
        <time>2026-04-05T09:06:18.000Z</time>
      </trkpt>
      <trkpt lat="49.058732" lon="15.009744">
        <time>2026-04-05T09:06:19.000Z</time>
      </trkpt>
      <trkpt lat="49.058731" lon="15.009756">
        <time>2026-04-05T09:06:20.000Z</time>
      </trkpt>
      <trkpt lat="49.058735" lon="15.009762">
        <time>2026-04-05T09:06:21.000Z</time>
      </trkpt>
      <trkpt lat="49.05874" lon="15.009747">
        <time>2026-04-05T09:06:22.000Z</time>
      </trkpt>
      <trkpt lat="49.058744" lon="15.009729">
        <time>2026-04-05T09:06:23.000Z</time>
      </trkpt>
      <trkpt lat="49.05875" lon="15.009719">
        <time>2026-04-05T09:06:24.000Z</time>
      </trkpt>
      <trkpt lat="49.058759" lon="15.009695">
        <time>2026-04-05T09:06:25.000Z</time>
      </trkpt>
      <trkpt lat="49.058768" lon="15.009672">
        <time>2026-04-05T09:06:26.000Z</time>
      </trkpt>
      <trkpt lat="49.058776" lon="15.009653">
        <time>2026-04-05T09:06:27.000Z</time>
      </trkpt>
      <trkpt lat="49.058789" lon="15.009647">
        <time>2026-04-05T09:06:28.000Z</time>
      </trkpt>
      <trkpt lat="49.058812" lon="15.009627">
        <time>2026-04-05T09:06:29.000Z</time>
      </trkpt>
      <trkpt lat="49.058829" lon="15.009607">
        <time>2026-04-05T09:06:30.000Z</time>
      </trkpt>
      <trkpt lat="49.058844" lon="15.009581">
        <time>2026-04-05T09:06:31.000Z</time>
      </trkpt>
      <trkpt lat="49.058855" lon="15.009548">
        <time>2026-04-05T09:06:32.000Z</time>
      </trkpt>
      <trkpt lat="49.058865" lon="15.009508">
        <time>2026-04-05T09:06:33.000Z</time>
      </trkpt>
      <trkpt lat="49.058874" lon="15.009466">
        <time>2026-04-05T09:06:34.000Z</time>
      </trkpt>
      <trkpt lat="49.058881" lon="15.009422">
        <time>2026-04-05T09:06:35.000Z</time>
      </trkpt>
      <trkpt lat="49.05888" lon="15.009385">
        <time>2026-04-05T09:06:36.000Z</time>
      </trkpt>
      <trkpt lat="49.058877" lon="15.009389">
        <time>2026-04-05T09:06:37.000Z</time>
      </trkpt>
      <trkpt lat="49.058876" lon="15.009415">
        <time>2026-04-05T09:06:38.000Z</time>
      </trkpt>
      <trkpt lat="49.058883" lon="15.009446">
        <time>2026-04-05T09:06:39.000Z</time>
      </trkpt>
      <trkpt lat="49.058892" lon="15.009478">
        <time>2026-04-05T09:06:40.000Z</time>
      </trkpt>
      <trkpt lat="49.058909" lon="15.009518">
        <time>2026-04-05T09:06:41.000Z</time>
      </trkpt>
      <trkpt lat="49.05892" lon="15.009553">
        <time>2026-04-05T09:06:42.000Z</time>
      </trkpt>
      <trkpt lat="49.058922" lon="15.009591">
        <time>2026-04-05T09:06:43.000Z</time>
      </trkpt>
      <trkpt lat="49.058917" lon="15.009634">
        <time>2026-04-05T09:06:44.000Z</time>
      </trkpt>
      <trkpt lat="49.058911" lon="15.009668">
        <time>2026-04-05T09:06:45.000Z</time>
      </trkpt>
      <trkpt lat="49.058907" lon="15.009707">
        <time>2026-04-05T09:06:46.000Z</time>
      </trkpt>
      <trkpt lat="49.058911" lon="15.009741">
        <time>2026-04-05T09:06:47.000Z</time>
      </trkpt>
      <trkpt lat="49.058917" lon="15.009779">
        <time>2026-04-05T09:06:48.000Z</time>
      </trkpt>
      <trkpt lat="49.058921" lon="15.009816">
        <time>2026-04-05T09:06:49.000Z</time>
      </trkpt>
      <trkpt lat="49.058921" lon="15.009843">
        <time>2026-04-05T09:06:50.000Z</time>
      </trkpt>
      <trkpt lat="49.058918" lon="15.009871">
        <time>2026-04-05T09:06:51.000Z</time>
      </trkpt>
      <trkpt lat="49.058921" lon="15.009902">
        <time>2026-04-05T09:06:52.000Z</time>
      </trkpt>
      <trkpt lat="49.058926" lon="15.009937">
        <time>2026-04-05T09:06:53.000Z</time>
      </trkpt>
      <trkpt lat="49.058926" lon="15.009975">
        <time>2026-04-05T09:06:54.000Z</time>
      </trkpt>
      <trkpt lat="49.058921" lon="15.010013">
        <time>2026-04-05T09:06:55.000Z</time>
      </trkpt>
      <trkpt lat="49.05892" lon="15.01004">
        <time>2026-04-05T09:06:56.000Z</time>
      </trkpt>
      <trkpt lat="49.058918" lon="15.010063">
        <time>2026-04-05T09:06:57.000Z</time>
      </trkpt>
      <trkpt lat="49.058927" lon="15.010082">
        <time>2026-04-05T09:06:58.000Z</time>
      </trkpt>
      <trkpt lat="49.058934" lon="15.010108">
        <time>2026-04-05T09:06:59.000Z</time>
      </trkpt>
      <trkpt lat="49.058932" lon="15.01013">
        <time>2026-04-05T09:07:00.000Z</time>
      </trkpt>
      <trkpt lat="49.058923" lon="15.010156">
        <time>2026-04-05T09:07:01.000Z</time>
      </trkpt>
      <trkpt lat="49.058913" lon="15.010184">
        <time>2026-04-05T09:07:02.000Z</time>
      </trkpt>
      <trkpt lat="49.05891" lon="15.01021">
        <time>2026-04-05T09:07:03.000Z</time>
      </trkpt>
      <trkpt lat="49.058901" lon="15.010234">
        <time>2026-04-05T09:07:04.000Z</time>
      </trkpt>
      <trkpt lat="49.058893" lon="15.010265">
        <time>2026-04-05T09:07:05.000Z</time>
      </trkpt>
      <trkpt lat="49.05888" lon="15.010289">
        <time>2026-04-05T09:07:06.000Z</time>
      </trkpt>
      <trkpt lat="49.058864" lon="15.010315">
        <time>2026-04-05T09:07:07.000Z</time>
      </trkpt>
      <trkpt lat="49.058858" lon="15.010353">
        <time>2026-04-05T09:07:08.000Z</time>
      </trkpt>
      <trkpt lat="49.058848" lon="15.010387">
        <time>2026-04-05T09:07:09.000Z</time>
      </trkpt>
      <trkpt lat="49.058838" lon="15.010421">
        <time>2026-04-05T09:07:10.000Z</time>
      </trkpt>
      <trkpt lat="49.058832" lon="15.010454">
        <time>2026-04-05T09:07:11.000Z</time>
      </trkpt>
      <trkpt lat="49.058826" lon="15.010488">
        <time>2026-04-05T09:07:12.000Z</time>
      </trkpt>
      <trkpt lat="49.05882" lon="15.010528">
        <time>2026-04-05T09:07:13.000Z</time>
      </trkpt>
      <trkpt lat="49.058814" lon="15.010565">
        <time>2026-04-05T09:07:14.000Z</time>
      </trkpt>
      <trkpt lat="49.058807" lon="15.010596">
        <time>2026-04-05T09:07:15.000Z</time>
      </trkpt>
      <trkpt lat="49.058795" lon="15.010629">
        <time>2026-04-05T09:07:16.000Z</time>
      </trkpt>
      <trkpt lat="49.058785" lon="15.010663">
        <time>2026-04-05T09:07:17.000Z</time>
      </trkpt>
      <trkpt lat="49.058786" lon="15.010695">
        <time>2026-04-05T09:07:18.000Z</time>
      </trkpt>
      <trkpt lat="49.058786" lon="15.010724">
        <time>2026-04-05T09:07:19.000Z</time>
      </trkpt>
      <trkpt lat="49.058797" lon="15.010744">
        <time>2026-04-05T09:07:20.000Z</time>
      </trkpt>
      <trkpt lat="49.058797" lon="15.010768">
        <time>2026-04-05T09:07:21.000Z</time>
      </trkpt>
      <trkpt lat="49.058793" lon="15.010796">
        <time>2026-04-05T09:07:22.000Z</time>
      </trkpt>
      <trkpt lat="49.058784" lon="15.01082">
        <time>2026-04-05T09:07:23.000Z</time>
      </trkpt>
      <trkpt lat="49.058778" lon="15.010847">
        <time>2026-04-05T09:07:24.000Z</time>
      </trkpt>
      <trkpt lat="49.058779" lon="15.010877">
        <time>2026-04-05T09:07:25.000Z</time>
      </trkpt>
      <trkpt lat="49.058784" lon="15.010903">
        <time>2026-04-05T09:07:26.000Z</time>
      </trkpt>
      <trkpt lat="49.058791" lon="15.010936">
        <time>2026-04-05T09:07:27.000Z</time>
      </trkpt>
      <trkpt lat="49.058801" lon="15.010966">
        <time>2026-04-05T09:07:28.000Z</time>
      </trkpt>
      <trkpt lat="49.058813" lon="15.010993">
        <time>2026-04-05T09:07:29.000Z</time>
      </trkpt>
      <trkpt lat="49.058823" lon="15.011024">
        <time>2026-04-05T09:07:30.000Z</time>
      </trkpt>
      <trkpt lat="49.058829" lon="15.011061">
        <time>2026-04-05T09:07:31.000Z</time>
      </trkpt>
      <trkpt lat="49.058846" lon="15.0111">
        <time>2026-04-05T09:07:32.000Z</time>
      </trkpt>
      <trkpt lat="49.058862" lon="15.011128">
        <time>2026-04-05T09:07:33.000Z</time>
      </trkpt>
      <trkpt lat="49.058882" lon="15.011145">
        <time>2026-04-05T09:07:34.000Z</time>
      </trkpt>
      <trkpt lat="49.058907" lon="15.011142">
        <time>2026-04-05T09:07:35.000Z</time>
      </trkpt>
      <trkpt lat="49.058921" lon="15.01113">
        <time>2026-04-05T09:07:36.000Z</time>
      </trkpt>
      <trkpt lat="49.058912" lon="15.011127">
        <time>2026-04-05T09:07:37.000Z</time>
      </trkpt>
      <trkpt lat="49.0589" lon="15.011131">
        <time>2026-04-05T09:07:38.000Z</time>
      </trkpt>
      <trkpt lat="49.058896" lon="15.011123">
        <time>2026-04-05T09:07:39.000Z</time>
      </trkpt>
      <trkpt lat="49.058884" lon="15.011115">
        <time>2026-04-05T09:07:40.000Z</time>
      </trkpt>
      <trkpt lat="49.058865" lon="15.011107">
        <time>2026-04-05T09:07:41.000Z</time>
      </trkpt>
      <trkpt lat="49.058849" lon="15.011098">
        <time>2026-04-05T09:07:42.000Z</time>
      </trkpt>
      <trkpt lat="49.058833" lon="15.011091">
        <time>2026-04-05T09:07:43.000Z</time>
      </trkpt>
      <trkpt lat="49.058809" lon="15.011085">
        <time>2026-04-05T09:07:44.000Z</time>
      </trkpt>
      <trkpt lat="49.058795" lon="15.01107">
        <time>2026-04-05T09:07:45.000Z</time>
      </trkpt>
      <trkpt lat="49.058778" lon="15.011055">
        <time>2026-04-05T09:07:46.000Z</time>
      </trkpt>
      <trkpt lat="49.058768" lon="15.01105">
        <time>2026-04-05T09:07:47.000Z</time>
      </trkpt>
      <trkpt lat="49.058751" lon="15.011052">
        <time>2026-04-05T09:07:48.000Z</time>
      </trkpt>
      <trkpt lat="49.058727" lon="15.011058">
        <time>2026-04-05T09:07:49.000Z</time>
      </trkpt>
      <trkpt lat="49.058705" lon="15.011061">
        <time>2026-04-05T09:07:50.000Z</time>
      </trkpt>
      <trkpt lat="49.058684" lon="15.011068">
        <time>2026-04-05T09:07:51.000Z</time>
      </trkpt>
      <trkpt lat="49.05866" lon="15.011065">
        <time>2026-04-05T09:07:52.000Z</time>
      </trkpt>
      <trkpt lat="49.058635" lon="15.011057">
        <time>2026-04-05T09:07:53.000Z</time>
      </trkpt>
      <trkpt lat="49.058615" lon="15.01105">
        <time>2026-04-05T09:07:54.000Z</time>
      </trkpt>
      <trkpt lat="49.058594" lon="15.011041">
        <time>2026-04-05T09:07:55.000Z</time>
      </trkpt>
      <trkpt lat="49.058573" lon="15.011027">
        <time>2026-04-05T09:07:56.000Z</time>
      </trkpt>
      <trkpt lat="49.058552" lon="15.011009">
        <time>2026-04-05T09:07:57.000Z</time>
      </trkpt>
      <trkpt lat="49.058529" lon="15.010986">
        <time>2026-04-05T09:07:58.000Z</time>
      </trkpt>
      <trkpt lat="49.058505" lon="15.010971">
        <time>2026-04-05T09:07:59.000Z</time>
      </trkpt>
      <trkpt lat="49.058478" lon="15.010957">
        <time>2026-04-05T09:08:00.000Z</time>
      </trkpt>
      <trkpt lat="49.058456" lon="15.010946">
        <time>2026-04-05T09:08:01.000Z</time>
      </trkpt>
      <trkpt lat="49.058434" lon="15.010935">
        <time>2026-04-05T09:08:02.000Z</time>
      </trkpt>
      <trkpt lat="49.058411" lon="15.010919">
        <time>2026-04-05T09:08:03.000Z</time>
      </trkpt>
      <trkpt lat="49.058393" lon="15.010904">
        <time>2026-04-05T09:08:04.000Z</time>
      </trkpt>
      <trkpt lat="49.05837" lon="15.01089">
        <time>2026-04-05T09:08:05.000Z</time>
      </trkpt>
      <trkpt lat="49.058347" lon="15.010875">
        <time>2026-04-05T09:08:06.000Z</time>
      </trkpt>
      <trkpt lat="49.058325" lon="15.010862">
        <time>2026-04-05T09:08:07.000Z</time>
      </trkpt>
      <trkpt lat="49.058305" lon="15.010843">
        <time>2026-04-05T09:08:08.000Z</time>
      </trkpt>
      <trkpt lat="49.058289" lon="15.010822">
        <time>2026-04-05T09:08:09.000Z</time>
      </trkpt>
      <trkpt lat="49.058274" lon="15.010795">
        <time>2026-04-05T09:08:10.000Z</time>
      </trkpt>
      <trkpt lat="49.058261" lon="15.010765">
        <time>2026-04-05T09:08:11.000Z</time>
      </trkpt>
      <trkpt lat="49.058251" lon="15.010737">
        <time>2026-04-05T09:08:12.000Z</time>
      </trkpt>
      <trkpt lat="49.058239" lon="15.010708">
        <time>2026-04-05T09:08:13.000Z</time>
      </trkpt>
      <trkpt lat="49.058225" lon="15.010692">
        <time>2026-04-05T09:08:14.000Z</time>
      </trkpt>
      <trkpt lat="49.058204" lon="15.010666">
        <time>2026-04-05T09:08:15.000Z</time>
      </trkpt>
      <trkpt lat="49.05819" lon="15.01064">
        <time>2026-04-05T09:08:16.000Z</time>
      </trkpt>
      <trkpt lat="49.058173" lon="15.010614">
        <time>2026-04-05T09:08:17.000Z</time>
      </trkpt>
      <trkpt lat="49.058155" lon="15.010584">
        <time>2026-04-05T09:08:18.000Z</time>
      </trkpt>
      <trkpt lat="49.058141" lon="15.010556">
        <time>2026-04-05T09:08:19.000Z</time>
      </trkpt>
      <trkpt lat="49.058127" lon="15.010535">
        <time>2026-04-05T09:08:20.000Z</time>
      </trkpt>
      <trkpt lat="49.058117" lon="15.010509">
        <time>2026-04-05T09:08:21.000Z</time>
      </trkpt>
      <trkpt lat="49.058109" lon="15.010479">
        <time>2026-04-05T09:08:22.000Z</time>
      </trkpt>
      <trkpt lat="49.058099" lon="15.010444">
        <time>2026-04-05T09:08:23.000Z</time>
      </trkpt>
      <trkpt lat="49.058081" lon="15.01041">
        <time>2026-04-05T09:08:24.000Z</time>
      </trkpt>
      <trkpt lat="49.058064" lon="15.010381">
        <time>2026-04-05T09:08:25.000Z</time>
      </trkpt>
      <trkpt lat="49.058045" lon="15.01035">
        <time>2026-04-05T09:08:26.000Z</time>
      </trkpt>
      <trkpt lat="49.058032" lon="15.010323">
        <time>2026-04-05T09:08:27.000Z</time>
      </trkpt>
      <trkpt lat="49.058023" lon="15.010291">
        <time>2026-04-05T09:08:28.000Z</time>
      </trkpt>
      <trkpt lat="49.058013" lon="15.01026">
        <time>2026-04-05T09:08:29.000Z</time>
      </trkpt>
      <trkpt lat="49.058003" lon="15.010224">
        <time>2026-04-05T09:08:30.000Z</time>
      </trkpt>
      <trkpt lat="49.057987" lon="15.010189">
        <time>2026-04-05T09:08:31.000Z</time>
      </trkpt>
      <trkpt lat="49.057973" lon="15.010162">
        <time>2026-04-05T09:08:32.000Z</time>
      </trkpt>
      <trkpt lat="49.057961" lon="15.010133">
        <time>2026-04-05T09:08:33.000Z</time>
      </trkpt>
      <trkpt lat="49.057951" lon="15.010097">
        <time>2026-04-05T09:08:34.000Z</time>
      </trkpt>
      <trkpt lat="49.057937" lon="15.010068">
        <time>2026-04-05T09:08:35.000Z</time>
      </trkpt>
      <trkpt lat="49.057915" lon="15.010043">
        <time>2026-04-05T09:08:36.000Z</time>
      </trkpt>
      <trkpt lat="49.057897" lon="15.010024">
        <time>2026-04-05T09:08:37.000Z</time>
      </trkpt>
      <trkpt lat="49.057885" lon="15.010012">
        <time>2026-04-05T09:08:38.000Z</time>
      </trkpt>
      <trkpt lat="49.057874" lon="15.010001">
        <time>2026-04-05T09:08:39.000Z</time>
      </trkpt>
      <trkpt lat="49.057864" lon="15.009991">
        <time>2026-04-05T09:08:40.000Z</time>
      </trkpt>
      <trkpt lat="49.057858" lon="15.009978">
        <time>2026-04-05T09:08:41.000Z</time>
      </trkpt>
      <trkpt lat="49.057862" lon="15.009968">
        <time>2026-04-05T09:08:42.000Z</time>
      </trkpt>
      <trkpt lat="49.05786" lon="15.009947">
        <time>2026-04-05T09:08:43.000Z</time>
      </trkpt>
      <trkpt lat="49.057843" lon="15.00993">
        <time>2026-04-05T09:08:44.000Z</time>
      </trkpt>
      <trkpt lat="49.057832" lon="15.009915">
        <time>2026-04-05T09:08:45.000Z</time>
      </trkpt>
      <trkpt lat="49.057825" lon="15.009904">
        <time>2026-04-05T09:08:46.000Z</time>
      </trkpt>
      <trkpt lat="49.057819" lon="15.009882">
        <time>2026-04-05T09:08:47.000Z</time>
      </trkpt>
      <trkpt lat="49.057813" lon="15.009856">
        <time>2026-04-05T09:08:48.000Z</time>
      </trkpt>
      <trkpt lat="49.057802" lon="15.009822">
        <time>2026-04-05T09:08:49.000Z</time>
      </trkpt>
      <trkpt lat="49.057797" lon="15.009795">
        <time>2026-04-05T09:08:50.000Z</time>
      </trkpt>
      <trkpt lat="49.057795" lon="15.009779">
        <time>2026-04-05T09:08:51.000Z</time>
      </trkpt>
      <trkpt lat="49.057793" lon="15.009765">
        <time>2026-04-05T09:08:52.000Z</time>
      </trkpt>
      <trkpt lat="49.057784" lon="15.009749">
        <time>2026-04-05T09:08:53.000Z</time>
      </trkpt>
      <trkpt lat="49.05777" lon="15.009738">
        <time>2026-04-05T09:08:54.000Z</time>
      </trkpt>
      <trkpt lat="49.057755" lon="15.009715">
        <time>2026-04-05T09:08:55.000Z</time>
      </trkpt>
      <trkpt lat="49.057736" lon="15.009693">
        <time>2026-04-05T09:08:56.000Z</time>
      </trkpt>
      <trkpt lat="49.057714" lon="15.009679">
        <time>2026-04-05T09:08:57.000Z</time>
      </trkpt>
      <trkpt lat="49.057692" lon="15.009666">
        <time>2026-04-05T09:08:58.000Z</time>
      </trkpt>
      <trkpt lat="49.057671" lon="15.009646">
        <time>2026-04-05T09:08:59.000Z</time>
      </trkpt>
      <trkpt lat="49.057652" lon="15.009623">
        <time>2026-04-05T09:09:00.000Z</time>
      </trkpt>
      <trkpt lat="49.057629" lon="15.009611">
        <time>2026-04-05T09:09:01.000Z</time>
      </trkpt>
      <trkpt lat="49.05761" lon="15.009601">
        <time>2026-04-05T09:09:02.000Z</time>
      </trkpt>
      <trkpt lat="49.057594" lon="15.00958">
        <time>2026-04-05T09:09:03.000Z</time>
      </trkpt>
      <trkpt lat="49.057587" lon="15.009544">
        <time>2026-04-05T09:09:04.000Z</time>
      </trkpt>
      <trkpt lat="49.057571" lon="15.009502">
        <time>2026-04-05T09:09:05.000Z</time>
      </trkpt>
      <trkpt lat="49.057549" lon="15.009472">
        <time>2026-04-05T09:09:06.000Z</time>
      </trkpt>
      <trkpt lat="49.057527" lon="15.009453">
        <time>2026-04-05T09:09:07.000Z</time>
      </trkpt>
      <trkpt lat="49.057498" lon="15.009448">
        <time>2026-04-05T09:09:08.000Z</time>
      </trkpt>
      <trkpt lat="49.057474" lon="15.009467">
        <time>2026-04-05T09:09:09.000Z</time>
      </trkpt>
      <trkpt lat="49.057451" lon="15.009471">
        <time>2026-04-05T09:09:10.000Z</time>
      </trkpt>
      <trkpt lat="49.057429" lon="15.00947">
        <time>2026-04-05T09:09:11.000Z</time>
      </trkpt>
      <trkpt lat="49.057409" lon="15.009462">
        <time>2026-04-05T09:09:12.000Z</time>
      </trkpt>
      <trkpt lat="49.057395" lon="15.009452">
        <time>2026-04-05T09:09:13.000Z</time>
      </trkpt>
      <trkpt lat="49.057375" lon="15.009443">
        <time>2026-04-05T09:09:14.000Z</time>
      </trkpt>
      <trkpt lat="49.057356" lon="15.009459">
        <time>2026-04-05T09:09:15.000Z</time>
      </trkpt>
      <trkpt lat="49.057336" lon="15.00947">
        <time>2026-04-05T09:09:16.000Z</time>
      </trkpt>
      <trkpt lat="49.057314" lon="15.00948">
        <time>2026-04-05T09:09:17.000Z</time>
      </trkpt>
      <trkpt lat="49.057288" lon="15.009485">
        <time>2026-04-05T09:09:18.000Z</time>
      </trkpt>
      <trkpt lat="49.057266" lon="15.009485">
        <time>2026-04-05T09:09:19.000Z</time>
      </trkpt>
      <trkpt lat="49.057242" lon="15.009483">
        <time>2026-04-05T09:09:20.000Z</time>
      </trkpt>
      <trkpt lat="49.057213" lon="15.009483">
        <time>2026-04-05T09:09:21.000Z</time>
      </trkpt>
      <trkpt lat="49.057189" lon="15.00948">
        <time>2026-04-05T09:09:22.000Z</time>
      </trkpt>
      <trkpt lat="49.057167" lon="15.009474">
        <time>2026-04-05T09:09:23.000Z</time>
      </trkpt>
      <trkpt lat="49.057145" lon="15.009479">
        <time>2026-04-05T09:09:24.000Z</time>
      </trkpt>
      <trkpt lat="49.057126" lon="15.009468">
        <time>2026-04-05T09:09:25.000Z</time>
      </trkpt>
      <trkpt lat="49.057109" lon="15.009447">
        <time>2026-04-05T09:09:26.000Z</time>
      </trkpt>
      <trkpt lat="49.057087" lon="15.009435">
        <time>2026-04-05T09:09:27.000Z</time>
      </trkpt>
      <trkpt lat="49.057071" lon="15.009421">
        <time>2026-04-05T09:09:28.000Z</time>
      </trkpt>
      <trkpt lat="49.057054" lon="15.009413">
        <time>2026-04-05T09:09:29.000Z</time>
      </trkpt>
      <trkpt lat="49.057041" lon="15.009407">
        <time>2026-04-05T09:09:30.000Z</time>
      </trkpt>
      <trkpt lat="49.057027" lon="15.009413">
        <time>2026-04-05T09:09:31.000Z</time>
      </trkpt>
      <trkpt lat="49.05702" lon="15.009416">
        <time>2026-04-05T09:09:32.000Z</time>
      </trkpt>
      <trkpt lat="49.057015" lon="15.00942">
        <time>2026-04-05T09:09:33.000Z</time>
      </trkpt>
      <trkpt lat="49.057003" lon="15.009419">
        <time>2026-04-05T09:09:34.000Z</time>
      </trkpt>
      <trkpt lat="49.056989" lon="15.009426">
        <time>2026-04-05T09:09:35.000Z</time>
      </trkpt>
      <trkpt lat="49.056982" lon="15.009415">
        <time>2026-04-05T09:09:36.000Z</time>
      </trkpt>
      <trkpt lat="49.056975" lon="15.009404">
        <time>2026-04-05T09:09:37.000Z</time>
      </trkpt>
      <trkpt lat="49.056969" lon="15.009395">
        <time>2026-04-05T09:09:38.000Z</time>
      </trkpt>
      <trkpt lat="49.056959" lon="15.009387">
        <time>2026-04-05T09:09:39.000Z</time>
      </trkpt>
      <trkpt lat="49.05695" lon="15.009375">
        <time>2026-04-05T09:09:40.000Z</time>
      </trkpt>
      <trkpt lat="49.056936" lon="15.009356">
        <time>2026-04-05T09:09:41.000Z</time>
      </trkpt>
      <trkpt lat="49.056917" lon="15.009346">
        <time>2026-04-05T09:09:42.000Z</time>
      </trkpt>
      <trkpt lat="49.0569" lon="15.009336">
        <time>2026-04-05T09:09:43.000Z</time>
      </trkpt>
      <trkpt lat="49.056884" lon="15.009328">
        <time>2026-04-05T09:09:44.000Z</time>
      </trkpt>
      <trkpt lat="49.056872" lon="15.009319">
        <time>2026-04-05T09:09:45.000Z</time>
      </trkpt>
      <trkpt lat="49.056855" lon="15.009309">
        <time>2026-04-05T09:09:46.000Z</time>
      </trkpt>
      <trkpt lat="49.056847" lon="15.009305">
        <time>2026-04-05T09:09:47.000Z</time>
      </trkpt>
      <trkpt lat="49.056847" lon="15.00931">
        <time>2026-04-05T09:09:48.000Z</time>
      </trkpt>
      <trkpt lat="49.05684" lon="15.009302">
        <time>2026-04-05T09:09:49.000Z</time>
      </trkpt>
      <trkpt lat="49.056833" lon="15.009286">
        <time>2026-04-05T09:09:50.000Z</time>
      </trkpt>
      <trkpt lat="49.056823" lon="15.009262">
        <time>2026-04-05T09:09:51.000Z</time>
      </trkpt>
      <trkpt lat="49.056822" lon="15.009245">
        <time>2026-04-05T09:09:52.000Z</time>
      </trkpt>
      <trkpt lat="49.056818" lon="15.009229">
        <time>2026-04-05T09:09:53.000Z</time>
      </trkpt>
      <trkpt lat="49.056808" lon="15.009214">
        <time>2026-04-05T09:09:54.000Z</time>
      </trkpt>
      <trkpt lat="49.056791" lon="15.0092">
        <time>2026-04-05T09:09:55.000Z</time>
      </trkpt>
      <trkpt lat="49.056778" lon="15.009202">
        <time>2026-04-05T09:09:56.000Z</time>
      </trkpt>
      <trkpt lat="49.056757" lon="15.009207">
        <time>2026-04-05T09:09:57.000Z</time>
      </trkpt>
      <trkpt lat="49.056734" lon="15.009222">
        <time>2026-04-05T09:09:58.000Z</time>
      </trkpt>
      <trkpt lat="49.056712" lon="15.009239">
        <time>2026-04-05T09:09:59.000Z</time>
      </trkpt>
      <trkpt lat="49.056695" lon="15.009251">
        <time>2026-04-05T09:10:00.000Z</time>
      </trkpt>
      <trkpt lat="49.056677" lon="15.009264">
        <time>2026-04-05T09:10:01.000Z</time>
      </trkpt>
      <trkpt lat="49.056661" lon="15.009275">
        <time>2026-04-05T09:10:02.000Z</time>
      </trkpt>
      <trkpt lat="49.056639" lon="15.009285">
        <time>2026-04-05T09:10:03.000Z</time>
      </trkpt>
      <trkpt lat="49.056618" lon="15.009308">
        <time>2026-04-05T09:10:04.000Z</time>
      </trkpt>
      <trkpt lat="49.056608" lon="15.009337">
        <time>2026-04-05T09:10:05.000Z</time>
      </trkpt>
      <trkpt lat="49.056607" lon="15.009319">
        <time>2026-04-05T09:10:06.000Z</time>
      </trkpt>
      <trkpt lat="49.056605" lon="15.009296">
        <time>2026-04-05T09:10:07.000Z</time>
      </trkpt>
      <trkpt lat="49.056596" lon="15.009288">
        <time>2026-04-05T09:10:08.000Z</time>
      </trkpt>
      <trkpt lat="49.056582" lon="15.009286">
        <time>2026-04-05T09:10:09.000Z</time>
      </trkpt>
      <trkpt lat="49.056564" lon="15.009282">
        <time>2026-04-05T09:10:10.000Z</time>
      </trkpt>
      <trkpt lat="49.056549" lon="15.009282">
        <time>2026-04-05T09:10:11.000Z</time>
      </trkpt>
      <trkpt lat="49.056535" lon="15.009282">
        <time>2026-04-05T09:10:12.000Z</time>
      </trkpt>
      <trkpt lat="49.056514" lon="15.009282">
        <time>2026-04-05T09:10:13.000Z</time>
      </trkpt>
      <trkpt lat="49.056494" lon="15.009287">
        <time>2026-04-05T09:10:14.000Z</time>
      </trkpt>
      <trkpt lat="49.056482" lon="15.009288">
        <time>2026-04-05T09:10:15.000Z</time>
      </trkpt>
      <trkpt lat="49.056462" lon="15.009287">
        <time>2026-04-05T09:10:16.000Z</time>
      </trkpt>
      <trkpt lat="49.05644" lon="15.009284">
        <time>2026-04-05T09:10:17.000Z</time>
      </trkpt>
      <trkpt lat="49.056421" lon="15.009283">
        <time>2026-04-05T09:10:18.000Z</time>
      </trkpt>
      <trkpt lat="49.056403" lon="15.009284">
        <time>2026-04-05T09:10:19.000Z</time>
      </trkpt>
      <trkpt lat="49.05638" lon="15.009288">
        <time>2026-04-05T09:10:20.000Z</time>
      </trkpt>
      <trkpt lat="49.056351" lon="15.009288">
        <time>2026-04-05T09:10:21.000Z</time>
      </trkpt>
      <trkpt lat="49.056322" lon="15.009288">
        <time>2026-04-05T09:10:22.000Z</time>
      </trkpt>
      <trkpt lat="49.056293" lon="15.009294">
        <time>2026-04-05T09:10:23.000Z</time>
      </trkpt>
      <trkpt lat="49.056267" lon="15.009301">
        <time>2026-04-05T09:10:24.000Z</time>
      </trkpt>
      <trkpt lat="49.056238" lon="15.009306">
        <time>2026-04-05T09:10:25.000Z</time>
      </trkpt>
      <trkpt lat="49.056214" lon="15.009318">
        <time>2026-04-05T09:10:26.000Z</time>
      </trkpt>
      <trkpt lat="49.056192" lon="15.00933">
        <time>2026-04-05T09:10:27.000Z</time>
      </trkpt>
      <trkpt lat="49.056171" lon="15.009337">
        <time>2026-04-05T09:10:28.000Z</time>
      </trkpt>
      <trkpt lat="49.056144" lon="15.009341">
        <time>2026-04-05T09:10:29.000Z</time>
      </trkpt>
      <trkpt lat="49.05612" lon="15.009353">
        <time>2026-04-05T09:10:30.000Z</time>
      </trkpt>
      <trkpt lat="49.056096" lon="15.009361">
        <time>2026-04-05T09:10:31.000Z</time>
      </trkpt>
      <trkpt lat="49.056075" lon="15.009372">
        <time>2026-04-05T09:10:32.000Z</time>
      </trkpt>
      <trkpt lat="49.05604" lon="15.009392">
        <time>2026-04-05T09:10:33.000Z</time>
      </trkpt>
      <trkpt lat="49.05601" lon="15.009411">
        <time>2026-04-05T09:10:34.000Z</time>
      </trkpt>
      <trkpt lat="49.05598" lon="15.009436">
        <time>2026-04-05T09:10:35.000Z</time>
      </trkpt>
      <trkpt lat="49.055954" lon="15.009458">
        <time>2026-04-05T09:10:36.000Z</time>
      </trkpt>
      <trkpt lat="49.05593" lon="15.009479">
        <time>2026-04-05T09:10:37.000Z</time>
      </trkpt>
      <trkpt lat="49.055903" lon="15.0095">
        <time>2026-04-05T09:10:38.000Z</time>
      </trkpt>
      <trkpt lat="49.055875" lon="15.009521">
        <time>2026-04-05T09:10:39.000Z</time>
      </trkpt>
      <trkpt lat="49.055844" lon="15.00954">
        <time>2026-04-05T09:10:40.000Z</time>
      </trkpt>
      <trkpt lat="49.055818" lon="15.009563">
        <time>2026-04-05T09:10:41.000Z</time>
      </trkpt>
      <trkpt lat="49.055799" lon="15.009583">
        <time>2026-04-05T09:10:42.000Z</time>
      </trkpt>
      <trkpt lat="49.055771" lon="15.009605">
        <time>2026-04-05T09:10:43.000Z</time>
      </trkpt>
      <trkpt lat="49.055744" lon="15.009629">
        <time>2026-04-05T09:10:44.000Z</time>
      </trkpt>
      <trkpt lat="49.055726" lon="15.009647">
        <time>2026-04-05T09:10:45.000Z</time>
      </trkpt>
      <trkpt lat="49.055705" lon="15.009658">
        <time>2026-04-05T09:10:46.000Z</time>
      </trkpt>
      <trkpt lat="49.055684" lon="15.009662">
        <time>2026-04-05T09:10:47.000Z</time>
      </trkpt>
      <trkpt lat="49.055655" lon="15.009675">
        <time>2026-04-05T09:10:48.000Z</time>
      </trkpt>
      <trkpt lat="49.055632" lon="15.009695">
        <time>2026-04-05T09:10:49.000Z</time>
      </trkpt>
      <trkpt lat="49.055612" lon="15.009729">
        <time>2026-04-05T09:10:50.000Z</time>
      </trkpt>
      <trkpt lat="49.055591" lon="15.009754">
        <time>2026-04-05T09:10:51.000Z</time>
      </trkpt>
      <trkpt lat="49.055568" lon="15.009778">
        <time>2026-04-05T09:10:52.000Z</time>
      </trkpt>
      <trkpt lat="49.055546" lon="15.009816">
        <time>2026-04-05T09:10:53.000Z</time>
      </trkpt>
      <trkpt lat="49.055524" lon="15.009842">
        <time>2026-04-05T09:10:54.000Z</time>
      </trkpt>
      <trkpt lat="49.055497" lon="15.009847">
        <time>2026-04-05T09:10:55.000Z</time>
      </trkpt>
      <trkpt lat="49.055468" lon="15.009852">
        <time>2026-04-05T09:10:56.000Z</time>
      </trkpt>
      <trkpt lat="49.055441" lon="15.009859">
        <time>2026-04-05T09:10:57.000Z</time>
      </trkpt>
      <trkpt lat="49.055416" lon="15.009871">
        <time>2026-04-05T09:10:58.000Z</time>
      </trkpt>
      <trkpt lat="49.055385" lon="15.009873">
        <time>2026-04-05T09:10:59.000Z</time>
      </trkpt>
      <trkpt lat="49.055358" lon="15.009874">
        <time>2026-04-05T09:11:00.000Z</time>
      </trkpt>
      <trkpt lat="49.055332" lon="15.009885">
        <time>2026-04-05T09:11:01.000Z</time>
      </trkpt>
      <trkpt lat="49.055311" lon="15.009909">
        <time>2026-04-05T09:11:02.000Z</time>
      </trkpt>
      <trkpt lat="49.055291" lon="15.009926">
        <time>2026-04-05T09:11:03.000Z</time>
      </trkpt>
      <trkpt lat="49.055269" lon="15.009935">
        <time>2026-04-05T09:11:04.000Z</time>
      </trkpt>
      <trkpt lat="49.055247" lon="15.009945">
        <time>2026-04-05T09:11:05.000Z</time>
      </trkpt>
      <trkpt lat="49.055223" lon="15.009957">
        <time>2026-04-05T09:11:06.000Z</time>
      </trkpt>
      <trkpt lat="49.055199" lon="15.009965">
        <time>2026-04-05T09:11:07.000Z</time>
      </trkpt>
      <trkpt lat="49.055176" lon="15.009968">
        <time>2026-04-05T09:11:08.000Z</time>
      </trkpt>
      <trkpt lat="49.055148" lon="15.00997">
        <time>2026-04-05T09:11:09.000Z</time>
      </trkpt>
      <trkpt lat="49.055126" lon="15.00999">
        <time>2026-04-05T09:11:10.000Z</time>
      </trkpt>
      <trkpt lat="49.055103" lon="15.009999">
        <time>2026-04-05T09:11:11.000Z</time>
      </trkpt>
      <trkpt lat="49.055081" lon="15.010003">
        <time>2026-04-05T09:11:12.000Z</time>
      </trkpt>
      <trkpt lat="49.055061" lon="15.010012">
        <time>2026-04-05T09:11:13.000Z</time>
      </trkpt>
      <trkpt lat="49.055036" lon="15.010017">
        <time>2026-04-05T09:11:14.000Z</time>
      </trkpt>
      <trkpt lat="49.055006" lon="15.010016">
        <time>2026-04-05T09:11:15.000Z</time>
      </trkpt>
      <trkpt lat="49.054979" lon="15.010018">
        <time>2026-04-05T09:11:16.000Z</time>
      </trkpt>
      <trkpt lat="49.054959" lon="15.010031">
        <time>2026-04-05T09:11:17.000Z</time>
      </trkpt>
      <trkpt lat="49.054934" lon="15.010039">
        <time>2026-04-05T09:11:18.000Z</time>
      </trkpt>
      <trkpt lat="49.05491" lon="15.010047">
        <time>2026-04-05T09:11:19.000Z</time>
      </trkpt>
      <trkpt lat="49.054888" lon="15.010054">
        <time>2026-04-05T09:11:20.000Z</time>
      </trkpt>
      <trkpt lat="49.054863" lon="15.010065">
        <time>2026-04-05T09:11:21.000Z</time>
      </trkpt>
      <trkpt lat="49.054842" lon="15.010071">
        <time>2026-04-05T09:11:22.000Z</time>
      </trkpt>
      <trkpt lat="49.054818" lon="15.010074">
        <time>2026-04-05T09:11:23.000Z</time>
      </trkpt>
      <trkpt lat="49.054796" lon="15.010079">
        <time>2026-04-05T09:11:24.000Z</time>
      </trkpt>
      <trkpt lat="49.05477" lon="15.010069">
        <time>2026-04-05T09:11:25.000Z</time>
      </trkpt>
      <trkpt lat="49.054749" lon="15.010066">
        <time>2026-04-05T09:11:26.000Z</time>
      </trkpt>
      <trkpt lat="49.054716" lon="15.010066">
        <time>2026-04-05T09:11:27.000Z</time>
      </trkpt>
      <trkpt lat="49.054686" lon="15.010069">
        <time>2026-04-05T09:11:28.000Z</time>
      </trkpt>
      <trkpt lat="49.054658" lon="15.010078">
        <time>2026-04-05T09:11:29.000Z</time>
      </trkpt>
      <trkpt lat="49.05463" lon="15.010097">
        <time>2026-04-05T09:11:30.000Z</time>
      </trkpt>
      <trkpt lat="49.054606" lon="15.010117">
        <time>2026-04-05T09:11:31.000Z</time>
      </trkpt>
      <trkpt lat="49.054579" lon="15.010132">
        <time>2026-04-05T09:11:32.000Z</time>
      </trkpt>
      <trkpt lat="49.054551" lon="15.010141">
        <time>2026-04-05T09:11:33.000Z</time>
      </trkpt>
      <trkpt lat="49.054526" lon="15.010137">
        <time>2026-04-05T09:11:34.000Z</time>
      </trkpt>
      <trkpt lat="49.054493" lon="15.010148">
        <time>2026-04-05T09:11:35.000Z</time>
      </trkpt>
      <trkpt lat="49.054466" lon="15.010175">
        <time>2026-04-05T09:11:36.000Z</time>
      </trkpt>
      <trkpt lat="49.054443" lon="15.010186">
        <time>2026-04-05T09:11:37.000Z</time>
      </trkpt>
      <trkpt lat="49.054415" lon="15.010195">
        <time>2026-04-05T09:11:38.000Z</time>
      </trkpt>
      <trkpt lat="49.05439" lon="15.010204">
        <time>2026-04-05T09:11:39.000Z</time>
      </trkpt>
      <trkpt lat="49.054368" lon="15.010214">
        <time>2026-04-05T09:11:40.000Z</time>
      </trkpt>
      <trkpt lat="49.054344" lon="15.010222">
        <time>2026-04-05T09:11:41.000Z</time>
      </trkpt>
      <trkpt lat="49.054317" lon="15.010227">
        <time>2026-04-05T09:11:42.000Z</time>
      </trkpt>
      <trkpt lat="49.054296" lon="15.010233">
        <time>2026-04-05T09:11:43.000Z</time>
      </trkpt>
      <trkpt lat="49.054269" lon="15.010238">
        <time>2026-04-05T09:11:44.000Z</time>
      </trkpt>
      <trkpt lat="49.054243" lon="15.010236">
        <time>2026-04-05T09:11:45.000Z</time>
      </trkpt>
      <trkpt lat="49.054218" lon="15.010237">
        <time>2026-04-05T09:11:46.000Z</time>
      </trkpt>
      <trkpt lat="49.054191" lon="15.010235">
        <time>2026-04-05T09:11:47.000Z</time>
      </trkpt>
      <trkpt lat="49.054165" lon="15.010232">
        <time>2026-04-05T09:11:48.000Z</time>
      </trkpt>
      <trkpt lat="49.054144" lon="15.010224">
        <time>2026-04-05T09:11:49.000Z</time>
      </trkpt>
      <trkpt lat="49.054118" lon="15.010218">
        <time>2026-04-05T09:11:50.000Z</time>
      </trkpt>
      <trkpt lat="49.054095" lon="15.010218">
        <time>2026-04-05T09:11:51.000Z</time>
      </trkpt>
      <trkpt lat="49.054071" lon="15.010218">
        <time>2026-04-05T09:11:52.000Z</time>
      </trkpt>
      <trkpt lat="49.054047" lon="15.010214">
        <time>2026-04-05T09:11:53.000Z</time>
      </trkpt>
      <trkpt lat="49.05402" lon="15.010205">
        <time>2026-04-05T09:11:54.000Z</time>
      </trkpt>
      <trkpt lat="49.053996" lon="15.010203">
        <time>2026-04-05T09:11:55.000Z</time>
      </trkpt>
      <trkpt lat="49.053974" lon="15.0102">
        <time>2026-04-05T09:11:56.000Z</time>
      </trkpt>
      <trkpt lat="49.053952" lon="15.010194">
        <time>2026-04-05T09:11:57.000Z</time>
      </trkpt>
      <trkpt lat="49.053935" lon="15.01018">
        <time>2026-04-05T09:11:58.000Z</time>
      </trkpt>
      <trkpt lat="49.053936" lon="15.010186">
        <time>2026-04-05T09:11:59.000Z</time>
      </trkpt>
      <trkpt lat="49.05393" lon="15.010189">
        <time>2026-04-05T09:12:00.000Z</time>
      </trkpt>
      <trkpt lat="49.053912" lon="15.010183">
        <time>2026-04-05T09:12:01.000Z</time>
      </trkpt>
      <trkpt lat="49.053901" lon="15.010177">
        <time>2026-04-05T09:12:02.000Z</time>
      </trkpt>
      <trkpt lat="49.053889" lon="15.010178">
        <time>2026-04-05T09:12:03.000Z</time>
      </trkpt>
      <trkpt lat="49.053861" lon="15.01018">
        <time>2026-04-05T09:12:04.000Z</time>
      </trkpt>
      <trkpt lat="49.053839" lon="15.010192">
        <time>2026-04-05T09:12:05.000Z</time>
      </trkpt>
      <trkpt lat="49.053815" lon="15.010211">
        <time>2026-04-05T09:12:06.000Z</time>
      </trkpt>
      <trkpt lat="49.053795" lon="15.010224">
        <time>2026-04-05T09:12:07.000Z</time>
      </trkpt>
      <trkpt lat="49.05377" lon="15.01025">
        <time>2026-04-05T09:12:08.000Z</time>
      </trkpt>
      <trkpt lat="49.053749" lon="15.010267">
        <time>2026-04-05T09:12:09.000Z</time>
      </trkpt>
      <trkpt lat="49.053729" lon="15.010291">
        <time>2026-04-05T09:12:10.000Z</time>
      </trkpt>
      <trkpt lat="49.053707" lon="15.010311">
        <time>2026-04-05T09:12:11.000Z</time>
      </trkpt>
      <trkpt lat="49.053685" lon="15.010321">
        <time>2026-04-05T09:12:12.000Z</time>
      </trkpt>
      <trkpt lat="49.053664" lon="15.01034">
        <time>2026-04-05T09:12:13.000Z</time>
      </trkpt>
      <trkpt lat="49.053644" lon="15.010367">
        <time>2026-04-05T09:12:14.000Z</time>
      </trkpt>
      <trkpt lat="49.053623" lon="15.010383">
        <time>2026-04-05T09:12:15.000Z</time>
      </trkpt>
      <trkpt lat="49.053603" lon="15.010403">
        <time>2026-04-05T09:12:16.000Z</time>
      </trkpt>
      <trkpt lat="49.053586" lon="15.010425">
        <time>2026-04-05T09:12:17.000Z</time>
      </trkpt>
      <trkpt lat="49.053575" lon="15.010447">
        <time>2026-04-05T09:12:18.000Z</time>
      </trkpt>
      <trkpt lat="49.053566" lon="15.010464">
        <time>2026-04-05T09:12:19.000Z</time>
      </trkpt>
      <trkpt lat="49.053549" lon="15.010473">
        <time>2026-04-05T09:12:20.000Z</time>
      </trkpt>
      <trkpt lat="49.05353" lon="15.010479">
        <time>2026-04-05T09:12:21.000Z</time>
      </trkpt>
      <trkpt lat="49.053512" lon="15.010488">
        <time>2026-04-05T09:12:22.000Z</time>
      </trkpt>
      <trkpt lat="49.053496" lon="15.010504">
        <time>2026-04-05T09:12:23.000Z</time>
      </trkpt>
      <trkpt lat="49.053479" lon="15.010521">
        <time>2026-04-05T09:12:24.000Z</time>
      </trkpt>
      <trkpt lat="49.053461" lon="15.010547">
        <time>2026-04-05T09:12:25.000Z</time>
      </trkpt>
      <trkpt lat="49.053445" lon="15.010561">
        <time>2026-04-05T09:12:26.000Z</time>
      </trkpt>
      <trkpt lat="49.053426" lon="15.010579">
        <time>2026-04-05T09:12:27.000Z</time>
      </trkpt>
      <trkpt lat="49.05341" lon="15.010604">
        <time>2026-04-05T09:12:28.000Z</time>
      </trkpt>
      <trkpt lat="49.053392" lon="15.010628">
        <time>2026-04-05T09:12:29.000Z</time>
      </trkpt>
      <trkpt lat="49.053378" lon="15.010656">
        <time>2026-04-05T09:12:30.000Z</time>
      </trkpt>
      <trkpt lat="49.053363" lon="15.010687">
        <time>2026-04-05T09:12:31.000Z</time>
      </trkpt>
      <trkpt lat="49.053344" lon="15.010713">
        <time>2026-04-05T09:12:32.000Z</time>
      </trkpt>
      <trkpt lat="49.053326" lon="15.010734">
        <time>2026-04-05T09:12:33.000Z</time>
      </trkpt>
      <trkpt lat="49.053306" lon="15.010749">
        <time>2026-04-05T09:12:34.000Z</time>
      </trkpt>
      <trkpt lat="49.053289" lon="15.010766">
        <time>2026-04-05T09:12:35.000Z</time>
      </trkpt>
      <trkpt lat="49.053269" lon="15.010783">
        <time>2026-04-05T09:12:36.000Z</time>
      </trkpt>
      <trkpt lat="49.053255" lon="15.010803">
        <time>2026-04-05T09:12:37.000Z</time>
      </trkpt>
      <trkpt lat="49.053243" lon="15.010828">
        <time>2026-04-05T09:12:38.000Z</time>
      </trkpt>
      <trkpt lat="49.053227" lon="15.010852">
        <time>2026-04-05T09:12:39.000Z</time>
      </trkpt>
      <trkpt lat="49.053206" lon="15.010875">
        <time>2026-04-05T09:12:40.000Z</time>
      </trkpt>
      <trkpt lat="49.053188" lon="15.010903">
        <time>2026-04-05T09:12:41.000Z</time>
      </trkpt>
      <trkpt lat="49.053168" lon="15.01093">
        <time>2026-04-05T09:12:42.000Z</time>
      </trkpt>
      <trkpt lat="49.053154" lon="15.010962">
        <time>2026-04-05T09:12:43.000Z</time>
      </trkpt>
      <trkpt lat="49.053141" lon="15.010995">
        <time>2026-04-05T09:12:44.000Z</time>
      </trkpt>
      <trkpt lat="49.053131" lon="15.011036">
        <time>2026-04-05T09:12:45.000Z</time>
      </trkpt>
      <trkpt lat="49.053116" lon="15.011063">
        <time>2026-04-05T09:12:46.000Z</time>
      </trkpt>
      <trkpt lat="49.053099" lon="15.011091">
        <time>2026-04-05T09:12:47.000Z</time>
      </trkpt>
      <trkpt lat="49.053082" lon="15.011118">
        <time>2026-04-05T09:12:48.000Z</time>
      </trkpt>
      <trkpt lat="49.053062" lon="15.011144">
        <time>2026-04-05T09:12:49.000Z</time>
      </trkpt>
      <trkpt lat="49.053045" lon="15.011174">
        <time>2026-04-05T09:12:50.000Z</time>
      </trkpt>
      <trkpt lat="49.053023" lon="15.011196">
        <time>2026-04-05T09:12:51.000Z</time>
      </trkpt>
      <trkpt lat="49.053006" lon="15.011219">
        <time>2026-04-05T09:12:52.000Z</time>
      </trkpt>
      <trkpt lat="49.052989" lon="15.011243">
        <time>2026-04-05T09:12:53.000Z</time>
      </trkpt>
      <trkpt lat="49.052978" lon="15.011274">
        <time>2026-04-05T09:12:54.000Z</time>
      </trkpt>
      <trkpt lat="49.052967" lon="15.011309">
        <time>2026-04-05T09:12:55.000Z</time>
      </trkpt>
      <trkpt lat="49.052958" lon="15.01134">
        <time>2026-04-05T09:12:56.000Z</time>
      </trkpt>
      <trkpt lat="49.052944" lon="15.01137">
        <time>2026-04-05T09:12:57.000Z</time>
      </trkpt>
      <trkpt lat="49.052925" lon="15.011388">
        <time>2026-04-05T09:12:58.000Z</time>
      </trkpt>
      <trkpt lat="49.052906" lon="15.011404">
        <time>2026-04-05T09:12:59.000Z</time>
      </trkpt>
      <trkpt lat="49.052888" lon="15.011426">
        <time>2026-04-05T09:13:00.000Z</time>
      </trkpt>
      <trkpt lat="49.052869" lon="15.01145">
        <time>2026-04-05T09:13:01.000Z</time>
      </trkpt>
      <trkpt lat="49.052851" lon="15.011475">
        <time>2026-04-05T09:13:02.000Z</time>
      </trkpt>
      <trkpt lat="49.052835" lon="15.011505">
        <time>2026-04-05T09:13:03.000Z</time>
      </trkpt>
      <trkpt lat="49.052814" lon="15.011535">
        <time>2026-04-05T09:13:04.000Z</time>
      </trkpt>
      <trkpt lat="49.052797" lon="15.011559">
        <time>2026-04-05T09:13:05.000Z</time>
      </trkpt>
      <trkpt lat="49.052778" lon="15.01158">
        <time>2026-04-05T09:13:06.000Z</time>
      </trkpt>
      <trkpt lat="49.052759" lon="15.011605">
        <time>2026-04-05T09:13:07.000Z</time>
      </trkpt>
      <trkpt lat="49.052747" lon="15.011633">
        <time>2026-04-05T09:13:08.000Z</time>
      </trkpt>
      <trkpt lat="49.052738" lon="15.011664">
        <time>2026-04-05T09:13:09.000Z</time>
      </trkpt>
      <trkpt lat="49.052729" lon="15.011703">
        <time>2026-04-05T09:13:10.000Z</time>
      </trkpt>
      <trkpt lat="49.05272" lon="15.011737">
        <time>2026-04-05T09:13:11.000Z</time>
      </trkpt>
      <trkpt lat="49.052711" lon="15.011777">
        <time>2026-04-05T09:13:12.000Z</time>
      </trkpt>
      <trkpt lat="49.052707" lon="15.011813">
        <time>2026-04-05T09:13:13.000Z</time>
      </trkpt>
      <trkpt lat="49.052696" lon="15.011844">
        <time>2026-04-05T09:13:14.000Z</time>
      </trkpt>
      <trkpt lat="49.052675" lon="15.011864">
        <time>2026-04-05T09:13:15.000Z</time>
      </trkpt>
      <trkpt lat="49.052654" lon="15.011889">
        <time>2026-04-05T09:13:16.000Z</time>
      </trkpt>
      <trkpt lat="49.052638" lon="15.011913">
        <time>2026-04-05T09:13:17.000Z</time>
      </trkpt>
      <trkpt lat="49.052618" lon="15.011935">
        <time>2026-04-05T09:13:18.000Z</time>
      </trkpt>
      <trkpt lat="49.052598" lon="15.011955">
        <time>2026-04-05T09:13:19.000Z</time>
      </trkpt>
      <trkpt lat="49.052591" lon="15.011974">
        <time>2026-04-05T09:13:20.000Z</time>
      </trkpt>
      <trkpt lat="49.052571" lon="15.011996">
        <time>2026-04-05T09:13:21.000Z</time>
      </trkpt>
      <trkpt lat="49.052555" lon="15.012019">
        <time>2026-04-05T09:13:22.000Z</time>
      </trkpt>
      <trkpt lat="49.052541" lon="15.012038">
        <time>2026-04-05T09:13:23.000Z</time>
      </trkpt>
      <trkpt lat="49.052528" lon="15.012054">
        <time>2026-04-05T09:13:24.000Z</time>
      </trkpt>
      <trkpt lat="49.052517" lon="15.012076">
        <time>2026-04-05T09:13:25.000Z</time>
      </trkpt>
      <trkpt lat="49.052505" lon="15.012089">
        <time>2026-04-05T09:13:26.000Z</time>
      </trkpt>
      <trkpt lat="49.052488" lon="15.012103">
        <time>2026-04-05T09:13:27.000Z</time>
      </trkpt>
      <trkpt lat="49.052476" lon="15.012121">
        <time>2026-04-05T09:13:28.000Z</time>
      </trkpt>
      <trkpt lat="49.052466" lon="15.012147">
        <time>2026-04-05T09:13:29.000Z</time>
      </trkpt>
      <trkpt lat="49.052455" lon="15.012175">
        <time>2026-04-05T09:13:30.000Z</time>
      </trkpt>
      <trkpt lat="49.052449" lon="15.012201">
        <time>2026-04-05T09:13:31.000Z</time>
      </trkpt>
      <trkpt lat="49.052443" lon="15.01222">
        <time>2026-04-05T09:13:32.000Z</time>
      </trkpt>
      <trkpt lat="49.052433" lon="15.012249">
        <time>2026-04-05T09:13:33.000Z</time>
      </trkpt>
      <trkpt lat="49.052425" lon="15.012271">
        <time>2026-04-05T09:13:34.000Z</time>
      </trkpt>
      <trkpt lat="49.052423" lon="15.012292">
        <time>2026-04-05T09:13:35.000Z</time>
      </trkpt>
      <trkpt lat="49.052408" lon="15.01231">
        <time>2026-04-05T09:13:36.000Z</time>
      </trkpt>
      <trkpt lat="49.052398" lon="15.012325">
        <time>2026-04-05T09:13:37.000Z</time>
      </trkpt>
      <trkpt lat="49.052386" lon="15.012337">
        <time>2026-04-05T09:13:38.000Z</time>
      </trkpt>
      <trkpt lat="49.052371" lon="15.012354">
        <time>2026-04-05T09:13:39.000Z</time>
      </trkpt>
      <trkpt lat="49.052359" lon="15.012378">
        <time>2026-04-05T09:13:40.000Z</time>
      </trkpt>
      <trkpt lat="49.052354" lon="15.012399">
        <time>2026-04-05T09:13:41.000Z</time>
      </trkpt>
      <trkpt lat="49.052346" lon="15.012426">
        <time>2026-04-05T09:13:42.000Z</time>
      </trkpt>
      <trkpt lat="49.052339" lon="15.012449">
        <time>2026-04-05T09:13:43.000Z</time>
      </trkpt>
      <trkpt lat="49.052342" lon="15.01247">
        <time>2026-04-05T09:13:44.000Z</time>
      </trkpt>
      <trkpt lat="49.052347" lon="15.012489">
        <time>2026-04-05T09:13:45.000Z</time>
      </trkpt>
      <trkpt lat="49.052348" lon="15.012493">
        <time>2026-04-05T09:13:46.000Z</time>
      </trkpt>
      <trkpt lat="49.052348" lon="15.012513">
        <time>2026-04-05T09:13:47.000Z</time>
      </trkpt>
      <trkpt lat="49.052352" lon="15.012538">
        <time>2026-04-05T09:13:48.000Z</time>
      </trkpt>
      <trkpt lat="49.052355" lon="15.012569">
        <time>2026-04-05T09:13:49.000Z</time>
      </trkpt>
      <trkpt lat="49.052357" lon="15.012605">
        <time>2026-04-05T09:13:50.000Z</time>
      </trkpt>
      <trkpt lat="49.052363" lon="15.012638">
        <time>2026-04-05T09:13:51.000Z</time>
      </trkpt>
      <trkpt lat="49.052368" lon="15.012664">
        <time>2026-04-05T09:13:52.000Z</time>
      </trkpt>
      <trkpt lat="49.052378" lon="15.012692">
        <time>2026-04-05T09:13:53.000Z</time>
      </trkpt>
      <trkpt lat="49.052386" lon="15.012729">
        <time>2026-04-05T09:13:54.000Z</time>
      </trkpt>
      <trkpt lat="49.0524" lon="15.01276">
        <time>2026-04-05T09:13:55.000Z</time>
      </trkpt>
      <trkpt lat="49.052414" lon="15.012783">
        <time>2026-04-05T09:13:56.000Z</time>
      </trkpt>
      <trkpt lat="49.052427" lon="15.0128">
        <time>2026-04-05T09:13:57.000Z</time>
      </trkpt>
      <trkpt lat="49.052436" lon="15.012806">
        <time>2026-04-05T09:13:58.000Z</time>
      </trkpt>
      <trkpt lat="49.052441" lon="15.012816">
        <time>2026-04-05T09:13:59.000Z</time>
      </trkpt>
      <trkpt lat="49.05245" lon="15.012827">
        <time>2026-04-05T09:14:00.000Z</time>
      </trkpt>
      <trkpt lat="49.052459" lon="15.012836">
        <time>2026-04-05T09:14:01.000Z</time>
      </trkpt>
      <trkpt lat="49.052479" lon="15.012851">
        <time>2026-04-05T09:14:02.000Z</time>
      </trkpt>
      <trkpt lat="49.052495" lon="15.012865">
        <time>2026-04-05T09:14:03.000Z</time>
      </trkpt>
      <trkpt lat="49.052517" lon="15.012883">
        <time>2026-04-05T09:14:04.000Z</time>
      </trkpt>
      <trkpt lat="49.052531" lon="15.012903">
        <time>2026-04-05T09:14:05.000Z</time>
      </trkpt>
      <trkpt lat="49.052543" lon="15.012922">
        <time>2026-04-05T09:14:06.000Z</time>
      </trkpt>
      <trkpt lat="49.052551" lon="15.012935">
        <time>2026-04-05T09:14:07.000Z</time>
      </trkpt>
      <trkpt lat="49.052528" lon="15.012941">
        <time>2026-04-05T09:14:08.000Z</time>
      </trkpt>
      <trkpt lat="49.052509" lon="15.01295">
        <time>2026-04-05T09:14:09.000Z</time>
      </trkpt>
      <trkpt lat="49.052502" lon="15.012959">
        <time>2026-04-05T09:14:10.000Z</time>
      </trkpt>
      <trkpt lat="49.052495" lon="15.012967">
        <time>2026-04-05T09:14:11.000Z</time>
      </trkpt>
      <trkpt lat="49.052485" lon="15.012977">
        <time>2026-04-05T09:14:12.000Z</time>
      </trkpt>
      <trkpt lat="49.052476" lon="15.01299">
        <time>2026-04-05T09:14:13.000Z</time>
      </trkpt>
      <trkpt lat="49.052458" lon="15.013016">
        <time>2026-04-05T09:14:14.000Z</time>
      </trkpt>
      <trkpt lat="49.052444" lon="15.01304">
        <time>2026-04-05T09:14:15.000Z</time>
      </trkpt>
      <trkpt lat="49.052431" lon="15.013062">
        <time>2026-04-05T09:14:16.000Z</time>
      </trkpt>
      <trkpt lat="49.052419" lon="15.013083">
        <time>2026-04-05T09:14:17.000Z</time>
      </trkpt>
      <trkpt lat="49.052411" lon="15.013111">
        <time>2026-04-05T09:14:18.000Z</time>
      </trkpt>
      <trkpt lat="49.052396" lon="15.013141">
        <time>2026-04-05T09:14:19.000Z</time>
      </trkpt>
      <trkpt lat="49.052377" lon="15.013155">
        <time>2026-04-05T09:14:20.000Z</time>
      </trkpt>
      <trkpt lat="49.052358" lon="15.013175">
        <time>2026-04-05T09:14:21.000Z</time>
      </trkpt>
      <trkpt lat="49.05234" lon="15.013204">
        <time>2026-04-05T09:14:22.000Z</time>
      </trkpt>
      <trkpt lat="49.052323" lon="15.01323">
        <time>2026-04-05T09:14:23.000Z</time>
      </trkpt>
      <trkpt lat="49.052308" lon="15.013257">
        <time>2026-04-05T09:14:24.000Z</time>
      </trkpt>
      <trkpt lat="49.052293" lon="15.01329">
        <time>2026-04-05T09:14:25.000Z</time>
      </trkpt>
      <trkpt lat="49.052277" lon="15.013322">
        <time>2026-04-05T09:14:26.000Z</time>
      </trkpt>
      <trkpt lat="49.052259" lon="15.013349">
        <time>2026-04-05T09:14:27.000Z</time>
      </trkpt>
      <trkpt lat="49.052241" lon="15.01338">
        <time>2026-04-05T09:14:28.000Z</time>
      </trkpt>
      <trkpt lat="49.052225" lon="15.013413">
        <time>2026-04-05T09:14:29.000Z</time>
      </trkpt>
      <trkpt lat="49.052211" lon="15.013445">
        <time>2026-04-05T09:14:30.000Z</time>
      </trkpt>
      <trkpt lat="49.052201" lon="15.013474">
        <time>2026-04-05T09:14:31.000Z</time>
      </trkpt>
      <trkpt lat="49.052194" lon="15.013508">
        <time>2026-04-05T09:14:32.000Z</time>
      </trkpt>
      <trkpt lat="49.052189" lon="15.013547">
        <time>2026-04-05T09:14:33.000Z</time>
      </trkpt>
      <trkpt lat="49.052181" lon="15.013581">
        <time>2026-04-05T09:14:34.000Z</time>
      </trkpt>
      <trkpt lat="49.052167" lon="15.013607">
        <time>2026-04-05T09:14:35.000Z</time>
      </trkpt>
      <trkpt lat="49.052152" lon="15.013632">
        <time>2026-04-05T09:14:36.000Z</time>
      </trkpt>
      <trkpt lat="49.052144" lon="15.013658">
        <time>2026-04-05T09:14:37.000Z</time>
      </trkpt>
      <trkpt lat="49.052131" lon="15.013684">
        <time>2026-04-05T09:14:38.000Z</time>
      </trkpt>
      <trkpt lat="49.052117" lon="15.013712">
        <time>2026-04-05T09:14:39.000Z</time>
      </trkpt>
      <trkpt lat="49.052102" lon="15.013739">
        <time>2026-04-05T09:14:40.000Z</time>
      </trkpt>
      <trkpt lat="49.052088" lon="15.013764">
        <time>2026-04-05T09:14:41.000Z</time>
      </trkpt>
      <trkpt lat="49.052078" lon="15.013792">
        <time>2026-04-05T09:14:42.000Z</time>
      </trkpt>
      <trkpt lat="49.052068" lon="15.013818">
        <time>2026-04-05T09:14:43.000Z</time>
      </trkpt>
      <trkpt lat="49.052054" lon="15.013841">
        <time>2026-04-05T09:14:44.000Z</time>
      </trkpt>
      <trkpt lat="49.052043" lon="15.013867">
        <time>2026-04-05T09:14:45.000Z</time>
      </trkpt>
      <trkpt lat="49.052035" lon="15.013898">
        <time>2026-04-05T09:14:46.000Z</time>
      </trkpt>
      <trkpt lat="49.052025" lon="15.013926">
        <time>2026-04-05T09:14:47.000Z</time>
      </trkpt>
      <trkpt lat="49.052011" lon="15.013952">
        <time>2026-04-05T09:14:48.000Z</time>
      </trkpt>
      <trkpt lat="49.051997" lon="15.013975">
        <time>2026-04-05T09:14:49.000Z</time>
      </trkpt>
      <trkpt lat="49.051982" lon="15.013993">
        <time>2026-04-05T09:14:50.000Z</time>
      </trkpt>
      <trkpt lat="49.051961" lon="15.01401">
        <time>2026-04-05T09:14:51.000Z</time>
      </trkpt>
      <trkpt lat="49.051943" lon="15.014021">
        <time>2026-04-05T09:14:52.000Z</time>
      </trkpt>
      <trkpt lat="49.051921" lon="15.014031">
        <time>2026-04-05T09:14:53.000Z</time>
      </trkpt>
      <trkpt lat="49.051899" lon="15.014044">
        <time>2026-04-05T09:14:54.000Z</time>
      </trkpt>
      <trkpt lat="49.051879" lon="15.014058">
        <time>2026-04-05T09:14:55.000Z</time>
      </trkpt>
      <trkpt lat="49.051859" lon="15.014072">
        <time>2026-04-05T09:14:56.000Z</time>
      </trkpt>
      <trkpt lat="49.051838" lon="15.014082">
        <time>2026-04-05T09:14:57.000Z</time>
      </trkpt>
      <trkpt lat="49.051813" lon="15.014096">
        <time>2026-04-05T09:14:58.000Z</time>
      </trkpt>
      <trkpt lat="49.051791" lon="15.014113">
        <time>2026-04-05T09:14:59.000Z</time>
      </trkpt>
      <trkpt lat="49.051772" lon="15.014124">
        <time>2026-04-05T09:15:00.000Z</time>
      </trkpt>
      <trkpt lat="49.051751" lon="15.014133">
        <time>2026-04-05T09:15:01.000Z</time>
      </trkpt>
      <trkpt lat="49.051734" lon="15.014152">
        <time>2026-04-05T09:15:02.000Z</time>
      </trkpt>
      <trkpt lat="49.051718" lon="15.014163">
        <time>2026-04-05T09:15:03.000Z</time>
      </trkpt>
      <trkpt lat="49.051702" lon="15.014174">
        <time>2026-04-05T09:15:04.000Z</time>
      </trkpt>
      <trkpt lat="49.05169" lon="15.0142">
        <time>2026-04-05T09:15:05.000Z</time>
      </trkpt>
      <trkpt lat="49.051677" lon="15.014226">
        <time>2026-04-05T09:15:06.000Z</time>
      </trkpt>
      <trkpt lat="49.051659" lon="15.014246">
        <time>2026-04-05T09:15:07.000Z</time>
      </trkpt>
      <trkpt lat="49.051645" lon="15.014264">
        <time>2026-04-05T09:15:08.000Z</time>
      </trkpt>
      <trkpt lat="49.051631" lon="15.014281">
        <time>2026-04-05T09:15:09.000Z</time>
      </trkpt>
      <trkpt lat="49.051616" lon="15.014306">
        <time>2026-04-05T09:15:10.000Z</time>
      </trkpt>
      <trkpt lat="49.051605" lon="15.01434">
        <time>2026-04-05T09:15:11.000Z</time>
      </trkpt>
      <trkpt lat="49.051596" lon="15.014375">
        <time>2026-04-05T09:15:12.000Z</time>
      </trkpt>
      <trkpt lat="49.051588" lon="15.014407">
        <time>2026-04-05T09:15:13.000Z</time>
      </trkpt>
      <trkpt lat="49.051582" lon="15.014444">
        <time>2026-04-05T09:15:14.000Z</time>
      </trkpt>
      <trkpt lat="49.051571" lon="15.014473">
        <time>2026-04-05T09:15:15.000Z</time>
      </trkpt>
      <trkpt lat="49.05156" lon="15.014505">
        <time>2026-04-05T09:15:16.000Z</time>
      </trkpt>
      <trkpt lat="49.051549" lon="15.014535">
        <time>2026-04-05T09:15:17.000Z</time>
      </trkpt>
      <trkpt lat="49.051534" lon="15.014561">
        <time>2026-04-05T09:15:18.000Z</time>
      </trkpt>
      <trkpt lat="49.051518" lon="15.014575">
        <time>2026-04-05T09:15:19.000Z</time>
      </trkpt>
      <trkpt lat="49.051494" lon="15.014586">
        <time>2026-04-05T09:15:20.000Z</time>
      </trkpt>
      <trkpt lat="49.051475" lon="15.014598">
        <time>2026-04-05T09:15:21.000Z</time>
      </trkpt>
      <trkpt lat="49.051452" lon="15.014606">
        <time>2026-04-05T09:15:22.000Z</time>
      </trkpt>
      <trkpt lat="49.05143" lon="15.014618">
        <time>2026-04-05T09:15:23.000Z</time>
      </trkpt>
      <trkpt lat="49.051405" lon="15.014633">
        <time>2026-04-05T09:15:24.000Z</time>
      </trkpt>
      <trkpt lat="49.051383" lon="15.014652">
        <time>2026-04-05T09:15:25.000Z</time>
      </trkpt>
      <trkpt lat="49.051362" lon="15.014674">
        <time>2026-04-05T09:15:26.000Z</time>
      </trkpt>
      <trkpt lat="49.051342" lon="15.014697">
        <time>2026-04-05T09:15:27.000Z</time>
      </trkpt>
      <trkpt lat="49.051323" lon="15.014723">
        <time>2026-04-05T09:15:28.000Z</time>
      </trkpt>
      <trkpt lat="49.051306" lon="15.01475">
        <time>2026-04-05T09:15:29.000Z</time>
      </trkpt>
      <trkpt lat="49.051288" lon="15.014768">
        <time>2026-04-05T09:15:30.000Z</time>
      </trkpt>
      <trkpt lat="49.051267" lon="15.01479">
        <time>2026-04-05T09:15:31.000Z</time>
      </trkpt>
      <trkpt lat="49.051249" lon="15.014814">
        <time>2026-04-05T09:15:32.000Z</time>
      </trkpt>
      <trkpt lat="49.051228" lon="15.014836">
        <time>2026-04-05T09:15:33.000Z</time>
      </trkpt>
      <trkpt lat="49.051206" lon="15.014856">
        <time>2026-04-05T09:15:34.000Z</time>
      </trkpt>
      <trkpt lat="49.051185" lon="15.014878">
        <time>2026-04-05T09:15:35.000Z</time>
      </trkpt>
      <trkpt lat="49.051172" lon="15.014896">
        <time>2026-04-05T09:15:36.000Z</time>
      </trkpt>
      <trkpt lat="49.051154" lon="15.014921">
        <time>2026-04-05T09:15:37.000Z</time>
      </trkpt>
      <trkpt lat="49.051136" lon="15.014935">
        <time>2026-04-05T09:15:38.000Z</time>
      </trkpt>
      <trkpt lat="49.05112" lon="15.014949">
        <time>2026-04-05T09:15:39.000Z</time>
      </trkpt>
      <trkpt lat="49.051101" lon="15.014964">
        <time>2026-04-05T09:15:40.000Z</time>
      </trkpt>
      <trkpt lat="49.051083" lon="15.014977">
        <time>2026-04-05T09:15:41.000Z</time>
      </trkpt>
      <trkpt lat="49.051067" lon="15.014992">
        <time>2026-04-05T09:15:42.000Z</time>
      </trkpt>
      <trkpt lat="49.051052" lon="15.015012">
        <time>2026-04-05T09:15:43.000Z</time>
      </trkpt>
      <trkpt lat="49.051033" lon="15.015027">
        <time>2026-04-05T09:15:44.000Z</time>
      </trkpt>
      <trkpt lat="49.051018" lon="15.015041">
        <time>2026-04-05T09:15:45.000Z</time>
      </trkpt>
      <trkpt lat="49.050998" lon="15.015062">
        <time>2026-04-05T09:15:46.000Z</time>
      </trkpt>
      <trkpt lat="49.050976" lon="15.015072">
        <time>2026-04-05T09:15:47.000Z</time>
      </trkpt>
      <trkpt lat="49.050958" lon="15.015078">
        <time>2026-04-05T09:15:48.000Z</time>
      </trkpt>
      <trkpt lat="49.050936" lon="15.015084">
        <time>2026-04-05T09:15:49.000Z</time>
      </trkpt>
      <trkpt lat="49.050913" lon="15.01509">
        <time>2026-04-05T09:15:50.000Z</time>
      </trkpt>
      <trkpt lat="49.050891" lon="15.015095">
        <time>2026-04-05T09:15:51.000Z</time>
      </trkpt>
      <trkpt lat="49.050871" lon="15.0151">
        <time>2026-04-05T09:15:52.000Z</time>
      </trkpt>
      <trkpt lat="49.050849" lon="15.015104">
        <time>2026-04-05T09:15:53.000Z</time>
      </trkpt>
      <trkpt lat="49.050825" lon="15.015116">
        <time>2026-04-05T09:15:54.000Z</time>
      </trkpt>
      <trkpt lat="49.050805" lon="15.015129">
        <time>2026-04-05T09:15:55.000Z</time>
      </trkpt>
      <trkpt lat="49.050785" lon="15.015141">
        <time>2026-04-05T09:15:56.000Z</time>
      </trkpt>
      <trkpt lat="49.050762" lon="15.015149">
        <time>2026-04-05T09:15:57.000Z</time>
      </trkpt>
      <trkpt lat="49.050742" lon="15.01516">
        <time>2026-04-05T09:15:58.000Z</time>
      </trkpt>
      <trkpt lat="49.050722" lon="15.015172">
        <time>2026-04-05T09:15:59.000Z</time>
      </trkpt>
      <trkpt lat="49.050701" lon="15.015185">
        <time>2026-04-05T09:16:00.000Z</time>
      </trkpt>
      <trkpt lat="49.050677" lon="15.015194">
        <time>2026-04-05T09:16:01.000Z</time>
      </trkpt>
      <trkpt lat="49.050651" lon="15.015203">
        <time>2026-04-05T09:16:02.000Z</time>
      </trkpt>
      <trkpt lat="49.050629" lon="15.015206">
        <time>2026-04-05T09:16:03.000Z</time>
      </trkpt>
      <trkpt lat="49.05061" lon="15.015211">
        <time>2026-04-05T09:16:04.000Z</time>
      </trkpt>
      <trkpt lat="49.050589" lon="15.015218">
        <time>2026-04-05T09:16:05.000Z</time>
      </trkpt>
      <trkpt lat="49.050569" lon="15.01523">
        <time>2026-04-05T09:16:06.000Z</time>
      </trkpt>
      <trkpt lat="49.050547" lon="15.015241">
        <time>2026-04-05T09:16:07.000Z</time>
      </trkpt>
      <trkpt lat="49.050529" lon="15.015253">
        <time>2026-04-05T09:16:08.000Z</time>
      </trkpt>
      <trkpt lat="49.050513" lon="15.015259">
        <time>2026-04-05T09:16:09.000Z</time>
      </trkpt>
      <trkpt lat="49.050498" lon="15.015267">
        <time>2026-04-05T09:16:10.000Z</time>
      </trkpt>
      <trkpt lat="49.050491" lon="15.015302">
        <time>2026-04-05T09:16:11.000Z</time>
      </trkpt>
      <trkpt lat="49.050491" lon="15.01534">
        <time>2026-04-05T09:16:12.000Z</time>
      </trkpt>
      <trkpt lat="49.050495" lon="15.015374">
        <time>2026-04-05T09:16:13.000Z</time>
      </trkpt>
      <trkpt lat="49.050503" lon="15.01541">
        <time>2026-04-05T09:16:14.000Z</time>
      </trkpt>
      <trkpt lat="49.050511" lon="15.015446">
        <time>2026-04-05T09:16:15.000Z</time>
      </trkpt>
      <trkpt lat="49.050517" lon="15.015476">
        <time>2026-04-05T09:16:16.000Z</time>
      </trkpt>
      <trkpt lat="49.05053" lon="15.015509">
        <time>2026-04-05T09:16:17.000Z</time>
      </trkpt>
      <trkpt lat="49.050535" lon="15.015538">
        <time>2026-04-05T09:16:18.000Z</time>
      </trkpt>
      <trkpt lat="49.050528" lon="15.015567">
        <time>2026-04-05T09:16:19.000Z</time>
      </trkpt>
      <trkpt lat="49.05051" lon="15.01559">
        <time>2026-04-05T09:16:20.000Z</time>
      </trkpt>
      <trkpt lat="49.050501" lon="15.015615">
        <time>2026-04-05T09:16:21.000Z</time>
      </trkpt>
      <trkpt lat="49.050493" lon="15.015642">
        <time>2026-04-05T09:16:22.000Z</time>
      </trkpt>
      <trkpt lat="49.050492" lon="15.015675">
        <time>2026-04-05T09:16:23.000Z</time>
      </trkpt>
      <trkpt lat="49.050487" lon="15.015709">
        <time>2026-04-05T09:16:24.000Z</time>
      </trkpt>
      <trkpt lat="49.050481" lon="15.015744">
        <time>2026-04-05T09:16:25.000Z</time>
      </trkpt>
      <trkpt lat="49.050472" lon="15.015772">
        <time>2026-04-05T09:16:26.000Z</time>
      </trkpt>
      <trkpt lat="49.050461" lon="15.015809">
        <time>2026-04-05T09:16:27.000Z</time>
      </trkpt>
      <trkpt lat="49.050451" lon="15.015838">
        <time>2026-04-05T09:16:28.000Z</time>
      </trkpt>
      <trkpt lat="49.050443" lon="15.015869">
        <time>2026-04-05T09:16:29.000Z</time>
      </trkpt>
      <trkpt lat="49.050437" lon="15.015904">
        <time>2026-04-05T09:16:30.000Z</time>
      </trkpt>
      <trkpt lat="49.050431" lon="15.01594">
        <time>2026-04-05T09:16:31.000Z</time>
      </trkpt>
      <trkpt lat="49.050427" lon="15.015974">
        <time>2026-04-05T09:16:32.000Z</time>
      </trkpt>
      <trkpt lat="49.050421" lon="15.016003">
        <time>2026-04-05T09:16:33.000Z</time>
      </trkpt>
      <trkpt lat="49.050418" lon="15.016037">
        <time>2026-04-05T09:16:34.000Z</time>
      </trkpt>
      <trkpt lat="49.050413" lon="15.016071">
        <time>2026-04-05T09:16:35.000Z</time>
      </trkpt>
      <trkpt lat="49.050406" lon="15.016097">
        <time>2026-04-05T09:16:36.000Z</time>
      </trkpt>
      <trkpt lat="49.050393" lon="15.016127">
        <time>2026-04-05T09:16:37.000Z</time>
      </trkpt>
      <trkpt lat="49.050383" lon="15.016161">
        <time>2026-04-05T09:16:38.000Z</time>
      </trkpt>
      <trkpt lat="49.050372" lon="15.016194">
        <time>2026-04-05T09:16:39.000Z</time>
      </trkpt>
      <trkpt lat="49.050364" lon="15.01623">
        <time>2026-04-05T09:16:40.000Z</time>
      </trkpt>
      <trkpt lat="49.05036" lon="15.01626">
        <time>2026-04-05T09:16:41.000Z</time>
      </trkpt>
      <trkpt lat="49.050353" lon="15.016292">
        <time>2026-04-05T09:16:42.000Z</time>
      </trkpt>
      <trkpt lat="49.050343" lon="15.016323">
        <time>2026-04-05T09:16:43.000Z</time>
      </trkpt>
      <trkpt lat="49.050332" lon="15.016354">
        <time>2026-04-05T09:16:44.000Z</time>
      </trkpt>
      <trkpt lat="49.050324" lon="15.01638">
        <time>2026-04-05T09:16:45.000Z</time>
      </trkpt>
      <trkpt lat="49.050303" lon="15.016397">
        <time>2026-04-05T09:16:46.000Z</time>
      </trkpt>
      <trkpt lat="49.050284" lon="15.016425">
        <time>2026-04-05T09:16:47.000Z</time>
      </trkpt>
      <trkpt lat="49.050271" lon="15.016453">
        <time>2026-04-05T09:16:48.000Z</time>
      </trkpt>
      <trkpt lat="49.050258" lon="15.016487">
        <time>2026-04-05T09:16:49.000Z</time>
      </trkpt>
      <trkpt lat="49.050248" lon="15.016514">
        <time>2026-04-05T09:16:50.000Z</time>
      </trkpt>
      <trkpt lat="49.050238" lon="15.01654">
        <time>2026-04-05T09:16:51.000Z</time>
      </trkpt>
      <trkpt lat="49.050229" lon="15.016574">
        <time>2026-04-05T09:16:52.000Z</time>
      </trkpt>
      <trkpt lat="49.050224" lon="15.016609">
        <time>2026-04-05T09:16:53.000Z</time>
      </trkpt>
      <trkpt lat="49.050215" lon="15.016644">
        <time>2026-04-05T09:16:54.000Z</time>
      </trkpt>
      <trkpt lat="49.0502" lon="15.01668">
        <time>2026-04-05T09:16:55.000Z</time>
      </trkpt>
      <trkpt lat="49.050191" lon="15.016707">
        <time>2026-04-05T09:16:56.000Z</time>
      </trkpt>
      <trkpt lat="49.050182" lon="15.016743">
        <time>2026-04-05T09:16:57.000Z</time>
      </trkpt>
      <trkpt lat="49.050178" lon="15.01678">
        <time>2026-04-05T09:16:58.000Z</time>
      </trkpt>
      <trkpt lat="49.050174" lon="15.016815">
        <time>2026-04-05T09:16:59.000Z</time>
      </trkpt>
      <trkpt lat="49.050167" lon="15.016852">
        <time>2026-04-05T09:17:00.000Z</time>
      </trkpt>
      <trkpt lat="49.050155" lon="15.016886">
        <time>2026-04-05T09:17:01.000Z</time>
      </trkpt>
      <trkpt lat="49.050144" lon="15.016925">
        <time>2026-04-05T09:17:02.000Z</time>
      </trkpt>
      <trkpt lat="49.050137" lon="15.016964">
        <time>2026-04-05T09:17:03.000Z</time>
      </trkpt>
      <trkpt lat="49.050129" lon="15.017011">
        <time>2026-04-05T09:17:04.000Z</time>
      </trkpt>
      <trkpt lat="49.050127" lon="15.017055">
        <time>2026-04-05T09:17:05.000Z</time>
      </trkpt>
      <trkpt lat="49.050131" lon="15.017097">
        <time>2026-04-05T09:17:06.000Z</time>
      </trkpt>
      <trkpt lat="49.050137" lon="15.017132">
        <time>2026-04-05T09:17:07.000Z</time>
      </trkpt>
      <trkpt lat="49.05014" lon="15.01716">
        <time>2026-04-05T09:17:08.000Z</time>
      </trkpt>
      <trkpt lat="49.05015" lon="15.017175">
        <time>2026-04-05T09:17:09.000Z</time>
      </trkpt>
      <trkpt lat="49.050153" lon="15.017175">
        <time>2026-04-05T09:17:10.000Z</time>
      </trkpt>
      <trkpt lat="49.050158" lon="15.017186">
        <time>2026-04-05T09:17:11.000Z</time>
      </trkpt>
      <trkpt lat="49.050161" lon="15.017204">
        <time>2026-04-05T09:17:12.000Z</time>
      </trkpt>
      <trkpt lat="49.050166" lon="15.017213">
        <time>2026-04-05T09:17:13.000Z</time>
      </trkpt>
      <trkpt lat="49.050167" lon="15.017214">
        <time>2026-04-05T09:17:14.000Z</time>
      </trkpt>
      <trkpt lat="49.050166" lon="15.017216">
        <time>2026-04-05T09:17:15.000Z</time>
      </trkpt>
    </trkseg>
  </trk>
</gpx>
